flag,gid,role,cluster_id,priority_score,metric_value,meaning,evidence,attention
cycle,100000008603629100,coordinator,7,0.981072,73.0,узел входит в направленный возвратный поток,"Гипотеза координации: достижим из 4 seed, 19 плательщиков, мост 0.0018.",возвратный поток с seed (73 цикл.); повторная пересылка за ≤2 дня (4 маршр.); 4 плательщиков в один день; повтор одной суммы ×4; плательщиков больше 99% узлов колена 2
cycle,100000000437046100,coordinator,1,0.977091,42.0,узел входит в направленный возвратный поток,"Гипотеза координации: достижим из 4 seed, 9 плательщиков, мост 0.0008.",возвратный поток с seed (42 цикл.); повторная пересылка за ≤2 дня (4 маршр.); 3 плательщиков в один день; повтор одной суммы ×5
cycle,100000000331309100,coordinator,6,0.973932,2.0,узел входит в направленный возвратный поток,"Гипотеза координации: достижим из 4 seed, 5 плательщиков, мост 0.0014.",возвратный поток с seed (2 цикл.); звено сквозной цепочки (10); 3 плательщиков в один день; повтор одной суммы ×7
cycle,100000008346837100,coordinator,14,0.961321,7.0,узел входит в направленный возвратный поток,"Гипотеза координации: достижим из 6 seed, 9 плательщиков, мост 0.0063.",возвратный поток с seed (7 цикл.); звено сквозной цепочки (6); 4 плательщиков в один день
cycle,100000003115284100,consolidator,12,0.958669,2.0,узел входит в направленный возвратный поток,"Признаки консолидации: 8 плательщиков, 2 получателей, входящий поток 2,160,500 KZT.",возвратный поток (2 цикл.); звено сквозной цепочки (2); 7 плательщиков в один день; плательщиков больше 99% узлов колена 1
cycle,100000004156082100,coordinator,16,0.953815,6.0,узел входит в направленный возвратный поток,"Гипотеза координации: достижим из 4 seed, 5 плательщиков, мост 0.0002.",возвратный поток с seed (6 цикл.)
cycle,100000008477350100,coordinator,1,0.949978,34.0,узел входит в направленный возвратный поток,"Гипотеза координации: достижим из 3 seed, 11 плательщиков, мост 0.0006.",возвратный поток с seed (34 цикл.); звено сквозной цепочки (2); плательщиков больше 99% узлов колена 2
cycle,100000001857829100,coordinator,7,0.945212,6.0,узел входит в направленный возвратный поток,"Гипотеза координации: достижим из 3 seed, 6 плательщиков, мост 0.0009.",возвратный поток (6 цикл.); звено сквозной цепочки (1); 3 плательщиков в один день
cycle,100000005910114100,coordinator,1,0.943216,18.0,узел входит в направленный возвратный поток,"Гипотеза координации: достижим из 4 seed, 3 плательщиков, мост 0.0035.",возвратный поток с seed (18 цикл.); звено сквозной цепочки (5); повтор одной суммы ×5
cycle,100000008733194100,distributor,14,0.933786,1.0,узел входит в направленный возвратный поток,"Признаки распределения: 8 получателей против 4 плательщиков, исходящий поток 159,695 KZT.",возвратный поток (1 цикл.)
cycle,100000003242289100,coordinator,17,0.933085,8.0,узел входит в направленный возвратный поток,"Гипотеза координации: достижим из 3 seed, 3 плательщиков, мост 0.0003.",возвратный поток с seed (8 цикл.); звено сквозной цепочки (5)
cycle,100000008547948100,coordinator,3,0.917382,5.0,узел входит в направленный возвратный поток,"Гипотеза координации: достижим из 3 seed, 6 плательщиков, мост 0.0004.",возвратный поток (5 цикл.); звено сквозной цепочки (1); 4 плательщиков в один день
cycle,100000005933757100,distributor,15,0.916515,3.0,узел входит в направленный возвратный поток,"Признаки распределения: 34 получателей против 4 плательщиков, исходящий поток 3,002,628 KZT.",возвратный поток (3 цикл.); повтор одной суммы ×8
cycle,100000008489922100,coordinator,3,0.913812,2.0,узел входит в направленный возвратный поток,"Гипотеза координации: достижим из 3 seed, 3 плательщиков, мост 0.0003.",возвратный поток (2 цикл.); звено сквозной цепочки (1); повтор одной суммы ×5
cycle,100000007594394100,consolidator,18,0.901557,1.0,узел входит в направленный возвратный поток,"Признаки консолидации: 6 плательщиков, 1 получателей, входящий поток 395,385 KZT.",возвратный поток (1 цикл.); повторная пересылка за ≤2 дня (3 маршр.); повтор одной суммы ×4
cycle,100000004015047100,consolidator,9,0.901369,1.0,узел входит в направленный возвратный поток,"Признаки консолидации: 9 плательщиков, 1 получателей, входящий поток 919,104 KZT.",возвратный поток с seed (1 цикл.); плательщиков больше 99% узлов колена 1
cycle,100000004299488100,consolidator,1,0.900693,1.0,узел входит в направленный возвратный поток,"Признаки консолидации: 6 плательщиков, 2 получателей, входящий поток 1,749,000 KZT.",возвратный поток (1 цикл.); повторная пересылка за ≤2 дня (1 маршр.); 3 плательщиков в один день; повтор одной суммы ×4
cycle,100000002957787100,coordinator,1,0.900323,6.0,узел входит в направленный возвратный поток,"Гипотеза координации: достижим из 4 seed, 4 плательщиков, мост 0.0026.",возвратный поток с seed (6 цикл.); повторная пересылка за ≤2 дня (1 маршр.); 5 входов у порога 5–10 тыс.
cycle,100000008547844100,coordinator,3,0.89891,4.0,узел входит в направленный возвратный поток,"Гипотеза координации: достижим из 3 seed, 3 плательщиков, мост 0.0004.",возвратный поток (4 цикл.)
cycle,100000004403675100,coordinator,20,0.88929,2.0,узел входит в направленный возвратный поток,"Гипотеза координации: достижим из 3 seed, 4 плательщиков, мост 0.0012.",возвратный поток с seed (2 цикл.)
cycle,100000004400305100,distributor,1,0.886588,42.0,узел входит в направленный возвратный поток,"Признаки распределения: 82 получателей против 7 плательщиков, исходящий поток 5,830,181 KZT.",возвратный поток с seed (42 цикл.); звено сквозной цепочки (13); повтор одной суммы ×7
cycle,100000004351795100,coordinator,1,0.884742,16.0,узел входит в направленный возвратный поток,"Гипотеза координации: достижим из 3 seed, 3 плательщиков, мост 0.0014.",возвратный поток с seed (16 цикл.)
cycle,100000004759121100,consolidator,1,0.883361,1.0,узел входит в направленный возвратный поток,"Признаки консолидации: 6 плательщиков, 2 получателей, входящий поток 710,000 KZT.",возвратный поток (1 цикл.)
cycle,100000004070318100,distributor,1,0.879738,41.0,узел входит в направленный возвратный поток,"Признаки распределения: 19 получателей против 4 плательщиков, исходящий поток 551,860 KZT.",возвратный поток с seed (41 цикл.); повторная пересылка за ≤2 дня (1 маршр.); повтор одной суммы ×4
cycle,100000008461532100,distributor,28,0.877291,1.0,узел входит в направленный возвратный поток,"Признаки распределения: 8 получателей против 2 плательщиков, исходящий поток 2,530,090 KZT.",возвратный поток (1 цикл.)
cycle,100000008304139100,distributor,4,0.875222,22.0,узел входит в направленный возвратный поток,"Признаки распределения: 24 получателей против 4 плательщиков, исходящий поток 1,692,997 KZT.",возвратный поток с seed (22 цикл.); повторная пересылка за ≤2 дня (1 маршр.)
cycle,100000000661912100,consolidator,7,0.87446,1.0,узел входит в направленный возвратный поток,"Признаки консолидации: 5 плательщиков, 2 получателей, входящий поток 393,036 KZT.",возвратный поток (1 цикл.)
cycle,100000005287097100,distributor,5,0.867304,6.0,узел входит в направленный возвратный поток,"Признаки распределения: 9 получателей против 2 плательщиков, исходящий поток 697,300 KZT.",возвратный поток с seed (6 цикл.); звено сквозной цепочки (2); повтор одной суммы ×6
cycle,100000003635170100,transit,34,0.864708,2.0,узел входит в направленный возвратный поток,"Признаки транзита: отдал 94% видимого входа; 3→4 связей, быстрый выход 54%.",возвратный поток (2 цикл.)
cycle,100000006518161100,transit,5,0.859849,1.0,узел входит в направленный возвратный поток,"Признаки транзита: отдал 100% видимого входа; 3→2 связей, быстрый выход 100%.",возвратный поток (1 цикл.); повторная пересылка за ≤2 дня (1 маршр.)
cycle,100000002838861100,consolidator,3,0.850178,1.0,узел входит в направленный возвратный поток,"Признаки консолидации: 5 плательщиков, 1 получателей, входящий поток 554,524 KZT.",возвратный поток (1 цикл.)
cycle,100000008111003100,consolidator,1,0.848295,9.0,узел входит в направленный возвратный поток,"Признаки консолидации: 6 плательщиков, 1 получателей, входящий поток 222,716 KZT.",возвратный поток с seed (9 цикл.); звено сквозной цепочки (1)
cycle,100000003684369100,distributor,4,0.844489,1.0,узел входит в направленный возвратный поток,"Признаки распределения: 62 получателей против 24 плательщиков, исходящий поток 8,588,655 KZT.",возвратный поток с seed (1 цикл.); звено сквозной цепочки (24); 6 плательщиков в один день; повтор одной суммы ×6; плательщиков больше 99% узлов колена 0
cycle,100000005704413100,distributor,8,0.84395,3.0,узел входит в направленный возвратный поток,"Признаки распределения: 32 получателей против 3 плательщиков, исходящий поток 1,363,593 KZT.",возвратный поток (3 цикл.)
cycle,100000004847758100,distributor,4,0.841915,7.0,узел входит в направленный возвратный поток,"Признаки распределения: 15 получателей против 4 плательщиков, исходящий поток 488,800 KZT.",возвратный поток с seed (7 цикл.); повторная пересылка за ≤2 дня (1 маршр.); повтор одной суммы ×6
cycle,100000008546855100,consolidator,18,0.84167,2.0,узел входит в направленный возвратный поток,"Признаки консолидации: 6 плательщиков, 2 получателей, входящий поток 71,790 KZT.",возвратный поток (2 цикл.); 5 плательщиков в один день; 5 входов у порога 5–10 тыс.
cycle,100000002723538100,distributor,7,0.839435,5.0,узел входит в направленный возвратный поток,"Признаки распределения: 12 получателей против 3 плательщиков, исходящий поток 560,499 KZT.",возвратный поток (5 цикл.); звено сквозной цепочки (1)
cycle,100000005578559100,distributor,8,0.835009,1.0,узел входит в направленный возвратный поток,"Признаки распределения: 21 получателей против 2 плательщиков, исходящий поток 893,164 KZT.",возвратный поток (1 цикл.)
cycle,100000006866783100,distributor,1,0.830206,93.0,узел входит в направленный возвратный поток,"Признаки распределения: 67 получателей против 13 плательщиков, исходящий поток 3,948,037 KZT.",возвратный поток с seed (93 цикл.); повторная пересылка за ≤2 дня (5 маршр.); 5 плательщиков в один день; повтор одной суммы ×9
cycle,100000003741418100,consolidator,6,0.828959,1.0,узел входит в направленный возвратный поток,"Признаки консолидации: 9 плательщиков, 3 получателей, входящий поток 151,900 KZT.",возвратный поток (1 цикл.); 9 входов у порога 5–10 тыс.
cycle,100000004071080100,consolidator,1,0.825979,1.0,узел входит в направленный возвратный поток,"Признаки консолидации: 9 плательщиков, 2 получателей, входящий поток 238,600 KZT.",возвратный поток (1 цикл.); звено сквозной цепочки (3); плательщиков больше 99% узлов колена 1
cycle,100000003016635100,distributor,5,0.825536,13.0,узел входит в направленный возвратный поток,"Признаки распределения: 73 получателей против 8 плательщиков, исходящий поток 9,414,081 KZT.",возвратный поток с seed (13 цикл.); повторная пересылка за ≤2 дня (8 маршр.); 3 плательщиков в один день; повтор одной суммы ×5; 23 входов у порога 5–10 тыс.
cycle,100000007639767100,distributor,1,0.817671,60.0,узел входит в направленный возвратный поток,"Признаки распределения: 10 получателей против 4 плательщиков, исходящий поток 822,244 KZT.",возвратный поток с seed (60 цикл.)
cycle,100000008324800100,transit,72,0.814073,1.0,узел входит в направленный возвратный поток,"Признаки транзита: отдал 97% видимого входа; 3→1 связей, быстрый выход 76%.",возвратный поток (1 цикл.); повтор одной суммы ×5
cycle,100000007593823100,coordinator,1,0.813527,4.0,узел входит в направленный возвратный поток,"Гипотеза координации: достижим из 4 seed, 3 плательщиков, мост 0.0002.",возвратный поток (4 цикл.); повторная пересылка за ≤2 дня (1 маршр.); повтор одной суммы ×10
cycle,100000003004487100,consolidator,32,0.804744,1.0,узел входит в направленный возвратный поток,"Признаки консолидации: 4 плательщиков, 2 получателей, входящий поток 183,703 KZT.",возвратный поток (1 цикл.)
cycle,100000005665181100,distributor,6,0.803261,1.0,узел входит в направленный возвратный поток,"Признаки распределения: 11 получателей против 4 плательщиков, исходящий поток 181,915 KZT.",возвратный поток (1 цикл.); 4 входов у порога 5–10 тыс.
cycle,100000007055802100,consolidator,1,0.802891,1.0,узел входит в направленный возвратный поток,"Признаки консолидации: 6 плательщиков, 1 получателей, входящий поток 2,024,999 KZT.",возвратный поток (1 цикл.); повторная пересылка за ≤2 дня (1 маршр.); 4 плательщиков в один день
cycle,100000004390333100,distributor,1,0.795774,16.0,узел входит в направленный возвратный поток,"Признаки распределения: 9 получателей против 2 плательщиков, исходящий поток 506,500 KZT.",возвратный поток с seed (16 цикл.); повтор одной суммы ×4
cycle,100000006069103100,transit,55,0.789976,1.0,узел входит в направленный возвратный поток,"Признаки транзита: отдал 118% видимого входа; 3→3 связей, быстрый выход 67%.",возвратный поток (1 цикл.); звено сквозной цепочки (1)
cycle,100000007629096100,consolidator,1,0.785863,1.0,узел входит в направленный возвратный поток,"Признаки консолидации: 4 плательщиков, 1 получателей, входящий поток 1,075,170 KZT.",возвратный поток (1 цикл.); повторная пересылка за ≤2 дня (1 маршр.)
cycle,100000008466579100,distributor,3,0.777513,1.0,узел входит в направленный возвратный поток,"Признаки распределения: 17 получателей против 2 плательщиков, исходящий поток 1,933,000 KZT.",возвратный поток (1 цикл.)
cycle,100000008710843100,distributor,22,0.776842,1.0,узел входит в направленный возвратный поток,"Признаки распределения: 13 получателей против 2 плательщиков, исходящий поток 1,985,500 KZT.",возвратный поток (1 цикл.)
cycle,100000003946524100,transit,4,0.77571,1.0,узел входит в направленный возвратный поток,"Признаки транзита: отдал 108% видимого входа; 2→2 связей, быстрый выход 0%.",возвратный поток (1 цикл.)
cycle,100000005048668100,distributor,7,0.76577,2.0,узел входит в направленный возвратный поток,"Признаки распределения: 8 получателей против 2 плательщиков, исходящий поток 159,400 KZT.",возвратный поток (2 цикл.); звено сквозной цепочки (2)
cycle,100000008413748100,distributor,17,0.75843,6.0,узел входит в направленный возвратный поток,"Признаки распределения: 18 получателей против 2 плательщиков, исходящий поток 1,377,320 KZT.",возвратный поток с seed (6 цикл.); звено сквозной цепочки (2)
cycle,100000005382566100,consolidator,20,0.751553,1.0,узел входит в направленный возвратный поток,"Признаки консолидации: 7 плательщиков, 1 получателей, входящий поток 393,066 KZT.",возвратный поток с seed (1 цикл.)
cycle,100000004150593100,distributor,5,0.743794,1.0,узел входит в направленный возвратный поток,"Признаки распределения: 11 получателей против 1 плательщиков, исходящий поток 871,165 KZT.",возвратный поток с seed (1 цикл.); звено сквозной цепочки (2)
cycle,100000000291906100,transit,51,0.731549,1.0,узел входит в направленный возвратный поток,"Признаки транзита: отдал 117% видимого входа; 2→2 связей, быстрый выход 100%.",возвратный поток (1 цикл.)
cycle,100000001526235100,distributor,27,0.727602,3.0,узел входит в направленный возвратный поток,"Признаки распределения: 8 получателей против 3 плательщиков, исходящий поток 432,750 KZT.",возвратный поток (3 цикл.)
cycle,100000008465789100,distributor,3,0.717004,2.0,узел входит в направленный возвратный поток,"Признаки распределения: 16 получателей против 1 плательщиков, исходящий поток 1,858,100 KZT.",возвратный поток (2 цикл.); повтор одной суммы ×5
cycle,100000004820260100,transit,16,0.712458,2.0,узел входит в направленный возвратный поток,"Признаки транзита: отдал 92% видимого входа; 1→3 связей, быстрый выход 75%.",возвратный поток (2 цикл.)
cycle,100000005519998100,transit,35,0.710319,8.0,узел входит в направленный возвратный поток,"Признаки транзита: отдал 103% видимого входа; 3→3 связей, быстрый выход 60%.",возвратный поток (8 цикл.)
cycle,100000005074393100,peripheral,14,0.708802,3.0,узел входит в направленный возвратный поток,"Недостаточно признаков роли: 4 плательщиков, 6 получателей, колено 1.",возвратный поток (3 цикл.)
cycle,100000003213473100,distributor,1,0.703359,3.0,узел входит в направленный возвратный поток,"Признаки распределения: 11 получателей против 1 плательщиков, исходящий поток 240,000 KZT.",возвратный поток с seed (3 цикл.)
cycle,100000008686313100,peripheral,1,0.702449,42.0,узел входит в направленный возвратный поток,"Недостаточно признаков роли: 6 плательщиков, 7 получателей, колено 1.",возвратный поток с seed (42 цикл.); повторная пересылка за ≤2 дня (1 маршр.)
cycle,100000002578405100,distributor,2,0.700712,2.0,узел входит в направленный возвратный поток,"Признаки распределения: 116 получателей против 2 плательщиков, исходящий поток 3,108,352 KZT.",возвратный поток (2 цикл.); звено сквозной цепочки (1); повтор одной суммы ×8
cycle,100000007442518100,peripheral,31,0.699855,1.0,узел входит в направленный возвратный поток,"Недостаточно признаков роли: 5 плательщиков, 9 получателей, колено 1.",возвратный поток (1 цикл.)
cycle,100000008086440100,transit,1,0.698903,5.0,узел входит в направленный возвратный поток,"Признаки транзита: отдал 81% видимого входа; 1→5 связей, быстрый выход 100%.",возвратный поток (5 цикл.)
cycle,100000003701161100,peripheral,24,0.6871,4.0,узел входит в направленный возвратный поток,"Недостаточно признаков роли: 4 плательщиков, 3 получателей, колено 1.",возвратный поток (4 цикл.); повторная пересылка за ≤2 дня (1 маршр.)
cycle,100000002741024100,peripheral,1,0.685816,3.0,узел входит в направленный возвратный поток,"Недостаточно признаков роли: 5 плательщиков, 6 получателей, колено 2.",возвратный поток (3 цикл.)
cycle,100000006707582100,distributor,12,0.684786,1.0,узел входит в направленный возвратный поток,"Признаки распределения: 14 получателей против 2 плательщиков, исходящий поток 961,138 KZT.",возвратный поток (1 цикл.)
cycle,100000005171642100,transit,9,0.681338,2.0,узел входит в направленный возвратный поток,"Признаки транзита: отдал 98% видимого входа; 2→1 связей, быстрый выход 40%.",возвратный поток (2 цикл.)
cycle,100000005782781100,peripheral,11,0.674628,1.0,узел входит в направленный возвратный поток,"Недостаточно признаков роли: 6 плательщиков, 10 получателей, колено 2.",возвратный поток (1 цикл.); 3 плательщиков в один день
cycle,100000008258083100,peripheral,31,0.670223,2.0,узел входит в направленный возвратный поток,"Недостаточно признаков роли: 2 плательщиков, 2 получателей, колено 2.",возвратный поток (2 цикл.)
cycle,100000004159526100,peripheral,15,0.669345,1.0,узел входит в направленный возвратный поток,"Недостаточно признаков роли: 4 плательщиков, 4 получателей, колено 1.",возвратный поток (1 цикл.)
cycle,100000005339662100,peripheral,16,0.669312,3.0,узел входит в направленный возвратный поток,"Недостаточно признаков роли: 4 плательщиков, 4 получателей, колено 1.",возвратный поток (3 цикл.); повторная пересылка за ≤2 дня (1 маршр.)
cycle,100000001660397100,transit,1,0.667155,19.0,узел входит в направленный возвратный поток,"Признаки транзита: отдал 101% видимого входа; 2→3 связей, быстрый выход 100%.",возвратный поток с seed (19 цикл.)
cycle,100000004336312100,transit,35,0.665358,8.0,узел входит в направленный возвратный поток,"Признаки транзита: отдал 80% видимого входа; 3→2 связей, быстрый выход 43%.",возвратный поток (8 цикл.); 3 плательщиков в один день
cycle,100000001899164100,peripheral,13,0.664257,2.0,узел входит в направленный возвратный поток,"Недостаточно признаков роли: 4 плательщиков, 3 получателей, колено 1.",возвратный поток (2 цикл.)
cycle,100000008512552100,peripheral,17,0.662848,2.0,узел входит в направленный возвратный поток,"Недостаточно признаков роли: 4 плательщиков, 6 получателей, колено 2.",возвратный поток (2 цикл.); звено сквозной цепочки (3)
cycle,100000003880331100,distributor,7,0.661355,3.0,узел входит в направленный возвратный поток,"Признаки распределения: 16 получателей против 1 плательщиков, исходящий поток 3,904,908 KZT.",возвратный поток (3 цикл.); повторная пересылка за ≤2 дня (2 маршр.); повтор одной суммы ×12
cycle,100000001697501100,distributor,2,0.659253,3.0,узел входит в направленный возвратный поток,"Признаки распределения: 38 получателей против 3 плательщиков, исходящий поток 1,482,606 KZT.",возвратный поток с seed (3 цикл.); повтор одной суммы ×6
cycle,100000008748914100,distributor,4,0.654437,1.0,узел входит в направленный возвратный поток,"Признаки распределения: 13 получателей против 2 плательщиков, исходящий поток 4,471,847 KZT.",возвратный поток (1 цикл.)
cycle,100000004135268100,transit,53,0.653167,3.0,узел входит в направленный возвратный поток,"Признаки транзита: отдал 81% видимого входа; 2→3 связей, быстрый выход 100%.",возвратный поток с seed (3 цикл.); повторная пересылка за ≤2 дня (1 маршр.)
cycle,100000006274203100,peripheral,18,0.652027,1.0,узел входит в направленный возвратный поток,"Недостаточно признаков роли: 2 плательщиков, 3 получателей, колено 3.",возвратный поток (1 цикл.)
cycle,100000003809101100,peripheral,12,0.651882,1.0,узел входит в направленный возвратный поток,"Недостаточно признаков роли: 2 плательщиков, 2 получателей, колено 1.",возвратный поток (1 цикл.)
cycle,100000003390036100,peripheral,12,0.644832,2.0,узел входит в направленный возвратный поток,"Недостаточно признаков роли: 2 плательщиков, 2 получателей, колено 2.",возвратный поток (2 цикл.); звено сквозной цепочки (1)
cycle,100000005473151100,peripheral,8,0.643389,1.0,узел входит в направленный возвратный поток,"Недостаточно признаков роли: 3 плательщиков, 4 получателей, колено 1.",возвратный поток (1 цикл.)
cycle,100000002217161100,peripheral,36,0.639461,1.0,узел входит в направленный возвратный поток,"Недостаточно признаков роли: 2 плательщиков, 7 получателей, колено 2.",возвратный поток (1 цикл.)
cycle,100000006111439100,transit,6,0.636369,1.0,узел входит в направленный возвратный поток,"Признаки транзита: отдал 117% видимого входа; 3→4 связей, быстрый выход 0%.",возвратный поток (1 цикл.); 3 входов у порога 5–10 тыс.
cycle,100000003299365100,transit,4,0.635334,1.0,узел входит в направленный возвратный поток,"Признаки транзита: отдал 100% видимого входа; 1→1 связей, быстрый выход 100%.",возвратный поток с seed (1 цикл.)
cycle,100000008011159100,peripheral,43,0.631492,1.0,узел входит в направленный возвратный поток,"Недостаточно признаков роли: 3 плательщиков, 5 получателей, колено 2.",возвратный поток (1 цикл.)
cycle,100000004679953100,peripheral,7,0.629215,1.0,узел входит в направленный возвратный поток,"Недостаточно признаков роли: 3 плательщиков, 3 получателей, колено 1.",возвратный поток (1 цикл.)
cycle,100000003718221100,peripheral,24,0.624383,4.0,узел входит в направленный возвратный поток,"Недостаточно признаков роли: 2 плательщиков, 4 получателей, колено 2.",возвратный поток (4 цикл.); звено сквозной цепочки (1)
cycle,100000002267998100,peripheral,24,0.620385,4.0,узел входит в направленный возвратный поток,"Недостаточно признаков роли: 2 плательщиков, 3 получателей, колено 2.",возвратный поток (4 цикл.); повторная пересылка за ≤2 дня (1 маршр.); повтор одной суммы ×4
cycle,100000004160650100,distributor,26,0.619362,12.0,узел входит в направленный возвратный поток,"Признаки распределения: 10 получателей против 2 плательщиков, исходящий поток 1,489,827 KZT.",возвратный поток с seed (12 цикл.); повтор одной суммы ×12
cycle,100000004386258100,peripheral,13,0.616659,2.0,узел входит в направленный возвратный поток,"Недостаточно признаков роли: 3 плательщиков, 3 получателей, колено 2.",возвратный поток (2 цикл.)
cycle,100000000667713100,peripheral,5,0.615012,2.0,узел входит в направленный возвратный поток,"Недостаточно признаков роли: 2 плательщиков, 6 получателей, колено 1.",возвратный поток с seed (2 цикл.); звено сквозной цепочки (2)
cycle,100000000076451100,peripheral,16,0.612394,2.0,узел входит в направленный возвратный поток,"Недостаточно признаков роли: 3 плательщиков, 4 получателей, колено 2.",возвратный поток (2 цикл.)
cycle,100000006579678100,peripheral,5,0.612203,2.0,узел входит в направленный возвратный поток,"Недостаточно признаков роли: 2 плательщиков, 6 получателей, колено 1.",возвратный поток с seed (2 цикл.)
cycle,100000002175422100,peripheral,32,0.611902,3.0,узел входит в направленный возвратный поток,"Недостаточно признаков роли: 3 плательщиков, 6 получателей, колено 2.",возвратный поток (3 цикл.); повтор одной суммы ×4
cycle,100000004188160100,peripheral,5,0.611465,4.0,узел входит в направленный возвратный поток,"Недостаточно признаков роли: 2 плательщиков, 5 получателей, колено 1.",возвратный поток с seed (4 цикл.)
cycle,100000003796063100,distributor,6,0.610376,9.0,узел входит в направленный возвратный поток,"Признаки распределения: 15 получателей против 1 плательщиков, исходящий поток 959,150 KZT.",возвратный поток с seed (9 цикл.); звено сквозной цепочки (2)
cycle,100000008213966100,peripheral,29,0.608422,1.0,узел входит в направленный возвратный поток,"Недостаточно признаков роли: 3 плательщиков, 1 получателей, колено 2.",возвратный поток (1 цикл.)
cycle,100000002293421100,transit,1,0.604854,2.0,узел входит в направленный возвратный поток,"Признаки транзита: отдал 115% видимого входа; 2→2 связей, быстрый выход 50%.",возвратный поток (2 цикл.); 4 входов у порога 5–10 тыс.
cycle,100000008637537100,peripheral,41,0.602789,4.0,узел входит в направленный возвратный поток,"Недостаточно признаков роли: 3 плательщиков, 3 получателей, колено 0.",возвратный поток с seed (4 цикл.); повторная пересылка за ≤2 дня (1 маршр.); повтор одной суммы ×8
cycle,100000004479404100,peripheral,46,0.5999,1.0,узел входит в направленный возвратный поток,"Недостаточно признаков роли: 2 плательщиков, 1 получателей, колено 2.",возвратный поток (1 цикл.)
cycle,100000002193259100,peripheral,13,0.598966,2.0,узел входит в направленный возвратный поток,"Недостаточно признаков роли: 2 плательщиков, 3 получателей, колено 2.",возвратный поток (2 цикл.)
cycle,100000004677680100,peripheral,12,0.596764,1.0,узел входит в направленный возвратный поток,"Недостаточно признаков роли: 2 плательщиков, 1 получателей, колено 1.",возвратный поток (1 цикл.)
cycle,100000002781227100,transit,64,0.596729,1.0,узел входит в направленный возвратный поток,"Признаки транзита: отдал 111% видимого входа; 2→3 связей, быстрый выход 62%.",возвратный поток (1 цикл.)
cycle,100000002941114100,peripheral,12,0.595592,1.0,узел входит в направленный возвратный поток,"Недостаточно признаков роли: 2 плательщиков, 1 получателей, колено 1.",возвратный поток (1 цикл.); звено сквозной цепочки (1); 11 входов у порога 5–10 тыс.
cycle,100000000706545100,peripheral,5,0.593928,1.0,узел входит в направленный возвратный поток,"Недостаточно признаков роли: 3 плательщиков, 1 получателей, колено 1.",возвратный поток (1 цикл.)
cycle,100000001049200100,peripheral,18,0.592377,3.0,узел входит в направленный возвратный поток,"Недостаточно признаков роли: 2 плательщиков, 4 получателей, колено 1.",возвратный поток с seed (3 цикл.)
cycle,100000004330371100,peripheral,5,0.591517,2.0,узел входит в направленный возвратный поток,"Недостаточно признаков роли: 2 плательщиков, 2 получателей, колено 1.",возвратный поток с seed (2 цикл.)
cycle,100000003360542100,peripheral,12,0.589694,3.0,узел входит в направленный возвратный поток,"Недостаточно признаков роли: 2 плательщиков, 2 получателей, колено 2.",возвратный поток (3 цикл.); звено сквозной цепочки (1)
cycle,100000002692750100,peripheral,9,0.589213,1.0,узел входит в направленный возвратный поток,"Недостаточно признаков роли: 3 плательщиков, 1 получателей, колено 2.",возвратный поток (1 цикл.); повтор одной суммы ×5
cycle,100000002224132100,peripheral,25,0.587779,8.0,узел входит в направленный возвратный поток,"Недостаточно признаков роли: 5 плательщиков, 4 получателей, колено 2.",возвратный поток (8 цикл.); повторная пересылка за ≤2 дня (1 маршр.); повтор одной суммы ×7
cycle,100000008389800100,peripheral,5,0.586705,2.0,узел входит в направленный возвратный поток,"Недостаточно признаков роли: 3 плательщиков, 7 получателей, колено 2.",возвратный поток (2 цикл.)
cycle,100000004140487100,distributor,4,0.584308,3.0,узел входит в направленный возвратный поток,"Признаки распределения: 10 получателей против 1 плательщиков, исходящий поток 262,600 KZT.",возвратный поток (3 цикл.); звено сквозной цепочки (2); повтор одной суммы ×4
cycle,100000001732159100,peripheral,41,0.582587,4.0,узел входит в направленный возвратный поток,"Недостаточно признаков роли: 2 плательщиков, 4 получателей, колено 0.",возвратный поток с seed (4 цикл.); повторная пересылка за ≤2 дня (1 маршр.); повтор одной суммы ×5
cycle,100000008636603100,peripheral,5,0.581642,2.0,узел входит в направленный возвратный поток,"Недостаточно признаков роли: 2 плательщиков, 6 получателей, колено 2.",возвратный поток с seed (2 цикл.); звено сквозной цепочки (3)
cycle,100000008104567100,peripheral,8,0.581005,1.0,узел входит в направленный возвратный поток,"Недостаточно признаков роли: 3 плательщиков, 3 получателей, колено 2.",возвратный поток (1 цикл.)
cycle,100000001616816100,peripheral,9,0.579875,2.0,узел входит в направленный возвратный поток,"Недостаточно признаков роли: 5 плательщиков, 3 получателей, колено 0.",возвратный поток с seed (2 цикл.); 6 входов у порога 5–10 тыс.
cycle,100000002156381100,peripheral,34,0.579467,1.0,узел входит в направленный возвратный поток,"Недостаточно признаков роли: 2 плательщиков, 1 получателей, колено 2.",возвратный поток (1 цикл.); 4 входов у порога 5–10 тыс.
cycle,100000004221668100,peripheral,9,0.57773,3.0,узел входит в направленный возвратный поток,"Недостаточно признаков роли: 4 плательщиков, 3 получателей, колено 2.",возвратный поток (3 цикл.); повтор одной суммы ×4
cycle,100000004569484100,peripheral,8,0.576963,4.0,узел входит в направленный возвратный поток,"Недостаточно признаков роли: 2 плательщиков, 4 получателей, колено 3.",возвратный поток (4 цикл.)
cycle,100000002870463100,peripheral,9,0.576879,1.0,узел входит в направленный возвратный поток,"Недостаточно признаков роли: 3 плательщиков, 1 получателей, колено 2.",возвратный поток (1 цикл.)
cycle,100000002645993100,peripheral,1,0.575386,2.0,узел входит в направленный возвратный поток,"Недостаточно признаков роли: 2 плательщиков, 5 получателей, колено 3.",возвратный поток (2 цикл.); звено сквозной цепочки (11)
cycle,100000000607941100,peripheral,5,0.575222,1.0,узел входит в направленный возвратный поток,"Недостаточно признаков роли: 2 плательщиков, 1 получателей, колено 2.",возвратный поток (1 цикл.)
cycle,100000003509750100,transit,9,0.574099,2.0,узел входит в направленный возвратный поток,"Признаки транзита: отдал 95% видимого входа; 3→3 связей, быстрый выход 50%.",возвратный поток (2 цикл.)
cycle,100000005660203100,peripheral,5,0.572634,1.0,узел входит в направленный возвратный поток,"Недостаточно признаков роли: 1 плательщиков, 2 получателей, колено 2.",возвратный поток (1 цикл.)
cycle,100000007511163100,peripheral,5,0.57014,1.0,узел входит в направленный возвратный поток,"Недостаточно признаков роли: 2 плательщиков, 3 получателей, колено 1.",возвратный поток (1 цикл.)
cycle,100000004209339100,peripheral,34,0.568252,1.0,узел входит в направленный возвратный поток,"Недостаточно признаков роли: 1 плательщиков, 2 получателей, колено 2.",возвратный поток (1 цикл.); 3 входов у порога 5–10 тыс.
cycle,100000007382543100,peripheral,29,0.567668,2.0,узел входит в направленный возвратный поток,"Недостаточно признаков роли: 3 плательщиков, 5 получателей, колено 2.",возвратный поток (2 цикл.)
cycle,100000004603109100,peripheral,25,0.566145,6.0,узел входит в направленный возвратный поток,"Недостаточно признаков роли: 3 плательщиков, 2 получателей, колено 3.",возвратный поток (6 цикл.)
cycle,100000001937767100,peripheral,15,0.565286,1.0,узел входит в направленный возвратный поток,"Недостаточно признаков роли: 1 плательщиков, 4 получателей, колено 1.",возвратный поток с seed (1 цикл.)
cycle,100000002527114100,distributor,2,0.561934,3.0,узел входит в направленный возвратный поток,"Признаки распределения: 111 получателей против 3 плательщиков, исходящий поток 3,289,249 KZT.",возвратный поток с seed (3 цикл.); повтор одной суммы ×4
cycle,100000004076740100,peripheral,35,0.561231,4.0,узел входит в направленный возвратный поток,"Недостаточно признаков роли: 3 плательщиков, 6 получателей, колено 1.",возвратный поток (4 цикл.)
cycle,100000004544958100,peripheral,12,0.561001,1.0,узел входит в направленный возвратный поток,"Недостаточно признаков роли: 1 плательщиков, 2 получателей, колено 2.",возвратный поток (1 цикл.)
cycle,100000004180097100,peripheral,1,0.560271,3.0,узел входит в направленный возвратный поток,"Недостаточно признаков роли: 3 плательщиков, 3 получателей, колено 1.",возвратный поток (3 цикл.); 3 входов у порога 5–10 тыс.
cycle,100000006844768100,peripheral,1,0.557874,1.0,узел входит в направленный возвратный поток,"Недостаточно признаков роли: 1 плательщиков, 2 получателей, колено 2.",возвратный поток (1 цикл.)
cycle,100000008137435100,peripheral,24,0.55642,1.0,узел входит в направленный возвратный поток,"Недостаточно признаков роли: 2 плательщиков, 6 получателей, колено 1.",возвратный поток с seed (1 цикл.)
cycle,100000008169544100,peripheral,5,0.55134,3.0,узел входит в направленный возвратный поток,"Недостаточно признаков роли: 1 плательщиков, 4 получателей, колено 1.",возвратный поток с seed (3 цикл.)
cycle,100000001609499100,peripheral,1,0.543753,11.0,узел входит в направленный возвратный поток,"Недостаточно признаков роли: 3 плательщиков, 2 получателей, колено 1.",возвратный поток с seed (11 цикл.)
cycle,100000004017410100,peripheral,35,0.543213,7.0,узел входит в направленный возвратный поток,"Недостаточно признаков роли: 2 плательщиков, 5 получателей, колено 3.",возвратный поток (7 цикл.)
cycle,100000005584222100,peripheral,1,0.542485,1.0,узел входит в направленный возвратный поток,"Недостаточно признаков роли: 2 плательщиков, 2 получателей, колено 1.",возвратный поток (1 цикл.); звено сквозной цепочки (1)
cycle,100000000089154100,distributor,1,0.542004,5.0,узел входит в направленный возвратный поток,"Признаки распределения: 15 получателей против 1 плательщиков, исходящий поток 425,500 KZT.",возвратный поток с seed (5 цикл.); звено сквозной цепочки (2); повтор одной суммы ×4
cycle,100000000673868100,peripheral,31,0.539021,2.0,узел входит в направленный возвратный поток,"Недостаточно признаков роли: 1 плательщиков, 5 получателей, колено 3.",возвратный поток (2 цикл.); повтор одной суммы ×4
cycle,100000005882013100,peripheral,14,0.538401,2.0,узел входит в направленный возвратный поток,"Недостаточно признаков роли: 2 плательщиков, 1 получателей, колено 2.",возвратный поток (2 цикл.)
cycle,100000005505655100,peripheral,27,0.535209,1.0,узел входит в направленный возвратный поток,"Недостаточно признаков роли: 2 плательщиков, 1 получателей, колено 1.",возвратный поток (1 цикл.)
cycle,100000004386331100,transit,13,0.530899,1.0,узел входит в направленный возвратный поток,"Признаки транзита: отдал 88% видимого входа; 1→2 связей, быстрый выход 0%.",возвратный поток (1 цикл.)
cycle,100000003178549100,peripheral,17,0.530622,2.0,узел входит в направленный возвратный поток,"Недостаточно признаков роли: 2 плательщиков, 4 получателей, колено 3.",возвратный поток (2 цикл.)
cycle,100000002731501100,peripheral,26,0.527352,10.0,узел входит в направленный возвратный поток,"Недостаточно признаков роли: 3 плательщиков, 7 получателей, колено 1.",возвратный поток с seed (10 цикл.); 3 плательщиков в один день; повтор одной суммы ×5
cycle,100000001677929100,peripheral,11,0.527049,2.0,узел входит в направленный возвратный поток,"Недостаточно признаков роли: 3 плательщиков, 2 получателей, колено 2.",возвратный поток (2 цикл.)
cycle,100000003886323100,peripheral,5,0.526234,1.0,узел входит в направленный возвратный поток,"Недостаточно признаков роли: 2 плательщиков, 1 получателей, колено 1.",возвратный поток (1 цикл.); 5 входов у порога 5–10 тыс.
cycle,100000008603331100,peripheral,3,0.524291,1.0,узел входит в направленный возвратный поток,"Недостаточно признаков роли: 2 плательщиков, 6 получателей, колено 2.",возвратный поток (1 цикл.)
cycle,100000000791285100,peripheral,28,0.523032,1.0,узел входит в направленный возвратный поток,"Недостаточно признаков роли: 1 плательщиков, 3 получателей, колено 3.",возвратный поток (1 цикл.)
cycle,100000004892144100,peripheral,25,0.519762,4.0,узел входит в направленный возвратный поток,"Недостаточно признаков роли: 2 плательщиков, 1 получателей, колено 3.",возвратный поток (4 цикл.)
cycle,100000004717647100,peripheral,46,0.515033,1.0,узел входит в направленный возвратный поток,"Недостаточно признаков роли: 1 плательщиков, 5 получателей, колено 3.",возвратный поток (1 цикл.)
cycle,100000000201868100,transit,55,0.508343,1.0,узел входит в направленный возвратный поток,"Признаки транзита: отдал 100% видимого входа; 1→1 связей, быстрый выход 100%.",возвратный поток (1 цикл.)
cycle,100000007898453100,peripheral,4,0.507643,1.0,узел входит в направленный возвратный поток,"Недостаточно признаков роли: 1 плательщиков, 2 получателей, колено 2.",возвратный поток (1 цикл.)
cycle,100000001279272100,peripheral,1,0.507409,1.0,узел входит в направленный возвратный поток,"Недостаточно признаков роли: 1 плательщиков, 2 получателей, колено 3.",возвратный поток (1 цикл.); звено сквозной цепочки (8)
cycle,100000008736940100,peripheral,44,0.505555,10.0,узел входит в направленный возвратный поток,"Недостаточно признаков роли: 3 плательщиков, 3 получателей, колено 1.",возвратный поток с seed (10 цикл.)
cycle,100000000838385100,peripheral,29,0.505007,1.0,узел входит в направленный возвратный поток,"Недостаточно признаков роли: 1 плательщиков, 2 получателей, колено 3.",возвратный поток (1 цикл.)
cycle,100000008254069100,peripheral,20,0.50399,1.0,узел входит в направленный возвратный поток,"Недостаточно признаков роли: 1 плательщиков, 5 получателей, колено 2.",возвратный поток (1 цикл.)
cycle,100000008545727100,peripheral,8,0.502205,1.0,узел входит в направленный возвратный поток,"Недостаточно признаков роли: 1 плательщиков, 6 получателей, колено 2.",возвратный поток (1 цикл.)
cycle,100000005140601100,peripheral,7,0.500737,2.0,узел входит в направленный возвратный поток,"Недостаточно признаков роли: 3 плательщиков, 2 получателей, колено 2.",возвратный поток (2 цикл.)
cycle,100000002738256100,transit,53,0.500652,1.0,узел входит в направленный возвратный поток,"Признаки транзита: отдал 117% видимого входа; 1→1 связей, быстрый выход 100%.",возвратный поток (1 цикл.)
cycle,100000003557488100,peripheral,32,0.49918,1.0,узел входит в направленный возвратный поток,"Недостаточно признаков роли: 1 плательщиков, 2 получателей, колено 3.",возвратный поток (1 цикл.)
cycle,100000008314203100,peripheral,41,0.499081,4.0,узел входит в направленный возвратный поток,"Недостаточно признаков роли: 2 плательщиков, 2 получателей, колено 0.",возвратный поток с seed (4 цикл.); повторная пересылка за ≤2 дня (1 маршр.); повтор одной суммы ×5
cycle,100000008587459100,peripheral,1,0.4965,3.0,узел входит в направленный возвратный поток,"Недостаточно признаков роли: 2 плательщиков, 2 получателей, колено 2.",возвратный поток с seed (3 цикл.)
cycle,100000005175148100,peripheral,16,0.496108,2.0,узел входит в направленный возвратный поток,"Недостаточно признаков роли: 2 плательщиков, 1 получателей, колено 2.",возвратный поток (2 цикл.)
cycle,100000000274067100,peripheral,11,0.491585,1.0,узел входит в направленный возвратный поток,"Недостаточно признаков роли: 2 плательщиков, 3 получателей, колено 1.",возвратный поток (1 цикл.)
cycle,100000003406094100,peripheral,5,0.490736,1.0,узел входит в направленный возвратный поток,"Недостаточно признаков роли: 1 плательщиков, 3 получателей, колено 3.",возвратный поток (1 цикл.)
cycle,100000002963189100,peripheral,15,0.488851,1.0,узел входит в направленный возвратный поток,"Недостаточно признаков роли: 1 плательщиков, 7 получателей, колено 3.",возвратный поток (1 цикл.); повтор одной суммы ×8
cycle,100000007131370100,transit,16,0.48865,1.0,узел входит в направленный возвратный поток,"Признаки транзита: отдал 100% видимого входа; 1→1 связей, быстрый выход 0%.",возвратный поток (1 цикл.)
cycle,100000001965374100,peripheral,25,0.488601,1.0,узел входит в направленный возвратный поток,"Недостаточно признаков роли: 2 плательщиков, 3 получателей, колено 2.",возвратный поток (1 цикл.)
cycle,100000008443341100,peripheral,13,0.4877,3.0,узел входит в направленный возвратный поток,"Недостаточно признаков роли: 2 плательщиков, 3 получателей, колено 1.",возвратный поток с seed (3 цикл.); звено сквозной цепочки (4)
cycle,100000003923946100,peripheral,9,0.487183,1.0,узел входит в направленный возвратный поток,"Недостаточно признаков роли: 1 плательщиков, 4 получателей, колено 1.",возвратный поток с seed (1 цикл.)
cycle,100000000933075100,peripheral,13,0.483888,1.0,узел входит в направленный возвратный поток,"Недостаточно признаков роли: 1 плательщиков, 2 получателей, колено 3.",возвратный поток (1 цикл.)
cycle,100000007390016100,peripheral,72,0.483407,1.0,узел входит в направленный возвратный поток,"Недостаточно признаков роли: 1 плательщиков, 1 получателей, колено 3.",возвратный поток (1 цикл.); повтор одной суммы ×4
cycle,100000008632060100,distributor,1,0.478915,4.0,узел входит в направленный возвратный поток,"Признаки распределения: 9 получателей против 1 плательщиков, исходящий поток 339,200 KZT.",возвратный поток с seed (4 цикл.); повтор одной суммы ×4
cycle,100000008121806100,peripheral,7,0.478709,1.0,узел входит в направленный возвратный поток,"Недостаточно признаков роли: 1 плательщиков, 4 получателей, колено 3.",возвратный поток (1 цикл.); повторная пересылка за ≤2 дня (1 маршр.)
cycle,100000008751429100,peripheral,44,0.478425,5.0,узел входит в направленный возвратный поток,"Недостаточно признаков роли: 3 плательщиков, 1 получателей, колено 1.",возвратный поток с seed (5 цикл.)
cycle,100000008193577100,peripheral,44,0.477388,9.0,узел входит в направленный возвратный поток,"Недостаточно признаков роли: 2 плательщиков, 5 получателей, колено 1.",возвратный поток с seed (9 цикл.)
cycle,100000005602999100,peripheral,34,0.475381,1.0,узел входит в направленный возвратный поток,"Недостаточно признаков роли: 1 плательщиков, 2 получателей, колено 2.",возвратный поток (1 цикл.); звено сквозной цепочки (1)
cycle,100000000594783100,peripheral,25,0.475054,3.0,узел входит в направленный возвратный поток,"Недостаточно признаков роли: 1 плательщиков, 2 получателей, колено 3.",возвратный поток (3 цикл.)
cycle,100000004670388100,peripheral,51,0.474146,1.0,узел входит в направленный возвратный поток,"Недостаточно признаков роли: 1 плательщиков, 2 получателей, колено 3.",возвратный поток (1 цикл.)
cycle,100000000031787100,transit,11,0.47089,1.0,узел входит в направленный возвратный поток,"Признаки транзита: отдал 100% видимого входа; 1→2 связей, быстрый выход 50%.",возвратный поток (1 цикл.)
cycle,100000004041163100,peripheral,20,0.470773,1.0,узел входит в направленный возвратный поток,"Недостаточно признаков роли: 1 плательщиков, 2 получателей, колено 0.",возвратный поток с seed (1 цикл.)
cycle,100000000267734100,peripheral,11,0.470301,1.0,узел входит в направленный возвратный поток,"Недостаточно признаков роли: 2 плательщиков, 7 получателей, колено 1.",возвратный поток (1 цикл.)
cycle,100000005456919100,peripheral,44,0.463218,3.0,узел входит в направленный возвратный поток,"Недостаточно признаков роли: 2 плательщиков, 1 получателей, колено 1.",возвратный поток с seed (3 цикл.)
cycle,100000007322059100,peripheral,33,0.462444,1.0,узел входит в направленный возвратный поток,"Недостаточно признаков роли: 2 плательщиков, 1 получателей, колено 2.",возвратный поток (1 цикл.); звено сквозной цепочки (2)
cycle,100000004698193100,peripheral,9,0.462135,1.0,узел входит в направленный возвратный поток,"Недостаточно признаков роли: 2 плательщиков, 3 получателей, колено 2.",возвратный поток (1 цикл.)
cycle,100000003988112100,peripheral,20,0.462011,1.0,узел входит в направленный возвратный поток,"Недостаточно признаков роли: 1 плательщиков, 1 получателей, колено 2.",возвратный поток (1 цикл.)
cycle,100000001166289100,peripheral,2,0.46139,1.0,узел входит в направленный возвратный поток,"Недостаточно признаков роли: 2 плательщиков, 1 получателей, колено 2.",возвратный поток (1 цикл.)
cycle,100000005873152100,transit,12,0.459153,2.0,узел входит в направленный возвратный поток,"Признаки транзита: отдал 100% видимого входа; 1→1 связей, быстрый выход 0%.",возвратный поток (2 цикл.)
cycle,100000002733905100,peripheral,2,0.458713,2.0,узел входит в направленный возвратный поток,"Недостаточно признаков роли: 3 плательщиков, 2 получателей, колено 2.",возвратный поток (2 цикл.)
cycle,100000001380054100,peripheral,30,0.454871,2.0,узел входит в направленный возвратный поток,"Недостаточно признаков роли: 2 плательщиков, 3 получателей, колено 1.",возвратный поток с seed (2 цикл.)
cycle,100000002696152100,peripheral,34,0.454807,1.0,узел входит в направленный возвратный поток,"Недостаточно признаков роли: 1 плательщиков, 2 получателей, колено 3.",возвратный поток (1 цикл.); 3 входов у порога 5–10 тыс.
cycle,100000003001661100,peripheral,29,0.453545,1.0,узел входит в направленный возвратный поток,"Недостаточно признаков роли: 1 плательщиков, 5 получателей, колено 3.",возвратный поток (1 цикл.)
cycle,100000001138283100,peripheral,7,0.453528,1.0,узел входит в направленный возвратный поток,"Недостаточно признаков роли: 1 плательщиков, 2 получателей, колено 3.",возвратный поток (1 цикл.)
cycle,100000004005964100,peripheral,26,0.452558,12.0,узел входит в направленный возвратный поток,"Недостаточно признаков роли: 3 плательщиков, 3 получателей, колено 1.",возвратный поток с seed (12 цикл.)
cycle,100000000552584100,peripheral,25,0.452169,2.0,узел входит в направленный возвратный поток,"Недостаточно признаков роли: 1 плательщиков, 1 получателей, колено 3.",возвратный поток (2 цикл.)
cycle,100000003968044100,peripheral,7,0.451668,2.0,узел входит в направленный возвратный поток,"Недостаточно признаков роли: 1 плательщиков, 3 получателей, колено 3.",возвратный поток (2 цикл.)
cycle,100000000011452100,peripheral,1,0.449643,1.0,узел входит в направленный возвратный поток,"Недостаточно признаков роли: 3 плательщиков, 1 получателей, колено 1.",возвратный поток (1 цикл.)
cycle,100000003131016100,peripheral,7,0.448537,1.0,узел входит в направленный возвратный поток,"Недостаточно признаков роли: 1 плательщиков, 1 получателей, колено 2.",возвратный поток (1 цикл.)
cycle,100000004692798100,peripheral,13,0.447131,1.0,узел входит в направленный возвратный поток,"Недостаточно признаков роли: 2 плательщиков, 1 получателей, колено 1.",возвратный поток (1 цикл.)
cycle,100000005037490100,peripheral,14,0.445187,1.0,узел входит в направленный возвратный поток,"Недостаточно признаков роли: 1 плательщиков, 2 получателей, колено 3.",возвратный поток (1 цикл.)
cycle,100000004071070100,peripheral,1,0.444689,1.0,узел входит в направленный возвратный поток,"Недостаточно признаков роли: 2 плательщиков, 1 получателей, колено 2.",возвратный поток (1 цикл.); 4 входов у порога 5–10 тыс.
cycle,100000006443391100,peripheral,3,0.441456,2.0,узел входит в направленный возвратный поток,"Недостаточно признаков роли: 3 плательщиков, 2 получателей, колено 1.",возвратный поток (2 цикл.)
cycle,100000005911352100,peripheral,39,0.440458,1.0,узел входит в направленный возвратный поток,"Недостаточно признаков роли: 2 плательщиков, 3 получателей, колено 2.",возвратный поток (1 цикл.)
cycle,100000005546031100,peripheral,50,0.436766,1.0,узел входит в направленный возвратный поток,"Недостаточно признаков роли: 3 плательщиков, 1 получателей, колено 1.",возвратный поток (1 цикл.); 4 входов у порога 5–10 тыс.
cycle,100000003977183100,peripheral,9,0.4358,1.0,узел входит в направленный возвратный поток,"Недостаточно признаков роли: 2 плательщиков, 4 получателей, колено 0.",возвратный поток с seed (1 цикл.)
cycle,100000003917461100,peripheral,13,0.434845,1.0,узел входит в направленный возвратный поток,"Недостаточно признаков роли: 1 плательщиков, 2 получателей, колено 3.",возвратный поток (1 цикл.)
cycle,100000002306369100,peripheral,4,0.434111,7.0,узел входит в направленный возвратный поток,"Недостаточно признаков роли: 1 плательщиков, 6 получателей, колено 1.",возвратный поток с seed (7 цикл.)
cycle,100000005413948100,peripheral,3,0.433952,1.0,узел входит в направленный возвратный поток,"Недостаточно признаков роли: 2 плательщиков, 1 получателей, колено 2.",возвратный поток (1 цикл.)
cycle,100000003616818100,peripheral,26,0.433218,10.0,узел входит в направленный возвратный поток,"Недостаточно признаков роли: 3 плательщиков, 3 получателей, колено 1.",возвратный поток с seed (10 цикл.)
cycle,100000003942602100,transit,2,0.432275,1.0,узел входит в направленный возвратный поток,"Признаки транзита: отдал 100% видимого входа; 1→1 связей, быстрый выход 100%.",возвратный поток с seed (1 цикл.)
cycle,100000004007116100,peripheral,26,0.432142,12.0,узел входит в направленный возвратный поток,"Недостаточно признаков роли: 3 плательщиков, 4 получателей, колено 0.",возвратный поток с seed (12 цикл.)
cycle,100000002958343100,peripheral,11,0.426971,1.0,узел входит в направленный возвратный поток,"Недостаточно признаков роли: 1 плательщиков, 2 получателей, колено 2.",возвратный поток (1 цикл.); повтор одной суммы ×4
cycle,100000008595687100,peripheral,5,0.424878,1.0,узел входит в направленный возвратный поток,"Недостаточно признаков роли: 1 плательщиков, 1 получателей, колено 3.",возвратный поток с seed (1 цикл.)
cycle,100000001872484100,peripheral,57,0.42352,2.0,узел входит в направленный возвратный поток,"Недостаточно признаков роли: 1 плательщиков, 3 получателей, колено 1.",возвратный поток с seed (2 цикл.)
cycle,100000008571433100,peripheral,53,0.420578,2.0,узел входит в направленный возвратный поток,"Недостаточно признаков роли: 2 плательщиков, 2 получателей, колено 0.",возвратный поток с seed (2 цикл.)
cycle,100000005507142100,peripheral,38,0.42034,2.0,узел входит в направленный возвратный поток,"Недостаточно признаков роли: 3 плательщиков, 3 получателей, колено 2.",возвратный поток (2 цикл.)
cycle,100000001445848100,peripheral,36,0.419509,1.0,узел входит в направленный возвратный поток,"Недостаточно признаков роли: 1 плательщиков, 1 получателей, колено 3.",возвратный поток (1 цикл.)
cycle,100000005268319100,peripheral,1,0.419248,1.0,узел входит в направленный возвратный поток,"Недостаточно признаков роли: 1 плательщиков, 5 получателей, колено 3.",возвратный поток (1 цикл.)
cycle,100000001382002100,transit,1,0.415118,1.0,узел входит в направленный возвратный поток,"Признаки транзита: отдал 103% видимого входа; 1→1 связей, быстрый выход 0%.",возвратный поток (1 цикл.)
cycle,100000006169033100,peripheral,43,0.4124,1.0,узел входит в направленный возвратный поток,"Недостаточно признаков роли: 1 плательщиков, 3 получателей, колено 3.",возвратный поток (1 цикл.)
cycle,100000000297649100,peripheral,13,0.411532,1.0,узел входит в направленный возвратный поток,"Недостаточно признаков роли: 1 плательщиков, 1 получателей, колено 2.",возвратный поток (1 цикл.)
cycle,100000005168487100,peripheral,12,0.410331,1.0,узел входит в направленный возвратный поток,"Недостаточно признаков роли: 1 плательщиков, 1 получателей, колено 2.",возвратный поток (1 цикл.); повтор одной суммы ×6
cycle,100000004979498100,peripheral,53,0.40903,1.0,узел входит в направленный возвратный поток,"Недостаточно признаков роли: 1 плательщиков, 1 получателей, колено 2.",возвратный поток с seed (1 цикл.)
cycle,100000004475818100,peripheral,6,0.408964,1.0,узел входит в направленный возвратный поток,"Недостаточно признаков роли: 1 плательщиков, 3 получателей, колено 3.",возвратный поток (1 цикл.); звено сквозной цепочки (1)
cycle,100000000785800100,transit,57,0.406624,1.0,узел входит в направленный возвратный поток,"Признаки транзита: отдал 100% видимого входа; 1→1 связей, быстрый выход 100%.",возвратный поток с seed (1 цикл.)
cycle,100000005077484100,peripheral,30,0.406153,1.0,узел входит в направленный возвратный поток,"Недостаточно признаков роли: 1 плательщиков, 2 получателей, колено 2.",возвратный поток (1 цикл.)
cycle,100000007939160100,peripheral,45,0.40315,1.0,узел входит в направленный возвратный поток,"Недостаточно признаков роли: 1 плательщиков, 2 получателей, колено 1.",возвратный поток с seed (1 цикл.)
cycle,100000008659445100,peripheral,44,0.402997,10.0,узел входит в направленный возвратный поток,"Недостаточно признаков роли: 3 плательщиков, 4 получателей, колено 0.",возвратный поток с seed (10 цикл.)
cycle,100000000850297100,transit,12,0.402989,1.0,узел входит в направленный возвратный поток,"Признаки транзита: отдал 100% видимого входа; 1→1 связей, быстрый выход 100%.",возвратный поток (1 цикл.)
cycle,100000008430691100,peripheral,71,0.400915,1.0,узел входит в направленный возвратный поток,"Недостаточно признаков роли: 1 плательщиков, 2 получателей, колено 3.",возвратный поток (1 цикл.)
cycle,100000002796853100,peripheral,64,0.39797,1.0,узел входит в направленный возвратный поток,"Недостаточно признаков роли: 1 плательщиков, 1 получателей, колено 2.",возвратный поток (1 цикл.)
cycle,100000008601794100,peripheral,57,0.39675,2.0,узел входит в направленный возвратный поток,"Недостаточно признаков роли: 2 плательщиков, 1 получателей, колено 0.",возвратный поток с seed (2 цикл.)
cycle,100000006612238100,peripheral,2,0.396586,1.0,узел входит в направленный возвратный поток,"Недостаточно признаков роли: 1 плательщиков, 1 получателей, колено 2.",возвратный поток (1 цикл.)
cycle,100000001788284100,peripheral,27,0.39606,1.0,узел входит в направленный возвратный поток,"Недостаточно признаков роли: 1 плательщиков, 5 получателей, колено 3.",возвратный поток (1 цикл.)
cycle,100000005820746100,peripheral,25,0.395919,1.0,узел входит в направленный возвратный поток,"Недостаточно признаков роли: 1 плательщиков, 1 получателей, колено 3.",возвратный поток (1 цикл.)
cycle,100000004715209100,peripheral,3,0.390822,1.0,узел входит в направленный возвратный поток,"Недостаточно признаков роли: 1 плательщиков, 5 получателей, колено 3.",возвратный поток (1 цикл.)
cycle,100000004407753100,peripheral,29,0.390547,1.0,узел входит в направленный возвратный поток,"Недостаточно признаков роли: 1 плательщиков, 1 получателей, колено 3.",возвратный поток (1 цикл.)
cycle,100000005342513100,peripheral,2,0.388712,1.0,узел входит в направленный возвратный поток,"Недостаточно признаков роли: 1 плательщиков, 1 получателей, колено 3.",возвратный поток (1 цикл.)
cycle,100000002975437100,peripheral,32,0.387478,1.0,узел входит в направленный возвратный поток,"Недостаточно признаков роли: 1 плательщиков, 1 получателей, колено 3.",возвратный поток (1 цикл.)
cycle,100000004508696100,peripheral,39,0.38681,1.0,узел входит в направленный возвратный поток,"Недостаточно признаков роли: 1 плательщиков, 3 получателей, колено 3.",возвратный поток (1 цикл.)
cycle,100000002394199100,peripheral,11,0.386466,1.0,узел входит в направленный возвратный поток,"Недостаточно признаков роли: 1 плательщиков, 1 получателей, колено 3.",возвратный поток (1 цикл.)
cycle,100000002132479100,peripheral,15,0.385776,1.0,узел входит в направленный возвратный поток,"Недостаточно признаков роли: 1 плательщиков, 1 получателей, колено 2.",возвратный поток (1 цикл.)
cycle,100000002812641100,peripheral,3,0.383841,1.0,узел входит в направленный возвратный поток,"Недостаточно признаков роли: 1 плательщиков, 1 получателей, колено 2.",возвратный поток (1 цикл.)
cycle,100000003237045100,peripheral,5,0.378436,1.0,узел входит в направленный возвратный поток,"Недостаточно признаков роли: 1 плательщиков, 1 получателей, колено 2.",возвратный поток (1 цикл.)
cycle,100000005664922100,peripheral,25,0.373732,1.0,узел входит в направленный возвратный поток,"Недостаточно признаков роли: 2 плательщиков, 3 получателей, колено 2.",возвратный поток (1 цикл.)
cycle,100000008293431100,peripheral,1,0.372006,1.0,узел входит в направленный возвратный поток,"Недостаточно признаков роли: 1 плательщиков, 5 получателей, колено 3.",возвратный поток (1 цикл.)
cycle,100000003148220100,peripheral,60,0.369987,1.0,узел входит в направленный возвратный поток,"Недостаточно признаков роли: 1 плательщиков, 2 получателей, колено 1.",возвратный поток с seed (1 цикл.)
cycle,100000001232297100,peripheral,14,0.368319,2.0,узел входит в направленный возвратный поток,"Недостаточно признаков роли: 1 плательщиков, 2 получателей, колено 2.",возвратный поток (2 цикл.)
cycle,100000004552204100,peripheral,33,0.367985,1.0,узел входит в направленный возвратный поток,"Недостаточно признаков роли: 1 плательщиков, 2 получателей, колено 3.",возвратный поток (1 цикл.)
cycle,100000005367445100,transit,3,0.366477,1.0,узел входит в направленный возвратный поток,"Признаки транзита: отдал 100% видимого входа; 1→1 связей, быстрый выход 100%.",возвратный поток (1 цикл.)
cycle,100000008582730100,transit,18,0.366477,1.0,узел входит в направленный возвратный поток,"Признаки транзита: отдал 100% видимого входа; 1→1 связей, быстрый выход 100%.",возвратный поток (1 цикл.)
cycle,100000003934614100,peripheral,35,0.364691,4.0,узел входит в направленный возвратный поток,"Недостаточно признаков роли: 2 плательщиков, 1 получателей, колено 3.",возвратный поток (4 цикл.); повторная пересылка за ≤2 дня (1 маршр.)
cycle,100000006385877100,peripheral,3,0.364357,1.0,узел входит в направленный возвратный поток,"Недостаточно признаков роли: 1 плательщиков, 1 получателей, колено 2.",возвратный поток (1 цикл.)
cycle,100000001600934100,peripheral,7,0.362355,1.0,узел входит в направленный возвратный поток,"Недостаточно признаков роли: 1 плательщиков, 1 получателей, колено 3.",возвратный поток (1 цикл.)
cycle,100000006901046100,peripheral,5,0.361799,1.0,узел входит в направленный возвратный поток,"Недостаточно признаков роли: 1 плательщиков, 1 получателей, колено 2.",возвратный поток (1 цикл.)
cycle,100000000580561100,peripheral,45,0.358679,2.0,узел входит в направленный возвратный поток,"Недостаточно признаков роли: 2 плательщиков, 3 получателей, колено 0.",возвратный поток с seed (2 цикл.)
cycle,100000006534886100,peripheral,5,0.357698,1.0,узел входит в направленный возвратный поток,"Недостаточно признаков роли: 1 плательщиков, 1 получателей, колено 2.",возвратный поток (1 цикл.)
cycle,100000008762832100,peripheral,4,0.357218,1.0,узел входит в направленный возвратный поток,"Недостаточно признаков роли: 1 плательщиков, 1 получателей, колено 2.",возвратный поток (1 цикл.)
cycle,100000008417359100,peripheral,17,0.344565,1.0,узел входит в направленный возвратный поток,"Недостаточно признаков роли: 1 плательщиков, 2 получателей, колено 3.",возвратный поток (1 цикл.)
cycle,100000001439416100,peripheral,1,0.341629,1.0,узел входит в направленный возвратный поток,"Недостаточно признаков роли: 1 плательщиков, 2 получателей, колено 3.",возвратный поток (1 цикл.)
cycle,100000002612809100,peripheral,38,0.339235,1.0,узел входит в направленный возвратный поток,"Недостаточно признаков роли: 1 плательщиков, 3 получателей, колено 3.",возвратный поток (1 цикл.)
cycle,100000003636627100,peripheral,9,0.337467,1.0,узел входит в направленный возвратный поток,"Недостаточно признаков роли: 1 плательщиков, 1 получателей, колено 3.",возвратный поток (1 цикл.); 6 входов у порога 5–10 тыс.
cycle,100000008680912100,peripheral,1,0.336332,1.0,узел входит в направленный возвратный поток,"Недостаточно признаков роли: 1 плательщиков, 1 получателей, колено 3.",возвратный поток (1 цикл.)
cycle,100000004697956100,transit,9,0.334824,1.0,узел входит в направленный возвратный поток,"Признаки транзита: отдал 100% видимого входа; 1→1 связей, быстрый выход 0%.",возвратный поток (1 цикл.)
cycle,100000004629688100,peripheral,16,0.33383,1.0,узел входит в направленный возвратный поток,"Недостаточно признаков роли: 1 плательщиков, 1 получателей, колено 3.",возвратный поток (1 цикл.)
cycle,100000001808684100,peripheral,9,0.332751,1.0,узел входит в направленный возвратный поток,"Недостаточно признаков роли: 1 плательщиков, 1 получателей, колено 3.",возвратный поток (1 цикл.)
cycle,100000007689942100,peripheral,18,0.329118,1.0,узел входит в направленный возвратный поток,"Недостаточно признаков роли: 1 плательщиков, 2 получателей, колено 3.",возвратный поток (1 цикл.)
cycle,100000002391278100,peripheral,9,0.32627,1.0,узел входит в направленный возвратный поток,"Недостаточно признаков роли: 1 плательщиков, 1 получателей, колено 3.",возвратный поток (1 цикл.); 4 входов у порога 5–10 тыс.
cycle,100000006656003100,peripheral,2,0.323621,1.0,узел входит в направленный возвратный поток,"Недостаточно признаков роли: 1 плательщиков, 1 получателей, колено 1.",возвратный поток с seed (1 цикл.)
cycle,100000006232815100,peripheral,30,0.322897,1.0,узел входит в направленный возвратный поток,"Недостаточно признаков роли: 1 плательщиков, 5 получателей, колено 0.",возвратный поток с seed (1 цикл.)
cycle,100000000926766100,peripheral,27,0.320718,1.0,узел входит в направленный возвратный поток,"Недостаточно признаков роли: 1 плательщиков, 1 получателей, колено 3.",возвратный поток (1 цикл.)
cycle,100000001893287100,peripheral,9,0.319684,1.0,узел входит в направленный возвратный поток,"Недостаточно признаков роли: 1 плательщиков, 1 получателей, колено 3.",возвратный поток (1 цикл.); повтор одной суммы ×9; 3 входов у порога 5–10 тыс.
cycle,100000005052998100,peripheral,1,0.317182,1.0,узел входит в направленный возвратный поток,"Недостаточно признаков роли: 1 плательщиков, 1 получателей, колено 3.",возвратный поток (1 цикл.)
cycle,100000005264874100,peripheral,38,0.315205,1.0,узел входит в направленный возвратный поток,"Недостаточно признаков роли: 1 плательщиков, 2 получателей, колено 3.",возвратный поток (1 цикл.)
cycle,100000000831684100,peripheral,13,0.312177,1.0,узел входит в направленный возвратный поток,"Недостаточно признаков роли: 1 плательщиков, 1 получателей, колено 2.",возвратный поток (1 цикл.)
cycle,100000005142492100,peripheral,9,0.301835,1.0,узел входит в направленный возвратный поток,"Недостаточно признаков роли: 1 плательщиков, 1 получателей, колено 3.",возвратный поток (1 цикл.)
cycle,100000004765639100,peripheral,1,0.300759,2.0,узел входит в направленный возвратный поток,"Недостаточно признаков роли: 1 плательщиков, 2 получателей, колено 2.",возвратный поток (2 цикл.)
cycle,100000003888271100,peripheral,45,0.299458,1.0,узел входит в направленный возвратный поток,"Недостаточно признаков роли: 1 плательщиков, 2 получателей, колено 1.",возвратный поток с seed (1 цикл.)
cycle,100000001740277100,peripheral,11,0.297898,1.0,узел входит в направленный возвратный поток,"Недостаточно признаков роли: 1 плательщиков, 1 получателей, колено 3.",возвратный поток (1 цикл.)
cycle,100000008686247100,peripheral,25,0.290091,1.0,узел входит в направленный возвратный поток,"Недостаточно признаков роли: 1 плательщиков, 1 получателей, колено 3.",возвратный поток (1 цикл.)
cycle,100000004467157100,peripheral,35,0.286121,1.0,узел входит в направленный возвратный поток,"Недостаточно признаков роли: 1 плательщиков, 1 получателей, колено 2.",возвратный поток (1 цикл.)
cycle,100000004321983100,peripheral,9,0.27884,1.0,узел входит в направленный возвратный поток,"Недостаточно признаков роли: 1 плательщиков, 2 получателей, колено 3.",возвратный поток (1 цикл.)
cycle,100000008474308100,peripheral,13,0.272309,1.0,узел входит в направленный возвратный поток,"Недостаточно признаков роли: 1 плательщиков, 1 получателей, колено 2.",возвратный поток (1 цикл.)
cycle,100000005547096100,peripheral,50,0.270766,1.0,узел входит в направленный возвратный поток,"Недостаточно признаков роли: 1 плательщиков, 2 получателей, колено 2.",возвратный поток (1 цикл.)
cycle,100000006912294100,peripheral,3,0.268097,1.0,узел входит в направленный возвратный поток,"Недостаточно признаков роли: 1 плательщиков, 2 получателей, колено 2.",возвратный поток (1 цикл.)
cycle,100000004971871100,peripheral,60,0.263441,1.0,узел входит в направленный возвратный поток,"Недостаточно признаков роли: 1 плательщиков, 1 получателей, колено 0.",возвратный поток с seed (1 цикл.)
cycle,100000007749092100,peripheral,5,0.258597,1.0,узел входит в направленный возвратный поток,"Недостаточно признаков роли: 1 плательщиков, 1 получателей, колено 2.",возвратный поток (1 цикл.)
cycle,100000005041905100,peripheral,2,0.251824,1.0,узел входит в направленный возвратный поток,"Недостаточно признаков роли: 1 плательщиков, 1 получателей, колено 3.",возвратный поток (1 цикл.)
relay_route,100000008603629100,coordinator,7,0.981072,4.0,узел является посредником устойчивого маршрута пересылки,"Гипотеза координации: достижим из 4 seed, 19 плательщиков, мост 0.0018.",возвратный поток с seed (73 цикл.); повторная пересылка за ≤2 дня (4 маршр.); 4 плательщиков в один день; повтор одной суммы ×4; плательщиков больше 99% узлов колена 2
relay_route,100000000437046100,coordinator,1,0.977091,4.0,узел является посредником устойчивого маршрута пересылки,"Гипотеза координации: достижим из 4 seed, 9 плательщиков, мост 0.0008.",возвратный поток с seed (42 цикл.); повторная пересылка за ≤2 дня (4 маршр.); 3 плательщиков в один день; повтор одной суммы ×5
relay_route,100000002398779100,consolidator,1,0.912189,2.0,узел является посредником устойчивого маршрута пересылки,"Признаки консолидации: 13 плательщиков, 1 получателей, входящий поток 1,095,690 KZT.",повторная пересылка за ≤2 дня (2 маршр.); 7 плательщиков в один день; плательщиков больше 99% узлов колена 2
relay_route,100000008710791100,distributor,3,0.910769,1.0,узел является посредником устойчивого маршрута пересылки,"Признаки распределения: 23 получателей против 3 плательщиков, исходящий поток 5,521,511 KZT.",повторная пересылка за ≤2 дня (1 маршр.)
relay_route,100000007594394100,consolidator,18,0.901557,3.0,узел является посредником устойчивого маршрута пересылки,"Признаки консолидации: 6 плательщиков, 1 получателей, входящий поток 395,385 KZT.",возвратный поток (1 цикл.); повторная пересылка за ≤2 дня (3 маршр.); повтор одной суммы ×4
relay_route,100000004299488100,consolidator,1,0.900693,1.0,узел является посредником устойчивого маршрута пересылки,"Признаки консолидации: 6 плательщиков, 2 получателей, входящий поток 1,749,000 KZT.",возвратный поток (1 цикл.); повторная пересылка за ≤2 дня (1 маршр.); 3 плательщиков в один день; повтор одной суммы ×4
relay_route,100000002957787100,coordinator,1,0.900323,1.0,узел является посредником устойчивого маршрута пересылки,"Гипотеза координации: достижим из 4 seed, 4 плательщиков, мост 0.0026.",возвратный поток с seed (6 цикл.); повторная пересылка за ≤2 дня (1 маршр.); 5 входов у порога 5–10 тыс.
relay_route,100000004070318100,distributor,1,0.879738,1.0,узел является посредником устойчивого маршрута пересылки,"Признаки распределения: 19 получателей против 4 плательщиков, исходящий поток 551,860 KZT.",возвратный поток с seed (41 цикл.); повторная пересылка за ≤2 дня (1 маршр.); повтор одной суммы ×4
relay_route,100000008304139100,distributor,4,0.875222,1.0,узел является посредником устойчивого маршрута пересылки,"Признаки распределения: 24 получателей против 4 плательщиков, исходящий поток 1,692,997 KZT.",возвратный поток с seed (22 цикл.); повторная пересылка за ≤2 дня (1 маршр.)
relay_route,100000006518161100,transit,5,0.859849,1.0,узел является посредником устойчивого маршрута пересылки,"Признаки транзита: отдал 100% видимого входа; 3→2 связей, быстрый выход 100%.",возвратный поток (1 цикл.); повторная пересылка за ≤2 дня (1 маршр.)
relay_route,100000004847758100,distributor,4,0.841915,1.0,узел является посредником устойчивого маршрута пересылки,"Признаки распределения: 15 получателей против 4 плательщиков, исходящий поток 488,800 KZT.",возвратный поток с seed (7 цикл.); повторная пересылка за ≤2 дня (1 маршр.); повтор одной суммы ×6
relay_route,100000006866783100,distributor,1,0.830206,5.0,узел является посредником устойчивого маршрута пересылки,"Признаки распределения: 67 получателей против 13 плательщиков, исходящий поток 3,948,037 KZT.",возвратный поток с seed (93 цикл.); повторная пересылка за ≤2 дня (5 маршр.); 5 плательщиков в один день; повтор одной суммы ×9
relay_route,100000003016635100,distributor,5,0.825536,8.0,узел является посредником устойчивого маршрута пересылки,"Признаки распределения: 73 получателей против 8 плательщиков, исходящий поток 9,414,081 KZT.",возвратный поток с seed (13 цикл.); повторная пересылка за ≤2 дня (8 маршр.); 3 плательщиков в один день; повтор одной суммы ×5; 23 входов у порога 5–10 тыс.
relay_route,100000007593823100,coordinator,1,0.813527,1.0,узел является посредником устойчивого маршрута пересылки,"Гипотеза координации: достижим из 4 seed, 3 плательщиков, мост 0.0002.",возвратный поток (4 цикл.); повторная пересылка за ≤2 дня (1 маршр.); повтор одной суммы ×10
relay_route,100000007055802100,consolidator,1,0.802891,1.0,узел является посредником устойчивого маршрута пересылки,"Признаки консолидации: 6 плательщиков, 1 получателей, входящий поток 2,024,999 KZT.",возвратный поток (1 цикл.); повторная пересылка за ≤2 дня (1 маршр.); 4 плательщиков в один день
relay_route,100000004707703100,transit,5,0.787536,1.0,узел является посредником устойчивого маршрута пересылки,"Признаки транзита: отдал 97% видимого входа; 2→5 связей, быстрый выход 67%.",повторная пересылка за ≤2 дня (1 маршр.)
relay_route,100000007629096100,consolidator,1,0.785863,1.0,узел является посредником устойчивого маршрута пересылки,"Признаки консолидации: 4 плательщиков, 1 получателей, входящий поток 1,075,170 KZT.",возвратный поток (1 цикл.); повторная пересылка за ≤2 дня (1 маршр.)
relay_route,100000008686313100,peripheral,1,0.702449,1.0,узел является посредником устойчивого маршрута пересылки,"Недостаточно признаков роли: 6 плательщиков, 7 получателей, колено 1.",возвратный поток с seed (42 цикл.); повторная пересылка за ≤2 дня (1 маршр.)
relay_route,100000003701161100,peripheral,24,0.6871,1.0,узел является посредником устойчивого маршрута пересылки,"Недостаточно признаков роли: 4 плательщиков, 3 получателей, колено 1.",возвратный поток (4 цикл.); повторная пересылка за ≤2 дня (1 маршр.)
relay_route,100000005339662100,peripheral,16,0.669312,1.0,узел является посредником устойчивого маршрута пересылки,"Недостаточно признаков роли: 4 плательщиков, 4 получателей, колено 1.",возвратный поток (3 цикл.); повторная пересылка за ≤2 дня (1 маршр.)
relay_route,100000003880331100,distributor,7,0.661355,2.0,узел является посредником устойчивого маршрута пересылки,"Признаки распределения: 16 получателей против 1 плательщиков, исходящий поток 3,904,908 KZT.",возвратный поток (3 цикл.); повторная пересылка за ≤2 дня (2 маршр.); повтор одной суммы ×12
relay_route,100000004135268100,transit,53,0.653167,1.0,узел является посредником устойчивого маршрута пересылки,"Признаки транзита: отдал 81% видимого входа; 2→3 связей, быстрый выход 100%.",возвратный поток с seed (3 цикл.); повторная пересылка за ≤2 дня (1 маршр.)
relay_route,100000002267998100,peripheral,24,0.620385,1.0,узел является посредником устойчивого маршрута пересылки,"Недостаточно признаков роли: 2 плательщиков, 3 получателей, колено 2.",возвратный поток (4 цикл.); повторная пересылка за ≤2 дня (1 маршр.); повтор одной суммы ×4
relay_route,100000008637537100,peripheral,41,0.602789,1.0,узел является посредником устойчивого маршрута пересылки,"Недостаточно признаков роли: 3 плательщиков, 3 получателей, колено 0.",возвратный поток с seed (4 цикл.); повторная пересылка за ≤2 дня (1 маршр.); повтор одной суммы ×8
relay_route,100000008561016100,transit,3,0.589524,1.0,узел является посредником устойчивого маршрута пересылки,"Признаки транзита: отдал 103% видимого входа; 1→1 связей, быстрый выход 100%.",повторная пересылка за ≤2 дня (1 маршр.)
relay_route,100000002224132100,peripheral,25,0.587779,1.0,узел является посредником устойчивого маршрута пересылки,"Недостаточно признаков роли: 5 плательщиков, 4 получателей, колено 2.",возвратный поток (8 цикл.); повторная пересылка за ≤2 дня (1 маршр.); повтор одной суммы ×7
relay_route,100000001732159100,peripheral,41,0.582587,1.0,узел является посредником устойчивого маршрута пересылки,"Недостаточно признаков роли: 2 плательщиков, 4 получателей, колено 0.",возвратный поток с seed (4 цикл.); повторная пересылка за ≤2 дня (1 маршр.); повтор одной суммы ×5
relay_route,100000004906181100,peripheral,37,0.572259,1.0,узел является посредником устойчивого маршрута пересылки,"Недостаточно признаков роли: 1 плательщиков, 7 получателей, колено 3.",повторная пересылка за ≤2 дня (1 маршр.)
relay_route,100000008314203100,peripheral,41,0.499081,1.0,узел является посредником устойчивого маршрута пересылки,"Недостаточно признаков роли: 2 плательщиков, 2 получателей, колено 0.",возвратный поток с seed (4 цикл.); повторная пересылка за ≤2 дня (1 маршр.); повтор одной суммы ×5
relay_route,100000008121806100,peripheral,7,0.478709,1.0,узел является посредником устойчивого маршрута пересылки,"Недостаточно признаков роли: 1 плательщиков, 4 получателей, колено 3.",возвратный поток (1 цикл.); повторная пересылка за ≤2 дня (1 маршр.)
relay_route,100000008418835100,peripheral,16,0.423288,1.0,узел является посредником устойчивого маршрута пересылки,"Недостаточно признаков роли: 1 плательщиков, 4 получателей, колено 0.",повторная пересылка за ≤2 дня (1 маршр.)
relay_route,100000008757369100,peripheral,1,0.401123,1.0,узел является посредником устойчивого маршрута пересылки,"Недостаточно признаков роли: 1 плательщиков, 1 получателей, колено 3.",повторная пересылка за ≤2 дня (1 маршр.)
relay_route,100000003934614100,peripheral,35,0.364691,1.0,узел является посредником устойчивого маршрута пересылки,"Недостаточно признаков роли: 2 плательщиков, 1 получателей, колено 3.",возвратный поток (4 цикл.); повторная пересылка за ≤2 дня (1 маршр.)
chain_transit,100000008603629100,coordinator,7,0.981072,18.0,узел является внутренним звеном сквозной цепочки,"Гипотеза координации: достижим из 4 seed, 19 плательщиков, мост 0.0018.",возвратный поток с seed (73 цикл.); повторная пересылка за ≤2 дня (4 маршр.); 4 плательщиков в один день; повтор одной суммы ×4; плательщиков больше 99% узлов колена 2
chain_transit,100000000437046100,coordinator,1,0.977091,3.0,узел является внутренним звеном сквозной цепочки,"Гипотеза координации: достижим из 4 seed, 9 плательщиков, мост 0.0008.",возвратный поток с seed (42 цикл.); повторная пересылка за ≤2 дня (4 маршр.); 3 плательщиков в один день; повтор одной суммы ×5
chain_transit,100000000331309100,coordinator,6,0.973932,10.0,узел является внутренним звеном сквозной цепочки,"Гипотеза координации: достижим из 4 seed, 5 плательщиков, мост 0.0014.",возвратный поток с seed (2 цикл.); звено сквозной цепочки (10); 3 плательщиков в один день; повтор одной суммы ×7
chain_transit,100000008346837100,coordinator,14,0.961321,6.0,узел является внутренним звеном сквозной цепочки,"Гипотеза координации: достижим из 6 seed, 9 плательщиков, мост 0.0063.",возвратный поток с seed (7 цикл.); звено сквозной цепочки (6); 4 плательщиков в один день
chain_transit,100000003115284100,consolidator,12,0.958669,2.0,узел является внутренним звеном сквозной цепочки,"Признаки консолидации: 8 плательщиков, 2 получателей, входящий поток 2,160,500 KZT.",возвратный поток (2 цикл.); звено сквозной цепочки (2); 7 плательщиков в один день; плательщиков больше 99% узлов колена 1
chain_transit,100000008477350100,coordinator,1,0.949978,2.0,узел является внутренним звеном сквозной цепочки,"Гипотеза координации: достижим из 3 seed, 11 плательщиков, мост 0.0006.",возвратный поток с seed (34 цикл.); звено сквозной цепочки (2); плательщиков больше 99% узлов колена 2
chain_transit,100000001857829100,coordinator,7,0.945212,1.0,узел является внутренним звеном сквозной цепочки,"Гипотеза координации: достижим из 3 seed, 6 плательщиков, мост 0.0009.",возвратный поток (6 цикл.); звено сквозной цепочки (1); 3 плательщиков в один день
chain_transit,100000005910114100,coordinator,1,0.943216,5.0,узел является внутренним звеном сквозной цепочки,"Гипотеза координации: достижим из 4 seed, 3 плательщиков, мост 0.0035.",возвратный поток с seed (18 цикл.); звено сквозной цепочки (5); повтор одной суммы ×5
chain_transit,100000003242289100,coordinator,17,0.933085,5.0,узел является внутренним звеном сквозной цепочки,"Гипотеза координации: достижим из 3 seed, 3 плательщиков, мост 0.0003.",возвратный поток с seed (8 цикл.); звено сквозной цепочки (5)
chain_transit,100000008731444100,distributor,1,0.917438,1.0,узел является внутренним звеном сквозной цепочки,"Признаки распределения: 9 получателей против 3 плательщиков, исходящий поток 879,768 KZT.",звено сквозной цепочки (1)
chain_transit,100000008547948100,coordinator,3,0.917382,1.0,узел является внутренним звеном сквозной цепочки,"Гипотеза координации: достижим из 3 seed, 6 плательщиков, мост 0.0004.",возвратный поток (5 цикл.); звено сквозной цепочки (1); 4 плательщиков в один день
chain_transit,100000008489922100,coordinator,3,0.913812,1.0,узел является внутренним звеном сквозной цепочки,"Гипотеза координации: достижим из 3 seed, 3 плательщиков, мост 0.0003.",возвратный поток (2 цикл.); звено сквозной цепочки (1); повтор одной суммы ×5
chain_transit,100000002398779100,consolidator,1,0.912189,2.0,узел является внутренним звеном сквозной цепочки,"Признаки консолидации: 13 плательщиков, 1 получателей, входящий поток 1,095,690 KZT.",повторная пересылка за ≤2 дня (2 маршр.); 7 плательщиков в один день; плательщиков больше 99% узлов колена 2
chain_transit,100000008710791100,distributor,3,0.910769,1.0,узел является внутренним звеном сквозной цепочки,"Признаки распределения: 23 получателей против 3 плательщиков, исходящий поток 5,521,511 KZT.",повторная пересылка за ≤2 дня (1 маршр.)
chain_transit,100000004299488100,consolidator,1,0.900693,7.0,узел является внутренним звеном сквозной цепочки,"Признаки консолидации: 6 плательщиков, 2 получателей, входящий поток 1,749,000 KZT.",возвратный поток (1 цикл.); повторная пересылка за ≤2 дня (1 маршр.); 3 плательщиков в один день; повтор одной суммы ×4
chain_transit,100000002957787100,coordinator,1,0.900323,3.0,узел является внутренним звеном сквозной цепочки,"Гипотеза координации: достижим из 4 seed, 4 плательщиков, мост 0.0026.",возвратный поток с seed (6 цикл.); повторная пересылка за ≤2 дня (1 маршр.); 5 входов у порога 5–10 тыс.
chain_transit,100000004400305100,distributor,1,0.886588,13.0,узел является внутренним звеном сквозной цепочки,"Признаки распределения: 82 получателей против 7 плательщиков, исходящий поток 5,830,181 KZT.",возвратный поток с seed (42 цикл.); звено сквозной цепочки (13); повтор одной суммы ×7
chain_transit,100000004070318100,distributor,1,0.879738,6.0,узел является внутренним звеном сквозной цепочки,"Признаки распределения: 19 получателей против 4 плательщиков, исходящий поток 551,860 KZT.",возвратный поток с seed (41 цикл.); повторная пересылка за ≤2 дня (1 маршр.); повтор одной суммы ×4
chain_transit,100000005612411100,distributor,4,0.875556,1.0,узел является внутренним звеном сквозной цепочки,"Признаки распределения: 8 получателей против 3 плательщиков, исходящий поток 506,997 KZT.",звено сквозной цепочки (1)
chain_transit,100000008304139100,distributor,4,0.875222,12.0,узел является внутренним звеном сквозной цепочки,"Признаки распределения: 24 получателей против 4 плательщиков, исходящий поток 1,692,997 KZT.",возвратный поток с seed (22 цикл.); повторная пересылка за ≤2 дня (1 маршр.)
chain_transit,100000005287097100,distributor,5,0.867304,2.0,узел является внутренним звеном сквозной цепочки,"Признаки распределения: 9 получателей против 2 плательщиков, исходящий поток 697,300 KZT.",возвратный поток с seed (6 цикл.); звено сквозной цепочки (2); повтор одной суммы ×6
chain_transit,100000005610717100,consolidator,1,0.864309,1.0,узел является внутренним звеном сквозной цепочки,"Признаки консолидации: 4 плательщиков, 1 получателей, входящий поток 484,500 KZT.",звено сквозной цепочки (1)
chain_transit,100000008111003100,consolidator,1,0.848295,1.0,узел является внутренним звеном сквозной цепочки,"Признаки консолидации: 6 плательщиков, 1 получателей, входящий поток 222,716 KZT.",возвратный поток с seed (9 цикл.); звено сквозной цепочки (1)
chain_transit,100000003684369100,distributor,4,0.844489,24.0,узел является внутренним звеном сквозной цепочки,"Признаки распределения: 62 получателей против 24 плательщиков, исходящий поток 8,588,655 KZT.",возвратный поток с seed (1 цикл.); звено сквозной цепочки (24); 6 плательщиков в один день; повтор одной суммы ×6; плательщиков больше 99% узлов колена 0
chain_transit,100000004847758100,distributor,4,0.841915,7.0,узел является внутренним звеном сквозной цепочки,"Признаки распределения: 15 получателей против 4 плательщиков, исходящий поток 488,800 KZT.",возвратный поток с seed (7 цикл.); повторная пересылка за ≤2 дня (1 маршр.); повтор одной суммы ×6
chain_transit,100000002723538100,distributor,7,0.839435,1.0,узел является внутренним звеном сквозной цепочки,"Признаки распределения: 12 получателей против 3 плательщиков, исходящий поток 560,499 KZT.",возвратный поток (5 цикл.); звено сквозной цепочки (1)
chain_transit,100000006866783100,distributor,1,0.830206,22.0,узел является внутренним звеном сквозной цепочки,"Признаки распределения: 67 получателей против 13 плательщиков, исходящий поток 3,948,037 KZT.",возвратный поток с seed (93 цикл.); повторная пересылка за ≤2 дня (5 маршр.); 5 плательщиков в один день; повтор одной суммы ×9
chain_transit,100000004071080100,consolidator,1,0.825979,3.0,узел является внутренним звеном сквозной цепочки,"Признаки консолидации: 9 плательщиков, 2 получателей, входящий поток 238,600 KZT.",возвратный поток (1 цикл.); звено сквозной цепочки (3); плательщиков больше 99% узлов колена 1
chain_transit,100000003016635100,distributor,5,0.825536,6.0,узел является внутренним звеном сквозной цепочки,"Признаки распределения: 73 получателей против 8 плательщиков, исходящий поток 9,414,081 KZT.",возвратный поток с seed (13 цикл.); повторная пересылка за ≤2 дня (8 маршр.); 3 плательщиков в один день; повтор одной суммы ×5; 23 входов у порога 5–10 тыс.
chain_transit,100000007593823100,coordinator,1,0.813527,3.0,узел является внутренним звеном сквозной цепочки,"Гипотеза координации: достижим из 4 seed, 3 плательщиков, мост 0.0002.",возвратный поток (4 цикл.); повторная пересылка за ≤2 дня (1 маршр.); повтор одной суммы ×10
chain_transit,100000007055802100,consolidator,1,0.802891,3.0,узел является внутренним звеном сквозной цепочки,"Признаки консолидации: 6 плательщиков, 1 получателей, входящий поток 2,024,999 KZT.",возвратный поток (1 цикл.); повторная пересылка за ≤2 дня (1 маршр.); 4 плательщиков в один день
chain_transit,100000001126374100,consolidator,1,0.798928,1.0,узел является внутренним звеном сквозной цепочки,"Признаки консолидации: 4 плательщиков, 2 получателей, входящий поток 182,500 KZT.",звено сквозной цепочки (1)
chain_transit,100000000343175100,distributor,12,0.797961,3.0,узел является внутренним звеном сквозной цепочки,"Признаки распределения: 31 получателей против 8 плательщиков, исходящий поток 4,000,039 KZT.",звено сквозной цепочки (3)
chain_transit,100000006069103100,transit,55,0.789976,1.0,узел является внутренним звеном сквозной цепочки,"Признаки транзита: отдал 118% видимого входа; 3→3 связей, быстрый выход 67%.",возвратный поток (1 цикл.); звено сквозной цепочки (1)
chain_transit,100000007629096100,consolidator,1,0.785863,1.0,узел является внутренним звеном сквозной цепочки,"Признаки консолидации: 4 плательщиков, 1 получателей, входящий поток 1,075,170 KZT.",возвратный поток (1 цикл.); повторная пересылка за ≤2 дня (1 маршр.)
chain_transit,100000005048668100,distributor,7,0.76577,2.0,узел является внутренним звеном сквозной цепочки,"Признаки распределения: 8 получателей против 2 плательщиков, исходящий поток 159,400 KZT.",возвратный поток (2 цикл.); звено сквозной цепочки (2)
chain_transit,100000008413748100,distributor,17,0.75843,2.0,узел является внутренним звеном сквозной цепочки,"Признаки распределения: 18 получателей против 2 плательщиков, исходящий поток 1,377,320 KZT.",возвратный поток с seed (6 цикл.); звено сквозной цепочки (2)
chain_transit,100000004150593100,distributor,5,0.743794,2.0,узел является внутренним звеном сквозной цепочки,"Признаки распределения: 11 получателей против 1 плательщиков, исходящий поток 871,165 KZT.",возвратный поток с seed (1 цикл.); звено сквозной цепочки (2)
chain_transit,100000008686313100,peripheral,1,0.702449,2.0,узел является внутренним звеном сквозной цепочки,"Недостаточно признаков роли: 6 плательщиков, 7 получателей, колено 1.",возвратный поток с seed (42 цикл.); повторная пересылка за ≤2 дня (1 маршр.)
chain_transit,100000002578405100,distributor,2,0.700712,1.0,узел является внутренним звеном сквозной цепочки,"Признаки распределения: 116 получателей против 2 плательщиков, исходящий поток 3,108,352 KZT.",возвратный поток (2 цикл.); звено сквозной цепочки (1); повтор одной суммы ×8
chain_transit,100000003701161100,peripheral,24,0.6871,1.0,узел является внутренним звеном сквозной цепочки,"Недостаточно признаков роли: 4 плательщиков, 3 получателей, колено 1.",возвратный поток (4 цикл.); повторная пересылка за ≤2 дня (1 маршр.)
chain_transit,100000004737477100,transit,1,0.677354,2.0,узел является внутренним звеном сквозной цепочки,"Признаки транзита: отдал 82% видимого входа; 2→1 связей, быстрый выход 67%.",звено сквозной цепочки (2)
chain_transit,100000005339662100,peripheral,16,0.669312,2.0,узел является внутренним звеном сквозной цепочки,"Недостаточно признаков роли: 4 плательщиков, 4 получателей, колено 1.",возвратный поток (3 цикл.); повторная пересылка за ≤2 дня (1 маршр.)
chain_transit,100000008512552100,peripheral,17,0.662848,3.0,узел является внутренним звеном сквозной цепочки,"Недостаточно признаков роли: 4 плательщиков, 6 получателей, колено 2.",возвратный поток (2 цикл.); звено сквозной цепочки (3)
chain_transit,100000003880331100,distributor,7,0.661355,12.0,узел является внутренним звеном сквозной цепочки,"Признаки распределения: 16 получателей против 1 плательщиков, исходящий поток 3,904,908 KZT.",возвратный поток (3 цикл.); повторная пересылка за ≤2 дня (2 маршр.); повтор одной суммы ×12
chain_transit,100000003390036100,peripheral,12,0.644832,1.0,узел является внутренним звеном сквозной цепочки,"Недостаточно признаков роли: 2 плательщиков, 2 получателей, колено 2.",возвратный поток (2 цикл.); звено сквозной цепочки (1)
chain_transit,100000003718221100,peripheral,24,0.624383,1.0,узел является внутренним звеном сквозной цепочки,"Недостаточно признаков роли: 2 плательщиков, 4 получателей, колено 2.",возвратный поток (4 цикл.); звено сквозной цепочки (1)
chain_transit,100000008172352100,peripheral,33,0.621769,4.0,узел является внутренним звеном сквозной цепочки,"Недостаточно признаков роли: 3 плательщиков, 7 получателей, колено 1.",звено сквозной цепочки (4)
chain_transit,100000000667713100,peripheral,5,0.615012,2.0,узел является внутренним звеном сквозной цепочки,"Недостаточно признаков роли: 2 плательщиков, 6 получателей, колено 1.",возвратный поток с seed (2 цикл.); звено сквозной цепочки (2)
chain_transit,100000003796063100,distributor,6,0.610376,2.0,узел является внутренним звеном сквозной цепочки,"Признаки распределения: 15 получателей против 1 плательщиков, исходящий поток 959,150 KZT.",возвратный поток с seed (9 цикл.); звено сквозной цепочки (2)
chain_transit,100000008637537100,peripheral,41,0.602789,1.0,узел является внутренним звеном сквозной цепочки,"Недостаточно признаков роли: 3 плательщиков, 3 получателей, колено 0.",возвратный поток с seed (4 цикл.); повторная пересылка за ≤2 дня (1 маршр.); повтор одной суммы ×8
chain_transit,100000002941114100,peripheral,12,0.595592,1.0,узел является внутренним звеном сквозной цепочки,"Недостаточно признаков роли: 2 плательщиков, 1 получателей, колено 1.",возвратный поток (1 цикл.); звено сквозной цепочки (1); 11 входов у порога 5–10 тыс.
chain_transit,100000003360542100,peripheral,12,0.589694,1.0,узел является внутренним звеном сквозной цепочки,"Недостаточно признаков роли: 2 плательщиков, 2 получателей, колено 2.",возвратный поток (3 цикл.); звено сквозной цепочки (1)
chain_transit,100000008561016100,transit,3,0.589524,1.0,узел является внутренним звеном сквозной цепочки,"Признаки транзита: отдал 103% видимого входа; 1→1 связей, быстрый выход 100%.",повторная пересылка за ≤2 дня (1 маршр.)
chain_transit,100000004140487100,distributor,4,0.584308,2.0,узел является внутренним звеном сквозной цепочки,"Признаки распределения: 10 получателей против 1 плательщиков, исходящий поток 262,600 KZT.",возвратный поток (3 цикл.); звено сквозной цепочки (2); повтор одной суммы ×4
chain_transit,100000008636603100,peripheral,5,0.581642,3.0,узел является внутренним звеном сквозной цепочки,"Недостаточно признаков роли: 2 плательщиков, 6 получателей, колено 2.",возвратный поток с seed (2 цикл.); звено сквозной цепочки (3)
chain_transit,100000002645993100,peripheral,1,0.575386,11.0,узел является внутренним звеном сквозной цепочки,"Недостаточно признаков роли: 2 плательщиков, 5 получателей, колено 3.",возвратный поток (2 цикл.); звено сквозной цепочки (11)
chain_transit,100000004077081100,peripheral,4,0.559848,7.0,узел является внутренним звеном сквозной цепочки,"Недостаточно признаков роли: 1 плательщиков, 4 получателей, колено 3.",звено сквозной цепочки (7)
chain_transit,100000005584222100,peripheral,1,0.542485,1.0,узел является внутренним звеном сквозной цепочки,"Недостаточно признаков роли: 2 плательщиков, 2 получателей, колено 1.",возвратный поток (1 цикл.); звено сквозной цепочки (1)
chain_transit,100000000089154100,distributor,1,0.542004,2.0,узел является внутренним звеном сквозной цепочки,"Признаки распределения: 15 получателей против 1 плательщиков, исходящий поток 425,500 KZT.",возвратный поток с seed (5 цикл.); звено сквозной цепочки (2); повтор одной суммы ×4
chain_transit,100000005186131100,transit,1,0.536319,2.0,узел является внутренним звеном сквозной цепочки,"Признаки транзита: отдал 100% видимого входа; 1→1 связей, быстрый выход 100%.",звено сквозной цепочки (2)
chain_transit,100000008501413100,transit,34,0.529304,1.0,узел является внутренним звеном сквозной цепочки,"Признаки транзита: отдал 102% видимого входа; 1→1 связей, быстрый выход 100%.",звено сквозной цепочки (1)
chain_transit,100000001102676100,transit,4,0.527022,3.0,узел является внутренним звеном сквозной цепочки,"Признаки транзита: отдал 100% видимого входа; 1→1 связей, быстрый выход 100%.",звено сквозной цепочки (3)
chain_transit,100000001279272100,peripheral,1,0.507409,8.0,узел является внутренним звеном сквозной цепочки,"Недостаточно признаков роли: 1 плательщиков, 2 получателей, колено 3.",возвратный поток (1 цикл.); звено сквозной цепочки (8)
chain_transit,100000006165886100,peripheral,1,0.504348,1.0,узел является внутренним звеном сквозной цепочки,"Недостаточно признаков роли: 2 плательщиков, 1 получателей, колено 3.",звено сквозной цепочки (1)
chain_transit,100000006641671100,transit,7,0.499722,1.0,узел является внутренним звеном сквозной цепочки,"Признаки транзита: отдал 114% видимого входа; 2→1 связей, быстрый выход 100%.",звено сквозной цепочки (1)
chain_transit,100000008314203100,peripheral,41,0.499081,1.0,узел является внутренним звеном сквозной цепочки,"Недостаточно признаков роли: 2 плательщиков, 2 получателей, колено 0.",возвратный поток с seed (4 цикл.); повторная пересылка за ≤2 дня (1 маршр.); повтор одной суммы ×5
chain_transit,100000008443341100,peripheral,13,0.4877,4.0,узел является внутренним звеном сквозной цепочки,"Недостаточно признаков роли: 2 плательщиков, 3 получателей, колено 1.",возвратный поток с seed (3 цикл.); звено сквозной цепочки (4)
chain_transit,100000005602999100,peripheral,34,0.475381,1.0,узел является внутренним звеном сквозной цепочки,"Недостаточно признаков роли: 1 плательщиков, 2 получателей, колено 2.",возвратный поток (1 цикл.); звено сквозной цепочки (1)
chain_transit,100000005357705100,peripheral,7,0.463362,1.0,узел является внутренним звеном сквозной цепочки,"Недостаточно признаков роли: 1 плательщиков, 4 получателей, колено 3.",звено сквозной цепочки (1)
chain_transit,100000007322059100,peripheral,33,0.462444,2.0,узел является внутренним звеном сквозной цепочки,"Недостаточно признаков роли: 2 плательщиков, 1 получателей, колено 2.",возвратный поток (1 цикл.); звено сквозной цепочки (2)
chain_transit,100000004770073100,transit,1,0.453321,3.0,узел является внутренним звеном сквозной цепочки,"Признаки транзита: отдал 100% видимого входа; 1→1 связей, быстрый выход 100%.",звено сквозной цепочки (3)
chain_transit,100000008493007100,transit,2,0.425725,1.0,узел является внутренним звеном сквозной цепочки,"Признаки транзита: отдал 100% видимого входа; 1→1 связей, быстрый выход 100%.",звено сквозной цепочки (1)
chain_transit,100000004475818100,peripheral,6,0.408964,1.0,узел является внутренним звеном сквозной цепочки,"Недостаточно признаков роли: 1 плательщиков, 3 получателей, колено 3.",возвратный поток (1 цикл.); звено сквозной цепочки (1)
chain_transit,100000008757369100,peripheral,1,0.401123,1.0,узел является внутренним звеном сквозной цепочки,"Недостаточно признаков роли: 1 плательщиков, 1 получателей, колено 3.",повторная пересылка за ≤2 дня (1 маршр.)
chain_transit,100000007197866100,peripheral,7,0.38948,3.0,узел является внутренним звеном сквозной цепочки,"Недостаточно признаков роли: 1 плательщиков, 1 получателей, колено 3.",звено сквозной цепочки (3)
sync_payers,100000008603629100,coordinator,7,0.981072,4.0,несколько разных плательщиков в один день,"Гипотеза координации: достижим из 4 seed, 19 плательщиков, мост 0.0018.",возвратный поток с seed (73 цикл.); повторная пересылка за ≤2 дня (4 маршр.); 4 плательщиков в один день; повтор одной суммы ×4; плательщиков больше 99% узлов колена 2
sync_payers,100000000437046100,coordinator,1,0.977091,3.0,несколько разных плательщиков в один день,"Гипотеза координации: достижим из 4 seed, 9 плательщиков, мост 0.0008.",возвратный поток с seed (42 цикл.); повторная пересылка за ≤2 дня (4 маршр.); 3 плательщиков в один день; повтор одной суммы ×5
sync_payers,100000000331309100,coordinator,6,0.973932,3.0,несколько разных плательщиков в один день,"Гипотеза координации: достижим из 4 seed, 5 плательщиков, мост 0.0014.",возвратный поток с seed (2 цикл.); звено сквозной цепочки (10); 3 плательщиков в один день; повтор одной суммы ×7
sync_payers,100000008346837100,coordinator,14,0.961321,4.0,несколько разных плательщиков в один день,"Гипотеза координации: достижим из 6 seed, 9 плательщиков, мост 0.0063.",возвратный поток с seed (7 цикл.); звено сквозной цепочки (6); 4 плательщиков в один день
sync_payers,100000003115284100,consolidator,12,0.958669,7.0,несколько разных плательщиков в один день,"Признаки консолидации: 8 плательщиков, 2 получателей, входящий поток 2,160,500 KZT.",возвратный поток (2 цикл.); звено сквозной цепочки (2); 7 плательщиков в один день; плательщиков больше 99% узлов колена 1
sync_payers,100000001857829100,coordinator,7,0.945212,3.0,несколько разных плательщиков в один день,"Гипотеза координации: достижим из 3 seed, 6 плательщиков, мост 0.0009.",возвратный поток (6 цикл.); звено сквозной цепочки (1); 3 плательщиков в один день
sync_payers,100000008165763100,transit,4,0.926856,4.0,несколько разных плательщиков в один день,"Признаки транзита: отдал 109% видимого входа; 15→17 связей, быстрый выход 81%.",4 плательщиков в один день; плательщиков больше 99% узлов колена 1
sync_payers,100000006889963100,consolidator,6,0.921931,4.0,несколько разных плательщиков в один день,"Признаки консолидации: 4 плательщиков, 1 получателей, входящий поток 1,431,000 KZT.",4 плательщиков в один день
sync_payers,100000008547948100,coordinator,3,0.917382,4.0,несколько разных плательщиков в один день,"Гипотеза координации: достижим из 3 seed, 6 плательщиков, мост 0.0004.",возвратный поток (5 цикл.); звено сквозной цепочки (1); 4 плательщиков в один день
sync_payers,100000002398779100,consolidator,1,0.912189,7.0,несколько разных плательщиков в один день,"Признаки консолидации: 13 плательщиков, 1 получателей, входящий поток 1,095,690 KZT.",повторная пересылка за ≤2 дня (2 маршр.); 7 плательщиков в один день; плательщиков больше 99% узлов колена 2
sync_payers,100000008730846100,consolidator,12,0.908719,4.0,несколько разных плательщиков в один день,"Признаки консолидации: 7 плательщиков, 3 получателей, входящий поток 155,042 KZT.",4 плательщиков в один день
sync_payers,100000004299488100,consolidator,1,0.900693,3.0,несколько разных плательщиков в один день,"Признаки консолидации: 6 плательщиков, 2 получателей, входящий поток 1,749,000 KZT.",возвратный поток (1 цикл.); повторная пересылка за ≤2 дня (1 маршр.); 3 плательщиков в один день; повтор одной суммы ×4
sync_payers,100000000332284100,consolidator,6,0.844988,3.0,несколько разных плательщиков в один день,"Признаки консолидации: 10 плательщиков, 3 получателей, входящий поток 107,426 KZT.",3 плательщиков в один день; 10 входов у порога 5–10 тыс.; плательщиков больше 99% узлов колена 2
sync_payers,100000003684369100,distributor,4,0.844489,6.0,несколько разных плательщиков в один день,"Признаки распределения: 62 получателей против 24 плательщиков, исходящий поток 8,588,655 KZT.",возвратный поток с seed (1 цикл.); звено сквозной цепочки (24); 6 плательщиков в один день; повтор одной суммы ×6; плательщиков больше 99% узлов колена 0
sync_payers,100000008546855100,consolidator,18,0.84167,5.0,несколько разных плательщиков в один день,"Признаки консолидации: 6 плательщиков, 2 получателей, входящий поток 71,790 KZT.",возвратный поток (2 цикл.); 5 плательщиков в один день; 5 входов у порога 5–10 тыс.
sync_payers,100000006866783100,distributor,1,0.830206,5.0,несколько разных плательщиков в один день,"Признаки распределения: 67 получателей против 13 плательщиков, исходящий поток 3,948,037 KZT.",возвратный поток с seed (93 цикл.); повторная пересылка за ≤2 дня (5 маршр.); 5 плательщиков в один день; повтор одной суммы ×9
sync_payers,100000003016635100,distributor,5,0.825536,3.0,несколько разных плательщиков в один день,"Признаки распределения: 73 получателей против 8 плательщиков, исходящий поток 9,414,081 KZT.",возвратный поток с seed (13 цикл.); повторная пересылка за ≤2 дня (8 маршр.); 3 плательщиков в один день; повтор одной суммы ×5; 23 входов у порога 5–10 тыс.
sync_payers,100000007055802100,consolidator,1,0.802891,4.0,несколько разных плательщиков в один день,"Признаки консолидации: 6 плательщиков, 1 получателей, входящий поток 2,024,999 KZT.",возвратный поток (1 цикл.); повторная пересылка за ≤2 дня (1 маршр.); 4 плательщиков в один день
sync_payers,100000004486525100,consolidator,1,0.773733,5.0,несколько разных плательщиков в один день,"Признаки консолидации: 8 плательщиков, 2 получателей, входящий поток 360,924 KZT.",5 плательщиков в один день
sync_payers,100000002718366100,consolidator,3,0.721764,3.0,несколько разных плательщиков в один день,"Признаки консолидации: 6 плательщиков, 0 получателей, входящий поток 2,525,000 KZT.",3 плательщиков в один день
sync_payers,100000001282143100,consolidator,10,0.71905,4.0,несколько разных плательщиков в один день,"Признаки консолидации: 5 плательщиков, 0 получателей, входящий поток 1,700,000 KZT.",4 плательщиков в один день; плательщиков больше 99% узлов колена 3
sync_payers,100000002894076100,consolidator,11,0.718383,3.0,несколько разных плательщиков в один день,"Признаки консолидации: 4 плательщиков, 0 получателей, входящий поток 1,122,782 KZT.",3 плательщиков в один день
sync_payers,100000003404627100,consolidator,41,0.7126,3.0,несколько разных плательщиков в один день,"Признаки консолидации: 4 плательщиков, 0 получателей, входящий поток 877,700 KZT.",3 плательщиков в один день
sync_payers,100000002369874100,consolidator,3,0.699077,4.0,несколько разных плательщиков в один день,"Признаки консолидации: 4 плательщиков, 0 получателей, входящий поток 600,000 KZT.",4 плательщиков в один день
sync_payers,100000002547110100,consolidator,3,0.689246,5.0,несколько разных плательщиков в один день,"Признаки консолидации: 6 плательщиков, 0 получателей, входящий поток 1,500,000 KZT.",5 плательщиков в один день; плательщиков больше 99% узлов колена 3
sync_payers,100000001303311100,consolidator,22,0.687422,4.0,несколько разных плательщиков в один день,"Признаки консолидации: 5 плательщиков, 0 получателей, входящий поток 1,324,000 KZT.",4 плательщиков в один день; плательщиков больше 99% узлов колена 3
sync_payers,100000004962193100,consolidator,1,0.687244,5.0,несколько разных плательщиков в один день,"Признаки консолидации: 8 плательщиков, 0 получателей, входящий поток 900,468 KZT.",5 плательщиков в один день
sync_payers,100000005782781100,peripheral,11,0.674628,3.0,несколько разных плательщиков в один день,"Недостаточно признаков роли: 6 плательщиков, 10 получателей, колено 2.",возвратный поток (1 цикл.); 3 плательщиков в один день
sync_payers,100000004336312100,transit,35,0.665358,3.0,несколько разных плательщиков в один день,"Признаки транзита: отдал 80% видимого входа; 3→2 связей, быстрый выход 43%.",возвратный поток (8 цикл.); 3 плательщиков в один день
sync_payers,100000002849158100,peripheral,3,0.655049,3.0,несколько разных плательщиков в один день,"Недостаточно признаков роли: 3 плательщиков, 1 получателей, колено 3.",3 плательщиков в один день
sync_payers,100000001887715100,peripheral,22,0.632762,3.0,несколько разных плательщиков в один день,"Недостаточно признаков роли: 3 плательщиков, 1 получателей, колено 3.",3 плательщиков в один день
sync_payers,100000007229557100,terminal,22,0.592325,3.0,несколько разных плательщиков в один день,"Наблюдаемый конечный узел: вход от 3 клиентов (878,000 KZT), исходящих нет; колено 3<4.",3 плательщиков в один день
sync_payers,100000002793881100,terminal,3,0.591266,3.0,несколько разных плательщиков в один день,"Наблюдаемый конечный узел: вход от 3 клиентов (785,600 KZT), исходящих нет; колено 3<4.",3 плательщиков в один день
sync_payers,100000001875239100,terminal,3,0.590132,3.0,несколько разных плательщиков в один день,"Наблюдаемый конечный узел: вход от 3 клиентов (712,000 KZT), исходящих нет; колено 3<4.",3 плательщиков в один день
sync_payers,100000002443664100,terminal,10,0.587334,3.0,несколько разных плательщиков в один день,"Наблюдаемый конечный узел: вход от 3 клиентов (556,880 KZT), исходящих нет; колено 2<4.",3 плательщиков в один день
sync_payers,100000002956769100,terminal,10,0.573797,3.0,несколько разных плательщиков в один день,"Наблюдаемый конечный узел: вход от 3 клиентов (840,000 KZT), исходящих нет; колено 3<4.",3 плательщиков в один день
sync_payers,100000002731501100,peripheral,26,0.527352,3.0,несколько разных плательщиков в один день,"Недостаточно признаков роли: 3 плательщиков, 7 получателей, колено 1.",возвратный поток с seed (10 цикл.); 3 плательщиков в один день; повтор одной суммы ×5
sync_payers,100000004652395100,peripheral,1,0.2999,3.0,несколько разных плательщиков в один день,"Граница обхода: колено 4, вход от 3 клиентов; исходящие не выгружены. У похожих узлов колен 1–3 выход есть в 73% случаев.",3 плательщиков в один день; плательщиков больше 99% узлов колена 4; продлить обход: скрытый выход ~73%
repeat_amount,100000008603629100,coordinator,7,0.981072,4.0,одна и та же сумма отправлялась многократно,"Гипотеза координации: достижим из 4 seed, 19 плательщиков, мост 0.0018.",возвратный поток с seed (73 цикл.); повторная пересылка за ≤2 дня (4 маршр.); 4 плательщиков в один день; повтор одной суммы ×4; плательщиков больше 99% узлов колена 2
repeat_amount,100000000437046100,coordinator,1,0.977091,5.0,одна и та же сумма отправлялась многократно,"Гипотеза координации: достижим из 4 seed, 9 плательщиков, мост 0.0008.",возвратный поток с seed (42 цикл.); повторная пересылка за ≤2 дня (4 маршр.); 3 плательщиков в один день; повтор одной суммы ×5
repeat_amount,100000000331309100,coordinator,6,0.973932,7.0,одна и та же сумма отправлялась многократно,"Гипотеза координации: достижим из 4 seed, 5 плательщиков, мост 0.0014.",возвратный поток с seed (2 цикл.); звено сквозной цепочки (10); 3 плательщиков в один день; повтор одной суммы ×7
repeat_amount,100000005910114100,coordinator,1,0.943216,5.0,одна и та же сумма отправлялась многократно,"Гипотеза координации: достижим из 4 seed, 3 плательщиков, мост 0.0035.",возвратный поток с seed (18 цикл.); звено сквозной цепочки (5); повтор одной суммы ×5
repeat_amount,100000005933757100,distributor,15,0.916515,8.0,одна и та же сумма отправлялась многократно,"Признаки распределения: 34 получателей против 4 плательщиков, исходящий поток 3,002,628 KZT.",возвратный поток (3 цикл.); повтор одной суммы ×8
repeat_amount,100000008489922100,coordinator,3,0.913812,5.0,одна и та же сумма отправлялась многократно,"Гипотеза координации: достижим из 3 seed, 3 плательщиков, мост 0.0003.",возвратный поток (2 цикл.); звено сквозной цепочки (1); повтор одной суммы ×5
repeat_amount,100000007594394100,consolidator,18,0.901557,4.0,одна и та же сумма отправлялась многократно,"Признаки консолидации: 6 плательщиков, 1 получателей, входящий поток 395,385 KZT.",возвратный поток (1 цикл.); повторная пересылка за ≤2 дня (3 маршр.); повтор одной суммы ×4
repeat_amount,100000004299488100,consolidator,1,0.900693,4.0,одна и та же сумма отправлялась многократно,"Признаки консолидации: 6 плательщиков, 2 получателей, входящий поток 1,749,000 KZT.",возвратный поток (1 цикл.); повторная пересылка за ≤2 дня (1 маршр.); 3 плательщиков в один день; повтор одной суммы ×4
repeat_amount,100000004400305100,distributor,1,0.886588,7.0,одна и та же сумма отправлялась многократно,"Признаки распределения: 82 получателей против 7 плательщиков, исходящий поток 5,830,181 KZT.",возвратный поток с seed (42 цикл.); звено сквозной цепочки (13); повтор одной суммы ×7
repeat_amount,100000004070318100,distributor,1,0.879738,4.0,одна и та же сумма отправлялась многократно,"Признаки распределения: 19 получателей против 4 плательщиков, исходящий поток 551,860 KZT.",возвратный поток с seed (41 цикл.); повторная пересылка за ≤2 дня (1 маршр.); повтор одной суммы ×4
repeat_amount,100000005287097100,distributor,5,0.867304,6.0,одна и та же сумма отправлялась многократно,"Признаки распределения: 9 получателей против 2 плательщиков, исходящий поток 697,300 KZT.",возвратный поток с seed (6 цикл.); звено сквозной цепочки (2); повтор одной суммы ×6
repeat_amount,100000003684369100,distributor,4,0.844489,6.0,одна и та же сумма отправлялась многократно,"Признаки распределения: 62 получателей против 24 плательщиков, исходящий поток 8,588,655 KZT.",возвратный поток с seed (1 цикл.); звено сквозной цепочки (24); 6 плательщиков в один день; повтор одной суммы ×6; плательщиков больше 99% узлов колена 0
repeat_amount,100000004847758100,distributor,4,0.841915,6.0,одна и та же сумма отправлялась многократно,"Признаки распределения: 15 получателей против 4 плательщиков, исходящий поток 488,800 KZT.",возвратный поток с seed (7 цикл.); повторная пересылка за ≤2 дня (1 маршр.); повтор одной суммы ×6
repeat_amount,100000006866783100,distributor,1,0.830206,9.0,одна и та же сумма отправлялась многократно,"Признаки распределения: 67 получателей против 13 плательщиков, исходящий поток 3,948,037 KZT.",возвратный поток с seed (93 цикл.); повторная пересылка за ≤2 дня (5 маршр.); 5 плательщиков в один день; повтор одной суммы ×9
repeat_amount,100000003016635100,distributor,5,0.825536,5.0,одна и та же сумма отправлялась многократно,"Признаки распределения: 73 получателей против 8 плательщиков, исходящий поток 9,414,081 KZT.",возвратный поток с seed (13 цикл.); повторная пересылка за ≤2 дня (8 маршр.); 3 плательщиков в один день; повтор одной суммы ×5; 23 входов у порога 5–10 тыс.
repeat_amount,100000008324800100,transit,72,0.814073,5.0,одна и та же сумма отправлялась многократно,"Признаки транзита: отдал 97% видимого входа; 3→1 связей, быстрый выход 76%.",возвратный поток (1 цикл.); повтор одной суммы ×5
repeat_amount,100000007593823100,coordinator,1,0.813527,10.0,одна и та же сумма отправлялась многократно,"Гипотеза координации: достижим из 4 seed, 3 плательщиков, мост 0.0002.",возвратный поток (4 цикл.); повторная пересылка за ≤2 дня (1 маршр.); повтор одной суммы ×10
repeat_amount,100000004390333100,distributor,1,0.795774,4.0,одна и та же сумма отправлялась многократно,"Признаки распределения: 9 получателей против 2 плательщиков, исходящий поток 506,500 KZT.",возвратный поток с seed (16 цикл.); повтор одной суммы ×4
repeat_amount,100000008465789100,distributor,3,0.717004,5.0,одна и та же сумма отправлялась многократно,"Признаки распределения: 16 получателей против 1 плательщиков, исходящий поток 1,858,100 KZT.",возвратный поток (2 цикл.); повтор одной суммы ×5
repeat_amount,100000002578405100,distributor,2,0.700712,8.0,одна и та же сумма отправлялась многократно,"Признаки распределения: 116 получателей против 2 плательщиков, исходящий поток 3,108,352 KZT.",возвратный поток (2 цикл.); звено сквозной цепочки (1); повтор одной суммы ×8
repeat_amount,100000007908818100,peripheral,4,0.698679,6.0,одна и та же сумма отправлялась многократно,"Недостаточно признаков роли: 4 плательщиков, 6 получателей, колено 1.",повтор одной суммы ×6
repeat_amount,100000003880331100,distributor,7,0.661355,12.0,одна и та же сумма отправлялась многократно,"Признаки распределения: 16 получателей против 1 плательщиков, исходящий поток 3,904,908 KZT.",возвратный поток (3 цикл.); повторная пересылка за ≤2 дня (2 маршр.); повтор одной суммы ×12
repeat_amount,100000001697501100,distributor,2,0.659253,6.0,одна и та же сумма отправлялась многократно,"Признаки распределения: 38 получателей против 3 плательщиков, исходящий поток 1,482,606 KZT.",возвратный поток с seed (3 цикл.); повтор одной суммы ×6
repeat_amount,100000000413678100,peripheral,7,0.658485,4.0,одна и та же сумма отправлялась многократно,"Недостаточно признаков роли: 2 плательщиков, 3 получателей, колено 3.",повтор одной суммы ×4
repeat_amount,100000002267998100,peripheral,24,0.620385,4.0,одна и та же сумма отправлялась многократно,"Недостаточно признаков роли: 2 плательщиков, 3 получателей, колено 2.",возвратный поток (4 цикл.); повторная пересылка за ≤2 дня (1 маршр.); повтор одной суммы ×4
repeat_amount,100000004160650100,distributor,26,0.619362,12.0,одна и та же сумма отправлялась многократно,"Признаки распределения: 10 получателей против 2 плательщиков, исходящий поток 1,489,827 KZT.",возвратный поток с seed (12 цикл.); повтор одной суммы ×12
repeat_amount,100000002175422100,peripheral,32,0.611902,4.0,одна и та же сумма отправлялась многократно,"Недостаточно признаков роли: 3 плательщиков, 6 получателей, колено 2.",возвратный поток (3 цикл.); повтор одной суммы ×4
repeat_amount,100000008637537100,peripheral,41,0.602789,8.0,одна и та же сумма отправлялась многократно,"Недостаточно признаков роли: 3 плательщиков, 3 получателей, колено 0.",возвратный поток с seed (4 цикл.); повторная пересылка за ≤2 дня (1 маршр.); повтор одной суммы ×8
repeat_amount,100000008748408100,distributor,9,0.589991,4.0,одна и та же сумма отправлялась многократно,"Признаки распределения: 21 получателей против 1 плательщиков, исходящий поток 1,499,960 KZT.",повтор одной суммы ×4
repeat_amount,100000002692750100,peripheral,9,0.589213,5.0,одна и та же сумма отправлялась многократно,"Недостаточно признаков роли: 3 плательщиков, 1 получателей, колено 2.",возвратный поток (1 цикл.); повтор одной суммы ×5
repeat_amount,100000002224132100,peripheral,25,0.587779,7.0,одна и та же сумма отправлялась многократно,"Недостаточно признаков роли: 5 плательщиков, 4 получателей, колено 2.",возвратный поток (8 цикл.); повторная пересылка за ≤2 дня (1 маршр.); повтор одной суммы ×7
repeat_amount,100000004140487100,distributor,4,0.584308,4.0,одна и та же сумма отправлялась многократно,"Признаки распределения: 10 получателей против 1 плательщиков, исходящий поток 262,600 KZT.",возвратный поток (3 цикл.); звено сквозной цепочки (2); повтор одной суммы ×4
repeat_amount,100000001732159100,peripheral,41,0.582587,5.0,одна и та же сумма отправлялась многократно,"Недостаточно признаков роли: 2 плательщиков, 4 получателей, колено 0.",возвратный поток с seed (4 цикл.); повторная пересылка за ≤2 дня (1 маршр.); повтор одной суммы ×5
repeat_amount,100000004221668100,peripheral,9,0.57773,4.0,одна и та же сумма отправлялась многократно,"Недостаточно признаков роли: 4 плательщиков, 3 получателей, колено 2.",возвратный поток (3 цикл.); повтор одной суммы ×4
repeat_amount,100000007864477100,peripheral,1,0.566061,5.0,одна и та же сумма отправлялась многократно,"Недостаточно признаков роли: 2 плательщиков, 6 получателей, колено 3.",повтор одной суммы ×5
repeat_amount,100000002527114100,distributor,2,0.561934,4.0,одна и та же сумма отправлялась многократно,"Признаки распределения: 111 получателей против 3 плательщиков, исходящий поток 3,289,249 KZT.",возвратный поток с seed (3 цикл.); повтор одной суммы ×4
repeat_amount,100000008628231100,peripheral,67,0.544776,8.0,одна и та же сумма отправлялась многократно,"Недостаточно признаков роли: 1 плательщиков, 2 получателей, колено 1.",повтор одной суммы ×8
repeat_amount,100000000089154100,distributor,1,0.542004,4.0,одна и та же сумма отправлялась многократно,"Признаки распределения: 15 получателей против 1 плательщиков, исходящий поток 425,500 KZT.",возвратный поток с seed (5 цикл.); звено сквозной цепочки (2); повтор одной суммы ×4
repeat_amount,100000000673868100,peripheral,31,0.539021,4.0,одна и та же сумма отправлялась многократно,"Недостаточно признаков роли: 1 плательщиков, 5 получателей, колено 3.",возвратный поток (2 цикл.); повтор одной суммы ×4
repeat_amount,100000002731501100,peripheral,26,0.527352,5.0,одна и та же сумма отправлялась многократно,"Недостаточно признаков роли: 3 плательщиков, 7 получателей, колено 1.",возвратный поток с seed (10 цикл.); 3 плательщиков в один день; повтор одной суммы ×5
repeat_amount,100000008314203100,peripheral,41,0.499081,5.0,одна и та же сумма отправлялась многократно,"Недостаточно признаков роли: 2 плательщиков, 2 получателей, колено 0.",возвратный поток с seed (4 цикл.); повторная пересылка за ≤2 дня (1 маршр.); повтор одной суммы ×5
repeat_amount,100000002963189100,peripheral,15,0.488851,8.0,одна и та же сумма отправлялась многократно,"Недостаточно признаков роли: 1 плательщиков, 7 получателей, колено 3.",возвратный поток (1 цикл.); повтор одной суммы ×8
repeat_amount,100000007390016100,peripheral,72,0.483407,4.0,одна и та же сумма отправлялась многократно,"Недостаточно признаков роли: 1 плательщиков, 1 получателей, колено 3.",возвратный поток (1 цикл.); повтор одной суммы ×4
repeat_amount,100000008632060100,distributor,1,0.478915,4.0,одна и та же сумма отправлялась многократно,"Признаки распределения: 9 получателей против 1 плательщиков, исходящий поток 339,200 KZT.",возвратный поток с seed (4 цикл.); повтор одной суммы ×4
repeat_amount,100000002958343100,peripheral,11,0.426971,4.0,одна и та же сумма отправлялась многократно,"Недостаточно признаков роли: 1 плательщиков, 2 получателей, колено 2.",возвратный поток (1 цикл.); повтор одной суммы ×4
repeat_amount,100000005168487100,peripheral,12,0.410331,6.0,одна и та же сумма отправлялась многократно,"Недостаточно признаков роли: 1 плательщиков, 1 получателей, колено 2.",возвратный поток (1 цикл.); повтор одной суммы ×6
repeat_amount,100000002513028100,peripheral,61,0.356617,8.0,одна и та же сумма отправлялась многократно,"Недостаточно признаков роли: 1 плательщиков, 3 получателей, колено 3.",повтор одной суммы ×8
repeat_amount,100000001893287100,peripheral,9,0.319684,9.0,одна и та же сумма отправлялась многократно,"Недостаточно признаков роли: 1 плательщиков, 1 получателей, колено 3.",возвратный поток (1 цикл.); повтор одной суммы ×9; 3 входов у порога 5–10 тыс.
repeat_amount,100000007747786100,distributor,11,0.242938,4.0,одна и та же сумма отправлялась многократно,"Признаки распределения: 31 получателей против 0 плательщиков, исходящий поток 4,238,009 KZT.",повтор одной суммы ×4
repeat_amount,100000004388983100,peripheral,66,0.169889,5.0,одна и та же сумма отправлялась многократно,"Недостаточно признаков роли: 0 плательщиков, 2 получателей, колено 0.",повтор одной суммы ×5
repeat_amount,100000004269433100,peripheral,16,0.160169,13.0,одна и та же сумма отправлялась многократно,"Недостаточно признаков роли: 0 плательщиков, 1 получателей, колено 0.",повтор одной суммы ×13
near_threshold,100000002957787100,coordinator,1,0.900323,5.0,много входящих переводов у порога 5-10 тыс. KZT,"Гипотеза координации: достижим из 4 seed, 4 плательщиков, мост 0.0026.",возвратный поток с seed (6 цикл.); повторная пересылка за ≤2 дня (1 маршр.); 5 входов у порога 5–10 тыс.
near_threshold,100000000332284100,consolidator,6,0.844988,10.0,много входящих переводов у порога 5-10 тыс. KZT,"Признаки консолидации: 10 плательщиков, 3 получателей, входящий поток 107,426 KZT.",3 плательщиков в один день; 10 входов у порога 5–10 тыс.; плательщиков больше 99% узлов колена 2
near_threshold,100000008546855100,consolidator,18,0.84167,5.0,много входящих переводов у порога 5-10 тыс. KZT,"Признаки консолидации: 6 плательщиков, 2 получателей, входящий поток 71,790 KZT.",возвратный поток (2 цикл.); 5 плательщиков в один день; 5 входов у порога 5–10 тыс.
near_threshold,100000003741418100,consolidator,6,0.828959,9.0,много входящих переводов у порога 5-10 тыс. KZT,"Признаки консолидации: 9 плательщиков, 3 получателей, входящий поток 151,900 KZT.",возвратный поток (1 цикл.); 9 входов у порога 5–10 тыс.
near_threshold,100000003016635100,distributor,5,0.825536,23.0,много входящих переводов у порога 5-10 тыс. KZT,"Признаки распределения: 73 получателей против 8 плательщиков, исходящий поток 9,414,081 KZT.",возвратный поток с seed (13 цикл.); повторная пересылка за ≤2 дня (8 маршр.); 3 плательщиков в один день; повтор одной суммы ×5; 23 входов у порога 5–10 тыс.
near_threshold,100000003159641100,consolidator,59,0.805166,4.0,много входящих переводов у порога 5-10 тыс. KZT,"Признаки консолидации: 4 плательщиков, 1 получателей, входящий поток 64,000 KZT.",4 входов у порога 5–10 тыс.
near_threshold,100000005665181100,distributor,6,0.803261,4.0,много входящих переводов у порога 5-10 тыс. KZT,"Признаки распределения: 11 получателей против 4 плательщиков, исходящий поток 181,915 KZT.",возвратный поток (1 цикл.); 4 входов у порога 5–10 тыс.
near_threshold,100000003249054100,consolidator,4,0.785098,7.0,много входящих переводов у порога 5-10 тыс. KZT,"Признаки консолидации: 7 плательщиков, 1 получателей, входящий поток 99,700 KZT.",7 входов у порога 5–10 тыс.
near_threshold,100000006111439100,transit,6,0.636369,3.0,много входящих переводов у порога 5-10 тыс. KZT,"Признаки транзита: отдал 117% видимого входа; 3→4 связей, быстрый выход 0%.",возвратный поток (1 цикл.); 3 входов у порога 5–10 тыс.
near_threshold,100000002293421100,transit,1,0.604854,4.0,много входящих переводов у порога 5-10 тыс. KZT,"Признаки транзита: отдал 115% видимого входа; 2→2 связей, быстрый выход 50%.",возвратный поток (2 цикл.); 4 входов у порога 5–10 тыс.
near_threshold,100000008244300100,consolidator,6,0.604415,5.0,много входящих переводов у порога 5-10 тыс. KZT,"Признаки консолидации: 5 плательщиков, 0 получателей, входящий поток 65,430 KZT.",5 входов у порога 5–10 тыс.
near_threshold,100000002941114100,peripheral,12,0.595592,11.0,много входящих переводов у порога 5-10 тыс. KZT,"Недостаточно признаков роли: 2 плательщиков, 1 получателей, колено 1.",возвратный поток (1 цикл.); звено сквозной цепочки (1); 11 входов у порога 5–10 тыс.
near_threshold,100000001616816100,peripheral,9,0.579875,6.0,много входящих переводов у порога 5-10 тыс. KZT,"Недостаточно признаков роли: 5 плательщиков, 3 получателей, колено 0.",возвратный поток с seed (2 цикл.); 6 входов у порога 5–10 тыс.
near_threshold,100000002156381100,peripheral,34,0.579467,4.0,много входящих переводов у порога 5-10 тыс. KZT,"Недостаточно признаков роли: 2 плательщиков, 1 получателей, колено 2.",возвратный поток (1 цикл.); 4 входов у порога 5–10 тыс.
near_threshold,100000004209339100,peripheral,34,0.568252,3.0,много входящих переводов у порога 5-10 тыс. KZT,"Недостаточно признаков роли: 1 плательщиков, 2 получателей, колено 2.",возвратный поток (1 цикл.); 3 входов у порога 5–10 тыс.
near_threshold,100000003899899100,peripheral,5,0.564128,3.0,много входящих переводов у порога 5-10 тыс. KZT,"Недостаточно признаков роли: 2 плательщиков, 1 получателей, колено 3.",3 входов у порога 5–10 тыс.
near_threshold,100000004180097100,peripheral,1,0.560271,3.0,много входящих переводов у порога 5-10 тыс. KZT,"Недостаточно признаков роли: 3 плательщиков, 3 получателей, колено 1.",возвратный поток (3 цикл.); 3 входов у порога 5–10 тыс.
near_threshold,100000003886323100,peripheral,5,0.526234,5.0,много входящих переводов у порога 5-10 тыс. KZT,"Недостаточно признаков роли: 2 плательщиков, 1 получателей, колено 1.",возвратный поток (1 цикл.); 5 входов у порога 5–10 тыс.
near_threshold,100000006562026100,terminal,54,0.466904,3.0,много входящих переводов у порога 5-10 тыс. KZT,"Наблюдаемый конечный узел: вход от 2 клиентов (75,000 KZT), исходящих нет; колено 1<4.",3 входов у порога 5–10 тыс.
near_threshold,100000000646541100,terminal,1,0.466035,3.0,много входящих переводов у порога 5-10 тыс. KZT,"Наблюдаемый конечный узел: вход от 3 клиентов (25,300 KZT), исходящих нет; колено 2<4.",3 входов у порога 5–10 тыс.
near_threshold,100000002696152100,peripheral,34,0.454807,3.0,много входящих переводов у порога 5-10 тыс. KZT,"Недостаточно признаков роли: 1 плательщиков, 2 получателей, колено 3.",возвратный поток (1 цикл.); 3 входов у порога 5–10 тыс.
near_threshold,100000004071070100,peripheral,1,0.444689,4.0,много входящих переводов у порога 5-10 тыс. KZT,"Недостаточно признаков роли: 2 плательщиков, 1 получателей, колено 2.",возвратный поток (1 цикл.); 4 входов у порога 5–10 тыс.
near_threshold,100000005546031100,peripheral,50,0.436766,4.0,много входящих переводов у порога 5-10 тыс. KZT,"Недостаточно признаков роли: 3 плательщиков, 1 получателей, колено 1.",возвратный поток (1 цикл.); 4 входов у порога 5–10 тыс.
near_threshold,100000001641951100,terminal,4,0.405234,3.0,много входящих переводов у порога 5-10 тыс. KZT,"Наблюдаемый конечный узел: вход от 1 клиентов (25,000 KZT), исходящих нет; колено 2<4.",3 входов у порога 5–10 тыс.
near_threshold,100000003971049100,terminal,1,0.382056,4.0,много входящих переводов у порога 5-10 тыс. KZT,"Наблюдаемый конечный узел: вход от 1 клиентов (55,900 KZT), исходящих нет; колено 2<4.",4 входов у порога 5–10 тыс.
near_threshold,100000008097580100,terminal,7,0.37041,3.0,много входящих переводов у порога 5-10 тыс. KZT,"Наблюдаемый конечный узел: вход от 2 клиентов (32,000 KZT), исходящих нет; колено 3<4.",3 входов у порога 5–10 тыс.
near_threshold,100000000967918100,terminal,1,0.338005,3.0,много входящих переводов у порога 5-10 тыс. KZT,"Наблюдаемый конечный узел: вход от 1 клиентов (21,200 KZT), исходящих нет; колено 2<4.",3 входов у порога 5–10 тыс.
near_threshold,100000003636627100,peripheral,9,0.337467,6.0,много входящих переводов у порога 5-10 тыс. KZT,"Недостаточно признаков роли: 1 плательщиков, 1 получателей, колено 3.",возвратный поток (1 цикл.); 6 входов у порога 5–10 тыс.
near_threshold,100000002391278100,peripheral,9,0.32627,4.0,много входящих переводов у порога 5-10 тыс. KZT,"Недостаточно признаков роли: 1 плательщиков, 1 получателей, колено 3.",возвратный поток (1 цикл.); 4 входов у порога 5–10 тыс.
near_threshold,100000001893287100,peripheral,9,0.319684,3.0,много входящих переводов у порога 5-10 тыс. KZT,"Недостаточно признаков роли: 1 плательщиков, 1 получателей, колено 3.",возвратный поток (1 цикл.); повтор одной суммы ×9; 3 входов у порога 5–10 тыс.
near_threshold,100000004825069100,terminal,2,0.291157,3.0,много входящих переводов у порога 5-10 тыс. KZT,"Наблюдаемый конечный узел: вход от 1 клиентов (30,000 KZT), исходящих нет; колено 2<4.",3 входов у порога 5–10 тыс.
near_threshold,100000000557536100,peripheral,37,0.255618,4.0,много входящих переводов у порога 5-10 тыс. KZT,"Граница обхода: колено 4, вход от 1 клиентов; исходящие не выгружены. У похожих узлов колен 1–3 выход есть в 29% случаев.",4 входов у порога 5–10 тыс.
near_threshold,100000006756956100,peripheral,1,0.251519,6.0,много входящих переводов у порога 5-10 тыс. KZT,"Граница обхода: колено 4, вход от 1 клиентов; исходящие не выгружены. У похожих узлов колен 1–3 выход есть в 29% случаев.",6 входов у порога 5–10 тыс.
near_threshold,100000002119762100,peripheral,6,0.242194,3.0,много входящих переводов у порога 5-10 тыс. KZT,"Граница обхода: колено 4, вход от 1 клиентов; исходящие не выгружены. У похожих узлов колен 1–3 выход есть в 29% случаев.",3 входов у порога 5–10 тыс.
near_threshold,100000004610802100,peripheral,61,0.210641,10.0,много входящих переводов у порога 5-10 тыс. KZT,"Граница обхода: колено 4, вход от 1 клиентов; исходящие не выгружены. У похожих узлов колен 1–3 выход есть в 29% случаев.",10 входов у порога 5–10 тыс.
near_threshold,100000006490615100,peripheral,14,0.210489,5.0,много входящих переводов у порога 5-10 тыс. KZT,"Граница обхода: колено 4, вход от 1 клиентов; исходящие не выгружены. У похожих узлов колен 1–3 выход есть в 29% случаев.",5 входов у порога 5–10 тыс.
near_threshold,100000008190411100,peripheral,3,0.206803,7.0,много входящих переводов у порога 5-10 тыс. KZT,"Граница обхода: колено 4, вход от 1 клиентов; исходящие не выгружены. У похожих узлов колен 1–3 выход есть в 29% случаев.",7 входов у порога 5–10 тыс.
near_threshold,100000007988344100,peripheral,1,0.191731,3.0,много входящих переводов у порога 5-10 тыс. KZT,"Граница обхода: колено 4, вход от 1 клиентов; исходящие не выгружены. У похожих узлов колен 1–3 выход есть в 29% случаев.",3 входов у порога 5–10 тыс.
near_threshold,100000006491963100,peripheral,19,0.150007,3.0,много входящих переводов у порога 5-10 тыс. KZT,"Граница обхода: колено 4, вход от 1 клиентов; исходящие не выгружены. У похожих узлов колен 1–3 выход есть в 29% случаев.",3 входов у порога 5–10 тыс.
boundary_likely_continues,100000003037476100,peripheral,3,0.309225,0.732,граничный узел с вероятным скрытым исходящим продолжением,"Граница обхода: колено 4, вход от 3 клиентов; исходящие не выгружены. У похожих узлов колен 1–3 выход есть в 73% случаев.",плательщиков больше 99% узлов колена 4; продлить обход: скрытый выход ~73%
boundary_likely_continues,100000003072205100,peripheral,3,0.300009,0.57,граничный узел с вероятным скрытым исходящим продолжением,"Граница обхода: колено 4, вход от 2 клиентов; исходящие не выгружены. У похожих узлов колен 1–3 выход есть в 57% случаев.",продлить обход: скрытый выход ~57%
boundary_likely_continues,100000004652395100,peripheral,1,0.2999,0.732,граничный узел с вероятным скрытым исходящим продолжением,"Граница обхода: колено 4, вход от 3 клиентов; исходящие не выгружены. У похожих узлов колен 1–3 выход есть в 73% случаев.",3 плательщиков в один день; плательщиков больше 99% узлов колена 4; продлить обход: скрытый выход ~73%
boundary_likely_continues,100000006638021100,peripheral,49,0.296929,0.57,граничный узел с вероятным скрытым исходящим продолжением,"Граница обхода: колено 4, вход от 2 клиентов; исходящие не выгружены. У похожих узлов колен 1–3 выход есть в 57% случаев.",продлить обход: скрытый выход ~57%
boundary_likely_continues,100000005783452100,peripheral,10,0.293069,0.57,граничный узел с вероятным скрытым исходящим продолжением,"Граница обхода: колено 4, вход от 2 клиентов; исходящие не выгружены. У похожих узлов колен 1–3 выход есть в 57% случаев.",продлить обход: скрытый выход ~57%
boundary_likely_continues,100000007034089100,peripheral,3,0.286477,0.57,граничный узел с вероятным скрытым исходящим продолжением,"Граница обхода: колено 4, вход от 2 клиентов; исходящие не выгружены. У похожих узлов колен 1–3 выход есть в 57% случаев.",продлить обход: скрытый выход ~57%
boundary_likely_continues,100000007357489100,peripheral,3,0.283007,0.57,граничный узел с вероятным скрытым исходящим продолжением,"Граница обхода: колено 4, вход от 2 клиентов; исходящие не выгружены. У похожих узлов колен 1–3 выход есть в 57% случаев.",продлить обход: скрытый выход ~57%
boundary_likely_continues,100000003230328100,peripheral,7,0.268933,0.732,граничный узел с вероятным скрытым исходящим продолжением,"Граница обхода: колено 4, вход от 3 клиентов; исходящие не выгружены. У похожих узлов колен 1–3 выход есть в 73% случаев.",плательщиков больше 99% узлов колена 4; продлить обход: скрытый выход ~73%
boundary_likely_continues,100000008583971100,peripheral,1,0.260367,0.57,граничный узел с вероятным скрытым исходящим продолжением,"Граница обхода: колено 4, вход от 2 клиентов; исходящие не выгружены. У похожих узлов колен 1–3 выход есть в 57% случаев.",продлить обход: скрытый выход ~57%
boundary_likely_continues,100000001202787100,peripheral,1,0.244102,0.57,граничный узел с вероятным скрытым исходящим продолжением,"Граница обхода: колено 4, вход от 2 клиентов; исходящие не выгружены. У похожих узлов колен 1–3 выход есть в 57% случаев.",продлить обход: скрытый выход ~57%
gives_more_than_received,100000008603629100,coordinator,7,0.981072,3168856.0,исходящий поток выше видимого входа,"Гипотеза координации: достижим из 4 seed, 19 плательщиков, мост 0.0018.",возвратный поток с seed (73 цикл.); повторная пересылка за ≤2 дня (4 маршр.); 4 плательщиков в один день; повтор одной суммы ×4; плательщиков больше 99% узлов колена 2
gives_more_than_received,100000000437046100,coordinator,1,0.977091,6499024.0,исходящий поток выше видимого входа,"Гипотеза координации: достижим из 4 seed, 9 плательщиков, мост 0.0008.",возвратный поток с seed (42 цикл.); повторная пересылка за ≤2 дня (4 маршр.); 3 плательщиков в один день; повтор одной суммы ×5
gives_more_than_received,100000000331309100,coordinator,6,0.973932,22016740.0,исходящий поток выше видимого входа,"Гипотеза координации: достижим из 4 seed, 5 плательщиков, мост 0.0014.",возвратный поток с seed (2 цикл.); звено сквозной цепочки (10); 3 плательщиков в один день; повтор одной суммы ×7
gives_more_than_received,100000008346837100,coordinator,14,0.961321,1004284.0,исходящий поток выше видимого входа,"Гипотеза координации: достижим из 6 seed, 9 плательщиков, мост 0.0063.",возвратный поток с seed (7 цикл.); звено сквозной цепочки (6); 4 плательщиков в один день
gives_more_than_received,100000001530983100,distributor,5,0.955138,1265380.0,исходящий поток выше видимого входа,"Признаки распределения: 11 получателей против 4 плательщиков, исходящий поток 1,829,538 KZT.",нет
gives_more_than_received,100000004156082100,coordinator,16,0.953815,1942189.89,исходящий поток выше видимого входа,"Гипотеза координации: достижим из 4 seed, 5 плательщиков, мост 0.0002.",возвратный поток с seed (6 цикл.)
gives_more_than_received,100000008477350100,coordinator,1,0.949978,2764766.0,исходящий поток выше видимого входа,"Гипотеза координации: достижим из 3 seed, 11 плательщиков, мост 0.0006.",возвратный поток с seed (34 цикл.); звено сквозной цепочки (2); плательщиков больше 99% узлов колена 2
gives_more_than_received,100000001857829100,coordinator,7,0.945212,1502458.0,исходящий поток выше видимого входа,"Гипотеза координации: достижим из 3 seed, 6 плательщиков, мост 0.0009.",возвратный поток (6 цикл.); звено сквозной цепочки (1); 3 плательщиков в один день
gives_more_than_received,100000005910114100,coordinator,1,0.943216,1143849.0,исходящий поток выше видимого входа,"Гипотеза координации: достижим из 4 seed, 3 плательщиков, мост 0.0035.",возвратный поток с seed (18 цикл.); звено сквозной цепочки (5); повтор одной суммы ×5
gives_more_than_received,100000003242289100,coordinator,17,0.933085,1826950.0,исходящий поток выше видимого входа,"Гипотеза координации: достижим из 3 seed, 3 плательщиков, мост 0.0003.",возвратный поток с seed (8 цикл.); звено сквозной цепочки (5)
gives_more_than_received,100000008165763100,transit,4,0.926856,102043.0,исходящий поток выше видимого входа,"Признаки транзита: отдал 109% видимого входа; 15→17 связей, быстрый выход 81%.",4 плательщиков в один день; плательщиков больше 99% узлов колена 1
gives_more_than_received,100000008731444100,distributor,1,0.917438,440767.8,исходящий поток выше видимого входа,"Признаки распределения: 9 получателей против 3 плательщиков, исходящий поток 879,768 KZT.",звено сквозной цепочки (1)
gives_more_than_received,100000008547948100,coordinator,3,0.917382,4972935.0,исходящий поток выше видимого входа,"Гипотеза координации: достижим из 3 seed, 6 плательщиков, мост 0.0004.",возвратный поток (5 цикл.); звено сквозной цепочки (1); 4 плательщиков в один день
gives_more_than_received,100000005933757100,distributor,15,0.916515,1756628.0,исходящий поток выше видимого входа,"Признаки распределения: 34 получателей против 4 плательщиков, исходящий поток 3,002,628 KZT.",возвратный поток (3 цикл.); повтор одной суммы ×8
gives_more_than_received,100000008489922100,coordinator,3,0.913812,3527890.0,исходящий поток выше видимого входа,"Гипотеза координации: достижим из 3 seed, 3 плательщиков, мост 0.0003.",возвратный поток (2 цикл.); звено сквозной цепочки (1); повтор одной суммы ×5
gives_more_than_received,100000008710791100,distributor,3,0.910769,5340001.0,исходящий поток выше видимого входа,"Признаки распределения: 23 получателей против 3 плательщиков, исходящий поток 5,521,511 KZT.",повторная пересылка за ≤2 дня (1 маршр.)
gives_more_than_received,100000005527892100,coordinator,21,0.909201,332418.0,исходящий поток выше видимого входа,"Гипотеза координации: достижим из 4 seed, 3 плательщиков, мост 0.0003.",нет
gives_more_than_received,100000008730846100,consolidator,12,0.908719,208328.0,исходящий поток выше видимого входа,"Признаки консолидации: 7 плательщиков, 3 получателей, входящий поток 155,042 KZT.",4 плательщиков в один день
gives_more_than_received,100000008743913100,distributor,22,0.904274,1701300.0,исходящий поток выше видимого входа,"Признаки распределения: 13 получателей против 3 плательщиков, исходящий поток 1,850,600 KZT.",нет
gives_more_than_received,100000007594394100,consolidator,18,0.901557,2980927.0,исходящий поток выше видимого входа,"Признаки консолидации: 6 плательщиков, 1 получателей, входящий поток 395,385 KZT.",возвратный поток (1 цикл.); повторная пересылка за ≤2 дня (3 маршр.); повтор одной суммы ×4
gives_more_than_received,100000002957787100,coordinator,1,0.900323,1191197.96,исходящий поток выше видимого входа,"Гипотеза координации: достижим из 4 seed, 4 плательщиков, мост 0.0026.",возвратный поток с seed (6 цикл.); повторная пересылка за ≤2 дня (1 маршр.); 5 входов у порога 5–10 тыс.
gives_more_than_received,100000008547844100,coordinator,3,0.89891,1864599.0,исходящий поток выше видимого входа,"Гипотеза координации: достижим из 3 seed, 3 плательщиков, мост 0.0004.",возвратный поток (4 цикл.)
gives_more_than_received,100000004403675100,coordinator,20,0.88929,81719.0,исходящий поток выше видимого входа,"Гипотеза координации: достижим из 3 seed, 4 плательщиков, мост 0.0012.",возвратный поток с seed (2 цикл.)
gives_more_than_received,100000008512827100,distributor,10,0.888816,1836551.0,исходящий поток выше видимого входа,"Признаки распределения: 10 получателей против 3 плательщиков, исходящий поток 1,944,500 KZT.",нет
gives_more_than_received,100000004400305100,distributor,1,0.886588,5607381.0,исходящий поток выше видимого входа,"Признаки распределения: 82 получателей против 7 плательщиков, исходящий поток 5,830,181 KZT.",возвратный поток с seed (42 цикл.); звено сквозной цепочки (13); повтор одной суммы ×7
gives_more_than_received,100000004351795100,coordinator,1,0.884742,1596828.0,исходящий поток выше видимого входа,"Гипотеза координации: достижим из 3 seed, 3 плательщиков, мост 0.0014.",возвратный поток с seed (16 цикл.)
gives_more_than_received,100000004070318100,distributor,1,0.879738,344613.45,исходящий поток выше видимого входа,"Признаки распределения: 19 получателей против 4 плательщиков, исходящий поток 551,860 KZT.",возвратный поток с seed (41 цикл.); повторная пересылка за ≤2 дня (1 маршр.); повтор одной суммы ×4
gives_more_than_received,100000008461532100,distributor,28,0.877291,1964790.0,исходящий поток выше видимого входа,"Признаки распределения: 8 получателей против 2 плательщиков, исходящий поток 2,530,090 KZT.",возвратный поток (1 цикл.)
gives_more_than_received,100000005612411100,distributor,4,0.875556,391497.0,исходящий поток выше видимого входа,"Признаки распределения: 8 получателей против 3 плательщиков, исходящий поток 506,997 KZT.",звено сквозной цепочки (1)
gives_more_than_received,100000008304139100,distributor,4,0.875222,1503667.25,исходящий поток выше видимого входа,"Признаки распределения: 24 получателей против 4 плательщиков, исходящий поток 1,692,997 KZT.",возвратный поток с seed (22 цикл.); повторная пересылка за ≤2 дня (1 маршр.)
gives_more_than_received,100000000661912100,consolidator,7,0.87446,37664.0,исходящий поток выше видимого входа,"Признаки консолидации: 5 плательщиков, 2 получателей, входящий поток 393,036 KZT.",возвратный поток (1 цикл.)
gives_more_than_received,100000005242320100,distributor,10,0.868728,8570595.0,исходящий поток выше видимого входа,"Признаки распределения: 21 получателей против 2 плательщиков, исходящий поток 8,936,295 KZT.",нет
gives_more_than_received,100000005287097100,distributor,5,0.867304,570127.0,исходящий поток выше видимого входа,"Признаки распределения: 9 получателей против 2 плательщиков, исходящий поток 697,300 KZT.",возвратный поток с seed (6 цикл.); звено сквозной цепочки (2); повтор одной суммы ×6
gives_more_than_received,100000006518161100,transit,5,0.859849,1699.0,исходящий поток выше видимого входа,"Признаки транзита: отдал 100% видимого входа; 3→2 связей, быстрый выход 100%.",возвратный поток (1 цикл.); повторная пересылка за ≤2 дня (1 маршр.)
gives_more_than_received,100000008517538100,distributor,3,0.85496,1283500.0,исходящий поток выше видимого входа,"Признаки распределения: 17 получателей против 3 плательщиков, исходящий поток 1,439,000 KZT.",нет
gives_more_than_received,100000003747133100,consolidator,48,0.854615,12932.0,исходящий поток выше видимого входа,"Признаки консолидации: 5 плательщиков, 2 получателей, входящий поток 237,068 KZT.",нет
gives_more_than_received,100000000332284100,consolidator,6,0.844988,182074.0,исходящий поток выше видимого входа,"Признаки консолидации: 10 плательщиков, 3 получателей, входящий поток 107,426 KZT.",3 плательщиков в один день; 10 входов у порога 5–10 тыс.; плательщиков больше 99% узлов колена 2
gives_more_than_received,100000003684369100,distributor,4,0.844489,4740219.0,исходящий поток выше видимого входа,"Признаки распределения: 62 получателей против 24 плательщиков, исходящий поток 8,588,655 KZT.",возвратный поток с seed (1 цикл.); звено сквозной цепочки (24); 6 плательщиков в один день; повтор одной суммы ×6; плательщиков больше 99% узлов колена 0
gives_more_than_received,100000005704413100,distributor,8,0.84395,1265758.33,исходящий поток выше видимого входа,"Признаки распределения: 32 получателей против 3 плательщиков, исходящий поток 1,363,593 KZT.",возвратный поток (3 цикл.)
gives_more_than_received,100000004847758100,distributor,4,0.841915,373629.0,исходящий поток выше видимого входа,"Признаки распределения: 15 получателей против 4 плательщиков, исходящий поток 488,800 KZT.",возвратный поток с seed (7 цикл.); повторная пересылка за ≤2 дня (1 маршр.); повтор одной суммы ×6
gives_more_than_received,100000002723538100,distributor,7,0.839435,454852.0,исходящий поток выше видимого входа,"Признаки распределения: 12 получателей против 3 плательщиков, исходящий поток 560,499 KZT.",возвратный поток (5 цикл.); звено сквозной цепочки (1)
gives_more_than_received,100000005578559100,distributor,8,0.835009,762163.67,исходящий поток выше видимого входа,"Признаки распределения: 21 получателей против 2 плательщиков, исходящий поток 893,164 KZT.",возвратный поток (1 цикл.)
gives_more_than_received,100000006866783100,distributor,1,0.830206,3109225.0,исходящий поток выше видимого входа,"Признаки распределения: 67 получателей против 13 плательщиков, исходящий поток 3,948,037 KZT.",возвратный поток с seed (93 цикл.); повторная пересылка за ≤2 дня (5 маршр.); 5 плательщиков в один день; повтор одной суммы ×9
gives_more_than_received,100000003265158100,transit,13,0.829817,8099.6,исходящий поток выше видимого входа,"Признаки транзита: отдал 106% видимого входа; 3→2 связей, быстрый выход 67%.",нет
gives_more_than_received,100000003016635100,distributor,5,0.825536,8827100.0,исходящий поток выше видимого входа,"Признаки распределения: 73 получателей против 8 плательщиков, исходящий поток 9,414,081 KZT.",возвратный поток с seed (13 цикл.); повторная пересылка за ≤2 дня (8 маршр.); 3 плательщиков в один день; повтор одной суммы ×5; 23 входов у порога 5–10 тыс.
gives_more_than_received,100000007639767100,distributor,1,0.817671,731331.0,исходящий поток выше видимого входа,"Признаки распределения: 10 получателей против 4 плательщиков, исходящий поток 822,244 KZT.",возвратный поток с seed (60 цикл.)
gives_more_than_received,100000007593823100,coordinator,1,0.813527,137900.0,исходящий поток выше видимого входа,"Гипотеза координации: достижим из 4 seed, 3 плательщиков, мост 0.0002.",возвратный поток (4 цикл.); повторная пересылка за ≤2 дня (1 маршр.); повтор одной суммы ×10
gives_more_than_received,100000003159641100,consolidator,59,0.805166,133800.0,исходящий поток выше видимого входа,"Признаки консолидации: 4 плательщиков, 1 получателей, входящий поток 64,000 KZT.",4 входов у порога 5–10 тыс.
gives_more_than_received,100000003004487100,consolidator,32,0.804744,81312.2,исходящий поток выше видимого входа,"Признаки консолидации: 4 плательщиков, 2 получателей, входящий поток 183,703 KZT.",возвратный поток (1 цикл.)
gives_more_than_received,100000005665181100,distributor,6,0.803261,136417.0,исходящий поток выше видимого входа,"Признаки распределения: 11 получателей против 4 плательщиков, исходящий поток 181,915 KZT.",возвратный поток (1 цикл.); 4 входов у порога 5–10 тыс.
gives_more_than_received,100000000490383100,distributor,5,0.803077,398775.0,исходящий поток выше видимого входа,"Признаки распределения: 8 получателей против 3 плательщиков, исходящий поток 461,375 KZT.",нет
gives_more_than_received,100000000343175100,distributor,12,0.797961,3821327.0,исходящий поток выше видимого входа,"Признаки распределения: 31 получателей против 8 плательщиков, исходящий поток 4,000,039 KZT.",звено сквозной цепочки (3)
gives_more_than_received,100000004390333100,distributor,1,0.795774,441942.0,исходящий поток выше видимого входа,"Признаки распределения: 9 получателей против 2 плательщиков, исходящий поток 506,500 KZT.",возвратный поток с seed (16 цикл.); повтор одной суммы ×4
gives_more_than_received,100000006069103100,transit,55,0.789976,41182.0,исходящий поток выше видимого входа,"Признаки транзита: отдал 118% видимого входа; 3→3 связей, быстрый выход 67%.",возвратный поток (1 цикл.); звено сквозной цепочки (1)
gives_more_than_received,100000008466579100,distributor,3,0.777513,1896048.0,исходящий поток выше видимого входа,"Признаки распределения: 17 получателей против 2 плательщиков, исходящий поток 1,933,000 KZT.",возвратный поток (1 цикл.)
gives_more_than_received,100000008710843100,distributor,22,0.776842,1951556.0,исходящий поток выше видимого входа,"Признаки распределения: 13 получателей против 2 плательщиков, исходящий поток 1,985,500 KZT.",возвратный поток (1 цикл.)
gives_more_than_received,100000003946524100,transit,4,0.77571,10993.0,исходящий поток выше видимого входа,"Признаки транзита: отдал 108% видимого входа; 2→2 связей, быстрый выход 0%.",возвратный поток (1 цикл.)
gives_more_than_received,100000005048668100,distributor,7,0.76577,142732.0,исходящий поток выше видимого входа,"Признаки распределения: 8 получателей против 2 плательщиков, исходящий поток 159,400 KZT.",возвратный поток (2 цикл.); звено сквозной цепочки (2)
gives_more_than_received,100000008413748100,distributor,17,0.75843,1350840.22,исходящий поток выше видимого входа,"Признаки распределения: 18 получателей против 2 плательщиков, исходящий поток 1,377,320 KZT.",возвратный поток с seed (6 цикл.); звено сквозной цепочки (2)
gives_more_than_received,100000004150593100,distributor,5,0.743794,814165.0,исходящий поток выше видимого входа,"Признаки распределения: 11 получателей против 1 плательщиков, исходящий поток 871,165 KZT.",возвратный поток с seed (1 цикл.); звено сквозной цепочки (2)
gives_more_than_received,100000007544358100,transit,5,0.740434,27500.0,исходящий поток выше видимого входа,"Признаки транзита: отдал 109% видимого входа; 2→1 связей, быстрый выход 50%.",нет
gives_more_than_received,100000000291906100,transit,51,0.731549,67854.0,исходящий поток выше видимого входа,"Признаки транзита: отдал 117% видимого входа; 2→2 связей, быстрый выход 100%.",возвратный поток (1 цикл.)
gives_more_than_received,100000001526235100,distributor,27,0.727602,350750.0,исходящий поток выше видимого входа,"Признаки распределения: 8 получателей против 3 плательщиков, исходящий поток 432,750 KZT.",возвратный поток (3 цикл.)
gives_more_than_received,100000008465789100,distributor,3,0.717004,1828001.0,исходящий поток выше видимого входа,"Признаки распределения: 16 получателей против 1 плательщиков, исходящий поток 1,858,100 KZT.",возвратный поток (2 цикл.); повтор одной суммы ×5
gives_more_than_received,100000005519998100,transit,35,0.710319,6000.0,исходящий поток выше видимого входа,"Признаки транзита: отдал 103% видимого входа; 3→3 связей, быстрый выход 60%.",возвратный поток (8 цикл.)
gives_more_than_received,100000005074393100,peripheral,14,0.708802,122474.0,исходящий поток выше видимого входа,"Недостаточно признаков роли: 4 плательщиков, 6 получателей, колено 1.",возвратный поток (3 цикл.)
gives_more_than_received,100000003213473100,distributor,1,0.703359,182500.0,исходящий поток выше видимого входа,"Признаки распределения: 11 получателей против 1 плательщиков, исходящий поток 240,000 KZT.",возвратный поток с seed (3 цикл.)
gives_more_than_received,100000002578405100,distributor,2,0.700712,1908001.0,исходящий поток выше видимого входа,"Признаки распределения: 116 получателей против 2 плательщиков, исходящий поток 3,108,352 KZT.",возвратный поток (2 цикл.); звено сквозной цепочки (1); повтор одной суммы ×8
gives_more_than_received,100000007442518100,peripheral,31,0.699855,3909999.0,исходящий поток выше видимого входа,"Недостаточно признаков роли: 5 плательщиков, 9 получателей, колено 1.",возвратный поток (1 цикл.)
gives_more_than_received,100000008192264100,transit,6,0.69006,25100.0,исходящий поток выше видимого входа,"Признаки транзита: отдал 115% видимого входа; 1→1 связей, быстрый выход 100%.",нет
gives_more_than_received,100000000489417100,transit,14,0.68751,6496.0,исходящий поток выше видимого входа,"Признаки транзита: отдал 109% видимого входа; 3→1 связей, быстрый выход 33%.",нет
gives_more_than_received,100000008379273100,transit,8,0.687081,2000.0,исходящий поток выше видимого входа,"Признаки транзита: отдал 106% видимого входа; 2→4 связей, быстрый выход 0%.",нет
gives_more_than_received,100000006707582100,distributor,12,0.684786,921618.0,исходящий поток выше видимого входа,"Признаки распределения: 14 получателей против 2 плательщиков, исходящий поток 961,138 KZT.",возвратный поток (1 цикл.)
gives_more_than_received,100000003854444100,distributor,18,0.676913,2112909.0,исходящий поток выше видимого входа,"Признаки распределения: 14 получателей против 1 плательщиков, исходящий поток 2,322,909 KZT.",нет
gives_more_than_received,100000005782781100,peripheral,11,0.674628,1091709.0,исходящий поток выше видимого входа,"Недостаточно признаков роли: 6 плательщиков, 10 получателей, колено 2.",возвратный поток (1 цикл.); 3 плательщиков в один день
gives_more_than_received,100000005339662100,peripheral,16,0.669312,92221.0,исходящий поток выше видимого входа,"Недостаточно признаков роли: 4 плательщиков, 4 получателей, колено 1.",возвратный поток (3 цикл.); повторная пересылка за ≤2 дня (1 маршр.)
gives_more_than_received,100000001660397100,transit,1,0.667155,400.0,исходящий поток выше видимого входа,"Признаки транзита: отдал 101% видимого входа; 2→3 связей, быстрый выход 100%.",возвратный поток с seed (19 цикл.)
gives_more_than_received,100000008512552100,peripheral,17,0.662848,907915.0,исходящий поток выше видимого входа,"Недостаточно признаков роли: 4 плательщиков, 6 получателей, колено 2.",возвратный поток (2 цикл.); звено сквозной цепочки (3)
gives_more_than_received,100000003880331100,distributor,7,0.661355,3804908.0,исходящий поток выше видимого входа,"Признаки распределения: 16 получателей против 1 плательщиков, исходящий поток 3,904,908 KZT.",возвратный поток (3 цикл.); повторная пересылка за ≤2 дня (2 маршр.); повтор одной суммы ×12
gives_more_than_received,100000001697501100,distributor,2,0.659253,1358906.0,исходящий поток выше видимого входа,"Признаки распределения: 38 получателей против 3 плательщиков, исходящий поток 1,482,606 KZT.",возвратный поток с seed (3 цикл.); повтор одной суммы ×6
gives_more_than_received,100000000413678100,peripheral,7,0.658485,221698.0,исходящий поток выше видимого входа,"Недостаточно признаков роли: 2 плательщиков, 3 получателей, колено 3.",повтор одной суммы ×4
gives_more_than_received,100000002849158100,peripheral,3,0.655049,590000.0,исходящий поток выше видимого входа,"Недостаточно признаков роли: 3 плательщиков, 1 получателей, колено 3.",3 плательщиков в один день
gives_more_than_received,100000008748914100,distributor,4,0.654437,4291847.0,исходящий поток выше видимого входа,"Признаки распределения: 13 получателей против 2 плательщиков, исходящий поток 4,471,847 KZT.",возвратный поток (1 цикл.)
gives_more_than_received,100000002748532100,peripheral,22,0.640628,291110.0,исходящий поток выше видимого входа,"Недостаточно признаков роли: 3 плательщиков, 2 получателей, колено 2.",нет
gives_more_than_received,100000002217161100,peripheral,36,0.639461,590382.0,исходящий поток выше видимого входа,"Недостаточно признаков роли: 2 плательщиков, 7 получателей, колено 2.",возвратный поток (1 цикл.)
gives_more_than_received,100000006111439100,transit,6,0.636369,3430.0,исходящий поток выше видимого входа,"Признаки транзита: отдал 117% видимого входа; 3→4 связей, быстрый выход 0%.",возвратный поток (1 цикл.); 3 входов у порога 5–10 тыс.
gives_more_than_received,100000008758168100,peripheral,22,0.62493,1458190.0,исходящий поток выше видимого входа,"Недостаточно признаков роли: 2 плательщиков, 5 получателей, колено 2.",нет
gives_more_than_received,100000003718221100,peripheral,24,0.624383,73500.0,исходящий поток выше видимого входа,"Недостаточно признаков роли: 2 плательщиков, 4 получателей, колено 2.",возвратный поток (4 цикл.); звено сквозной цепочки (1)
gives_more_than_received,100000003589877100,peripheral,3,0.624113,240129.0,исходящий поток выше видимого входа,"Недостаточно признаков роли: 2 плательщиков, 6 получателей, колено 1.",нет
gives_more_than_received,100000008752616100,peripheral,3,0.623071,1200490.0,исходящий поток выше видимого входа,"Недостаточно признаков роли: 2 плательщиков, 7 получателей, колено 2.",нет
gives_more_than_received,100000008172352100,peripheral,33,0.621769,199245.0,исходящий поток выше видимого входа,"Недостаточно признаков роли: 3 плательщиков, 7 получателей, колено 1.",звено сквозной цепочки (4)
gives_more_than_received,100000002267998100,peripheral,24,0.620385,695000.0,исходящий поток выше видимого входа,"Недостаточно признаков роли: 2 плательщиков, 3 получателей, колено 2.",возвратный поток (4 цикл.); повторная пересылка за ≤2 дня (1 маршр.); повтор одной суммы ×4
gives_more_than_received,100000004160650100,distributor,26,0.619362,1414727.0,исходящий поток выше видимого входа,"Признаки распределения: 10 получателей против 2 плательщиков, исходящий поток 1,489,827 KZT.",возвратный поток с seed (12 цикл.); повтор одной суммы ×12
gives_more_than_received,100000006579678100,peripheral,5,0.612203,1475870.0,исходящий поток выше видимого входа,"Недостаточно признаков роли: 2 плательщиков, 6 получателей, колено 1.",возвратный поток с seed (2 цикл.)
gives_more_than_received,100000002175422100,peripheral,32,0.611902,1552688.0,исходящий поток выше видимого входа,"Недостаточно признаков роли: 3 плательщиков, 6 получателей, колено 2.",возвратный поток (3 цикл.); повтор одной суммы ×4
gives_more_than_received,100000004188160100,peripheral,5,0.611465,45984.0,исходящий поток выше видимого входа,"Недостаточно признаков роли: 2 плательщиков, 5 получателей, колено 1.",возвратный поток с seed (4 цикл.)
gives_more_than_received,100000003796063100,distributor,6,0.610376,924150.0,исходящий поток выше видимого входа,"Признаки распределения: 15 получателей против 1 плательщиков, исходящий поток 959,150 KZT.",возвратный поток с seed (9 цикл.); звено сквозной цепочки (2)
gives_more_than_received,100000008761219100,peripheral,49,0.610067,325000.0,исходящий поток выше видимого входа,"Недостаточно признаков роли: 2 плательщиков, 2 получателей, колено 3.",нет
gives_more_than_received,100000008213966100,peripheral,29,0.608422,249896.0,исходящий поток выше видимого входа,"Недостаточно признаков роли: 3 плательщиков, 1 получателей, колено 2.",возвратный поток (1 цикл.)
gives_more_than_received,100000006020215100,transit,14,0.607178,3800.0,исходящий поток выше видимого входа,"Признаки транзита: отдал 113% видимого входа; 1→2 связей, быстрый выход 0%.",нет
gives_more_than_received,100000008746449100,distributor,3,0.605705,999000.0,исходящий поток выше видимого входа,"Признаки распределения: 10 получателей против 1 плательщиков, исходящий поток 1,009,000 KZT.",нет
gives_more_than_received,100000002293421100,transit,1,0.604854,6000.0,исходящий поток выше видимого входа,"Признаки транзита: отдал 115% видимого входа; 2→2 связей, быстрый выход 50%.",возвратный поток (2 цикл.); 4 входов у порога 5–10 тыс.
gives_more_than_received,100000000656682100,transit,1,0.604178,9000.0,исходящий поток выше видимого входа,"Признаки транзита: отдал 113% видимого входа; 1→2 связей, быстрый выход 0%.",нет
gives_more_than_received,100000008637537100,peripheral,41,0.602789,1731605.0,исходящий поток выше видимого входа,"Недостаточно признаков роли: 3 плательщиков, 3 получателей, колено 0.",возвратный поток с seed (4 цикл.); повторная пересылка за ≤2 дня (1 маршр.); повтор одной суммы ×8
gives_more_than_received,100000003528285100,peripheral,4,0.602105,429130.0,исходящий поток выше видимого входа,"Недостаточно признаков роли: 4 плательщиков, 4 получателей, колено 3.",нет
gives_more_than_received,100000002193259100,peripheral,13,0.598966,10000.0,исходящий поток выше видимого входа,"Недостаточно признаков роли: 2 плательщиков, 3 получателей, колено 2.",возвратный поток (2 цикл.)
gives_more_than_received,100000004677680100,peripheral,12,0.596764,105000.0,исходящий поток выше видимого входа,"Недостаточно признаков роли: 2 плательщиков, 1 получателей, колено 1.",возвратный поток (1 цикл.)
gives_more_than_received,100000002781227100,transit,64,0.596729,21252.38,исходящий поток выше видимого входа,"Признаки транзита: отдал 111% видимого входа; 2→3 связей, быстрый выход 62%.",возвратный поток (1 цикл.)
gives_more_than_received,100000008722417100,peripheral,6,0.59256,388100.0,исходящий поток выше видимого входа,"Недостаточно признаков роли: 1 плательщиков, 3 получателей, колено 3.",нет
gives_more_than_received,100000008748408100,distributor,9,0.589991,1139960.0,исходящий поток выше видимого входа,"Признаки распределения: 21 получателей против 1 плательщиков, исходящий поток 1,499,960 KZT.",повтор одной суммы ×4
gives_more_than_received,100000002773323100,peripheral,3,0.589624,886644.0,исходящий поток выше видимого входа,"Недостаточно признаков роли: 2 плательщиков, 1 получателей, колено 3.",нет
gives_more_than_received,100000008561016100,transit,3,0.589524,5000.0,исходящий поток выше видимого входа,"Признаки транзита: отдал 103% видимого входа; 1→1 связей, быстрый выход 100%.",повторная пересылка за ≤2 дня (1 маршр.)
gives_more_than_received,100000008739887100,peripheral,7,0.589004,93000.0,исходящий поток выше видимого входа,"Недостаточно признаков роли: 2 плательщиков, 2 получателей, колено 3.",нет
gives_more_than_received,100000002224132100,peripheral,25,0.587779,8163980.0,исходящий поток выше видимого входа,"Недостаточно признаков роли: 5 плательщиков, 4 получателей, колено 2.",возвратный поток (8 цикл.); повторная пересылка за ≤2 дня (1 маршр.); повтор одной суммы ×7
gives_more_than_received,100000008389800100,peripheral,5,0.586705,212620.0,исходящий поток выше видимого входа,"Недостаточно признаков роли: 3 плательщиков, 7 получателей, колено 2.",возвратный поток (2 цикл.)
gives_more_than_received,100000004140487100,distributor,4,0.584308,238090.0,исходящий поток выше видимого входа,"Признаки распределения: 10 получателей против 1 плательщиков, исходящий поток 262,600 KZT.",возвратный поток (3 цикл.); звено сквозной цепочки (2); повтор одной суммы ×4
gives_more_than_received,100000008636603100,peripheral,5,0.581642,123915.0,исходящий поток выше видимого входа,"Недостаточно признаков роли: 2 плательщиков, 6 получателей, колено 2.",возвратный поток с seed (2 цикл.); звено сквозной цепочки (3)
gives_more_than_received,100000003366154100,peripheral,4,0.58155,164170.0,исходящий поток выше видимого входа,"Недостаточно признаков роли: 1 плательщиков, 3 получателей, колено 1.",нет
gives_more_than_received,100000001616816100,peripheral,9,0.579875,5131.0,исходящий поток выше видимого входа,"Недостаточно признаков роли: 5 плательщиков, 3 получателей, колено 0.",возвратный поток с seed (2 цикл.); 6 входов у порога 5–10 тыс.
gives_more_than_received,100000008460102100,distributor,19,0.579226,459070.0,исходящий поток выше видимого входа,"Признаки распределения: 31 получателей против 1 плательщиков, исходящий поток 476,570 KZT.",нет
gives_more_than_received,100000004569484100,peripheral,8,0.576963,57688.0,исходящий поток выше видимого входа,"Недостаточно признаков роли: 2 плательщиков, 4 получателей, колено 3.",возвратный поток (4 цикл.)
gives_more_than_received,100000002645993100,peripheral,1,0.575386,37330.0,исходящий поток выше видимого входа,"Недостаточно признаков роли: 2 плательщиков, 5 получателей, колено 3.",возвратный поток (2 цикл.); звено сквозной цепочки (11)
gives_more_than_received,100000000607941100,peripheral,5,0.575222,20000.0,исходящий поток выше видимого входа,"Недостаточно признаков роли: 2 плательщиков, 1 получателей, колено 2.",возвратный поток (1 цикл.)
gives_more_than_received,100000000913911100,peripheral,4,0.57321,133000.0,исходящий поток выше видимого входа,"Недостаточно признаков роли: 2 плательщиков, 1 получателей, колено 2.",нет
gives_more_than_received,100000004906181100,peripheral,37,0.572259,2373417.91,исходящий поток выше видимого входа,"Недостаточно признаков роли: 1 плательщиков, 7 получателей, колено 3.",повторная пересылка за ≤2 дня (1 маршр.)
gives_more_than_received,100000008490127100,peripheral,6,0.570399,491245.0,исходящий поток выше видимого входа,"Недостаточно признаков роли: 1 плательщиков, 6 получателей, колено 3.",нет
gives_more_than_received,100000007511163100,peripheral,5,0.57014,18386.0,исходящий поток выше видимого входа,"Недостаточно признаков роли: 2 плательщиков, 3 получателей, колено 1.",возвратный поток (1 цикл.)
gives_more_than_received,100000004480280100,peripheral,4,0.569498,149156.0,исходящий поток выше видимого входа,"Недостаточно признаков роли: 1 плательщиков, 2 получателей, колено 1.",нет
gives_more_than_received,100000008742053100,distributor,10,0.569284,2779000.0,исходящий поток выше видимого входа,"Признаки распределения: 12 получателей против 1 плательщиков, исходящий поток 2,789,000 KZT.",нет
gives_more_than_received,100000002481974100,peripheral,7,0.568797,228553.0,исходящий поток выше видимого входа,"Недостаточно признаков роли: 2 плательщиков, 2 получателей, колено 3.",нет
gives_more_than_received,100000004209339100,peripheral,34,0.568252,100000.0,исходящий поток выше видимого входа,"Недостаточно признаков роли: 1 плательщиков, 2 получателей, колено 2.",возвратный поток (1 цикл.); 3 входов у порога 5–10 тыс.
gives_more_than_received,100000007382543100,peripheral,29,0.567668,209000.0,исходящий поток выше видимого входа,"Недостаточно признаков роли: 3 плательщиков, 5 получателей, колено 2.",возвратный поток (2 цикл.)
gives_more_than_received,100000007864477100,peripheral,1,0.566061,127500.0,исходящий поток выше видимого входа,"Недостаточно признаков роли: 2 плательщиков, 6 получателей, колено 3.",повтор одной суммы ×5
gives_more_than_received,100000001937767100,peripheral,15,0.565286,1880000.0,исходящий поток выше видимого входа,"Недостаточно признаков роли: 1 плательщиков, 4 получателей, колено 1.",возвратный поток с seed (1 цикл.)
gives_more_than_received,100000008188026100,peripheral,16,0.563117,251515.17,исходящий поток выше видимого входа,"Недостаточно признаков роли: 2 плательщиков, 4 получателей, колено 1.",нет
gives_more_than_received,100000003457710100,peripheral,6,0.562867,979445.0,исходящий поток выше видимого входа,"Недостаточно признаков роли: 1 плательщиков, 1 получателей, колено 3.",нет
gives_more_than_received,100000002527114100,distributor,2,0.561934,3160249.0,исходящий поток выше видимого входа,"Признаки распределения: 111 получателей против 3 плательщиков, исходящий поток 3,289,249 KZT.",возвратный поток с seed (3 цикл.); повтор одной суммы ×4
gives_more_than_received,100000005079754100,peripheral,4,0.561891,52000.0,исходящий поток выше видимого входа,"Недостаточно признаков роли: 1 плательщиков, 2 получателей, колено 1.",нет
gives_more_than_received,100000002241986100,peripheral,40,0.561524,2797000.0,исходящий поток выше видимого входа,"Недостаточно признаков роли: 1 плательщиков, 6 получателей, колено 3.",нет
gives_more_than_received,100000004076740100,peripheral,35,0.561231,31750.0,исходящий поток выше видимого входа,"Недостаточно признаков роли: 3 плательщиков, 6 получателей, колено 1.",возвратный поток (4 цикл.)
gives_more_than_received,100000001162560100,distributor,3,0.560921,2573098.0,исходящий поток выше видимого входа,"Признаки распределения: 12 получателей против 1 плательщиков, исходящий поток 2,904,398 KZT.",нет
gives_more_than_received,100000004077081100,peripheral,4,0.559848,475000.0,исходящий поток выше видимого входа,"Недостаточно признаков роли: 1 плательщиков, 4 получателей, колено 3.",звено сквозной цепочки (7)
gives_more_than_received,100000008137435100,peripheral,24,0.55642,1325794.0,исходящий поток выше видимого входа,"Недостаточно признаков роли: 2 плательщиков, 6 получателей, колено 1.",возвратный поток с seed (1 цикл.)
gives_more_than_received,100000000976943100,transit,12,0.55411,14000.0,исходящий поток выше видимого входа,"Признаки транзита: отдал 120% видимого входа; 1→1 связей, быстрый выход 100%.",нет
gives_more_than_received,100000008625905100,peripheral,59,0.55285,437200.0,исходящий поток выше видимого входа,"Недостаточно признаков роли: 1 плательщиков, 2 получателей, колено 3.",нет
gives_more_than_received,100000008223661100,peripheral,3,0.547662,60580.0,исходящий поток выше видимого входа,"Недостаточно признаков роли: 2 плательщиков, 5 получателей, колено 3.",нет
gives_more_than_received,100000008628231100,peripheral,67,0.544776,577870.0,исходящий поток выше видимого входа,"Недостаточно признаков роли: 1 плательщиков, 2 получателей, колено 1.",повтор одной суммы ×8
gives_more_than_received,100000004017410100,peripheral,35,0.543213,1137265.0,исходящий поток выше видимого входа,"Недостаточно признаков роли: 2 плательщиков, 5 получателей, колено 3.",возвратный поток (7 цикл.)
gives_more_than_received,100000006977207100,distributor,21,0.542716,3743018.0,исходящий поток выше видимого входа,"Признаки распределения: 15 получателей против 1 плательщиков, исходящий поток 4,157,018 KZT.",нет
gives_more_than_received,100000000089154100,distributor,1,0.542004,415500.0,исходящий поток выше видимого входа,"Признаки распределения: 15 получателей против 1 плательщиков, исходящий поток 425,500 KZT.",возвратный поток с seed (5 цикл.); звено сквозной цепочки (2); повтор одной суммы ×4
gives_more_than_received,100000001637376100,peripheral,6,0.53611,117550.0,исходящий поток выше видимого входа,"Недостаточно признаков роли: 1 плательщиков, 1 получателей, колено 3.",нет
gives_more_than_received,100000008501413100,transit,34,0.529304,100.0,исходящий поток выше видимого входа,"Признаки транзита: отдал 102% видимого входа; 1→1 связей, быстрый выход 100%.",звено сквозной цепочки (1)
gives_more_than_received,100000002731501100,peripheral,26,0.527352,263590.0,исходящий поток выше видимого входа,"Недостаточно признаков роли: 3 плательщиков, 7 получателей, колено 1.",возвратный поток с seed (10 цикл.); 3 плательщиков в один день; повтор одной суммы ×5
gives_more_than_received,100000001677929100,peripheral,11,0.527049,159321.0,исходящий поток выше видимого входа,"Недостаточно признаков роли: 3 плательщиков, 2 получателей, колено 2.",возвратный поток (2 цикл.)
gives_more_than_received,100000001346560100,peripheral,4,0.524366,12200.0,исходящий поток выше видимого входа,"Недостаточно признаков роли: 2 плательщиков, 1 получателей, колено 2.",нет
gives_more_than_received,100000008603331100,peripheral,3,0.524291,702274.0,исходящий поток выше видимого входа,"Недостаточно признаков роли: 2 плательщиков, 6 получателей, колено 2.",возвратный поток (1 цикл.)
gives_more_than_received,100000008650785100,peripheral,5,0.518954,28120.0,исходящий поток выше видимого входа,"Недостаточно признаков роли: 2 плательщиков, 2 получателей, колено 0.",нет
gives_more_than_received,100000005481280100,peripheral,16,0.518227,17300.0,исходящий поток выше видимого входа,"Недостаточно признаков роли: 1 плательщиков, 3 получателей, колено 2.",нет
gives_more_than_received,100000004717647100,peripheral,46,0.515033,1940000.0,исходящий поток выше видимого входа,"Недостаточно признаков роли: 1 плательщиков, 5 получателей, колено 3.",возвратный поток (1 цикл.)
gives_more_than_received,100000002448088100,peripheral,23,0.511532,5000.0,исходящий поток выше видимого входа,"Недостаточно признаков роли: 3 плательщиков, 1 получателей, колено 3.",нет
gives_more_than_received,100000004877085100,peripheral,14,0.510587,70600.0,исходящий поток выше видимого входа,"Недостаточно признаков роли: 1 плательщиков, 3 получателей, колено 3.",нет
gives_more_than_received,100000007898453100,peripheral,4,0.507643,295250.0,исходящий поток выше видимого входа,"Недостаточно признаков роли: 1 плательщиков, 2 получателей, колено 2.",возвратный поток (1 цикл.)
gives_more_than_received,100000004744306100,peripheral,20,0.505141,23000.0,исходящий поток выше видимого входа,"Недостаточно признаков роли: 1 плательщиков, 2 получателей, колено 1.",нет
gives_more_than_received,100000008254069100,peripheral,20,0.50399,97300.0,исходящий поток выше видимого входа,"Недостаточно признаков роли: 1 плательщиков, 5 получателей, колено 2.",возвратный поток (1 цикл.)
gives_more_than_received,100000008545727100,peripheral,8,0.502205,1836500.0,исходящий поток выше видимого входа,"Недостаточно признаков роли: 1 плательщиков, 6 получателей, колено 2.",возвратный поток (1 цикл.)
gives_more_than_received,100000004722765100,peripheral,48,0.501879,2054500.0,исходящий поток выше видимого входа,"Недостаточно признаков роли: 1 плательщиков, 3 получателей, колено 3.",нет
gives_more_than_received,100000005140601100,peripheral,7,0.500737,142615.0,исходящий поток выше видимого входа,"Недостаточно признаков роли: 3 плательщиков, 2 получателей, колено 2.",возвратный поток (2 цикл.)
gives_more_than_received,100000002738256100,transit,53,0.500652,24800.0,исходящий поток выше видимого входа,"Признаки транзита: отдал 117% видимого входа; 1→1 связей, быстрый выход 100%.",возвратный поток (1 цикл.)
gives_more_than_received,100000002681449100,peripheral,41,0.500503,38362.0,исходящий поток выше видимого входа,"Недостаточно признаков роли: 2 плательщиков, 2 получателей, колено 1.",нет
gives_more_than_received,100000006641671100,transit,7,0.499722,3000.0,исходящий поток выше видимого входа,"Признаки транзита: отдал 114% видимого входа; 2→1 связей, быстрый выход 100%.",звено сквозной цепочки (1)
gives_more_than_received,100000003163256100,transit,5,0.497947,1515.0,исходящий поток выше видимого входа,"Признаки транзита: отдал 111% видимого входа; 1→1 связей, быстрый выход 0%.",нет
gives_more_than_received,100000008587459100,peripheral,1,0.4965,504993.0,исходящий поток выше видимого входа,"Недостаточно признаков роли: 2 плательщиков, 2 получателей, колено 2.",возвратный поток с seed (3 цикл.)
gives_more_than_received,100000004424023100,peripheral,10,0.493772,50000.0,исходящий поток выше видимого входа,"Недостаточно признаков роли: 1 плательщиков, 1 получателей, колено 2.",нет
gives_more_than_received,100000008579978100,peripheral,6,0.493472,43000.0,исходящий поток выше видимого входа,"Недостаточно признаков роли: 1 плательщиков, 1 получателей, колено 3.",нет
gives_more_than_received,100000001063678100,peripheral,24,0.492329,55000.0,исходящий поток выше видимого входа,"Недостаточно признаков роли: 1 плательщиков, 2 получателей, колено 3.",нет
gives_more_than_received,100000000274067100,peripheral,11,0.491585,2451296.0,исходящий поток выше видимого входа,"Недостаточно признаков роли: 2 плательщиков, 3 получателей, колено 1.",возвратный поток (1 цикл.)
gives_more_than_received,100000002963189100,peripheral,15,0.488851,4729000.0,исходящий поток выше видимого входа,"Недостаточно признаков роли: 1 плательщиков, 7 получателей, колено 3.",возвратный поток (1 цикл.); повтор одной суммы ×8
gives_more_than_received,100000001965374100,peripheral,25,0.488601,1322380.0,исходящий поток выше видимого входа,"Недостаточно признаков роли: 2 плательщиков, 3 получателей, колено 2.",возвратный поток (1 цикл.)
gives_more_than_received,100000008443341100,peripheral,13,0.4877,15500.0,исходящий поток выше видимого входа,"Недостаточно признаков роли: 2 плательщиков, 3 получателей, колено 1.",возвратный поток с seed (3 цикл.); звено сквозной цепочки (4)
gives_more_than_received,100000003923946100,peripheral,9,0.487183,393000.0,исходящий поток выше видимого входа,"Недостаточно признаков роли: 1 плательщиков, 4 получателей, колено 1.",возвратный поток с seed (1 цикл.)
gives_more_than_received,100000000724540100,peripheral,21,0.486866,50000.0,исходящий поток выше видимого входа,"Недостаточно признаков роли: 1 плательщиков, 1 получателей, колено 2.",нет
gives_more_than_received,100000002205022100,peripheral,56,0.485465,510900.0,исходящий поток выше видимого входа,"Недостаточно признаков роли: 1 плательщиков, 3 получателей, колено 2.",нет
gives_more_than_received,100000003823811100,peripheral,20,0.485298,36130.0,исходящий поток выше видимого входа,"Недостаточно признаков роли: 1 плательщиков, 3 получателей, колено 2.",нет
gives_more_than_received,100000001601320100,transit,11,0.484762,2700.0,исходящий поток выше видимого входа,"Признаки транзита: отдал 106% видимого входа; 2→1 связей, быстрый выход 0%.",нет
gives_more_than_received,100000000933075100,peripheral,13,0.483888,15000.0,исходящий поток выше видимого входа,"Недостаточно признаков роли: 1 плательщиков, 2 получателей, колено 3.",возвратный поток (1 цикл.)
gives_more_than_received,100000000640800100,peripheral,7,0.480877,438135.0,исходящий поток выше видимого входа,"Недостаточно признаков роли: 1 плательщиков, 4 получателей, колено 3.",нет
gives_more_than_received,100000005031696100,peripheral,52,0.479618,110000.0,исходящий поток выше видимого входа,"Недостаточно признаков роли: 1 плательщиков, 2 получателей, колено 2.",нет
gives_more_than_received,100000002032323100,peripheral,3,0.479393,750000.0,исходящий поток выше видимого входа,"Недостаточно признаков роли: 1 плательщиков, 1 получателей, колено 3.",нет
gives_more_than_received,100000008632060100,distributor,1,0.478915,333200.0,исходящий поток выше видимого входа,"Признаки распределения: 9 получателей против 1 плательщиков, исходящий поток 339,200 KZT.",возвратный поток с seed (4 цикл.); повтор одной суммы ×4
gives_more_than_received,100000008121806100,peripheral,7,0.478709,181509.0,исходящий поток выше видимого входа,"Недостаточно признаков роли: 1 плательщиков, 4 получателей, колено 3.",возвратный поток (1 цикл.); повторная пересылка за ≤2 дня (1 маршр.)
gives_more_than_received,100000008193577100,peripheral,44,0.477388,325880.0,исходящий поток выше видимого входа,"Недостаточно признаков роли: 2 плательщиков, 5 получателей, колено 1.",возвратный поток с seed (9 цикл.)
gives_more_than_received,100000001703168100,peripheral,4,0.476157,45000.0,исходящий поток выше видимого входа,"Недостаточно признаков роли: 1 плательщиков, 1 получателей, колено 2.",нет
gives_more_than_received,100000005602999100,peripheral,34,0.475381,11000.0,исходящий поток выше видимого входа,"Недостаточно признаков роли: 1 плательщиков, 2 получателей, колено 2.",возвратный поток (1 цикл.); звено сквозной цепочки (1)
gives_more_than_received,100000003154105100,peripheral,23,0.474205,278000.0,исходящий поток выше видимого входа,"Недостаточно признаков роли: 1 плательщиков, 7 получателей, колено 3.",нет
gives_more_than_received,100000004670388100,peripheral,51,0.474146,559646.0,исходящий поток выше видимого входа,"Недостаточно признаков роли: 1 плательщиков, 2 получателей, колено 3.",возвратный поток (1 цикл.)
gives_more_than_received,100000002970466100,peripheral,1,0.471244,69683.0,исходящий поток выше видимого входа,"Недостаточно признаков роли: 1 плательщиков, 2 получателей, колено 3.",нет
gives_more_than_received,100000004041163100,peripheral,20,0.470773,816000.0,исходящий поток выше видимого входа,"Недостаточно признаков роли: 1 плательщиков, 2 получателей, колено 0.",возвратный поток с seed (1 цикл.)
gives_more_than_received,100000000267734100,peripheral,11,0.470301,102000.0,исходящий поток выше видимого входа,"Недостаточно признаков роли: 2 плательщиков, 7 получателей, колено 1.",возвратный поток (1 цикл.)
gives_more_than_received,100000003016438100,peripheral,3,0.469284,100000.0,исходящий поток выше видимого входа,"Недостаточно признаков роли: 1 плательщиков, 1 получателей, колено 3.",нет
gives_more_than_received,100000008003034100,peripheral,14,0.468767,122799.0,исходящий поток выше видимого входа,"Недостаточно признаков роли: 1 плательщиков, 4 получателей, колено 1.",нет
gives_more_than_received,100000003215448100,peripheral,7,0.466106,32691.0,исходящий поток выше видимого входа,"Недостаточно признаков роли: 1 плательщиков, 2 получателей, колено 3.",нет
gives_more_than_received,100000005357705100,peripheral,7,0.463362,334485.0,исходящий поток выше видимого входа,"Недостаточно признаков роли: 1 плательщиков, 4 получателей, колено 3.",звено сквозной цепочки (1)
gives_more_than_received,100000008258458100,peripheral,65,0.463003,1538988.0,исходящий поток выше видимого входа,"Недостаточно признаков роли: 1 плательщиков, 2 получателей, колено 3.",нет
gives_more_than_received,100000006664478100,transit,9,0.461269,5000.0,исходящий поток выше видимого входа,"Признаки транзита: отдал 109% видимого входа; 1→2 связей, быстрый выход 67%.",нет
gives_more_than_received,100000008088082100,peripheral,14,0.460109,10862.0,исходящий поток выше видимого входа,"Недостаточно признаков роли: 1 плательщиков, 1 получателей, колено 3.",нет
gives_more_than_received,100000002733905100,peripheral,2,0.458713,617839.0,исходящий поток выше видимого входа,"Недостаточно признаков роли: 3 плательщиков, 2 получателей, колено 2.",возвратный поток (2 цикл.)
gives_more_than_received,100000005661829100,transit,18,0.456733,2572.0,исходящий поток выше видимого входа,"Признаки транзита: отдал 107% видимого входа; 1→2 связей, быстрый выход 100%.",нет
gives_more_than_received,100000000733451100,peripheral,14,0.455672,230000.0,исходящий поток выше видимого входа,"Недостаточно признаков роли: 1 плательщиков, 1 получателей, колено 3.",нет
gives_more_than_received,100000001380054100,peripheral,30,0.454871,232950.0,исходящий поток выше видимого входа,"Недостаточно признаков роли: 2 плательщиков, 3 получателей, колено 1.",возвратный поток с seed (2 цикл.)
gives_more_than_received,100000002696152100,peripheral,34,0.454807,47200.0,исходящий поток выше видимого входа,"Недостаточно признаков роли: 1 плательщиков, 2 получателей, колено 3.",возвратный поток (1 цикл.); 3 входов у порога 5–10 тыс.
gives_more_than_received,100000003001661100,peripheral,29,0.453545,329500.0,исходящий поток выше видимого входа,"Недостаточно признаков роли: 1 плательщиков, 5 получателей, колено 3.",возвратный поток (1 цикл.)
gives_more_than_received,100000004770073100,transit,1,0.453321,4.57,исходящий поток выше видимого входа,"Признаки транзита: отдал 100% видимого входа; 1→1 связей, быстрый выход 100%.",звено сквозной цепочки (3)
gives_more_than_received,100000004580202100,peripheral,24,0.452302,36000.0,исходящий поток выше видимого входа,"Недостаточно признаков роли: 1 плательщиков, 3 получателей, колено 2.",нет
gives_more_than_received,100000003968044100,peripheral,7,0.451668,271000.0,исходящий поток выше видимого входа,"Недостаточно признаков роли: 1 плательщиков, 3 получателей, колено 3.",возвратный поток (2 цикл.)
gives_more_than_received,100000005367284100,peripheral,1,0.451293,34600.0,исходящий поток выше видимого входа,"Недостаточно признаков роли: 1 плательщиков, 2 получателей, колено 3.",нет
gives_more_than_received,100000008724461100,peripheral,3,0.450434,29889.0,исходящий поток выше видимого входа,"Недостаточно признаков роли: 1 плательщиков, 1 получателей, колено 3.",нет
gives_more_than_received,100000004183610100,peripheral,14,0.449166,893000.0,исходящий поток выше видимого входа,"Недостаточно признаков роли: 1 плательщиков, 1 получателей, колено 3.",нет
gives_more_than_received,100000003582677100,peripheral,4,0.448182,26243.01,исходящий поток выше видимого входа,"Недостаточно признаков роли: 2 плательщиков, 4 получателей, колено 3.",нет
gives_more_than_received,100000008647905100,peripheral,18,0.446622,294222.0,исходящий поток выше видимого входа,"Недостаточно признаков роли: 1 плательщиков, 2 получателей, колено 2.",нет
gives_more_than_received,100000005037490100,peripheral,14,0.445187,15000.0,исходящий поток выше видимого входа,"Недостаточно признаков роли: 1 плательщиков, 2 получателей, колено 3.",возвратный поток (1 цикл.)
gives_more_than_received,100000001317336100,peripheral,32,0.443286,1620804.0,исходящий поток выше видимого входа,"Недостаточно признаков роли: 1 плательщиков, 2 получателей, колено 3.",нет
gives_more_than_received,100000004094958100,transit,50,0.442883,1000.0,исходящий поток выше видимого входа,"Признаки транзита: отдал 103% видимого входа; 1→1 связей, быстрый выход 100%.",нет
gives_more_than_received,100000005911352100,peripheral,39,0.440458,9000.0,исходящий поток выше видимого входа,"Недостаточно признаков роли: 2 плательщиков, 3 получателей, колено 2.",возвратный поток (1 цикл.)
gives_more_than_received,100000004420041100,peripheral,13,0.440108,582192.0,исходящий поток выше видимого входа,"Недостаточно признаков роли: 1 плательщиков, 7 получателей, колено 3.",нет
gives_more_than_received,100000004398811100,peripheral,4,0.437055,614672.0,исходящий поток выше видимого входа,"Недостаточно признаков роли: 1 плательщиков, 3 получателей, колено 2.",нет
gives_more_than_received,100000005634552100,peripheral,1,0.435988,1170150.0,исходящий поток выше видимого входа,"Недостаточно признаков роли: 1 плательщиков, 3 получателей, колено 1.",нет
gives_more_than_received,100000003977183100,peripheral,9,0.4358,642200.0,исходящий поток выше видимого входа,"Недостаточно признаков роли: 2 плательщиков, 4 получателей, колено 0.",возвратный поток с seed (1 цикл.)
gives_more_than_received,100000003221510100,peripheral,1,0.435646,96000.0,исходящий поток выше видимого входа,"Недостаточно признаков роли: 1 плательщиков, 2 получателей, колено 3.",нет
gives_more_than_received,100000003917461100,peripheral,13,0.434845,130000.0,исходящий поток выше видимого входа,"Недостаточно признаков роли: 1 плательщиков, 2 получателей, колено 3.",возвратный поток (1 цикл.)
gives_more_than_received,100000002306369100,peripheral,4,0.434111,187734.0,исходящий поток выше видимого входа,"Недостаточно признаков роли: 1 плательщиков, 6 получателей, колено 1.",возвратный поток с seed (7 цикл.)
gives_more_than_received,100000003616818100,peripheral,26,0.433218,162100.0,исходящий поток выше видимого входа,"Недостаточно признаков роли: 3 плательщиков, 3 получателей, колено 1.",возвратный поток с seed (10 цикл.)
gives_more_than_received,100000003843844100,peripheral,14,0.432685,221320.0,исходящий поток выше видимого входа,"Недостаточно признаков роли: 1 плательщиков, 1 получателей, колено 3.",нет
gives_more_than_received,100000005519347100,peripheral,5,0.43139,25900.0,исходящий поток выше видимого входа,"Недостаточно признаков роли: 2 плательщиков, 1 получателей, колено 0.",нет
gives_more_than_received,100000002748180100,distributor,10,0.429827,669843.0,исходящий поток выше видимого входа,"Признаки распределения: 8 получателей против 1 плательщиков, исходящий поток 679,743 KZT.",нет
gives_more_than_received,100000001287955100,peripheral,10,0.428197,292480.0,исходящий поток выше видимого входа,"Недостаточно признаков роли: 1 плательщиков, 4 получателей, колено 2.",нет
gives_more_than_received,100000007472293100,peripheral,49,0.427146,340900.0,исходящий поток выше видимого входа,"Недостаточно признаков роли: 1 плательщиков, 3 получателей, колено 3.",нет
gives_more_than_received,100000001052945100,peripheral,58,0.423677,1539180.0,исходящий поток выше видимого входа,"Недостаточно признаков роли: 1 плательщиков, 3 получателей, колено 3.",нет
gives_more_than_received,100000003896956100,peripheral,5,0.42341,17000.0,исходящий поток выше видимого входа,"Недостаточно признаков роли: 1 плательщиков, 1 получателей, колено 3.",нет
gives_more_than_received,100000008721637100,peripheral,9,0.423001,102959.0,исходящий поток выше видимого входа,"Недостаточно признаков роли: 1 плательщиков, 2 получателей, колено 3.",нет
gives_more_than_received,100000007392365100,peripheral,42,0.422601,1755987.0,исходящий поток выше видимого входа,"Недостаточно признаков роли: 1 плательщиков, 6 получателей, колено 3.",нет
gives_more_than_received,100000008571433100,peripheral,53,0.420578,1084000.0,исходящий поток выше видимого входа,"Недостаточно признаков роли: 2 плательщиков, 2 получателей, колено 0.",возвратный поток с seed (2 цикл.)
gives_more_than_received,100000005507142100,peripheral,38,0.42034,49000.0,исходящий поток выше видимого входа,"Недостаточно признаков роли: 3 плательщиков, 3 получателей, колено 2.",возвратный поток (2 цикл.)
gives_more_than_received,100000001330595100,peripheral,26,0.419373,67000.0,исходящий поток выше видимого входа,"Недостаточно признаков роли: 3 плательщиков, 1 получателей, колено 2.",нет
gives_more_than_received,100000005268319100,peripheral,1,0.419248,71287.2,исходящий поток выше видимого входа,"Недостаточно признаков роли: 1 плательщиков, 5 получателей, колено 3.",возвратный поток (1 цикл.)
gives_more_than_received,100000006240939100,peripheral,9,0.417379,618015.0,исходящий поток выше видимого входа,"Недостаточно признаков роли: 1 плательщиков, 5 получателей, колено 2.",нет
gives_more_than_received,100000008531133100,peripheral,5,0.416003,133271.68,исходящий поток выше видимого входа,"Недостаточно признаков роли: 1 плательщиков, 3 получателей, колено 2.",нет
gives_more_than_received,100000008583360100,peripheral,8,0.415936,57157.0,исходящий поток выше видимого входа,"Недостаточно признаков роли: 1 плательщиков, 1 получателей, колено 3.",нет
gives_more_than_received,100000001382002100,transit,1,0.415118,1500.0,исходящий поток выше видимого входа,"Признаки транзита: отдал 103% видимого входа; 1→1 связей, быстрый выход 0%.",возвратный поток (1 цикл.)
gives_more_than_received,100000004931931100,peripheral,1,0.414869,21062.0,исходящий поток выше видимого входа,"Недостаточно признаков роли: 1 плательщиков, 1 получателей, колено 3.",нет
gives_more_than_received,100000003001564100,peripheral,5,0.413801,156480.0,исходящий поток выше видимого входа,"Недостаточно признаков роли: 1 плательщиков, 1 получателей, колено 1.",нет
gives_more_than_received,100000006169033100,peripheral,43,0.4124,1091271.0,исходящий поток выше видимого входа,"Недостаточно признаков роли: 1 плательщиков, 3 получателей, колено 3.",возвратный поток (1 цикл.)
gives_more_than_received,100000000297649100,peripheral,13,0.411532,30600.0,исходящий поток выше видимого входа,"Недостаточно признаков роли: 1 плательщиков, 1 получателей, колено 2.",возвратный поток (1 цикл.)
gives_more_than_received,100000000583220100,peripheral,68,0.410899,756255.0,исходящий поток выше видимого входа,"Недостаточно признаков роли: 1 плательщиков, 1 получателей, колено 3.",нет
gives_more_than_received,100000003190207100,peripheral,20,0.410899,372000.0,исходящий поток выше видимого входа,"Недостаточно признаков роли: 1 плательщиков, 1 получателей, колено 3.",нет
gives_more_than_received,100000005168487100,peripheral,12,0.410331,88510.0,исходящий поток выше видимого входа,"Недостаточно признаков роли: 1 плательщиков, 1 получателей, колено 2.",возвратный поток (1 цикл.); повтор одной суммы ×6
gives_more_than_received,100000004340038100,peripheral,14,0.409731,39022.0,исходящий поток выше видимого входа,"Недостаточно признаков роли: 1 плательщиков, 1 получателей, колено 3.",нет
gives_more_than_received,100000001427082100,peripheral,23,0.409039,119900.0,исходящий поток выше видимого входа,"Недостаточно признаков роли: 1 плательщиков, 5 получателей, колено 3.",нет
gives_more_than_received,100000004475818100,peripheral,6,0.408964,40989.0,исходящий поток выше видимого входа,"Недостаточно признаков роли: 1 плательщиков, 3 получателей, колено 3.",возвратный поток (1 цикл.); звено сквозной цепочки (1)
gives_more_than_received,100000005815602100,peripheral,5,0.407696,145000.0,исходящий поток выше видимого входа,"Недостаточно признаков роли: 1 плательщиков, 1 получателей, колено 3.",нет
gives_more_than_received,100000002152857100,peripheral,9,0.40637,1125000.0,исходящий поток выше видимого входа,"Недостаточно признаков роли: 1 плательщиков, 5 получателей, колено 1.",нет
gives_more_than_received,100000000922570100,transit,13,0.404637,2899.0,исходящий поток выше видимого входа,"Признаки транзита: отдал 106% видимого входа; 1→1 связей, быстрый выход 0%.",нет
gives_more_than_received,100000003054328100,peripheral,10,0.404051,53720.0,исходящий поток выше видимого входа,"Недостаточно признаков роли: 1 плательщиков, 2 получателей, колено 2.",нет
gives_more_than_received,100000008659445100,peripheral,44,0.402997,736660.0,исходящий поток выше видимого входа,"Недостаточно признаков роли: 3 плательщиков, 4 получателей, колено 0.",возвратный поток с seed (10 цикл.)
gives_more_than_received,100000002609774100,peripheral,8,0.401824,19800.0,исходящий поток выше видимого входа,"Недостаточно признаков роли: 1 плательщиков, 1 получателей, колено 1.",нет
gives_more_than_received,100000008757369100,peripheral,1,0.401123,32437.0,исходящий поток выше видимого входа,"Недостаточно признаков роли: 1 плательщиков, 1 получателей, колено 3.",повторная пересылка за ≤2 дня (1 маршр.)
gives_more_than_received,100000008430691100,peripheral,71,0.400915,584900.0,исходящий поток выше видимого входа,"Недостаточно признаков роли: 1 плательщиков, 2 получателей, колено 3.",возвратный поток (1 цикл.)
gives_more_than_received,100000003873332100,peripheral,18,0.399739,262532.0,исходящий поток выше видимого входа,"Недостаточно признаков роли: 1 плательщиков, 4 получателей, колено 1.",нет
gives_more_than_received,100000000190228100,peripheral,3,0.399689,23560.0,исходящий поток выше видимого входа,"Недостаточно признаков роли: 1 плательщиков, 1 получателей, колено 2.",нет
gives_more_than_received,100000008601794100,peripheral,57,0.39675,377000.0,исходящий поток выше видимого входа,"Недостаточно признаков роли: 2 плательщиков, 1 получателей, колено 0.",возвратный поток с seed (2 цикл.)
gives_more_than_received,100000001788284100,peripheral,27,0.39606,288700.0,исходящий поток выше видимого входа,"Недостаточно признаков роли: 1 плательщиков, 5 получателей, колено 3.",возвратный поток (1 цикл.)
gives_more_than_received,100000002371751100,peripheral,62,0.395925,50000.0,исходящий поток выше видимого входа,"Недостаточно признаков роли: 1 плательщиков, 1 получателей, колено 1.",нет
gives_more_than_received,100000005958064100,peripheral,15,0.394709,158240.84,исходящий поток выше видимого входа,"Недостаточно признаков роли: 1 плательщиков, 2 получателей, колено 1.",нет
gives_more_than_received,100000000507799100,peripheral,39,0.392949,2868.0,исходящий поток выше видимого входа,"Недостаточно признаков роли: 1 плательщиков, 1 получателей, колено 1.",нет
gives_more_than_received,100000004715209100,peripheral,3,0.390822,345450.0,исходящий поток выше видимого входа,"Недостаточно признаков роли: 1 плательщиков, 5 получателей, колено 3.",возвратный поток (1 цикл.)
gives_more_than_received,100000005619339100,transit,5,0.389551,442.6,исходящий поток выше видимого входа,"Признаки транзита: отдал 109% видимого входа; 1→1 связей, быстрый выход 0%.",нет
gives_more_than_received,100000004527381100,peripheral,16,0.388846,154532.94,исходящий поток выше видимого входа,"Недостаточно признаков роли: 1 плательщиков, 1 получателей, колено 2.",нет
gives_more_than_received,100000000749118100,peripheral,1,0.388579,6170.0,исходящий поток выше видимого входа,"Недостаточно признаков роли: 1 плательщиков, 1 получателей, колено 3.",нет
gives_more_than_received,100000005264990100,peripheral,20,0.387683,104930.0,исходящий поток выше видимого входа,"Недостаточно признаков роли: 1 плательщиков, 2 получателей, колено 0.",нет
gives_more_than_received,100000002592567100,peripheral,5,0.387203,43303.0,исходящий поток выше видимого входа,"Недостаточно признаков роли: 1 плательщиков, 2 получателей, колено 1.",нет
gives_more_than_received,100000003951827100,peripheral,1,0.387203,8000.0,исходящий поток выше видимого входа,"Недостаточно признаков роли: 1 плательщиков, 2 получателей, колено 3.",нет
gives_more_than_received,100000004508696100,peripheral,39,0.38681,104000.0,исходящий поток выше видимого входа,"Недостаточно признаков роли: 1 плательщиков, 3 получателей, колено 3.",возвратный поток (1 цикл.)
gives_more_than_received,100000004591973100,peripheral,13,0.38591,90000.0,исходящий поток выше видимого входа,"Недостаточно признаков роли: 1 плательщиков, 1 получателей, колено 3.",нет
gives_more_than_received,100000005834479100,peripheral,7,0.385468,6970.0,исходящий поток выше видимого входа,"Недостаточно признаков роли: 1 плательщиков, 2 получателей, колено 2.",нет
gives_more_than_received,100000003835149100,peripheral,25,0.382932,4351940.0,исходящий поток выше видимого входа,"Недостаточно признаков роли: 1 плательщиков, 2 получателей, колено 1.",нет
gives_more_than_received,100000003321895100,peripheral,63,0.379929,529830.0,исходящий поток выше видимого входа,"Недостаточно признаков роли: 1 плательщиков, 2 получателей, колено 3.",нет
gives_more_than_received,100000005265073100,peripheral,20,0.379404,4000.0,исходящий поток выше видимого входа,"Недостаточно признаков роли: 1 плательщиков, 1 получателей, колено 3.",нет
gives_more_than_received,100000005664922100,peripheral,25,0.373732,515000.0,исходящий поток выше видимого входа,"Недостаточно признаков роли: 2 плательщиков, 3 получателей, колено 2.",возвратный поток (1 цикл.)
gives_more_than_received,100000001223977100,peripheral,52,0.373399,13000.0,исходящий поток выше видимого входа,"Недостаточно признаков роли: 1 плательщиков, 1 получателей, колено 3.",нет
gives_more_than_received,100000004644615100,peripheral,10,0.37339,328855.0,исходящий поток выше видимого входа,"Недостаточно признаков роли: 1 плательщиков, 2 получателей, колено 3.",нет
gives_more_than_received,100000002185328100,peripheral,23,0.372481,40000.0,исходящий поток выше видимого входа,"Недостаточно признаков роли: 1 плательщиков, 4 получателей, колено 3.",нет
gives_more_than_received,100000008293431100,peripheral,1,0.372006,282000.0,исходящий поток выше видимого входа,"Недостаточно признаков роли: 1 плательщиков, 5 получателей, колено 3.",возвратный поток (1 цикл.)
gives_more_than_received,100000003148220100,peripheral,60,0.369987,37750.0,исходящий поток выше видимого входа,"Недостаточно признаков роли: 1 плательщиков, 2 получателей, колено 1.",возвратный поток с seed (1 цикл.)
gives_more_than_received,100000001232297100,peripheral,14,0.368319,40000.0,исходящий поток выше видимого входа,"Недостаточно признаков роли: 1 плательщиков, 2 получателей, колено 2.",возвратный поток (2 цикл.)
gives_more_than_received,100000000955529100,peripheral,4,0.359887,36500.0,исходящий поток выше видимого входа,"Недостаточно признаков роли: 1 плательщиков, 1 получателей, колено 3.",нет
gives_more_than_received,100000002831727100,peripheral,18,0.359253,71000.0,исходящий поток выше видимого входа,"Недостаточно признаков роли: 1 плательщиков, 1 получателей, колено 2.",нет
gives_more_than_received,100000000580561100,peripheral,45,0.358679,1460097.0,исходящий поток выше видимого входа,"Недостаточно признаков роли: 2 плательщиков, 3 получателей, колено 0.",возвратный поток с seed (2 цикл.)
gives_more_than_received,100000008713270100,peripheral,9,0.357985,160000.0,исходящий поток выше видимого входа,"Недостаточно признаков роли: 1 плательщиков, 3 получателей, колено 2.",нет
gives_more_than_received,100000007333038100,peripheral,10,0.357743,17494.0,исходящий поток выше видимого входа,"Недостаточно признаков роли: 1 плательщиков, 2 получателей, колено 3.",нет
gives_more_than_received,100000006534886100,peripheral,5,0.357698,95800.0,исходящий поток выше видимого входа,"Недостаточно признаков роли: 1 плательщиков, 1 получателей, колено 2.",возвратный поток (1 цикл.)
gives_more_than_received,100000002513028100,peripheral,61,0.356617,323209.0,исходящий поток выше видимого входа,"Недостаточно признаков роли: 1 плательщиков, 3 получателей, колено 3.",повтор одной суммы ×8
gives_more_than_received,100000001831496100,peripheral,12,0.355316,348000.0,исходящий поток выше видимого входа,"Недостаточно признаков роли: 1 плательщиков, 1 получателей, колено 3.",нет
gives_more_than_received,100000000723383100,peripheral,23,0.354473,68200.0,исходящий поток выше видимого входа,"Недостаточно признаков роли: 1 плательщиков, 2 получателей, колено 2.",нет
gives_more_than_received,100000005316708100,peripheral,10,0.353005,167500.0,исходящий поток выше видимого входа,"Недостаточно признаков роли: 1 плательщиков, 2 получателей, колено 1.",нет
gives_more_than_received,100000004921657100,peripheral,4,0.352947,13890.0,исходящий поток выше видимого входа,"Недостаточно признаков роли: 1 плательщиков, 1 получателей, колено 3.",нет
gives_more_than_received,100000002984403100,peripheral,27,0.35198,5000.0,исходящий поток выше видимого входа,"Недостаточно признаков роли: 1 плательщиков, 1 получателей, колено 3.",нет
gives_more_than_received,100000004285800100,peripheral,1,0.349978,10000.0,исходящий поток выше видимого входа,"Недостаточно признаков роли: 1 плательщиков, 1 получателей, колено 2.",нет
gives_more_than_received,100000008720856100,peripheral,6,0.348677,27895.0,исходящий поток выше видимого входа,"Недостаточно признаков роли: 1 плательщиков, 1 получателей, колено 3.",нет
gives_more_than_received,100000008759857100,peripheral,22,0.345265,989000.0,исходящий поток выше видимого входа,"Недостаточно признаков роли: 1 плательщиков, 2 получателей, колено 3.",нет
gives_more_than_received,100000008417359100,peripheral,17,0.344565,69950.0,исходящий поток выше видимого входа,"Недостаточно признаков роли: 1 плательщиков, 2 получателей, колено 3.",возвратный поток (1 цикл.)
gives_more_than_received,100000007648946100,peripheral,14,0.343472,5450.0,исходящий поток выше видимого входа,"Недостаточно признаков роли: 1 плательщиков, 1 получателей, колено 1.",нет
gives_more_than_received,100000003975102100,peripheral,5,0.34194,62850.0,исходящий поток выше видимого входа,"Недостаточно признаков роли: 1 плательщиков, 2 получателей, колено 0.",нет
gives_more_than_received,100000006888238100,peripheral,60,0.341837,12000.0,исходящий поток выше видимого входа,"Недостаточно признаков роли: 1 плательщиков, 1 получателей, колено 2.",нет
gives_more_than_received,100000001439416100,peripheral,1,0.341629,155000.0,исходящий поток выше видимого входа,"Недостаточно признаков роли: 1 плательщиков, 2 получателей, колено 3.",возвратный поток (1 цикл.)
gives_more_than_received,100000002933386100,peripheral,4,0.340536,43000.0,исходящий поток выше видимого входа,"Недостаточно признаков роли: 1 плательщиков, 1 получателей, колено 3.",нет
gives_more_than_received,100000008738526100,peripheral,22,0.340536,125000.0,исходящий поток выше видимого входа,"Недостаточно признаков роли: 1 плательщиков, 1 получателей, колено 3.",нет
gives_more_than_received,100000005222360100,peripheral,15,0.340036,22000.0,исходящий поток выше видимого входа,"Недостаточно признаков роли: 1 плательщиков, 1 получателей, колено 3.",нет
gives_more_than_received,100000008760098100,peripheral,22,0.339769,383000.0,исходящий поток выше видимого входа,"Недостаточно признаков роли: 1 плательщиков, 1 получателей, колено 3.",нет
gives_more_than_received,100000007534354100,peripheral,10,0.339569,97810.0,исходящий поток выше видимого входа,"Недостаточно признаков роли: 1 плательщиков, 3 получателей, колено 2.",нет
gives_more_than_received,100000002612809100,peripheral,38,0.339235,84000.0,исходящий поток выше видимого входа,"Недостаточно признаков роли: 1 плательщиков, 3 получателей, колено 3.",возвратный поток (1 цикл.)
gives_more_than_received,100000002606567100,peripheral,1,0.338534,38905.0,исходящий поток выше видимого входа,"Недостаточно признаков роли: 1 плательщиков, 1 получателей, колено 1.",нет
gives_more_than_received,100000001954534100,peripheral,1,0.336666,27000.0,исходящий поток выше видимого входа,"Недостаточно признаков роли: 1 плательщиков, 1 получателей, колено 3.",нет
gives_more_than_received,100000005394708100,peripheral,20,0.335498,39000.0,исходящий поток выше видимого входа,"Недостаточно признаков роли: 1 плательщиков, 1 получателей, колено 1.",нет
gives_more_than_received,100000000860514100,peripheral,27,0.334664,38000.0,исходящий поток выше видимого входа,"Недостаточно признаков роли: 1 плательщиков, 1 получателей, колено 3.",нет
gives_more_than_received,100000003069463100,peripheral,28,0.334064,6420.0,исходящий поток выше видимого входа,"Недостаточно признаков роли: 1 плательщиков, 1 получателей, колено 3.",нет
gives_more_than_received,100000004629688100,peripheral,16,0.33383,10000.0,исходящий поток выше видимого входа,"Недостаточно признаков роли: 1 плательщиков, 1 получателей, колено 3.",возвратный поток (1 цикл.)
gives_more_than_received,100000007689942100,peripheral,18,0.329118,20000.0,исходящий поток выше видимого входа,"Недостаточно признаков роли: 1 плательщиков, 2 получателей, колено 3.",возвратный поток (1 цикл.)
gives_more_than_received,100000002391278100,peripheral,9,0.32627,22700.0,исходящий поток выше видимого входа,"Недостаточно признаков роли: 1 плательщиков, 1 получателей, колено 3.",возвратный поток (1 цикл.); 4 входов у порога 5–10 тыс.
gives_more_than_received,100000008254576100,peripheral,36,0.325189,52000.0,исходящий поток выше видимого входа,"Недостаточно признаков роли: 1 плательщиков, 1 получателей, колено 3.",нет
gives_more_than_received,100000007591246100,peripheral,14,0.325056,107810.0,исходящий поток выше видимого входа,"Недостаточно признаков роли: 1 плательщиков, 1 получателей, колено 3.",нет
gives_more_than_received,100000001229743100,peripheral,1,0.323621,2000.0,исходящий поток выше видимого входа,"Недостаточно признаков роли: 1 плательщиков, 1 получателей, колено 3.",нет
gives_more_than_received,100000006232815100,peripheral,30,0.322897,136500.0,исходящий поток выше видимого входа,"Недостаточно признаков роли: 1 плательщиков, 5 получателей, колено 0.",возвратный поток с seed (1 цикл.)
gives_more_than_received,100000001782980100,peripheral,30,0.322854,546200.0,исходящий поток выше видимого входа,"Недостаточно признаков роли: 1 плательщиков, 1 получателей, колено 2.",нет
gives_more_than_received,100000001893287100,peripheral,9,0.319684,134700.0,исходящий поток выше видимого входа,"Недостаточно признаков роли: 1 плательщиков, 1 получателей, колено 3.",возвратный поток (1 цикл.); повтор одной суммы ×9; 3 входов у порога 5–10 тыс.
gives_more_than_received,100000005052998100,peripheral,1,0.317182,18900.0,исходящий поток выше видимого входа,"Недостаточно признаков роли: 1 плательщиков, 1 получателей, колено 3.",возвратный поток (1 цикл.)
gives_more_than_received,100000005264874100,peripheral,38,0.315205,48000.0,исходящий поток выше видимого входа,"Недостаточно признаков роли: 1 плательщиков, 2 получателей, колено 3.",возвратный поток (1 цикл.)
gives_more_than_received,100000001825934100,peripheral,38,0.313379,57000.0,исходящий поток выше видимого входа,"Недостаточно признаков роли: 1 плательщиков, 1 получателей, колено 3.",нет
gives_more_than_received,100000000831684100,peripheral,13,0.312177,35000.0,исходящий поток выше видимого входа,"Недостаточно признаков роли: 1 плательщиков, 1 получателей, колено 2.",возвратный поток (1 цикл.)
gives_more_than_received,100000008738325100,peripheral,20,0.311292,17450.0,исходящий поток выше видимого входа,"Недостаточно признаков роли: 1 плательщиков, 1 получателей, колено 0.",нет
gives_more_than_received,100000003216073100,peripheral,21,0.310976,32999.0,исходящий поток выше видимого входа,"Недостаточно признаков роли: 1 плательщиков, 1 получателей, колено 3.",нет
gives_more_than_received,100000005142492100,peripheral,9,0.301835,47000.0,исходящий поток выше видимого входа,"Недостаточно признаков роли: 1 плательщиков, 1 получателей, колено 3.",возвратный поток (1 цикл.)
gives_more_than_received,100000004765639100,peripheral,1,0.300759,6000.0,исходящий поток выше видимого входа,"Недостаточно признаков роли: 1 плательщиков, 2 получателей, колено 2.",возвратный поток (2 цикл.)
gives_more_than_received,100000003888271100,peripheral,45,0.299458,13413.0,исходящий поток выше видимого входа,"Недостаточно признаков роли: 1 плательщиков, 2 получателей, колено 1.",возвратный поток с seed (1 цикл.)
gives_more_than_received,100000002214664100,peripheral,2,0.29643,69000.0,исходящий поток выше видимого входа,"Недостаточно признаков роли: 1 плательщиков, 1 получателей, колено 3.",нет
gives_more_than_received,100000004784224100,peripheral,25,0.29206,76500.0,исходящий поток выше видимого входа,"Недостаточно признаков роли: 1 плательщиков, 1 получателей, колено 1.",нет
gives_more_than_received,100000000607731100,peripheral,30,0.286121,46666.0,исходящий поток выше видимого входа,"Недостаточно признаков роли: 1 плательщиков, 1 получателей, колено 1.",нет
gives_more_than_received,100000003192309100,peripheral,2,0.279882,195800.0,исходящий поток выше видимого входа,"Недостаточно признаков роли: 1 плательщиков, 1 получателей, колено 3.",нет
gives_more_than_received,100000004321983100,peripheral,9,0.27884,25360.0,исходящий поток выше видимого входа,"Недостаточно признаков роли: 1 плательщиков, 2 получателей, колено 3.",возвратный поток (1 цикл.)
gives_more_than_received,100000006734554100,peripheral,30,0.278414,8500.0,исходящий поток выше видимого входа,"Недостаточно признаков роли: 1 плательщиков, 1 получателей, колено 1.",нет
gives_more_than_received,100000000572276100,peripheral,2,0.271208,21472.0,исходящий поток выше видимого входа,"Недостаточно признаков роли: 1 плательщиков, 1 получателей, колено 3.",нет
gives_more_than_received,100000005547096100,peripheral,50,0.270766,218300.0,исходящий поток выше видимого входа,"Недостаточно признаков роли: 1 плательщиков, 2 получателей, колено 2.",возвратный поток (1 цикл.)
gives_more_than_received,100000006912294100,peripheral,3,0.268097,23664.91,исходящий поток выше видимого входа,"Недостаточно признаков роли: 1 плательщиков, 2 получателей, колено 2.",возвратный поток (1 цикл.)
gives_more_than_received,100000007749092100,peripheral,5,0.258597,62725.0,исходящий поток выше видимого входа,"Недостаточно признаков роли: 1 плательщиков, 1 получателей, колено 2.",возвратный поток (1 цикл.)
gives_more_than_received,100000004613582100,peripheral,11,0.251824,4500.0,исходящий поток выше видимого входа,"Недостаточно признаков роли: 1 плательщиков, 1 получателей, колено 3.",нет
gives_more_than_received,100000005041905100,peripheral,2,0.251824,1075351.0,исходящий поток выше видимого входа,"Недостаточно признаков роли: 1 плательщиков, 1 получателей, колено 3.",возвратный поток (1 цикл.)
