cycle_id,position,gid,role,cluster_id,is_seed,priority_score,bottleneck_kzt,path
1,1,100000004221668100,peripheral,9,False,0.57773,683600.0,100000004221668100 → 100000005171642100 → 100000004221668100
1,2,100000005171642100,transit,9,False,0.681338,683600.0,100000004221668100 → 100000005171642100 → 100000004221668100
2,1,100000000791285100,peripheral,28,False,0.523032,560000.0,100000000791285100 → 100000008461532100 → 100000000791285100
2,2,100000008461532100,distributor,28,False,0.877291,560000.0,100000000791285100 → 100000008461532100 → 100000000791285100
3,1,100000002963189100,peripheral,15,False,0.488851,490000.0,100000002963189100 → 100000005933757100 → 100000002963189100
3,2,100000005933757100,distributor,15,False,0.916515,490000.0,100000002963189100 → 100000005933757100 → 100000002963189100
4,1,100000001872484100,peripheral,57,False,0.42352,475400.0,100000001872484100 → 100000008601794100 → 100000001872484100
4,2,100000008601794100,peripheral,57,True,0.39675,475400.0,100000001872484100 → 100000008601794100 → 100000001872484100
5,1,100000001732159100,peripheral,41,True,0.582587,381890.0,100000001732159100 → 100000008637537100 → 100000001732159100
5,2,100000008637537100,peripheral,41,True,0.602789,381890.0,100000001732159100 → 100000008637537100 → 100000001732159100
6,1,100000002741024100,peripheral,1,False,0.685816,360000.0,100000002741024100 → 100000007629096100 → 100000002741024100
6,2,100000007629096100,consolidator,1,False,0.785863,360000.0,100000002741024100 → 100000007629096100 → 100000002741024100
7,1,100000001445848100,peripheral,36,False,0.419509,351850.0,100000001445848100 → 100000002217161100 → 100000001445848100
7,2,100000002217161100,peripheral,36,False,0.639461,351850.0,100000001445848100 → 100000002217161100 → 100000001445848100
8,1,100000007390016100,peripheral,72,False,0.483407,346500.0,100000007390016100 → 100000008324800100 → 100000007390016100
8,2,100000008324800100,transit,72,False,0.814073,346500.0,100000007390016100 → 100000008324800100 → 100000007390016100
9,1,100000000274067100,peripheral,11,False,0.491585,300000.0,100000000274067100 → 100000002958343100 → 100000000274067100
9,2,100000002958343100,peripheral,11,False,0.426971,300000.0,100000000274067100 → 100000002958343100 → 100000000274067100
10,1,100000002224132100,peripheral,25,False,0.587779,300000.0,100000002224132100 → 100000004603109100 → 100000002224132100
10,2,100000004603109100,peripheral,25,False,0.566145,300000.0,100000002224132100 → 100000004603109100 → 100000002224132100
11,1,100000004479404100,peripheral,46,False,0.5999,300000.0,100000004479404100 → 100000004717647100 → 100000004479404100
11,2,100000004717647100,peripheral,46,False,0.515033,300000.0,100000004479404100 → 100000004717647100 → 100000004479404100
12,1,100000001732159100,peripheral,41,True,0.582587,232000.0,100000001732159100 → 100000008314203100 → 100000008637537100 → 100000001732159100
12,2,100000008314203100,peripheral,41,True,0.499081,232000.0,100000001732159100 → 100000008314203100 → 100000008637537100 → 100000001732159100
12,3,100000008637537100,peripheral,41,True,0.602789,232000.0,100000001732159100 → 100000008314203100 → 100000008637537100 → 100000001732159100
13,1,100000002267998100,peripheral,24,False,0.620385,220000.0,100000002267998100 → 100000003701161100 → 100000002267998100
13,2,100000003701161100,peripheral,24,False,0.6871,220000.0,100000002267998100 → 100000003701161100 → 100000002267998100
14,1,100000004299488100,consolidator,1,False,0.900693,204999.0,100000004299488100 → 100000007055802100 → 100000004299488100
14,2,100000007055802100,consolidator,1,False,0.802891,204999.0,100000004299488100 → 100000007055802100 → 100000004299488100
15,1,100000002267998100,peripheral,24,False,0.620385,200000.0,100000002267998100 → 100000003718221100 → 100000002267998100
15,2,100000003718221100,peripheral,24,False,0.624383,200000.0,100000002267998100 → 100000003718221100 → 100000002267998100
16,1,100000003299365100,transit,4,False,0.635334,200000.0,100000003299365100 → 100000003684369100 → 100000003299365100
16,2,100000003684369100,distributor,4,True,0.844489,200000.0,100000003299365100 → 100000003684369100 → 100000003299365100
17,1,100000004135268100,transit,53,False,0.653167,200000.0,100000004135268100 → 100000004979498100 → 100000008571433100 → 100000004135268100
17,2,100000004979498100,peripheral,53,False,0.40903,200000.0,100000004135268100 → 100000004979498100 → 100000008571433100 → 100000004135268100
17,3,100000008571433100,peripheral,53,True,0.420578,200000.0,100000004135268100 → 100000004979498100 → 100000008571433100 → 100000004135268100
18,1,100000000201868100,transit,55,False,0.508343,190000.0,100000000201868100 → 100000006069103100 → 100000000201868100
18,2,100000006069103100,transit,55,False,0.789976,190000.0,100000000201868100 → 100000006069103100 → 100000000201868100
19,1,100000002224132100,peripheral,25,False,0.587779,180300.0,100000002224132100 → 100000004892144100 → 100000002224132100
19,2,100000004892144100,peripheral,25,False,0.519762,180300.0,100000002224132100 → 100000004892144100 → 100000002224132100
20,1,100000004759121100,consolidator,1,False,0.883361,175000.0,100000004759121100 → 100000006844768100 → 100000004759121100
20,2,100000006844768100,peripheral,1,False,0.557874,175000.0,100000004759121100 → 100000006844768100 → 100000004759121100
21,1,100000000291906100,transit,51,False,0.731549,160354.0,100000000291906100 → 100000004670388100 → 100000000291906100
21,2,100000004670388100,peripheral,51,False,0.474146,160354.0,100000000291906100 → 100000004670388100 → 100000000291906100
22,1,100000002738256100,transit,53,False,0.500652,150200.0,100000002738256100 → 100000004135268100 → 100000002738256100
22,2,100000004135268100,transit,53,False,0.653167,150200.0,100000002738256100 → 100000004135268100 → 100000002738256100
23,1,100000003237045100,peripheral,5,False,0.378436,150000.0,100000003237045100 → 100000006579678100 → 100000003237045100
23,2,100000006579678100,peripheral,5,False,0.612203,150000.0,100000003237045100 → 100000006579678100 → 100000003237045100
24,1,100000004135268100,transit,53,False,0.653167,150000.0,100000004135268100 → 100000008571433100 → 100000004135268100
24,2,100000008571433100,peripheral,53,True,0.420578,150000.0,100000004135268100 → 100000008571433100 → 100000004135268100
25,1,100000000673868100,peripheral,31,False,0.539021,149500.0,100000000673868100 → 100000008258083100 → 100000000673868100
25,2,100000008258083100,peripheral,31,False,0.670223,149500.0,100000000673868100 → 100000008258083100 → 100000000673868100
26,1,100000000838385100,peripheral,29,False,0.505007,145000.0,100000000838385100 → 100000008213966100 → 100000000838385100
26,2,100000008213966100,peripheral,29,False,0.608422,145000.0,100000000838385100 → 100000008213966100 → 100000000838385100
27,1,100000004017410100,peripheral,35,False,0.543213,141000.0,100000004017410100 → 100000005519998100 → 100000004017410100
27,2,100000005519998100,transit,35,False,0.710319,141000.0,100000004017410100 → 100000005519998100 → 100000004017410100
28,1,100000003635170100,transit,34,False,0.864708,138500.0,100000003635170100 → 100000004209339100 → 100000003635170100
28,2,100000004209339100,peripheral,34,False,0.568252,138500.0,100000003635170100 → 100000004209339100 → 100000003635170100
29,1,100000004820260100,transit,16,False,0.712458,135850.0,100000004820260100 → 100000005339662100 → 100000004820260100
29,2,100000005339662100,peripheral,16,False,0.669312,135850.0,100000004820260100 → 100000005339662100 → 100000004820260100
30,1,100000000661912100,consolidator,7,False,0.87446,126000.0,100000000661912100 → 100000003131016100 → 100000000661912100
30,2,100000003131016100,peripheral,7,False,0.448537,126000.0,100000000661912100 → 100000003131016100 → 100000000661912100
31,1,100000001380054100,peripheral,30,False,0.454871,120000.0,100000001380054100 → 100000006232815100 → 100000001380054100
31,2,100000006232815100,peripheral,30,True,0.322897,120000.0,100000001380054100 → 100000006232815100 → 100000001380054100
32,1,100000003701161100,peripheral,24,False,0.6871,120000.0,100000003701161100 → 100000003718221100 → 100000003701161100
32,2,100000003718221100,peripheral,24,False,0.624383,120000.0,100000003701161100 → 100000003718221100 → 100000003701161100
33,1,100000002267998100,peripheral,24,False,0.620385,120000.0,100000002267998100 → 100000003701161100 → 100000003718221100 → 100000002267998100
33,2,100000003701161100,peripheral,24,False,0.6871,120000.0,100000002267998100 → 100000003701161100 → 100000003718221100 → 100000002267998100
33,3,100000003718221100,peripheral,24,False,0.624383,120000.0,100000002267998100 → 100000003701161100 → 100000003718221100 → 100000002267998100
34,1,100000002267998100,peripheral,24,False,0.620385,120000.0,100000002267998100 → 100000003718221100 → 100000003701161100 → 100000002267998100
34,2,100000003718221100,peripheral,24,False,0.624383,120000.0,100000002267998100 → 100000003718221100 → 100000003701161100 → 100000002267998100
34,3,100000003701161100,peripheral,24,False,0.6871,120000.0,100000002267998100 → 100000003718221100 → 100000003701161100 → 100000002267998100
35,1,100000000673868100,peripheral,31,False,0.539021,115000.0,100000000673868100 → 100000007442518100 → 100000008258083100 → 100000000673868100
35,2,100000007442518100,peripheral,31,False,0.699855,115000.0,100000000673868100 → 100000007442518100 → 100000008258083100 → 100000000673868100
35,3,100000008258083100,peripheral,31,False,0.670223,115000.0,100000000673868100 → 100000007442518100 → 100000008258083100 → 100000000673868100
36,1,100000003016635100,distributor,5,True,0.825536,110723.0,100000003016635100 → 100000005287097100 → 100000003016635100
36,2,100000005287097100,distributor,5,False,0.867304,110723.0,100000003016635100 → 100000005287097100 → 100000003016635100
37,1,100000003001661100,peripheral,29,False,0.453545,110000.0,100000003001661100 → 100000007382543100 → 100000003001661100
37,2,100000007382543100,peripheral,29,False,0.567668,110000.0,100000003001661100 → 100000007382543100 → 100000003001661100
38,1,100000001857829100,coordinator,7,False,0.945212,100000.0,100000001857829100 → 100000003880331100 → 100000001857829100
38,2,100000003880331100,distributor,7,False,0.661355,100000.0,100000001857829100 → 100000003880331100 → 100000001857829100
39,1,100000004407753100,peripheral,29,False,0.390547,100000.0,100000004407753100 → 100000007382543100 → 100000004407753100
39,2,100000007382543100,peripheral,29,False,0.567668,100000.0,100000004407753100 → 100000007382543100 → 100000004407753100
40,1,100000001857829100,coordinator,7,False,0.945212,100000.0,100000001857829100 → 100000003880331100 → 100000008603629100 → 100000001857829100
40,2,100000003880331100,distributor,7,False,0.661355,100000.0,100000001857829100 → 100000003880331100 → 100000008603629100 → 100000001857829100
40,3,100000008603629100,coordinator,7,False,0.981072,100000.0,100000001857829100 → 100000003880331100 → 100000008603629100 → 100000001857829100
41,1,100000002224132100,peripheral,25,False,0.587779,100000.0,100000002224132100 → 100000004603109100 → 100000004892144100 → 100000002224132100
41,2,100000004603109100,peripheral,25,False,0.566145,100000.0,100000002224132100 → 100000004603109100 → 100000004892144100 → 100000002224132100
41,3,100000004892144100,peripheral,25,False,0.519762,100000.0,100000002224132100 → 100000004603109100 → 100000004892144100 → 100000002224132100
42,1,100000001732159100,peripheral,41,True,0.582587,95000.0,100000001732159100 → 100000008314203100 → 100000001732159100
42,2,100000008314203100,peripheral,41,True,0.499081,95000.0,100000001732159100 → 100000008314203100 → 100000001732159100
43,1,100000000594783100,peripheral,25,False,0.475054,92500.0,100000000594783100 → 100000004603109100 → 100000002224132100 → 100000000594783100
43,2,100000004603109100,peripheral,25,False,0.566145,92500.0,100000000594783100 → 100000004603109100 → 100000002224132100 → 100000000594783100
43,3,100000002224132100,peripheral,25,False,0.587779,92500.0,100000000594783100 → 100000004603109100 → 100000002224132100 → 100000000594783100
44,1,100000000594783100,peripheral,25,False,0.475054,92500.0,100000000594783100 → 100000004603109100 → 100000004892144100 → 100000002224132100 → 100000000594783100
44,2,100000004603109100,peripheral,25,False,0.566145,92500.0,100000000594783100 → 100000004603109100 → 100000004892144100 → 100000002224132100 → 100000000594783100
44,3,100000004892144100,peripheral,25,False,0.519762,92500.0,100000000594783100 → 100000004603109100 → 100000004892144100 → 100000002224132100 → 100000000594783100
44,4,100000002224132100,peripheral,25,False,0.587779,92500.0,100000000594783100 → 100000004603109100 → 100000004892144100 → 100000002224132100 → 100000000594783100
45,1,100000008748914100,distributor,4,False,0.654437,85000.0,100000008748914100 → 100000008762832100 → 100000008748914100
45,2,100000008762832100,peripheral,4,False,0.357218,85000.0,100000008748914100 → 100000008762832100 → 100000008748914100
46,1,100000003923946100,peripheral,9,False,0.487183,82000.0,100000003923946100 → 100000003977183100 → 100000003923946100
46,2,100000003977183100,peripheral,9,True,0.4358,82000.0,100000003923946100 → 100000003977183100 → 100000003923946100
47,1,100000008659445100,peripheral,44,True,0.402997,77300.0,100000008659445100 → 100000008736940100 → 100000008659445100
47,2,100000008736940100,peripheral,44,False,0.505555,77300.0,100000008659445100 → 100000008736940100 → 100000008659445100
48,1,100000008193577100,peripheral,44,False,0.477388,77300.0,100000008193577100 → 100000008736940100 → 100000008659445100 → 100000008193577100
48,2,100000008736940100,peripheral,44,False,0.505555,77300.0,100000008193577100 → 100000008736940100 → 100000008659445100 → 100000008193577100
48,3,100000008659445100,peripheral,44,True,0.402997,77300.0,100000008193577100 → 100000008736940100 → 100000008659445100 → 100000008193577100
49,1,100000001677929100,peripheral,11,False,0.527049,76777.0,100000001677929100 → 100000002394199100 → 100000001677929100
49,2,100000002394199100,peripheral,11,False,0.386466,76777.0,100000001677929100 → 100000002394199100 → 100000001677929100
50,1,100000001697501100,distributor,2,False,0.659253,73700.0,100000001697501100 → 100000002578405100 → 100000001697501100
50,2,100000002578405100,distributor,2,False,0.700712,73700.0,100000001697501100 → 100000002578405100 → 100000001697501100
51,1,100000008659445100,peripheral,44,True,0.402997,72600.0,100000008659445100 → 100000008751429100 → 100000008736940100 → 100000008659445100
51,2,100000008751429100,peripheral,44,False,0.478425,72600.0,100000008659445100 → 100000008751429100 → 100000008736940100 → 100000008659445100
51,3,100000008736940100,peripheral,44,False,0.505555,72600.0,100000008659445100 → 100000008751429100 → 100000008736940100 → 100000008659445100
52,1,100000008193577100,peripheral,44,False,0.477388,72600.0,100000008193577100 → 100000008751429100 → 100000008736940100 → 100000008659445100 → 100000008193577100
52,2,100000008751429100,peripheral,44,False,0.478425,72600.0,100000008193577100 → 100000008751429100 → 100000008736940100 → 100000008659445100 → 100000008193577100
52,3,100000008736940100,peripheral,44,False,0.505555,72600.0,100000008193577100 → 100000008751429100 → 100000008736940100 → 100000008659445100 → 100000008193577100
52,4,100000008659445100,peripheral,44,True,0.402997,72600.0,100000008193577100 → 100000008751429100 → 100000008736940100 → 100000008659445100 → 100000008193577100
53,1,100000004330371100,peripheral,5,False,0.591517,71700.0,100000004330371100 → 100000006534886100 → 100000004330371100
53,2,100000006534886100,peripheral,5,False,0.357698,71700.0,100000004330371100 → 100000006534886100 → 100000004330371100
54,1,100000002723538100,distributor,7,False,0.839435,70647.0,100000002723538100 → 100000008603629100 → 100000002723538100
54,2,100000008603629100,coordinator,7,False,0.981072,70647.0,100000002723538100 → 100000008603629100 → 100000002723538100
55,1,100000001616816100,peripheral,9,True,0.579875,69195.0,100000001616816100 → 100000004015047100 → 100000001616816100
55,2,100000004015047100,consolidator,9,False,0.901369,69195.0,100000001616816100 → 100000004015047100 → 100000001616816100
56,1,100000008193577100,peripheral,44,False,0.477388,67300.0,100000008193577100 → 100000008736940100 → 100000008193577100
56,2,100000008736940100,peripheral,44,False,0.505555,67300.0,100000008193577100 → 100000008736940100 → 100000008193577100
57,1,100000008193577100,peripheral,44,False,0.477388,67300.0,100000008193577100 → 100000008751429100 → 100000008736940100 → 100000008193577100
57,2,100000008751429100,peripheral,44,False,0.478425,67300.0,100000008193577100 → 100000008751429100 → 100000008736940100 → 100000008193577100
57,3,100000008736940100,peripheral,44,False,0.505555,67300.0,100000008193577100 → 100000008751429100 → 100000008736940100 → 100000008193577100
58,1,100000000437046100,coordinator,1,False,0.977091,66404.0,100000000437046100 → 100000004070318100 → 100000006866783100 → 100000004351795100 → 100000000437046100
58,2,100000004070318100,distributor,1,False,0.879738,66404.0,100000000437046100 → 100000004070318100 → 100000006866783100 → 100000004351795100 → 100000000437046100
58,3,100000006866783100,distributor,1,True,0.830206,66404.0,100000000437046100 → 100000004070318100 → 100000006866783100 → 100000004351795100 → 100000000437046100
58,4,100000004351795100,coordinator,1,False,0.884742,66404.0,100000000437046100 → 100000004070318100 → 100000006866783100 → 100000004351795100 → 100000000437046100
59,1,100000004070318100,distributor,1,False,0.879738,64725.0,100000004070318100 → 100000006866783100 → 100000004070318100
59,2,100000006866783100,distributor,1,True,0.830206,64725.0,100000004070318100 → 100000006866783100 → 100000004070318100
60,1,100000003988112100,peripheral,20,False,0.462011,64000.0,100000003988112100 → 100000004403675100 → 100000003988112100
60,2,100000004403675100,coordinator,20,False,0.88929,64000.0,100000003988112100 → 100000004403675100 → 100000003988112100
61,1,100000008547844100,coordinator,3,False,0.89891,61000.0,100000008547844100 → 100000008547948100 → 100000008547844100
61,2,100000008547948100,coordinator,3,False,0.917382,61000.0,100000008547844100 → 100000008547948100 → 100000008547844100
62,1,100000004070318100,distributor,1,False,0.879738,60059.0,100000004070318100 → 100000008346837100 → 100000005910114100 → 100000006866783100 → 100000004070318100
62,2,100000008346837100,coordinator,14,False,0.961321,60059.0,100000004070318100 → 100000008346837100 → 100000005910114100 → 100000006866783100 → 100000004070318100
62,3,100000005910114100,coordinator,1,False,0.943216,60059.0,100000004070318100 → 100000008346837100 → 100000005910114100 → 100000006866783100 → 100000004070318100
62,4,100000006866783100,distributor,1,True,0.830206,60059.0,100000004070318100 → 100000008346837100 → 100000005910114100 → 100000006866783100 → 100000004070318100
63,1,100000000031787100,transit,11,False,0.47089,60000.0,100000000031787100 → 100000000267734100 → 100000000031787100
63,2,100000000267734100,peripheral,11,False,0.470301,60000.0,100000000031787100 → 100000000267734100 → 100000000031787100
64,1,100000000594783100,peripheral,25,False,0.475054,60000.0,100000000594783100 → 100000002224132100 → 100000000594783100
64,2,100000002224132100,peripheral,25,False,0.587779,60000.0,100000000594783100 → 100000002224132100 → 100000000594783100
65,1,100000001965374100,peripheral,25,False,0.488601,60000.0,100000001965374100 → 100000005820746100 → 100000001965374100
65,2,100000005820746100,peripheral,25,False,0.395919,60000.0,100000001965374100 → 100000005820746100 → 100000001965374100
66,1,100000008314203100,peripheral,41,True,0.499081,60000.0,100000008314203100 → 100000008637537100 → 100000008314203100
66,2,100000008637537100,peripheral,41,True,0.602789,60000.0,100000008314203100 → 100000008637537100 → 100000008314203100
67,1,100000001732159100,peripheral,41,True,0.582587,60000.0,100000001732159100 → 100000008637537100 → 100000008314203100 → 100000001732159100
67,2,100000008637537100,peripheral,41,True,0.602789,60000.0,100000001732159100 → 100000008637537100 → 100000008314203100 → 100000001732159100
67,3,100000008314203100,peripheral,41,True,0.499081,60000.0,100000001732159100 → 100000008637537100 → 100000008314203100 → 100000001732159100
68,1,100000000552584100,peripheral,25,False,0.452169,57500.0,100000000552584100 → 100000004603109100 → 100000002224132100 → 100000000552584100
68,2,100000004603109100,peripheral,25,False,0.566145,57500.0,100000000552584100 → 100000004603109100 → 100000002224132100 → 100000000552584100
68,3,100000002224132100,peripheral,25,False,0.587779,57500.0,100000000552584100 → 100000004603109100 → 100000002224132100 → 100000000552584100
69,1,100000000552584100,peripheral,25,False,0.452169,57500.0,100000000552584100 → 100000004603109100 → 100000004892144100 → 100000002224132100 → 100000000552584100
69,2,100000004603109100,peripheral,25,False,0.566145,57500.0,100000000552584100 → 100000004603109100 → 100000004892144100 → 100000002224132100 → 100000000552584100
69,3,100000004892144100,peripheral,25,False,0.519762,57500.0,100000000552584100 → 100000004603109100 → 100000004892144100 → 100000002224132100 → 100000000552584100
69,4,100000002224132100,peripheral,25,False,0.587779,57500.0,100000000552584100 → 100000004603109100 → 100000004892144100 → 100000002224132100 → 100000000552584100
70,1,100000008193577100,peripheral,44,False,0.477388,56190.0,100000008193577100 → 100000008659445100 → 100000008193577100
70,2,100000008659445100,peripheral,44,True,0.402997,56190.0,100000008193577100 → 100000008659445100 → 100000008193577100
71,1,100000008193577100,peripheral,44,False,0.477388,56190.0,100000008193577100 → 100000008659445100 → 100000008736940100 → 100000008193577100
71,2,100000008659445100,peripheral,44,True,0.402997,56190.0,100000008193577100 → 100000008659445100 → 100000008736940100 → 100000008193577100
71,3,100000008736940100,peripheral,44,False,0.505555,56190.0,100000008193577100 → 100000008659445100 → 100000008736940100 → 100000008193577100
72,1,100000008193577100,peripheral,44,False,0.477388,56190.0,100000008193577100 → 100000008659445100 → 100000008751429100 → 100000008736940100 → 100000008193577100
72,2,100000008659445100,peripheral,44,True,0.402997,56190.0,100000008193577100 → 100000008659445100 → 100000008751429100 → 100000008736940100 → 100000008193577100
72,3,100000008751429100,peripheral,44,False,0.478425,56190.0,100000008193577100 → 100000008659445100 → 100000008751429100 → 100000008736940100 → 100000008193577100
72,4,100000008736940100,peripheral,44,False,0.505555,56190.0,100000008193577100 → 100000008659445100 → 100000008751429100 → 100000008736940100 → 100000008193577100
73,1,100000008603629100,coordinator,7,False,0.981072,55500.0,100000008603629100 → 100000008686313100 → 100000008603629100
73,2,100000008686313100,peripheral,1,False,0.702449,55500.0,100000008603629100 → 100000008686313100 → 100000008603629100
74,1,100000001382002100,transit,1,False,0.415118,55000.0,100000001382002100 → 100000005584222100 → 100000001382002100
74,2,100000005584222100,peripheral,1,False,0.542485,55000.0,100000001382002100 → 100000005584222100 → 100000001382002100
75,1,100000001616816100,peripheral,9,True,0.579875,53000.0,100000001616816100 → 100000001937767100 → 100000001616816100
75,2,100000001937767100,peripheral,15,False,0.565286,53000.0,100000001616816100 → 100000001937767100 → 100000001616816100
76,1,100000004017410100,peripheral,35,False,0.543213,52650.0,100000004017410100 → 100000004336312100 → 100000004017410100
76,2,100000004336312100,transit,35,False,0.665358,52650.0,100000004017410100 → 100000004336312100 → 100000004017410100
77,1,100000004041163100,peripheral,20,True,0.470773,50000.0,100000004041163100 → 100000005382566100 → 100000004041163100
77,2,100000005382566100,consolidator,20,True,0.751553,50000.0,100000004041163100 → 100000005382566100 → 100000004041163100
78,1,100000003242289100,coordinator,17,False,0.933085,49000.0,100000003242289100 → 100000008512552100 → 100000003242289100
78,2,100000008512552100,peripheral,17,False,0.662848,49000.0,100000003242289100 → 100000008512552100 → 100000003242289100
79,1,100000006169033100,peripheral,43,False,0.4124,49000.0,100000006169033100 → 100000008011159100 → 100000006169033100
79,2,100000008011159100,peripheral,43,False,0.631492,49000.0,100000006169033100 → 100000008011159100 → 100000006169033100
80,1,100000007511163100,peripheral,5,False,0.57014,49000.0,100000007511163100 → 100000008389800100 → 100000007511163100
80,2,100000008389800100,peripheral,5,False,0.586705,49000.0,100000007511163100 → 100000008389800100 → 100000007511163100
81,1,100000003242289100,coordinator,17,False,0.933085,49000.0,100000003242289100 → 100000008304139100 → 100000006866783100 → 100000004351795100 → 100000003242289100
81,2,100000008304139100,distributor,4,False,0.875222,49000.0,100000003242289100 → 100000008304139100 → 100000006866783100 → 100000004351795100 → 100000003242289100
81,3,100000006866783100,distributor,1,True,0.830206,49000.0,100000003242289100 → 100000008304139100 → 100000006866783100 → 100000004351795100 → 100000003242289100
81,4,100000004351795100,coordinator,1,False,0.884742,49000.0,100000003242289100 → 100000008304139100 → 100000006866783100 → 100000004351795100 → 100000003242289100
82,1,100000006866783100,distributor,1,True,0.830206,48100.0,100000006866783100 → 100000008686313100 → 100000006866783100
82,2,100000008686313100,peripheral,1,False,0.702449,48100.0,100000006866783100 → 100000008686313100 → 100000006866783100
83,1,100000000437046100,coordinator,1,False,0.977091,48100.0,100000000437046100 → 100000008686313100 → 100000006866783100 → 100000004351795100 → 100000000437046100
83,2,100000008686313100,peripheral,1,False,0.702449,48100.0,100000000437046100 → 100000008686313100 → 100000006866783100 → 100000004351795100 → 100000000437046100
83,3,100000006866783100,distributor,1,True,0.830206,48100.0,100000000437046100 → 100000008686313100 → 100000006866783100 → 100000004351795100 → 100000000437046100
83,4,100000004351795100,coordinator,1,False,0.884742,48100.0,100000000437046100 → 100000008686313100 → 100000006866783100 → 100000004351795100 → 100000000437046100
84,1,100000004351795100,coordinator,1,False,0.884742,48100.0,100000004351795100 → 100000008603629100 → 100000008686313100 → 100000006866783100 → 100000004351795100
84,2,100000008603629100,coordinator,7,False,0.981072,48100.0,100000004351795100 → 100000008603629100 → 100000008686313100 → 100000006866783100 → 100000004351795100
84,3,100000008686313100,peripheral,1,False,0.702449,48100.0,100000004351795100 → 100000008603629100 → 100000008686313100 → 100000006866783100 → 100000004351795100
84,4,100000006866783100,distributor,1,True,0.830206,48100.0,100000004351795100 → 100000008603629100 → 100000008686313100 → 100000006866783100 → 100000004351795100
85,1,100000000331309100,coordinator,6,False,0.973932,47187.0,100000000331309100 → 100000008686313100 → 100000006866783100 → 100000004403675100 → 100000000331309100
85,2,100000008686313100,peripheral,1,False,0.702449,47187.0,100000000331309100 → 100000008686313100 → 100000006866783100 → 100000004403675100 → 100000000331309100
85,3,100000006866783100,distributor,1,True,0.830206,47187.0,100000000331309100 → 100000008686313100 → 100000006866783100 → 100000004403675100 → 100000000331309100
85,4,100000004403675100,coordinator,20,False,0.88929,47187.0,100000000331309100 → 100000008686313100 → 100000006866783100 → 100000004403675100 → 100000000331309100
86,1,100000002781227100,transit,64,False,0.596729,46167.62,100000002781227100 → 100000002796853100 → 100000002781227100
86,2,100000002796853100,peripheral,64,False,0.39797,46167.62,100000002781227100 → 100000002796853100 → 100000002781227100
87,1,100000004390333100,distributor,1,False,0.795774,45751.0,100000004390333100 → 100000006866783100 → 100000004390333100
87,2,100000006866783100,distributor,1,True,0.830206,45751.0,100000004390333100 → 100000006866783100 → 100000004390333100
88,1,100000000437046100,coordinator,1,False,0.977091,45751.0,100000000437046100 → 100000004070318100 → 100000006866783100 → 100000004390333100 → 100000000437046100
88,2,100000004070318100,distributor,1,False,0.879738,45751.0,100000000437046100 → 100000004070318100 → 100000006866783100 → 100000004390333100 → 100000000437046100
88,3,100000006866783100,distributor,1,True,0.830206,45751.0,100000000437046100 → 100000004070318100 → 100000006866783100 → 100000004390333100 → 100000000437046100
88,4,100000004390333100,distributor,1,False,0.795774,45751.0,100000000437046100 → 100000004070318100 → 100000006866783100 → 100000004390333100 → 100000000437046100
89,1,100000000437046100,coordinator,1,False,0.977091,45751.0,100000000437046100 → 100000008686313100 → 100000006866783100 → 100000004390333100 → 100000000437046100
89,2,100000008686313100,peripheral,1,False,0.702449,45751.0,100000000437046100 → 100000008686313100 → 100000006866783100 → 100000004390333100 → 100000000437046100
89,3,100000006866783100,distributor,1,True,0.830206,45751.0,100000000437046100 → 100000008686313100 → 100000006866783100 → 100000004390333100 → 100000000437046100
89,4,100000004390333100,distributor,1,False,0.795774,45751.0,100000000437046100 → 100000008686313100 → 100000006866783100 → 100000004390333100 → 100000000437046100
90,1,100000004390333100,distributor,1,False,0.795774,45751.0,100000004390333100 → 100000008603629100 → 100000008686313100 → 100000006866783100 → 100000004390333100
90,2,100000008603629100,coordinator,7,False,0.981072,45751.0,100000004390333100 → 100000008603629100 → 100000008686313100 → 100000006866783100 → 100000004390333100
90,3,100000008686313100,peripheral,1,False,0.702449,45751.0,100000004390333100 → 100000008603629100 → 100000008686313100 → 100000006866783100 → 100000004390333100
90,4,100000006866783100,distributor,1,True,0.830206,45751.0,100000004390333100 → 100000008603629100 → 100000008686313100 → 100000006866783100 → 100000004390333100
91,1,100000006866783100,distributor,1,True,0.830206,43906.0,100000006866783100 → 100000008137435100 → 100000008686313100 → 100000006866783100
91,2,100000008137435100,peripheral,24,False,0.55642,43906.0,100000006866783100 → 100000008137435100 → 100000008686313100 → 100000006866783100
91,3,100000008686313100,peripheral,1,False,0.702449,43906.0,100000006866783100 → 100000008137435100 → 100000008686313100 → 100000006866783100
92,1,100000003016635100,distributor,5,True,0.825536,42930.0,100000003016635100 → 100000006579678100 → 100000003016635100
92,2,100000006579678100,peripheral,5,False,0.612203,42930.0,100000003016635100 → 100000006579678100 → 100000003016635100
93,1,100000004569484100,peripheral,8,False,0.576963,41000.0,100000004569484100 → 100000005704413100 → 100000004569484100
93,2,100000005704413100,distributor,8,False,0.84395,41000.0,100000004569484100 → 100000005704413100 → 100000004569484100
94,1,100000000297649100,peripheral,13,False,0.411532,40000.0,100000000297649100 → 100000001899164100 → 100000000297649100
94,2,100000001899164100,peripheral,13,False,0.664257,40000.0,100000000297649100 → 100000001899164100 → 100000000297649100
95,1,100000000933075100,peripheral,13,False,0.483888,40000.0,100000000933075100 → 100000002193259100 → 100000000933075100
95,2,100000002193259100,peripheral,13,False,0.598966,40000.0,100000000933075100 → 100000002193259100 → 100000000933075100
96,1,100000001138283100,peripheral,7,False,0.453528,40000.0,100000001138283100 → 100000008603629100 → 100000001138283100
96,2,100000008603629100,coordinator,7,False,0.981072,40000.0,100000001138283100 → 100000008603629100 → 100000001138283100
97,1,100000002175422100,peripheral,32,False,0.611902,40000.0,100000002175422100 → 100000003004487100 → 100000002175422100
97,2,100000003004487100,consolidator,32,False,0.804744,40000.0,100000002175422100 → 100000003004487100 → 100000002175422100
98,1,100000002731501100,peripheral,26,False,0.527352,40000.0,100000002731501100 → 100000004160650100 → 100000002731501100
98,2,100000004160650100,distributor,26,False,0.619362,40000.0,100000002731501100 → 100000004160650100 → 100000002731501100
99,1,100000001857829100,coordinator,7,False,0.945212,40000.0,100000001857829100 → 100000003880331100 → 100000008603629100 → 100000003178549100 → 100000001857829100
99,2,100000003880331100,distributor,7,False,0.661355,40000.0,100000001857829100 → 100000003880331100 → 100000008603629100 → 100000003178549100 → 100000001857829100
99,3,100000008603629100,coordinator,7,False,0.981072,40000.0,100000001857829100 → 100000003880331100 → 100000008603629100 → 100000003178549100 → 100000001857829100
99,4,100000003178549100,peripheral,17,False,0.530622,40000.0,100000001857829100 → 100000003880331100 → 100000008603629100 → 100000003178549100 → 100000001857829100
100,1,100000004390333100,distributor,1,False,0.795774,40000.0,100000004390333100 → 100000008477350100 → 100000005910114100 → 100000006866783100 → 100000004390333100
100,2,100000008477350100,coordinator,1,False,0.949978,40000.0,100000004390333100 → 100000008477350100 → 100000005910114100 → 100000006866783100 → 100000004390333100
100,3,100000005910114100,coordinator,1,False,0.943216,40000.0,100000004390333100 → 100000008477350100 → 100000005910114100 → 100000006866783100 → 100000004390333100
100,4,100000006866783100,distributor,1,True,0.830206,40000.0,100000004390333100 → 100000008477350100 → 100000005910114100 → 100000006866783100 → 100000004390333100
101,1,100000001808684100,peripheral,9,False,0.332751,37700.0,100000001808684100 → 100000003509750100 → 100000001808684100
101,2,100000003509750100,transit,9,False,0.574099,37700.0,100000001808684100 → 100000003509750100 → 100000001808684100
102,1,100000008736940100,peripheral,44,False,0.505555,37500.0,100000008736940100 → 100000008751429100 → 100000008736940100
102,2,100000008751429100,peripheral,44,False,0.478425,37500.0,100000008736940100 → 100000008751429100 → 100000008736940100
103,1,100000004569484100,peripheral,8,False,0.576963,36834.67,100000004569484100 → 100000005578559100 → 100000005704413100 → 100000004569484100
103,2,100000005578559100,distributor,8,False,0.835009,36834.67,100000004569484100 → 100000005578559100 → 100000005704413100 → 100000004569484100
103,3,100000005704413100,distributor,8,False,0.84395,36834.67,100000004569484100 → 100000005578559100 → 100000005704413100 → 100000004569484100
104,1,100000006385877100,peripheral,3,False,0.364357,36602.93,100000006385877100 → 100000006443391100 → 100000006385877100
104,2,100000006443391100,peripheral,3,False,0.441456,36602.93,100000006385877100 → 100000006443391100 → 100000006385877100
105,1,100000003616818100,peripheral,26,False,0.433218,35000.0,100000003616818100 → 100000004005964100 → 100000003616818100
105,2,100000004005964100,peripheral,26,False,0.452558,35000.0,100000003616818100 → 100000004005964100 → 100000003616818100
106,1,100000003796063100,distributor,6,False,0.610376,35000.0,100000003796063100 → 100000008111003100 → 100000003796063100
106,2,100000008111003100,consolidator,1,False,0.848295,35000.0,100000003796063100 → 100000008111003100 → 100000003796063100
107,1,100000003616818100,peripheral,26,False,0.433218,35000.0,100000003616818100 → 100000004160650100 → 100000004005964100 → 100000003616818100
107,2,100000004160650100,distributor,26,False,0.619362,35000.0,100000003616818100 → 100000004160650100 → 100000004005964100 → 100000003616818100
107,3,100000004005964100,peripheral,26,False,0.452558,35000.0,100000003616818100 → 100000004160650100 → 100000004005964100 → 100000003616818100
108,1,100000002306369100,peripheral,4,False,0.434111,35000.0,100000002306369100 → 100000008111003100 → 100000003796063100 → 100000006866783100 → 100000002306369100
108,2,100000008111003100,consolidator,1,False,0.848295,35000.0,100000002306369100 → 100000008111003100 → 100000003796063100 → 100000006866783100 → 100000002306369100
108,3,100000003796063100,distributor,6,False,0.610376,35000.0,100000002306369100 → 100000008111003100 → 100000003796063100 → 100000006866783100 → 100000002306369100
108,4,100000006866783100,distributor,1,True,0.830206,35000.0,100000002306369100 → 100000008111003100 → 100000003796063100 → 100000006866783100 → 100000002306369100
109,1,100000002306369100,peripheral,4,False,0.434111,35000.0,100000002306369100 → 100000008477350100 → 100000005910114100 → 100000006866783100 → 100000002306369100
109,2,100000008477350100,coordinator,1,False,0.949978,35000.0,100000002306369100 → 100000008477350100 → 100000005910114100 → 100000006866783100 → 100000002306369100
109,3,100000005910114100,coordinator,1,False,0.943216,35000.0,100000002306369100 → 100000008477350100 → 100000005910114100 → 100000006866783100 → 100000002306369100
109,4,100000006866783100,distributor,1,True,0.830206,35000.0,100000002306369100 → 100000008477350100 → 100000005910114100 → 100000006866783100 → 100000002306369100
110,1,100000003796063100,distributor,6,False,0.610376,35000.0,100000003796063100 → 100000008346837100 → 100000005910114100 → 100000008111003100 → 100000003796063100
110,2,100000008346837100,coordinator,14,False,0.961321,35000.0,100000003796063100 → 100000008346837100 → 100000005910114100 → 100000008111003100 → 100000003796063100
110,3,100000005910114100,coordinator,1,False,0.943216,35000.0,100000003796063100 → 100000008346837100 → 100000005910114100 → 100000008111003100 → 100000003796063100
110,4,100000008111003100,consolidator,1,False,0.848295,35000.0,100000003796063100 → 100000008346837100 → 100000005910114100 → 100000008111003100 → 100000003796063100
111,1,100000003796063100,distributor,6,False,0.610376,35000.0,100000003796063100 → 100000008477350100 → 100000005910114100 → 100000008111003100 → 100000003796063100
111,2,100000008477350100,coordinator,1,False,0.949978,35000.0,100000003796063100 → 100000008477350100 → 100000005910114100 → 100000008111003100 → 100000003796063100
111,3,100000005910114100,coordinator,1,False,0.943216,35000.0,100000003796063100 → 100000008477350100 → 100000005910114100 → 100000008111003100 → 100000003796063100
111,4,100000008111003100,consolidator,1,False,0.848295,35000.0,100000003796063100 → 100000008477350100 → 100000005910114100 → 100000008111003100 → 100000003796063100
112,1,100000002723538100,distributor,7,False,0.839435,33000.0,100000002723538100 → 100000003242289100 → 100000008304139100 → 100000008603629100 → 100000002723538100
112,2,100000003242289100,coordinator,17,False,0.933085,33000.0,100000002723538100 → 100000003242289100 → 100000008304139100 → 100000008603629100 → 100000002723538100
112,3,100000008304139100,distributor,4,False,0.875222,33000.0,100000002723538100 → 100000003242289100 → 100000008304139100 → 100000008603629100 → 100000002723538100
112,4,100000008603629100,coordinator,7,False,0.981072,33000.0,100000002723538100 → 100000003242289100 → 100000008304139100 → 100000008603629100 → 100000002723538100
113,1,100000004569484100,peripheral,8,False,0.576963,32607.0,100000004569484100 → 100000005933757100 → 100000004569484100
113,2,100000005933757100,distributor,15,False,0.916515,32607.0,100000004569484100 → 100000005933757100 → 100000004569484100
114,1,100000003115284100,consolidator,12,False,0.958669,30500.0,100000003115284100 → 100000003360542100 → 100000003115284100
114,2,100000003360542100,peripheral,12,False,0.589694,30500.0,100000003115284100 → 100000003360542100 → 100000003115284100
115,1,100000000076451100,peripheral,16,False,0.612394,30000.0,100000000076451100 → 100000007131370100 → 100000000076451100
115,2,100000007131370100,transit,16,False,0.48865,30000.0,100000000076451100 → 100000007131370100 → 100000000076451100
116,1,100000002391278100,peripheral,9,False,0.32627,30000.0,100000002391278100 → 100000004221668100 → 100000002391278100
116,2,100000004221668100,peripheral,9,False,0.57773,30000.0,100000002391278100 → 100000004221668100 → 100000002391278100
117,1,100000002527114100,distributor,2,True,0.561934,30000.0,100000002527114100 → 100000003942602100 → 100000002527114100
117,2,100000003942602100,transit,2,False,0.432275,30000.0,100000002527114100 → 100000003942602100 → 100000002527114100
118,1,100000002733905100,peripheral,2,False,0.458713,30000.0,100000002733905100 → 100000005342513100 → 100000002733905100
118,2,100000005342513100,peripheral,2,False,0.388712,30000.0,100000002733905100 → 100000005342513100 → 100000002733905100
119,1,100000005473151100,peripheral,8,False,0.643389,30000.0,100000005473151100 → 100000008545727100 → 100000005473151100
119,2,100000008545727100,peripheral,8,False,0.502205,30000.0,100000005473151100 → 100000008545727100 → 100000005473151100
120,1,100000008489922100,coordinator,3,False,0.913812,30000.0,100000008489922100 → 100000008547948100 → 100000008489922100
120,2,100000008547948100,coordinator,3,False,0.917382,30000.0,100000008489922100 → 100000008547948100 → 100000008489922100
121,1,100000008465789100,distributor,3,False,0.717004,30000.0,100000008465789100 → 100000008466579100 → 100000008547948100 → 100000008547844100 → 100000008465789100
121,2,100000008466579100,distributor,3,False,0.777513,30000.0,100000008465789100 → 100000008466579100 → 100000008547948100 → 100000008547844100 → 100000008465789100
121,3,100000008547948100,coordinator,3,False,0.917382,30000.0,100000008465789100 → 100000008466579100 → 100000008547948100 → 100000008547844100 → 100000008465789100
121,4,100000008547844100,coordinator,3,False,0.89891,30000.0,100000008465789100 → 100000008466579100 → 100000008547948100 → 100000008547844100 → 100000008465789100
122,1,100000000437046100,coordinator,1,False,0.977091,29511.0,100000000437046100 → 100000004070318100 → 100000008346837100 → 100000004351795100 → 100000000437046100
122,2,100000004070318100,distributor,1,False,0.879738,29511.0,100000000437046100 → 100000004070318100 → 100000008346837100 → 100000004351795100 → 100000000437046100
122,3,100000008346837100,coordinator,14,False,0.961321,29511.0,100000000437046100 → 100000004070318100 → 100000008346837100 → 100000004351795100 → 100000000437046100
122,4,100000004351795100,coordinator,1,False,0.884742,29511.0,100000000437046100 → 100000004070318100 → 100000008346837100 → 100000004351795100 → 100000000437046100
123,1,100000000437046100,coordinator,1,False,0.977091,29200.0,100000000437046100 → 100000008686313100 → 100000000437046100
123,2,100000008686313100,peripheral,1,False,0.702449,29200.0,100000000437046100 → 100000008686313100 → 100000000437046100
124,1,100000000331309100,coordinator,6,False,0.973932,29200.0,100000000331309100 → 100000008686313100 → 100000000437046100 → 100000001279272100 → 100000000331309100
124,2,100000008686313100,peripheral,1,False,0.702449,29200.0,100000000331309100 → 100000008686313100 → 100000000437046100 → 100000001279272100 → 100000000331309100
124,3,100000000437046100,coordinator,1,False,0.977091,29200.0,100000000331309100 → 100000008686313100 → 100000000437046100 → 100000001279272100 → 100000000331309100
124,4,100000001279272100,peripheral,1,False,0.507409,29200.0,100000000331309100 → 100000008686313100 → 100000000437046100 → 100000001279272100 → 100000000331309100
125,1,100000000437046100,coordinator,1,False,0.977091,29200.0,100000000437046100 → 100000004070318100 → 100000006866783100 → 100000008686313100 → 100000000437046100
125,2,100000004070318100,distributor,1,False,0.879738,29200.0,100000000437046100 → 100000004070318100 → 100000006866783100 → 100000008686313100 → 100000000437046100
125,3,100000006866783100,distributor,1,True,0.830206,29200.0,100000000437046100 → 100000004070318100 → 100000006866783100 → 100000008686313100 → 100000000437046100
125,4,100000008686313100,peripheral,1,False,0.702449,29200.0,100000000437046100 → 100000004070318100 → 100000006866783100 → 100000008686313100 → 100000000437046100
126,1,100000003616818100,peripheral,26,False,0.433218,28000.0,100000003616818100 → 100000004160650100 → 100000003616818100
126,2,100000004160650100,distributor,26,False,0.619362,28000.0,100000003616818100 → 100000004160650100 → 100000003616818100
127,1,100000000437046100,coordinator,1,False,0.977091,27868.0,100000000437046100 → 100000007639767100 → 100000000437046100
127,2,100000007639767100,distributor,1,False,0.817671,27868.0,100000000437046100 → 100000007639767100 → 100000000437046100
128,1,100000000437046100,coordinator,1,False,0.977091,27868.0,100000000437046100 → 100000007639767100 → 100000008603629100 → 100000008686313100 → 100000000437046100
128,2,100000007639767100,distributor,1,False,0.817671,27868.0,100000000437046100 → 100000007639767100 → 100000008603629100 → 100000008686313100 → 100000000437046100
128,3,100000008603629100,coordinator,7,False,0.981072,27868.0,100000000437046100 → 100000007639767100 → 100000008603629100 → 100000008686313100 → 100000000437046100
128,4,100000008686313100,peripheral,1,False,0.702449,27868.0,100000000437046100 → 100000007639767100 → 100000008603629100 → 100000008686313100 → 100000000437046100
129,1,100000001857829100,coordinator,7,False,0.945212,26000.0,100000001857829100 → 100000008603629100 → 100000001857829100
129,2,100000008603629100,coordinator,7,False,0.981072,26000.0,100000001857829100 → 100000008603629100 → 100000001857829100
130,1,100000001857829100,coordinator,7,False,0.945212,26000.0,100000001857829100 → 100000008603629100 → 100000003178549100 → 100000001857829100
130,2,100000008603629100,coordinator,7,False,0.981072,26000.0,100000001857829100 → 100000008603629100 → 100000003178549100 → 100000001857829100
130,3,100000003178549100,peripheral,17,False,0.530622,26000.0,100000001857829100 → 100000008603629100 → 100000003178549100 → 100000001857829100
131,1,100000000437046100,coordinator,1,False,0.977091,25800.0,100000000437046100 → 100000008686313100 → 100000008477350100 → 100000008086440100 → 100000000437046100
131,2,100000008686313100,peripheral,1,False,0.702449,25800.0,100000000437046100 → 100000008686313100 → 100000008477350100 → 100000008086440100 → 100000000437046100
131,3,100000008477350100,coordinator,1,False,0.949978,25800.0,100000000437046100 → 100000008686313100 → 100000008477350100 → 100000008086440100 → 100000000437046100
131,4,100000008086440100,transit,1,False,0.698903,25800.0,100000000437046100 → 100000008686313100 → 100000008477350100 → 100000008086440100 → 100000000437046100
132,1,100000003968044100,peripheral,7,False,0.451668,25800.0,100000003968044100 → 100000008603629100 → 100000008686313100 → 100000008477350100 → 100000003968044100
132,2,100000008603629100,coordinator,7,False,0.981072,25800.0,100000003968044100 → 100000008603629100 → 100000008686313100 → 100000008477350100 → 100000003968044100
132,3,100000008686313100,peripheral,1,False,0.702449,25800.0,100000003968044100 → 100000008603629100 → 100000008686313100 → 100000008477350100 → 100000003968044100
132,4,100000008477350100,coordinator,1,False,0.949978,25800.0,100000003968044100 → 100000008603629100 → 100000008686313100 → 100000008477350100 → 100000003968044100
133,1,100000005910114100,coordinator,1,False,0.943216,25800.0,100000005910114100 → 100000006866783100 → 100000008686313100 → 100000008477350100 → 100000005910114100
133,2,100000006866783100,distributor,1,True,0.830206,25800.0,100000005910114100 → 100000006866783100 → 100000008686313100 → 100000008477350100 → 100000005910114100
133,3,100000008686313100,peripheral,1,False,0.702449,25800.0,100000005910114100 → 100000006866783100 → 100000008686313100 → 100000008477350100 → 100000005910114100
133,4,100000008477350100,coordinator,1,False,0.949978,25800.0,100000005910114100 → 100000006866783100 → 100000008686313100 → 100000008477350100 → 100000005910114100
134,1,100000005910114100,coordinator,1,False,0.943216,25800.0,100000005910114100 → 100000008603629100 → 100000008686313100 → 100000008477350100 → 100000005910114100
134,2,100000008603629100,coordinator,7,False,0.981072,25800.0,100000005910114100 → 100000008603629100 → 100000008686313100 → 100000008477350100 → 100000005910114100
134,3,100000008686313100,peripheral,1,False,0.702449,25800.0,100000005910114100 → 100000008603629100 → 100000008686313100 → 100000008477350100 → 100000005910114100
134,4,100000008477350100,coordinator,1,False,0.949978,25800.0,100000005910114100 → 100000008603629100 → 100000008686313100 → 100000008477350100 → 100000005910114100
135,1,100000008086440100,transit,1,False,0.698903,25800.0,100000008086440100 → 100000008603629100 → 100000008686313100 → 100000008477350100 → 100000008086440100
135,2,100000008603629100,coordinator,7,False,0.981072,25800.0,100000008086440100 → 100000008603629100 → 100000008686313100 → 100000008477350100 → 100000008086440100
135,3,100000008686313100,peripheral,1,False,0.702449,25800.0,100000008086440100 → 100000008603629100 → 100000008686313100 → 100000008477350100 → 100000008086440100
135,4,100000008477350100,coordinator,1,False,0.949978,25800.0,100000008086440100 → 100000008603629100 → 100000008686313100 → 100000008477350100 → 100000008086440100
136,1,100000004847758100,distributor,4,False,0.841915,25612.0,100000004847758100 → 100000008603629100 → 100000004847758100
136,2,100000008603629100,coordinator,7,False,0.981072,25612.0,100000004847758100 → 100000008603629100 → 100000004847758100
137,1,100000001166289100,peripheral,2,False,0.46139,25000.0,100000001166289100 → 100000002733905100 → 100000001166289100
137,2,100000002733905100,peripheral,2,False,0.458713,25000.0,100000001166289100 → 100000002733905100 → 100000001166289100
138,1,100000001697501100,distributor,2,False,0.659253,25000.0,100000001697501100 → 100000002527114100 → 100000001697501100
138,2,100000002527114100,distributor,2,True,0.561934,25000.0,100000001697501100 → 100000002527114100 → 100000001697501100
139,1,100000001697501100,distributor,2,False,0.659253,25000.0,100000001697501100 → 100000006612238100 → 100000001697501100
139,2,100000006612238100,peripheral,2,False,0.396586,25000.0,100000001697501100 → 100000006612238100 → 100000001697501100
140,1,100000000437046100,coordinator,1,False,0.977091,25000.0,100000000437046100 → 100000004070318100 → 100000008477350100 → 100000008086440100 → 100000000437046100
140,2,100000004070318100,distributor,1,False,0.879738,25000.0,100000000437046100 → 100000004070318100 → 100000008477350100 → 100000008086440100 → 100000000437046100
140,3,100000008477350100,coordinator,1,False,0.949978,25000.0,100000000437046100 → 100000004070318100 → 100000008477350100 → 100000008086440100 → 100000000437046100
140,4,100000008086440100,transit,1,False,0.698903,25000.0,100000000437046100 → 100000004070318100 → 100000008477350100 → 100000008086440100 → 100000000437046100
141,1,100000004070318100,distributor,1,False,0.879738,25000.0,100000004070318100 → 100000008477350100 → 100000005910114100 → 100000006866783100 → 100000004070318100
141,2,100000008477350100,coordinator,1,False,0.949978,25000.0,100000004070318100 → 100000008477350100 → 100000005910114100 → 100000006866783100 → 100000004070318100
141,3,100000005910114100,coordinator,1,False,0.943216,25000.0,100000004070318100 → 100000008477350100 → 100000005910114100 → 100000006866783100 → 100000004070318100
141,4,100000006866783100,distributor,1,True,0.830206,25000.0,100000004070318100 → 100000008477350100 → 100000005910114100 → 100000006866783100 → 100000004070318100
142,1,100000001660397100,transit,1,False,0.667155,24000.0,100000001660397100 → 100000006866783100 → 100000004351795100 → 100000008603629100 → 100000001660397100
142,2,100000006866783100,distributor,1,True,0.830206,24000.0,100000001660397100 → 100000006866783100 → 100000004351795100 → 100000008603629100 → 100000001660397100
142,3,100000004351795100,coordinator,1,False,0.884742,24000.0,100000001660397100 → 100000006866783100 → 100000004351795100 → 100000008603629100 → 100000001660397100
142,4,100000008603629100,coordinator,7,False,0.981072,24000.0,100000001660397100 → 100000006866783100 → 100000004351795100 → 100000008603629100 → 100000001660397100
143,1,100000001660397100,transit,1,False,0.667155,24000.0,100000001660397100 → 100000006866783100 → 100000004390333100 → 100000008603629100 → 100000001660397100
143,2,100000006866783100,distributor,1,True,0.830206,24000.0,100000001660397100 → 100000006866783100 → 100000004390333100 → 100000008603629100 → 100000001660397100
143,3,100000004390333100,distributor,1,False,0.795774,24000.0,100000001660397100 → 100000006866783100 → 100000004390333100 → 100000008603629100 → 100000001660397100
143,4,100000008603629100,coordinator,7,False,0.981072,24000.0,100000001660397100 → 100000006866783100 → 100000004390333100 → 100000008603629100 → 100000001660397100
144,1,100000001660397100,transit,1,False,0.667155,24000.0,100000001660397100 → 100000006866783100 → 100000008686313100 → 100000008603629100 → 100000001660397100
144,2,100000006866783100,distributor,1,True,0.830206,24000.0,100000001660397100 → 100000006866783100 → 100000008686313100 → 100000008603629100 → 100000001660397100
144,3,100000008686313100,peripheral,1,False,0.702449,24000.0,100000001660397100 → 100000006866783100 → 100000008686313100 → 100000008603629100 → 100000001660397100
144,4,100000008603629100,coordinator,7,False,0.981072,24000.0,100000001660397100 → 100000006866783100 → 100000008686313100 → 100000008603629100 → 100000001660397100
145,1,100000007639767100,distributor,1,False,0.817671,23722.0,100000007639767100 → 100000008603629100 → 100000007639767100
145,2,100000008603629100,coordinator,7,False,0.981072,23722.0,100000007639767100 → 100000008603629100 → 100000007639767100
146,1,100000000437046100,coordinator,1,False,0.977091,23722.0,100000000437046100 → 100000008686313100 → 100000008603629100 → 100000007639767100 → 100000000437046100
146,2,100000008686313100,peripheral,1,False,0.702449,23722.0,100000000437046100 → 100000008686313100 → 100000008603629100 → 100000007639767100 → 100000000437046100
146,3,100000008603629100,coordinator,7,False,0.981072,23722.0,100000000437046100 → 100000008686313100 → 100000008603629100 → 100000007639767100 → 100000000437046100
146,4,100000007639767100,distributor,1,False,0.817671,23722.0,100000000437046100 → 100000008686313100 → 100000008603629100 → 100000007639767100 → 100000000437046100
147,1,100000006866783100,distributor,1,True,0.830206,23567.0,100000006866783100 → 100000008304139100 → 100000006866783100
147,2,100000008304139100,distributor,4,False,0.875222,23567.0,100000006866783100 → 100000008304139100 → 100000006866783100
148,1,100000006866783100,distributor,1,True,0.830206,23567.0,100000006866783100 → 100000008304139100 → 100000008587459100 → 100000006866783100
148,2,100000008304139100,distributor,4,False,0.875222,23567.0,100000006866783100 → 100000008304139100 → 100000008587459100 → 100000006866783100
148,3,100000008587459100,peripheral,1,False,0.4965,23567.0,100000006866783100 → 100000008304139100 → 100000008587459100 → 100000006866783100
149,1,100000000437046100,coordinator,1,False,0.977091,23567.0,100000000437046100 → 100000004070318100 → 100000006866783100 → 100000008304139100 → 100000000437046100
149,2,100000004070318100,distributor,1,False,0.879738,23567.0,100000000437046100 → 100000004070318100 → 100000006866783100 → 100000008304139100 → 100000000437046100
149,3,100000006866783100,distributor,1,True,0.830206,23567.0,100000000437046100 → 100000004070318100 → 100000006866783100 → 100000008304139100 → 100000000437046100
149,4,100000008304139100,distributor,4,False,0.875222,23567.0,100000000437046100 → 100000004070318100 → 100000006866783100 → 100000008304139100 → 100000000437046100
150,1,100000000437046100,coordinator,1,False,0.977091,23567.0,100000000437046100 → 100000008686313100 → 100000006866783100 → 100000008304139100 → 100000000437046100
150,2,100000008686313100,peripheral,1,False,0.702449,23567.0,100000000437046100 → 100000008686313100 → 100000006866783100 → 100000008304139100 → 100000000437046100
150,3,100000006866783100,distributor,1,True,0.830206,23567.0,100000000437046100 → 100000008686313100 → 100000006866783100 → 100000008304139100 → 100000000437046100
150,4,100000008304139100,distributor,4,False,0.875222,23567.0,100000000437046100 → 100000008686313100 → 100000006866783100 → 100000008304139100 → 100000000437046100
151,1,100000001660397100,transit,1,False,0.667155,23567.0,100000001660397100 → 100000006866783100 → 100000008304139100 → 100000008603629100 → 100000001660397100
151,2,100000006866783100,distributor,1,True,0.830206,23567.0,100000001660397100 → 100000006866783100 → 100000008304139100 → 100000008603629100 → 100000001660397100
151,3,100000008304139100,distributor,4,False,0.875222,23567.0,100000001660397100 → 100000006866783100 → 100000008304139100 → 100000008603629100 → 100000001660397100
151,4,100000008603629100,coordinator,7,False,0.981072,23567.0,100000001660397100 → 100000006866783100 → 100000008304139100 → 100000008603629100 → 100000001660397100
152,1,100000005910114100,coordinator,1,False,0.943216,23567.0,100000005910114100 → 100000006866783100 → 100000008304139100 → 100000008477350100 → 100000005910114100
152,2,100000006866783100,distributor,1,True,0.830206,23567.0,100000005910114100 → 100000006866783100 → 100000008304139100 → 100000008477350100 → 100000005910114100
152,3,100000008304139100,distributor,4,False,0.875222,23567.0,100000005910114100 → 100000006866783100 → 100000008304139100 → 100000008477350100 → 100000005910114100
152,4,100000008477350100,coordinator,1,False,0.949978,23567.0,100000005910114100 → 100000006866783100 → 100000008304139100 → 100000008477350100 → 100000005910114100
153,1,100000006866783100,distributor,1,True,0.830206,23567.0,100000006866783100 → 100000008304139100 → 100000008603629100 → 100000008686313100 → 100000006866783100
153,2,100000008304139100,distributor,4,False,0.875222,23567.0,100000006866783100 → 100000008304139100 → 100000008603629100 → 100000008686313100 → 100000006866783100
153,3,100000008603629100,coordinator,7,False,0.981072,23567.0,100000006866783100 → 100000008304139100 → 100000008603629100 → 100000008686313100 → 100000006866783100
153,4,100000008686313100,peripheral,1,False,0.702449,23567.0,100000006866783100 → 100000008304139100 → 100000008603629100 → 100000008686313100 → 100000006866783100
154,1,100000000437046100,coordinator,1,False,0.977091,23126.0,100000000437046100 → 100000004070318100 → 100000008603629100 → 100000007639767100 → 100000000437046100
154,2,100000004070318100,distributor,1,False,0.879738,23126.0,100000000437046100 → 100000004070318100 → 100000008603629100 → 100000007639767100 → 100000000437046100
154,3,100000008603629100,coordinator,7,False,0.981072,23126.0,100000000437046100 → 100000004070318100 → 100000008603629100 → 100000007639767100 → 100000000437046100
154,4,100000007639767100,distributor,1,False,0.817671,23126.0,100000000437046100 → 100000004070318100 → 100000008603629100 → 100000007639767100 → 100000000437046100
155,1,100000000437046100,coordinator,1,False,0.977091,23126.0,100000000437046100 → 100000004070318100 → 100000008603629100 → 100000008686313100 → 100000000437046100
155,2,100000004070318100,distributor,1,False,0.879738,23126.0,100000000437046100 → 100000004070318100 → 100000008603629100 → 100000008686313100 → 100000000437046100
155,3,100000008603629100,coordinator,7,False,0.981072,23126.0,100000000437046100 → 100000004070318100 → 100000008603629100 → 100000008686313100 → 100000000437046100
155,4,100000008686313100,peripheral,1,False,0.702449,23126.0,100000000437046100 → 100000004070318100 → 100000008603629100 → 100000008686313100 → 100000000437046100
156,1,100000001660397100,transit,1,False,0.667155,23126.0,100000001660397100 → 100000006866783100 → 100000004070318100 → 100000008603629100 → 100000001660397100
156,2,100000006866783100,distributor,1,True,0.830206,23126.0,100000001660397100 → 100000006866783100 → 100000004070318100 → 100000008603629100 → 100000001660397100
156,3,100000004070318100,distributor,1,False,0.879738,23126.0,100000001660397100 → 100000006866783100 → 100000004070318100 → 100000008603629100 → 100000001660397100
156,4,100000008603629100,coordinator,7,False,0.981072,23126.0,100000001660397100 → 100000006866783100 → 100000004070318100 → 100000008603629100 → 100000001660397100
157,1,100000004070318100,distributor,1,False,0.879738,23126.0,100000004070318100 → 100000008603629100 → 100000008686313100 → 100000006866783100 → 100000004070318100
157,2,100000008603629100,coordinator,7,False,0.981072,23126.0,100000004070318100 → 100000008603629100 → 100000008686313100 → 100000006866783100 → 100000004070318100
157,3,100000008686313100,peripheral,1,False,0.702449,23126.0,100000004070318100 → 100000008603629100 → 100000008686313100 → 100000006866783100 → 100000004070318100
157,4,100000006866783100,distributor,1,True,0.830206,23126.0,100000004070318100 → 100000008603629100 → 100000008686313100 → 100000006866783100 → 100000004070318100
158,1,100000000437046100,coordinator,1,False,0.977091,23018.0,100000000437046100 → 100000004070318100 → 100000006866783100 → 100000007639767100 → 100000000437046100
158,2,100000004070318100,distributor,1,False,0.879738,23018.0,100000000437046100 → 100000004070318100 → 100000006866783100 → 100000007639767100 → 100000000437046100
158,3,100000006866783100,distributor,1,True,0.830206,23018.0,100000000437046100 → 100000004070318100 → 100000006866783100 → 100000007639767100 → 100000000437046100
158,4,100000007639767100,distributor,1,False,0.817671,23018.0,100000000437046100 → 100000004070318100 → 100000006866783100 → 100000007639767100 → 100000000437046100
159,1,100000000437046100,coordinator,1,False,0.977091,23018.0,100000000437046100 → 100000008686313100 → 100000006866783100 → 100000007639767100 → 100000000437046100
159,2,100000008686313100,peripheral,1,False,0.702449,23018.0,100000000437046100 → 100000008686313100 → 100000006866783100 → 100000007639767100 → 100000000437046100
159,3,100000006866783100,distributor,1,True,0.830206,23018.0,100000000437046100 → 100000008686313100 → 100000006866783100 → 100000007639767100 → 100000000437046100
159,4,100000007639767100,distributor,1,False,0.817671,23018.0,100000000437046100 → 100000008686313100 → 100000006866783100 → 100000007639767100 → 100000000437046100
160,1,100000001660397100,transit,1,False,0.667155,23018.0,100000001660397100 → 100000006866783100 → 100000007639767100 → 100000008603629100 → 100000001660397100
160,2,100000006866783100,distributor,1,True,0.830206,23018.0,100000001660397100 → 100000006866783100 → 100000007639767100 → 100000008603629100 → 100000001660397100
160,3,100000007639767100,distributor,1,False,0.817671,23018.0,100000001660397100 → 100000006866783100 → 100000007639767100 → 100000008603629100 → 100000001660397100
160,4,100000008603629100,coordinator,7,False,0.981072,23018.0,100000001660397100 → 100000006866783100 → 100000007639767100 → 100000008603629100 → 100000001660397100
161,1,100000006866783100,distributor,1,True,0.830206,23018.0,100000006866783100 → 100000007639767100 → 100000008603629100 → 100000008686313100 → 100000006866783100
161,2,100000007639767100,distributor,1,False,0.817671,23018.0,100000006866783100 → 100000007639767100 → 100000008603629100 → 100000008686313100 → 100000006866783100
161,3,100000008603629100,coordinator,7,False,0.981072,23018.0,100000006866783100 → 100000007639767100 → 100000008603629100 → 100000008686313100 → 100000006866783100
161,4,100000008686313100,peripheral,1,False,0.702449,23018.0,100000006866783100 → 100000007639767100 → 100000008603629100 → 100000008686313100 → 100000006866783100
162,1,100000005660203100,peripheral,5,False,0.572634,23000.0,100000005660203100 → 100000006518161100 → 100000005660203100
162,2,100000006518161100,transit,5,False,0.859849,23000.0,100000005660203100 → 100000006518161100 → 100000005660203100
163,1,100000004351795100,coordinator,1,False,0.884742,22418.0,100000004351795100 → 100000008603629100 → 100000004351795100
163,2,100000008603629100,coordinator,7,False,0.981072,22418.0,100000004351795100 → 100000008603629100 → 100000004351795100
164,1,100000000437046100,coordinator,1,False,0.977091,22418.0,100000000437046100 → 100000004070318100 → 100000008603629100 → 100000004351795100 → 100000000437046100
164,2,100000004070318100,distributor,1,False,0.879738,22418.0,100000000437046100 → 100000004070318100 → 100000008603629100 → 100000004351795100 → 100000000437046100
164,3,100000008603629100,coordinator,7,False,0.981072,22418.0,100000000437046100 → 100000004070318100 → 100000008603629100 → 100000004351795100 → 100000000437046100
164,4,100000004351795100,coordinator,1,False,0.884742,22418.0,100000000437046100 → 100000004070318100 → 100000008603629100 → 100000004351795100 → 100000000437046100
165,1,100000000437046100,coordinator,1,False,0.977091,22418.0,100000000437046100 → 100000007639767100 → 100000008603629100 → 100000004351795100 → 100000000437046100
165,2,100000007639767100,distributor,1,False,0.817671,22418.0,100000000437046100 → 100000007639767100 → 100000008603629100 → 100000004351795100 → 100000000437046100
165,3,100000008603629100,coordinator,7,False,0.981072,22418.0,100000000437046100 → 100000007639767100 → 100000008603629100 → 100000004351795100 → 100000000437046100
165,4,100000004351795100,coordinator,1,False,0.884742,22418.0,100000000437046100 → 100000007639767100 → 100000008603629100 → 100000004351795100 → 100000000437046100
166,1,100000000437046100,coordinator,1,False,0.977091,22418.0,100000000437046100 → 100000008686313100 → 100000008603629100 → 100000004351795100 → 100000000437046100
166,2,100000008686313100,peripheral,1,False,0.702449,22418.0,100000000437046100 → 100000008686313100 → 100000008603629100 → 100000004351795100 → 100000000437046100
166,3,100000008603629100,coordinator,7,False,0.981072,22418.0,100000000437046100 → 100000008686313100 → 100000008603629100 → 100000004351795100 → 100000000437046100
166,4,100000004351795100,coordinator,1,False,0.884742,22418.0,100000000437046100 → 100000008686313100 → 100000008603629100 → 100000004351795100 → 100000000437046100
167,1,100000003242289100,coordinator,17,False,0.933085,22418.0,100000003242289100 → 100000008304139100 → 100000008603629100 → 100000004351795100 → 100000003242289100
167,2,100000008304139100,distributor,4,False,0.875222,22418.0,100000003242289100 → 100000008304139100 → 100000008603629100 → 100000004351795100 → 100000003242289100
167,3,100000008603629100,coordinator,7,False,0.981072,22418.0,100000003242289100 → 100000008304139100 → 100000008603629100 → 100000004351795100 → 100000003242289100
167,4,100000004351795100,coordinator,1,False,0.884742,22418.0,100000003242289100 → 100000008304139100 → 100000008603629100 → 100000004351795100 → 100000003242289100
168,1,100000002293421100,transit,1,False,0.604854,22000.0,100000002293421100 → 100000004180097100 → 100000002293421100
168,2,100000004180097100,peripheral,1,False,0.560271,22000.0,100000002293421100 → 100000004180097100 → 100000002293421100
169,1,100000002156381100,peripheral,34,False,0.579467,21800.0,100000002156381100 → 100000002696152100 → 100000002156381100
169,2,100000002696152100,peripheral,34,False,0.454807,21800.0,100000002156381100 → 100000002696152100 → 100000002156381100
170,1,100000001660397100,transit,1,False,0.667155,20900.0,100000001660397100 → 100000006866783100 → 100000002306369100 → 100000008603629100 → 100000001660397100
170,2,100000006866783100,distributor,1,True,0.830206,20900.0,100000001660397100 → 100000006866783100 → 100000002306369100 → 100000008603629100 → 100000001660397100
170,3,100000002306369100,peripheral,4,False,0.434111,20900.0,100000001660397100 → 100000006866783100 → 100000002306369100 → 100000008603629100 → 100000001660397100
170,4,100000008603629100,coordinator,7,False,0.981072,20900.0,100000001660397100 → 100000006866783100 → 100000002306369100 → 100000008603629100 → 100000001660397100
171,1,100000002306369100,peripheral,4,False,0.434111,20900.0,100000002306369100 → 100000008603629100 → 100000008686313100 → 100000006866783100 → 100000002306369100
171,2,100000008603629100,coordinator,7,False,0.981072,20900.0,100000002306369100 → 100000008603629100 → 100000008686313100 → 100000006866783100 → 100000002306369100
171,3,100000008686313100,peripheral,1,False,0.702449,20900.0,100000002306369100 → 100000008603629100 → 100000008686313100 → 100000006866783100 → 100000002306369100
171,4,100000006866783100,distributor,1,True,0.830206,20900.0,100000002306369100 → 100000008603629100 → 100000008686313100 → 100000006866783100 → 100000002306369100
172,1,100000003242289100,coordinator,17,False,0.933085,20760.0,100000003242289100 → 100000008417359100 → 100000008512552100 → 100000003242289100
172,2,100000008417359100,peripheral,17,False,0.344565,20760.0,100000003242289100 → 100000008417359100 → 100000008512552100 → 100000003242289100
172,3,100000008512552100,peripheral,17,False,0.662848,20760.0,100000003242289100 → 100000008417359100 → 100000008512552100 → 100000003242289100
173,1,100000000607941100,peripheral,5,False,0.575222,20000.0,100000000607941100 → 100000003406094100 → 100000000607941100
173,2,100000003406094100,peripheral,5,False,0.490736,20000.0,100000000607941100 → 100000003406094100 → 100000000607941100
174,1,100000001526235100,distributor,27,False,0.727602,20000.0,100000001526235100 → 100000005505655100 → 100000001526235100
174,2,100000005505655100,peripheral,27,False,0.535209,20000.0,100000001526235100 → 100000005505655100 → 100000001526235100
175,1,100000002132479100,peripheral,15,False,0.385776,20000.0,100000002132479100 → 100000004159526100 → 100000002132479100
175,2,100000004159526100,peripheral,15,False,0.669345,20000.0,100000002132479100 → 100000004159526100 → 100000002132479100
176,1,100000002175422100,peripheral,32,False,0.611902,20000.0,100000002175422100 → 100000003557488100 → 100000002175422100
176,2,100000003557488100,peripheral,32,False,0.49918,20000.0,100000002175422100 → 100000003557488100 → 100000002175422100
177,1,100000003946524100,transit,4,False,0.77571,20000.0,100000003946524100 → 100000007898453100 → 100000003946524100
177,2,100000007898453100,peripheral,4,False,0.507643,20000.0,100000003946524100 → 100000007898453100 → 100000003946524100
178,1,100000004076740100,peripheral,35,False,0.561231,20000.0,100000004076740100 → 100000005519998100 → 100000004076740100
178,2,100000005519998100,transit,35,False,0.710319,20000.0,100000004076740100 → 100000005519998100 → 100000004076740100
179,1,100000008389800100,peripheral,5,False,0.586705,20000.0,100000008389800100 → 100000008430691100 → 100000008389800100
179,2,100000008430691100,peripheral,71,False,0.400915,20000.0,100000008389800100 → 100000008430691100 → 100000008389800100
180,1,100000004017410100,peripheral,35,False,0.543213,20000.0,100000004017410100 → 100000004336312100 → 100000005519998100 → 100000004017410100
180,2,100000004336312100,transit,35,False,0.665358,20000.0,100000004017410100 → 100000004336312100 → 100000005519998100 → 100000004017410100
180,3,100000005519998100,transit,35,False,0.710319,20000.0,100000004017410100 → 100000004336312100 → 100000005519998100 → 100000004017410100
181,1,100000004076740100,peripheral,35,False,0.561231,20000.0,100000004076740100 → 100000004336312100 → 100000005519998100 → 100000004076740100
181,2,100000004336312100,transit,35,False,0.665358,20000.0,100000004076740100 → 100000004336312100 → 100000005519998100 → 100000004076740100
181,3,100000005519998100,transit,35,False,0.710319,20000.0,100000004076740100 → 100000004336312100 → 100000005519998100 → 100000004076740100
182,1,100000008465789100,distributor,3,False,0.717004,20000.0,100000008465789100 → 100000008547948100 → 100000008547844100 → 100000008465789100
182,2,100000008547948100,coordinator,3,False,0.917382,20000.0,100000008465789100 → 100000008547948100 → 100000008547844100 → 100000008465789100
182,3,100000008547844100,coordinator,3,False,0.89891,20000.0,100000008465789100 → 100000008547948100 → 100000008547844100 → 100000008465789100
183,1,100000002723538100,distributor,7,False,0.839435,20000.0,100000002723538100 → 100000003242289100 → 100000004140487100 → 100000008603629100 → 100000002723538100
183,2,100000003242289100,coordinator,17,False,0.933085,20000.0,100000002723538100 → 100000003242289100 → 100000004140487100 → 100000008603629100 → 100000002723538100
183,3,100000004140487100,distributor,4,False,0.584308,20000.0,100000002723538100 → 100000003242289100 → 100000004140487100 → 100000008603629100 → 100000002723538100
183,4,100000008603629100,coordinator,7,False,0.981072,20000.0,100000002723538100 → 100000003242289100 → 100000004140487100 → 100000008603629100 → 100000002723538100
184,1,100000003242289100,coordinator,17,False,0.933085,20000.0,100000003242289100 → 100000004140487100 → 100000008603629100 → 100000004351795100 → 100000003242289100
184,2,100000004140487100,distributor,4,False,0.584308,20000.0,100000003242289100 → 100000004140487100 → 100000008603629100 → 100000004351795100 → 100000003242289100
184,3,100000008603629100,coordinator,7,False,0.981072,20000.0,100000003242289100 → 100000004140487100 → 100000008603629100 → 100000004351795100 → 100000003242289100
184,4,100000004351795100,coordinator,1,False,0.884742,20000.0,100000003242289100 → 100000004140487100 → 100000008603629100 → 100000004351795100 → 100000003242289100
185,1,100000004017410100,peripheral,35,False,0.543213,20000.0,100000004017410100 → 100000005519998100 → 100000004076740100 → 100000004336312100 → 100000004017410100
185,2,100000005519998100,transit,35,False,0.710319,20000.0,100000004017410100 → 100000005519998100 → 100000004076740100 → 100000004336312100 → 100000004017410100
185,3,100000004076740100,peripheral,35,False,0.561231,20000.0,100000004017410100 → 100000005519998100 → 100000004076740100 → 100000004336312100 → 100000004017410100
185,4,100000004336312100,transit,35,False,0.665358,20000.0,100000004017410100 → 100000005519998100 → 100000004076740100 → 100000004336312100 → 100000004017410100
186,1,100000004569484100,peripheral,8,False,0.576963,20000.0,100000004569484100 → 100000005933757100 → 100000008104567100 → 100000005704413100 → 100000004569484100
186,2,100000005933757100,distributor,15,False,0.916515,20000.0,100000004569484100 → 100000005933757100 → 100000008104567100 → 100000005704413100 → 100000004569484100
186,3,100000008104567100,peripheral,8,False,0.581005,20000.0,100000004569484100 → 100000005933757100 → 100000008104567100 → 100000005704413100 → 100000004569484100
186,4,100000005704413100,distributor,8,False,0.84395,20000.0,100000004569484100 → 100000005933757100 → 100000008104567100 → 100000005704413100 → 100000004569484100
187,1,100000004070318100,distributor,1,False,0.879738,19800.0,100000004070318100 → 100000004400305100 → 100000004070318100
187,2,100000004400305100,distributor,1,False,0.886588,19800.0,100000004070318100 → 100000004400305100 → 100000004070318100
188,1,100000000437046100,coordinator,1,False,0.977091,19800.0,100000000437046100 → 100000004070318100 → 100000004400305100 → 100000008304139100 → 100000000437046100
188,2,100000004070318100,distributor,1,False,0.879738,19800.0,100000000437046100 → 100000004070318100 → 100000004400305100 → 100000008304139100 → 100000000437046100
188,3,100000004400305100,distributor,1,False,0.886588,19800.0,100000000437046100 → 100000004070318100 → 100000004400305100 → 100000008304139100 → 100000000437046100
188,4,100000008304139100,distributor,4,False,0.875222,19800.0,100000000437046100 → 100000004070318100 → 100000004400305100 → 100000008304139100 → 100000000437046100
189,1,100000000437046100,coordinator,1,False,0.977091,19800.0,100000000437046100 → 100000004070318100 → 100000004400305100 → 100000008686313100 → 100000000437046100
189,2,100000004070318100,distributor,1,False,0.879738,19800.0,100000000437046100 → 100000004070318100 → 100000004400305100 → 100000008686313100 → 100000000437046100
189,3,100000004400305100,distributor,1,False,0.886588,19800.0,100000000437046100 → 100000004070318100 → 100000004400305100 → 100000008686313100 → 100000000437046100
189,4,100000008686313100,peripheral,1,False,0.702449,19800.0,100000000437046100 → 100000004070318100 → 100000004400305100 → 100000008686313100 → 100000000437046100
190,1,100000004070318100,distributor,1,False,0.879738,19800.0,100000004070318100 → 100000004400305100 → 100000005910114100 → 100000006866783100 → 100000004070318100
190,2,100000004400305100,distributor,1,False,0.886588,19800.0,100000004070318100 → 100000004400305100 → 100000005910114100 → 100000006866783100 → 100000004070318100
190,3,100000005910114100,coordinator,1,False,0.943216,19800.0,100000004070318100 → 100000004400305100 → 100000005910114100 → 100000006866783100 → 100000004070318100
190,4,100000006866783100,distributor,1,True,0.830206,19800.0,100000004070318100 → 100000004400305100 → 100000005910114100 → 100000006866783100 → 100000004070318100
191,1,100000004070318100,distributor,1,False,0.879738,19800.0,100000004070318100 → 100000004400305100 → 100000008304139100 → 100000006866783100 → 100000004070318100
191,2,100000004400305100,distributor,1,False,0.886588,19800.0,100000004070318100 → 100000004400305100 → 100000008304139100 → 100000006866783100 → 100000004070318100
191,3,100000008304139100,distributor,4,False,0.875222,19800.0,100000004070318100 → 100000004400305100 → 100000008304139100 → 100000006866783100 → 100000004070318100
191,4,100000006866783100,distributor,1,True,0.830206,19800.0,100000004070318100 → 100000004400305100 → 100000008304139100 → 100000006866783100 → 100000004070318100
192,1,100000004070318100,distributor,1,False,0.879738,19800.0,100000004070318100 → 100000004400305100 → 100000008587459100 → 100000006866783100 → 100000004070318100
192,2,100000004400305100,distributor,1,False,0.886588,19800.0,100000004070318100 → 100000004400305100 → 100000008587459100 → 100000006866783100 → 100000004070318100
192,3,100000008587459100,peripheral,1,False,0.4965,19800.0,100000004070318100 → 100000004400305100 → 100000008587459100 → 100000006866783100 → 100000004070318100
192,4,100000006866783100,distributor,1,True,0.830206,19800.0,100000004070318100 → 100000004400305100 → 100000008587459100 → 100000006866783100 → 100000004070318100
193,1,100000004070318100,distributor,1,False,0.879738,19800.0,100000004070318100 → 100000004400305100 → 100000008686313100 → 100000006866783100 → 100000004070318100
193,2,100000004400305100,distributor,1,False,0.886588,19800.0,100000004070318100 → 100000004400305100 → 100000008686313100 → 100000006866783100 → 100000004070318100
193,3,100000008686313100,peripheral,1,False,0.702449,19800.0,100000004070318100 → 100000004400305100 → 100000008686313100 → 100000006866783100 → 100000004070318100
193,4,100000006866783100,distributor,1,True,0.830206,19800.0,100000004070318100 → 100000004400305100 → 100000008686313100 → 100000006866783100 → 100000004070318100
194,1,100000002957787100,coordinator,1,False,0.900323,19712.8,100000002957787100 → 100000005268319100 → 100000002957787100
194,2,100000005268319100,peripheral,1,False,0.419248,19712.8,100000002957787100 → 100000005268319100 → 100000002957787100
195,1,100000001660397100,transit,1,False,0.667155,19300.0,100000001660397100 → 100000006866783100 → 100000001660397100
195,2,100000006866783100,distributor,1,True,0.830206,19300.0,100000001660397100 → 100000006866783100 → 100000001660397100
196,1,100000000785800100,transit,57,False,0.406624,19000.0,100000000785800100 → 100000008601794100 → 100000001872484100 → 100000000785800100
196,2,100000008601794100,peripheral,57,True,0.39675,19000.0,100000000785800100 → 100000008601794100 → 100000001872484100 → 100000000785800100
196,3,100000001872484100,peripheral,57,False,0.42352,19000.0,100000000785800100 → 100000008601794100 → 100000001872484100 → 100000000785800100
197,1,100000003016635100,distributor,5,True,0.825536,18981.0,100000003016635100 → 100000004330371100 → 100000003016635100
197,2,100000004330371100,peripheral,5,False,0.591517,18981.0,100000003016635100 → 100000004330371100 → 100000003016635100
198,1,100000008086440100,transit,1,False,0.698903,18900.0,100000008086440100 → 100000008477350100 → 100000008086440100
198,2,100000008477350100,coordinator,1,False,0.949978,18900.0,100000008086440100 → 100000008477350100 → 100000008086440100
199,1,100000000437046100,coordinator,1,False,0.977091,18807.0,100000000437046100 → 100000004070318100 → 100000004400305100 → 100000004390333100 → 100000000437046100
199,2,100000004070318100,distributor,1,False,0.879738,18807.0,100000000437046100 → 100000004070318100 → 100000004400305100 → 100000004390333100 → 100000000437046100
199,3,100000004400305100,distributor,1,False,0.886588,18807.0,100000000437046100 → 100000004070318100 → 100000004400305100 → 100000004390333100 → 100000000437046100
199,4,100000004390333100,distributor,1,False,0.795774,18807.0,100000000437046100 → 100000004070318100 → 100000004400305100 → 100000004390333100 → 100000000437046100
200,1,100000004070318100,distributor,1,False,0.879738,18807.0,100000004070318100 → 100000004400305100 → 100000004390333100 → 100000006866783100 → 100000004070318100
200,2,100000004400305100,distributor,1,False,0.886588,18807.0,100000004070318100 → 100000004400305100 → 100000004390333100 → 100000006866783100 → 100000004070318100
200,3,100000004390333100,distributor,1,False,0.795774,18807.0,100000004070318100 → 100000004400305100 → 100000004390333100 → 100000006866783100 → 100000004070318100
200,4,100000006866783100,distributor,1,True,0.830206,18807.0,100000004070318100 → 100000004400305100 → 100000004390333100 → 100000006866783100 → 100000004070318100
201,1,100000001660397100,transit,1,False,0.667155,18775.0,100000001660397100 → 100000006866783100 → 100000004847758100 → 100000008603629100 → 100000001660397100
201,2,100000006866783100,distributor,1,True,0.830206,18775.0,100000001660397100 → 100000006866783100 → 100000004847758100 → 100000008603629100 → 100000001660397100
201,3,100000004847758100,distributor,4,False,0.841915,18775.0,100000001660397100 → 100000006866783100 → 100000004847758100 → 100000008603629100 → 100000001660397100
201,4,100000008603629100,coordinator,7,False,0.981072,18775.0,100000001660397100 → 100000006866783100 → 100000004847758100 → 100000008603629100 → 100000001660397100
202,1,100000004847758100,distributor,4,False,0.841915,18775.0,100000004847758100 → 100000008603629100 → 100000008686313100 → 100000006866783100 → 100000004847758100
202,2,100000008603629100,coordinator,7,False,0.981072,18775.0,100000004847758100 → 100000008603629100 → 100000008686313100 → 100000006866783100 → 100000004847758100
202,3,100000008686313100,peripheral,1,False,0.702449,18775.0,100000004847758100 → 100000008603629100 → 100000008686313100 → 100000006866783100 → 100000004847758100
202,4,100000006866783100,distributor,1,True,0.830206,18775.0,100000004847758100 → 100000008603629100 → 100000008686313100 → 100000006866783100 → 100000004847758100
203,1,100000008489922100,coordinator,3,False,0.913812,18200.0,100000008489922100 → 100000008710843100 → 100000008547844100 → 100000008547948100 → 100000008489922100
203,2,100000008710843100,distributor,22,False,0.776842,18200.0,100000008489922100 → 100000008710843100 → 100000008547844100 → 100000008547948100 → 100000008489922100
203,3,100000008547844100,coordinator,3,False,0.89891,18200.0,100000008489922100 → 100000008710843100 → 100000008547844100 → 100000008547948100 → 100000008489922100
203,4,100000008547948100,coordinator,3,False,0.917382,18200.0,100000008489922100 → 100000008710843100 → 100000008547844100 → 100000008547948100 → 100000008489922100
204,1,100000001893287100,peripheral,9,False,0.319684,18000.0,100000001893287100 → 100000004698193100 → 100000001893287100
204,2,100000004698193100,peripheral,9,False,0.462135,18000.0,100000001893287100 → 100000004698193100 → 100000001893287100
205,1,100000003016635100,distributor,5,True,0.825536,18000.0,100000003016635100 → 100000004188160100 → 100000003016635100
205,2,100000004188160100,peripheral,5,False,0.611465,18000.0,100000003016635100 → 100000004188160100 → 100000003016635100
206,1,100000004544958100,peripheral,12,False,0.561001,18000.0,100000004544958100 → 100000004677680100 → 100000004544958100
206,2,100000004677680100,peripheral,12,False,0.596764,18000.0,100000004544958100 → 100000004677680100 → 100000004544958100
207,1,100000000850297100,transit,12,False,0.402989,17520.0,100000000850297100 → 100000006707582100 → 100000000850297100
207,2,100000006707582100,distributor,12,False,0.684786,17520.0,100000000850297100 → 100000006707582100 → 100000000850297100
208,1,100000003016635100,distributor,5,True,0.825536,17300.0,100000003016635100 → 100000008169544100 → 100000003016635100
208,2,100000008169544100,peripheral,5,False,0.55134,17300.0,100000003016635100 → 100000008169544100 → 100000003016635100
209,1,100000005910114100,coordinator,1,False,0.943216,17000.0,100000005910114100 → 100000006866783100 → 100000008443341100 → 100000008477350100 → 100000005910114100
209,2,100000006866783100,distributor,1,True,0.830206,17000.0,100000005910114100 → 100000006866783100 → 100000008443341100 → 100000008477350100 → 100000005910114100
209,3,100000008443341100,peripheral,13,False,0.4877,17000.0,100000005910114100 → 100000006866783100 → 100000008443341100 → 100000008477350100 → 100000005910114100
209,4,100000008477350100,coordinator,1,False,0.949978,17000.0,100000005910114100 → 100000006866783100 → 100000008443341100 → 100000008477350100 → 100000005910114100
210,1,100000004156082100,coordinator,16,False,0.953815,16450.0,100000004156082100 → 100000005287097100 → 100000004156082100
210,2,100000005287097100,distributor,5,False,0.867304,16450.0,100000004156082100 → 100000005287097100 → 100000004156082100
211,1,100000000437046100,coordinator,1,False,0.977091,16305.0,100000000437046100 → 100000004070318100 → 100000008477350100 → 100000007639767100 → 100000000437046100
211,2,100000004070318100,distributor,1,False,0.879738,16305.0,100000000437046100 → 100000004070318100 → 100000008477350100 → 100000007639767100 → 100000000437046100
211,3,100000008477350100,coordinator,1,False,0.949978,16305.0,100000000437046100 → 100000004070318100 → 100000008477350100 → 100000007639767100 → 100000000437046100
211,4,100000007639767100,distributor,1,False,0.817671,16305.0,100000000437046100 → 100000004070318100 → 100000008477350100 → 100000007639767100 → 100000000437046100
212,1,100000000437046100,coordinator,1,False,0.977091,16305.0,100000000437046100 → 100000008686313100 → 100000008477350100 → 100000007639767100 → 100000000437046100
212,2,100000008686313100,peripheral,1,False,0.702449,16305.0,100000000437046100 → 100000008686313100 → 100000008477350100 → 100000007639767100 → 100000000437046100
212,3,100000008477350100,coordinator,1,False,0.949978,16305.0,100000000437046100 → 100000008686313100 → 100000008477350100 → 100000007639767100 → 100000000437046100
212,4,100000007639767100,distributor,1,False,0.817671,16305.0,100000000437046100 → 100000008686313100 → 100000008477350100 → 100000007639767100 → 100000000437046100
213,1,100000007639767100,distributor,1,False,0.817671,16305.0,100000007639767100 → 100000008603629100 → 100000008686313100 → 100000008477350100 → 100000007639767100
213,2,100000008603629100,coordinator,7,False,0.981072,16305.0,100000007639767100 → 100000008603629100 → 100000008686313100 → 100000008477350100 → 100000007639767100
213,3,100000008686313100,peripheral,1,False,0.702449,16305.0,100000007639767100 → 100000008603629100 → 100000008686313100 → 100000008477350100 → 100000007639767100
213,4,100000008477350100,coordinator,1,False,0.949978,16305.0,100000007639767100 → 100000008603629100 → 100000008686313100 → 100000008477350100 → 100000007639767100
214,1,100000004679953100,peripheral,7,False,0.629215,16000.0,100000004679953100 → 100000005782781100 → 100000004847758100 → 100000008603629100 → 100000004679953100
214,2,100000005782781100,peripheral,11,False,0.674628,16000.0,100000004679953100 → 100000005782781100 → 100000004847758100 → 100000008603629100 → 100000004679953100
214,3,100000004847758100,distributor,4,False,0.841915,16000.0,100000004679953100 → 100000005782781100 → 100000004847758100 → 100000008603629100 → 100000004679953100
214,4,100000008603629100,coordinator,7,False,0.981072,16000.0,100000004679953100 → 100000005782781100 → 100000004847758100 → 100000008603629100 → 100000004679953100
215,1,100000000011452100,peripheral,1,False,0.449643,15000.0,100000000011452100 → 100000005140601100 → 100000000011452100
215,2,100000005140601100,peripheral,7,False,0.500737,15000.0,100000000011452100 → 100000005140601100 → 100000000011452100
216,1,100000000437046100,coordinator,1,False,0.977091,15000.0,100000000437046100 → 100000008293431100 → 100000000437046100
216,2,100000008293431100,peripheral,1,False,0.372006,15000.0,100000000437046100 → 100000008293431100 → 100000000437046100
217,1,100000000831684100,peripheral,13,False,0.312177,15000.0,100000000831684100 → 100000004692798100 → 100000000831684100
217,2,100000004692798100,peripheral,13,False,0.447131,15000.0,100000000831684100 → 100000004692798100 → 100000000831684100
218,1,100000002612809100,peripheral,38,False,0.339235,15000.0,100000002612809100 → 100000005507142100 → 100000002612809100
218,2,100000005507142100,peripheral,38,False,0.42034,15000.0,100000002612809100 → 100000005507142100 → 100000002612809100
219,1,100000002941114100,peripheral,12,False,0.595592,15000.0,100000002941114100 → 100000005168487100 → 100000002941114100
219,2,100000005168487100,peripheral,12,False,0.410331,15000.0,100000002941114100 → 100000005168487100 → 100000002941114100
220,1,100000003616818100,peripheral,26,False,0.433218,15000.0,100000003616818100 → 100000004005964100 → 100000004007116100 → 100000003616818100
220,2,100000004005964100,peripheral,26,False,0.452558,15000.0,100000003616818100 → 100000004005964100 → 100000004007116100 → 100000003616818100
220,3,100000004007116100,peripheral,26,True,0.432142,15000.0,100000003616818100 → 100000004005964100 → 100000004007116100 → 100000003616818100
221,1,100000003616818100,peripheral,26,False,0.433218,15000.0,100000003616818100 → 100000004160650100 → 100000004007116100 → 100000003616818100
221,2,100000004160650100,distributor,26,False,0.619362,15000.0,100000003616818100 → 100000004160650100 → 100000004007116100 → 100000003616818100
221,3,100000004007116100,peripheral,26,True,0.432142,15000.0,100000003616818100 → 100000004160650100 → 100000004007116100 → 100000003616818100
222,1,100000004820260100,transit,16,False,0.712458,15000.0,100000004820260100 → 100000005175148100 → 100000005339662100 → 100000004820260100
222,2,100000005175148100,peripheral,16,False,0.496108,15000.0,100000004820260100 → 100000005175148100 → 100000005339662100 → 100000004820260100
222,3,100000005339662100,peripheral,16,False,0.669312,15000.0,100000004820260100 → 100000005175148100 → 100000005339662100 → 100000004820260100
223,1,100000002723538100,distributor,7,False,0.839435,15000.0,100000002723538100 → 100000003242289100 → 100000004140487100 → 100000004400305100 → 100000002723538100
223,2,100000003242289100,coordinator,17,False,0.933085,15000.0,100000002723538100 → 100000003242289100 → 100000004140487100 → 100000004400305100 → 100000002723538100
223,3,100000004140487100,distributor,4,False,0.584308,15000.0,100000002723538100 → 100000003242289100 → 100000004140487100 → 100000004400305100 → 100000002723538100
223,4,100000004400305100,distributor,1,False,0.886588,15000.0,100000002723538100 → 100000003242289100 → 100000004140487100 → 100000004400305100 → 100000002723538100
224,1,100000002731501100,peripheral,26,False,0.527352,15000.0,100000002731501100 → 100000004007116100 → 100000003616818100 → 100000004160650100 → 100000002731501100
224,2,100000004007116100,peripheral,26,True,0.432142,15000.0,100000002731501100 → 100000004007116100 → 100000003616818100 → 100000004160650100 → 100000002731501100
224,3,100000003616818100,peripheral,26,False,0.433218,15000.0,100000002731501100 → 100000004007116100 → 100000003616818100 → 100000004160650100 → 100000002731501100
224,4,100000004160650100,distributor,26,False,0.619362,15000.0,100000002731501100 → 100000004007116100 → 100000003616818100 → 100000004160650100 → 100000002731501100
225,1,100000003616818100,peripheral,26,False,0.433218,15000.0,100000003616818100 → 100000004160650100 → 100000004005964100 → 100000004007116100 → 100000003616818100
225,2,100000004160650100,distributor,26,False,0.619362,15000.0,100000003616818100 → 100000004160650100 → 100000004005964100 → 100000004007116100 → 100000003616818100
225,3,100000004005964100,peripheral,26,False,0.452558,15000.0,100000003616818100 → 100000004160650100 → 100000004005964100 → 100000004007116100 → 100000003616818100
225,4,100000004007116100,peripheral,26,True,0.432142,15000.0,100000003616818100 → 100000004160650100 → 100000004005964100 → 100000004007116100 → 100000003616818100
226,1,100000005037490100,peripheral,14,False,0.445187,14000.0,100000005037490100 → 100000008733194100 → 100000005037490100
226,2,100000008733194100,distributor,14,False,0.933786,14000.0,100000005037490100 → 100000008733194100 → 100000005037490100
227,1,100000002645993100,peripheral,1,False,0.575386,13480.0,100000002645993100 → 100000008413748100 → 100000004070318100 → 100000004400305100 → 100000002645993100
227,2,100000008413748100,distributor,17,False,0.75843,13480.0,100000002645993100 → 100000008413748100 → 100000004070318100 → 100000004400305100 → 100000002645993100
227,3,100000004070318100,distributor,1,False,0.879738,13480.0,100000002645993100 → 100000008413748100 → 100000004070318100 → 100000004400305100 → 100000002645993100
227,4,100000004400305100,distributor,1,False,0.886588,13480.0,100000002645993100 → 100000008413748100 → 100000004070318100 → 100000004400305100 → 100000002645993100
228,1,100000004475818100,peripheral,6,False,0.408964,13000.0,100000004475818100 → 100000005665181100 → 100000004475818100
228,2,100000005665181100,distributor,6,False,0.803261,13000.0,100000004475818100 → 100000005665181100 → 100000004475818100
229,1,100000005264874100,peripheral,38,False,0.315205,13000.0,100000005264874100 → 100000005507142100 → 100000005264874100
229,2,100000005507142100,peripheral,38,False,0.42034,13000.0,100000005264874100 → 100000005507142100 → 100000005264874100
230,1,100000001660397100,transit,1,False,0.667155,13000.0,100000001660397100 → 100000008413748100 → 100000004070318100 → 100000006866783100 → 100000001660397100
230,2,100000008413748100,distributor,17,False,0.75843,13000.0,100000001660397100 → 100000008413748100 → 100000004070318100 → 100000006866783100 → 100000001660397100
230,3,100000004070318100,distributor,1,False,0.879738,13000.0,100000001660397100 → 100000008413748100 → 100000004070318100 → 100000006866783100 → 100000001660397100
230,4,100000006866783100,distributor,1,True,0.830206,13000.0,100000001660397100 → 100000008413748100 → 100000004070318100 → 100000006866783100 → 100000001660397100
231,1,100000001660397100,transit,1,False,0.667155,13000.0,100000001660397100 → 100000008413748100 → 100000004070318100 → 100000008603629100 → 100000001660397100
231,2,100000008413748100,distributor,17,False,0.75843,13000.0,100000001660397100 → 100000008413748100 → 100000004070318100 → 100000008603629100 → 100000001660397100
231,3,100000004070318100,distributor,1,False,0.879738,13000.0,100000001660397100 → 100000008413748100 → 100000004070318100 → 100000008603629100 → 100000001660397100
231,4,100000008603629100,coordinator,7,False,0.981072,13000.0,100000001660397100 → 100000008413748100 → 100000004070318100 → 100000008603629100 → 100000001660397100
232,1,100000001660397100,transit,1,False,0.667155,13000.0,100000001660397100 → 100000008413748100 → 100000008304139100 → 100000006866783100 → 100000001660397100
232,2,100000008413748100,distributor,17,False,0.75843,13000.0,100000001660397100 → 100000008413748100 → 100000008304139100 → 100000006866783100 → 100000001660397100
232,3,100000008304139100,distributor,4,False,0.875222,13000.0,100000001660397100 → 100000008413748100 → 100000008304139100 → 100000006866783100 → 100000001660397100
232,4,100000006866783100,distributor,1,True,0.830206,13000.0,100000001660397100 → 100000008413748100 → 100000008304139100 → 100000006866783100 → 100000001660397100
233,1,100000001660397100,transit,1,False,0.667155,13000.0,100000001660397100 → 100000008413748100 → 100000008304139100 → 100000008603629100 → 100000001660397100
233,2,100000008413748100,distributor,17,False,0.75843,13000.0,100000001660397100 → 100000008413748100 → 100000008304139100 → 100000008603629100 → 100000001660397100
233,3,100000008304139100,distributor,4,False,0.875222,13000.0,100000001660397100 → 100000008413748100 → 100000008304139100 → 100000008603629100 → 100000001660397100
233,4,100000008603629100,coordinator,7,False,0.981072,13000.0,100000001660397100 → 100000008413748100 → 100000008304139100 → 100000008603629100 → 100000001660397100
234,1,100000000667713100,peripheral,5,False,0.615012,12750.0,100000000667713100 → 100000008636603100 → 100000000667713100
234,2,100000008636603100,peripheral,5,False,0.581642,12750.0,100000000667713100 → 100000008636603100 → 100000000667713100
235,1,100000000667713100,peripheral,5,False,0.615012,12750.0,100000000667713100 → 100000008636603100 → 100000003016635100 → 100000000667713100
235,2,100000008636603100,peripheral,5,False,0.581642,12750.0,100000000667713100 → 100000008636603100 → 100000003016635100 → 100000000667713100
235,3,100000003016635100,distributor,5,True,0.825536,12750.0,100000000667713100 → 100000008636603100 → 100000003016635100 → 100000000667713100
236,1,100000000580561100,peripheral,45,True,0.358679,12177.0,100000000580561100 → 100000003888271100 → 100000000580561100
236,2,100000003888271100,peripheral,45,False,0.299458,12177.0,100000000580561100 → 100000003888271100 → 100000000580561100
237,1,100000001660397100,transit,1,False,0.667155,12000.0,100000001660397100 → 100000008477350100 → 100000003968044100 → 100000008603629100 → 100000001660397100
237,2,100000008477350100,coordinator,1,False,0.949978,12000.0,100000001660397100 → 100000008477350100 → 100000003968044100 → 100000008603629100 → 100000001660397100
237,3,100000003968044100,peripheral,7,False,0.451668,12000.0,100000001660397100 → 100000008477350100 → 100000003968044100 → 100000008603629100 → 100000001660397100
237,4,100000008603629100,coordinator,7,False,0.981072,12000.0,100000001660397100 → 100000008477350100 → 100000003968044100 → 100000008603629100 → 100000001660397100
238,1,100000001660397100,transit,1,False,0.667155,12000.0,100000001660397100 → 100000008477350100 → 100000005910114100 → 100000006866783100 → 100000001660397100
238,2,100000008477350100,coordinator,1,False,0.949978,12000.0,100000001660397100 → 100000008477350100 → 100000005910114100 → 100000006866783100 → 100000001660397100
238,3,100000005910114100,coordinator,1,False,0.943216,12000.0,100000001660397100 → 100000008477350100 → 100000005910114100 → 100000006866783100 → 100000001660397100
238,4,100000006866783100,distributor,1,True,0.830206,12000.0,100000001660397100 → 100000008477350100 → 100000005910114100 → 100000006866783100 → 100000001660397100
239,1,100000001660397100,transit,1,False,0.667155,12000.0,100000001660397100 → 100000008477350100 → 100000005910114100 → 100000008603629100 → 100000001660397100
239,2,100000008477350100,coordinator,1,False,0.949978,12000.0,100000001660397100 → 100000008477350100 → 100000005910114100 → 100000008603629100 → 100000001660397100
239,3,100000005910114100,coordinator,1,False,0.943216,12000.0,100000001660397100 → 100000008477350100 → 100000005910114100 → 100000008603629100 → 100000001660397100
239,4,100000008603629100,coordinator,7,False,0.981072,12000.0,100000001660397100 → 100000008477350100 → 100000005910114100 → 100000008603629100 → 100000001660397100
240,1,100000001660397100,transit,1,False,0.667155,12000.0,100000001660397100 → 100000008477350100 → 100000007639767100 → 100000008603629100 → 100000001660397100
240,2,100000008477350100,coordinator,1,False,0.949978,12000.0,100000001660397100 → 100000008477350100 → 100000007639767100 → 100000008603629100 → 100000001660397100
240,3,100000007639767100,distributor,1,False,0.817671,12000.0,100000001660397100 → 100000008477350100 → 100000007639767100 → 100000008603629100 → 100000001660397100
240,4,100000008603629100,coordinator,7,False,0.981072,12000.0,100000001660397100 → 100000008477350100 → 100000007639767100 → 100000008603629100 → 100000001660397100
241,1,100000001660397100,transit,1,False,0.667155,12000.0,100000001660397100 → 100000008477350100 → 100000008086440100 → 100000008603629100 → 100000001660397100
241,2,100000008477350100,coordinator,1,False,0.949978,12000.0,100000001660397100 → 100000008477350100 → 100000008086440100 → 100000008603629100 → 100000001660397100
241,3,100000008086440100,transit,1,False,0.698903,12000.0,100000001660397100 → 100000008477350100 → 100000008086440100 → 100000008603629100 → 100000001660397100
241,4,100000008603629100,coordinator,7,False,0.981072,12000.0,100000001660397100 → 100000008477350100 → 100000008086440100 → 100000008603629100 → 100000001660397100
242,1,100000001600934100,peripheral,7,False,0.362355,11000.0,100000001600934100 → 100000005140601100 → 100000001600934100
242,2,100000005140601100,peripheral,7,False,0.500737,11000.0,100000001600934100 → 100000005140601100 → 100000001600934100
243,1,100000001609499100,peripheral,1,False,0.543753,11000.0,100000001609499100 → 100000006866783100 → 100000001609499100
243,2,100000006866783100,distributor,1,True,0.830206,11000.0,100000001609499100 → 100000006866783100 → 100000001609499100
244,1,100000001609499100,peripheral,1,False,0.543753,11000.0,100000001609499100 → 100000006866783100 → 100000002306369100 → 100000008603629100 → 100000001609499100
244,2,100000006866783100,distributor,1,True,0.830206,11000.0,100000001609499100 → 100000006866783100 → 100000002306369100 → 100000008603629100 → 100000001609499100
244,3,100000002306369100,peripheral,4,False,0.434111,11000.0,100000001609499100 → 100000006866783100 → 100000002306369100 → 100000008603629100 → 100000001609499100
244,4,100000008603629100,coordinator,7,False,0.981072,11000.0,100000001609499100 → 100000006866783100 → 100000002306369100 → 100000008603629100 → 100000001609499100
245,1,100000001609499100,peripheral,1,False,0.543753,11000.0,100000001609499100 → 100000006866783100 → 100000004070318100 → 100000004400305100 → 100000001609499100
245,2,100000006866783100,distributor,1,True,0.830206,11000.0,100000001609499100 → 100000006866783100 → 100000004070318100 → 100000004400305100 → 100000001609499100
245,3,100000004070318100,distributor,1,False,0.879738,11000.0,100000001609499100 → 100000006866783100 → 100000004070318100 → 100000004400305100 → 100000001609499100
245,4,100000004400305100,distributor,1,False,0.886588,11000.0,100000001609499100 → 100000006866783100 → 100000004070318100 → 100000004400305100 → 100000001609499100
246,1,100000001609499100,peripheral,1,False,0.543753,11000.0,100000001609499100 → 100000006866783100 → 100000004070318100 → 100000008603629100 → 100000001609499100
246,2,100000006866783100,distributor,1,True,0.830206,11000.0,100000001609499100 → 100000006866783100 → 100000004070318100 → 100000008603629100 → 100000001609499100
246,3,100000004070318100,distributor,1,False,0.879738,11000.0,100000001609499100 → 100000006866783100 → 100000004070318100 → 100000008603629100 → 100000001609499100
246,4,100000008603629100,coordinator,7,False,0.981072,11000.0,100000001609499100 → 100000006866783100 → 100000004070318100 → 100000008603629100 → 100000001609499100
247,1,100000001609499100,peripheral,1,False,0.543753,11000.0,100000001609499100 → 100000006866783100 → 100000004351795100 → 100000008603629100 → 100000001609499100
247,2,100000006866783100,distributor,1,True,0.830206,11000.0,100000001609499100 → 100000006866783100 → 100000004351795100 → 100000008603629100 → 100000001609499100
247,3,100000004351795100,coordinator,1,False,0.884742,11000.0,100000001609499100 → 100000006866783100 → 100000004351795100 → 100000008603629100 → 100000001609499100
247,4,100000008603629100,coordinator,7,False,0.981072,11000.0,100000001609499100 → 100000006866783100 → 100000004351795100 → 100000008603629100 → 100000001609499100
248,1,100000001609499100,peripheral,1,False,0.543753,11000.0,100000001609499100 → 100000006866783100 → 100000004390333100 → 100000008603629100 → 100000001609499100
248,2,100000006866783100,distributor,1,True,0.830206,11000.0,100000001609499100 → 100000006866783100 → 100000004390333100 → 100000008603629100 → 100000001609499100
248,3,100000004390333100,distributor,1,False,0.795774,11000.0,100000001609499100 → 100000006866783100 → 100000004390333100 → 100000008603629100 → 100000001609499100
248,4,100000008603629100,coordinator,7,False,0.981072,11000.0,100000001609499100 → 100000006866783100 → 100000004390333100 → 100000008603629100 → 100000001609499100
249,1,100000001609499100,peripheral,1,False,0.543753,11000.0,100000001609499100 → 100000006866783100 → 100000004847758100 → 100000008603629100 → 100000001609499100
249,2,100000006866783100,distributor,1,True,0.830206,11000.0,100000001609499100 → 100000006866783100 → 100000004847758100 → 100000008603629100 → 100000001609499100
249,3,100000004847758100,distributor,4,False,0.841915,11000.0,100000001609499100 → 100000006866783100 → 100000004847758100 → 100000008603629100 → 100000001609499100
249,4,100000008603629100,coordinator,7,False,0.981072,11000.0,100000001609499100 → 100000006866783100 → 100000004847758100 → 100000008603629100 → 100000001609499100
250,1,100000001609499100,peripheral,1,False,0.543753,11000.0,100000001609499100 → 100000006866783100 → 100000007639767100 → 100000008603629100 → 100000001609499100
250,2,100000006866783100,distributor,1,True,0.830206,11000.0,100000001609499100 → 100000006866783100 → 100000007639767100 → 100000008603629100 → 100000001609499100
250,3,100000007639767100,distributor,1,False,0.817671,11000.0,100000001609499100 → 100000006866783100 → 100000007639767100 → 100000008603629100 → 100000001609499100
250,4,100000008603629100,coordinator,7,False,0.981072,11000.0,100000001609499100 → 100000006866783100 → 100000007639767100 → 100000008603629100 → 100000001609499100
251,1,100000001609499100,peripheral,1,False,0.543753,11000.0,100000001609499100 → 100000006866783100 → 100000008304139100 → 100000008603629100 → 100000001609499100
251,2,100000006866783100,distributor,1,True,0.830206,11000.0,100000001609499100 → 100000006866783100 → 100000008304139100 → 100000008603629100 → 100000001609499100
251,3,100000008304139100,distributor,4,False,0.875222,11000.0,100000001609499100 → 100000006866783100 → 100000008304139100 → 100000008603629100 → 100000001609499100
251,4,100000008603629100,coordinator,7,False,0.981072,11000.0,100000001609499100 → 100000006866783100 → 100000008304139100 → 100000008603629100 → 100000001609499100
252,1,100000001609499100,peripheral,1,False,0.543753,11000.0,100000001609499100 → 100000006866783100 → 100000008686313100 → 100000008603629100 → 100000001609499100
252,2,100000006866783100,distributor,1,True,0.830206,11000.0,100000001609499100 → 100000006866783100 → 100000008686313100 → 100000008603629100 → 100000001609499100
252,3,100000008686313100,peripheral,1,False,0.702449,11000.0,100000001609499100 → 100000006866783100 → 100000008686313100 → 100000008603629100 → 100000001609499100
252,4,100000008603629100,coordinator,7,False,0.981072,11000.0,100000001609499100 → 100000006866783100 → 100000008686313100 → 100000008603629100 → 100000001609499100
253,1,100000003016635100,distributor,5,True,0.825536,10400.0,100000003016635100 → 100000005287097100 → 100000004150593100 → 100000008595687100 → 100000003016635100
253,2,100000005287097100,distributor,5,False,0.867304,10400.0,100000003016635100 → 100000005287097100 → 100000004150593100 → 100000008595687100 → 100000003016635100
253,3,100000004150593100,distributor,5,False,0.743794,10400.0,100000003016635100 → 100000005287097100 → 100000004150593100 → 100000008595687100 → 100000003016635100
253,4,100000008595687100,peripheral,5,False,0.424878,10400.0,100000003016635100 → 100000005287097100 → 100000004150593100 → 100000008595687100 → 100000003016635100
254,1,100000003809101100,peripheral,12,False,0.651882,10200.0,100000003809101100 → 100000008254069100 → 100000003809101100
254,2,100000008254069100,peripheral,20,False,0.50399,10200.0,100000003809101100 → 100000008254069100 → 100000003809101100
255,1,100000000089154100,distributor,1,False,0.542004,10000.0,100000000089154100 → 100000006866783100 → 100000000089154100
255,2,100000006866783100,distributor,1,True,0.830206,10000.0,100000000089154100 → 100000006866783100 → 100000000089154100
256,1,100000001439416100,peripheral,1,False,0.341629,10000.0,100000001439416100 → 100000002741024100 → 100000001439416100
256,2,100000002741024100,peripheral,1,False,0.685816,10000.0,100000001439416100 → 100000002741024100 → 100000001439416100
257,1,100000002692750100,peripheral,9,False,0.589213,10000.0,100000002692750100 → 100000003636627100 → 100000002692750100
257,2,100000003636627100,peripheral,9,False,0.337467,10000.0,100000002692750100 → 100000003636627100 → 100000002692750100
258,1,100000002731501100,peripheral,26,False,0.527352,10000.0,100000002731501100 → 100000004007116100 → 100000002731501100
258,2,100000004007116100,peripheral,26,True,0.432142,10000.0,100000002731501100 → 100000004007116100 → 100000002731501100
259,1,100000002870463100,peripheral,9,False,0.576879,10000.0,100000002870463100 → 100000005142492100 → 100000002870463100
259,2,100000005142492100,peripheral,9,False,0.301835,10000.0,100000002870463100 → 100000005142492100 → 100000002870463100
260,1,100000003509750100,transit,9,False,0.574099,10000.0,100000003509750100 → 100000004697956100 → 100000003509750100
260,2,100000004697956100,transit,9,False,0.334824,10000.0,100000003509750100 → 100000004697956100 → 100000003509750100
261,1,100000003917461100,peripheral,13,False,0.434845,10000.0,100000003917461100 → 100000004386258100 → 100000003917461100
261,2,100000004386258100,peripheral,13,False,0.616659,10000.0,100000003917461100 → 100000004386258100 → 100000003917461100
262,1,100000004005964100,peripheral,26,False,0.452558,10000.0,100000004005964100 → 100000004007116100 → 100000004005964100
262,2,100000004007116100,peripheral,26,True,0.432142,10000.0,100000004005964100 → 100000004007116100 → 100000004005964100
263,1,100000005074393100,peripheral,14,False,0.708802,10000.0,100000005074393100 → 100000005882013100 → 100000005074393100
263,2,100000005882013100,peripheral,14,False,0.538401,10000.0,100000005074393100 → 100000005882013100 → 100000005074393100
264,1,100000006866783100,distributor,1,True,0.830206,10000.0,100000006866783100 → 100000007639767100 → 100000006866783100
264,2,100000007639767100,distributor,1,False,0.817671,10000.0,100000006866783100 → 100000007639767100 → 100000006866783100
265,1,100000008443341100,peripheral,13,False,0.4877,10000.0,100000008443341100 → 100000008474308100 → 100000008443341100
265,2,100000008474308100,peripheral,13,False,0.272309,10000.0,100000008443341100 → 100000008474308100 → 100000008443341100
266,1,100000002731501100,peripheral,26,False,0.527352,10000.0,100000002731501100 → 100000004007116100 → 100000004005964100 → 100000002731501100
266,2,100000004007116100,peripheral,26,True,0.432142,10000.0,100000002731501100 → 100000004007116100 → 100000004005964100 → 100000002731501100
266,3,100000004005964100,peripheral,26,False,0.452558,10000.0,100000002731501100 → 100000004007116100 → 100000004005964100 → 100000002731501100
267,1,100000002731501100,peripheral,26,False,0.527352,10000.0,100000002731501100 → 100000004160650100 → 100000004005964100 → 100000002731501100
267,2,100000004160650100,distributor,26,False,0.619362,10000.0,100000002731501100 → 100000004160650100 → 100000004005964100 → 100000002731501100
267,3,100000004005964100,peripheral,26,False,0.452558,10000.0,100000002731501100 → 100000004160650100 → 100000004005964100 → 100000002731501100
268,1,100000002731501100,peripheral,26,False,0.527352,10000.0,100000002731501100 → 100000004160650100 → 100000004007116100 → 100000002731501100
268,2,100000004160650100,distributor,26,False,0.619362,10000.0,100000002731501100 → 100000004160650100 → 100000004007116100 → 100000002731501100
268,3,100000004007116100,peripheral,26,True,0.432142,10000.0,100000002731501100 → 100000004160650100 → 100000004007116100 → 100000002731501100
269,1,100000003360542100,peripheral,12,False,0.589694,10000.0,100000003360542100 → 100000003390036100 → 100000005873152100 → 100000003360542100
269,2,100000003390036100,peripheral,12,False,0.644832,10000.0,100000003360542100 → 100000003390036100 → 100000005873152100 → 100000003360542100
269,3,100000005873152100,transit,12,False,0.459153,10000.0,100000003360542100 → 100000003390036100 → 100000005873152100 → 100000003360542100
270,1,100000003934614100,peripheral,35,False,0.364691,10000.0,100000003934614100 → 100000004336312100 → 100000004017410100 → 100000003934614100
270,2,100000004336312100,transit,35,False,0.665358,10000.0,100000003934614100 → 100000004336312100 → 100000004017410100 → 100000003934614100
270,3,100000004017410100,peripheral,35,False,0.543213,10000.0,100000003934614100 → 100000004336312100 → 100000004017410100 → 100000003934614100
271,1,100000000089154100,distributor,1,False,0.542004,10000.0,100000000089154100 → 100000000437046100 → 100000004070318100 → 100000006866783100 → 100000000089154100
271,2,100000000437046100,coordinator,1,False,0.977091,10000.0,100000000089154100 → 100000000437046100 → 100000004070318100 → 100000006866783100 → 100000000089154100
271,3,100000004070318100,distributor,1,False,0.879738,10000.0,100000000089154100 → 100000000437046100 → 100000004070318100 → 100000006866783100 → 100000000089154100
271,4,100000006866783100,distributor,1,True,0.830206,10000.0,100000000089154100 → 100000000437046100 → 100000004070318100 → 100000006866783100 → 100000000089154100
272,1,100000000089154100,distributor,1,False,0.542004,10000.0,100000000089154100 → 100000000437046100 → 100000007639767100 → 100000006866783100 → 100000000089154100
272,2,100000000437046100,coordinator,1,False,0.977091,10000.0,100000000089154100 → 100000000437046100 → 100000007639767100 → 100000006866783100 → 100000000089154100
272,3,100000007639767100,distributor,1,False,0.817671,10000.0,100000000089154100 → 100000000437046100 → 100000007639767100 → 100000006866783100 → 100000000089154100
272,4,100000006866783100,distributor,1,True,0.830206,10000.0,100000000089154100 → 100000000437046100 → 100000007639767100 → 100000006866783100 → 100000000089154100
273,1,100000000089154100,distributor,1,False,0.542004,10000.0,100000000089154100 → 100000000437046100 → 100000008686313100 → 100000006866783100 → 100000000089154100
273,2,100000000437046100,coordinator,1,False,0.977091,10000.0,100000000089154100 → 100000000437046100 → 100000008686313100 → 100000006866783100 → 100000000089154100
273,3,100000008686313100,peripheral,1,False,0.702449,10000.0,100000000089154100 → 100000000437046100 → 100000008686313100 → 100000006866783100 → 100000000089154100
273,4,100000006866783100,distributor,1,True,0.830206,10000.0,100000000089154100 → 100000000437046100 → 100000008686313100 → 100000006866783100 → 100000000089154100
274,1,100000000089154100,distributor,1,False,0.542004,10000.0,100000000089154100 → 100000008111003100 → 100000003796063100 → 100000006866783100 → 100000000089154100
274,2,100000008111003100,consolidator,1,False,0.848295,10000.0,100000000089154100 → 100000008111003100 → 100000003796063100 → 100000006866783100 → 100000000089154100
274,3,100000003796063100,distributor,6,False,0.610376,10000.0,100000000089154100 → 100000008111003100 → 100000003796063100 → 100000006866783100 → 100000000089154100
274,4,100000006866783100,distributor,1,True,0.830206,10000.0,100000000089154100 → 100000008111003100 → 100000003796063100 → 100000006866783100 → 100000000089154100
275,1,100000000437046100,coordinator,1,False,0.977091,10000.0,100000000437046100 → 100000007639767100 → 100000004400305100 → 100000004390333100 → 100000000437046100
275,2,100000007639767100,distributor,1,False,0.817671,10000.0,100000000437046100 → 100000007639767100 → 100000004400305100 → 100000004390333100 → 100000000437046100
275,3,100000004400305100,distributor,1,False,0.886588,10000.0,100000000437046100 → 100000007639767100 → 100000004400305100 → 100000004390333100 → 100000000437046100
275,4,100000004390333100,distributor,1,False,0.795774,10000.0,100000000437046100 → 100000007639767100 → 100000004400305100 → 100000004390333100 → 100000000437046100
276,1,100000000437046100,coordinator,1,False,0.977091,10000.0,100000000437046100 → 100000007639767100 → 100000004400305100 → 100000008304139100 → 100000000437046100
276,2,100000007639767100,distributor,1,False,0.817671,10000.0,100000000437046100 → 100000007639767100 → 100000004400305100 → 100000008304139100 → 100000000437046100
276,3,100000004400305100,distributor,1,False,0.886588,10000.0,100000000437046100 → 100000007639767100 → 100000004400305100 → 100000008304139100 → 100000000437046100
276,4,100000008304139100,distributor,4,False,0.875222,10000.0,100000000437046100 → 100000007639767100 → 100000004400305100 → 100000008304139100 → 100000000437046100
277,1,100000000437046100,coordinator,1,False,0.977091,10000.0,100000000437046100 → 100000007639767100 → 100000004400305100 → 100000008686313100 → 100000000437046100
277,2,100000007639767100,distributor,1,False,0.817671,10000.0,100000000437046100 → 100000007639767100 → 100000004400305100 → 100000008686313100 → 100000000437046100
277,3,100000004400305100,distributor,1,False,0.886588,10000.0,100000000437046100 → 100000007639767100 → 100000004400305100 → 100000008686313100 → 100000000437046100
277,4,100000008686313100,peripheral,1,False,0.702449,10000.0,100000000437046100 → 100000007639767100 → 100000004400305100 → 100000008686313100 → 100000000437046100
278,1,100000000437046100,coordinator,1,False,0.977091,10000.0,100000000437046100 → 100000007639767100 → 100000006866783100 → 100000004351795100 → 100000000437046100
278,2,100000007639767100,distributor,1,False,0.817671,10000.0,100000000437046100 → 100000007639767100 → 100000006866783100 → 100000004351795100 → 100000000437046100
278,3,100000006866783100,distributor,1,True,0.830206,10000.0,100000000437046100 → 100000007639767100 → 100000006866783100 → 100000004351795100 → 100000000437046100
278,4,100000004351795100,coordinator,1,False,0.884742,10000.0,100000000437046100 → 100000007639767100 → 100000006866783100 → 100000004351795100 → 100000000437046100
279,1,100000000437046100,coordinator,1,False,0.977091,10000.0,100000000437046100 → 100000007639767100 → 100000006866783100 → 100000004390333100 → 100000000437046100
279,2,100000007639767100,distributor,1,False,0.817671,10000.0,100000000437046100 → 100000007639767100 → 100000006866783100 → 100000004390333100 → 100000000437046100
279,3,100000006866783100,distributor,1,True,0.830206,10000.0,100000000437046100 → 100000007639767100 → 100000006866783100 → 100000004390333100 → 100000000437046100
279,4,100000004390333100,distributor,1,False,0.795774,10000.0,100000000437046100 → 100000007639767100 → 100000006866783100 → 100000004390333100 → 100000000437046100
280,1,100000000437046100,coordinator,1,False,0.977091,10000.0,100000000437046100 → 100000007639767100 → 100000006866783100 → 100000008304139100 → 100000000437046100
280,2,100000007639767100,distributor,1,False,0.817671,10000.0,100000000437046100 → 100000007639767100 → 100000006866783100 → 100000008304139100 → 100000000437046100
280,3,100000006866783100,distributor,1,True,0.830206,10000.0,100000000437046100 → 100000007639767100 → 100000006866783100 → 100000008304139100 → 100000000437046100
280,4,100000008304139100,distributor,4,False,0.875222,10000.0,100000000437046100 → 100000007639767100 → 100000006866783100 → 100000008304139100 → 100000000437046100
281,1,100000000437046100,coordinator,1,False,0.977091,10000.0,100000000437046100 → 100000007639767100 → 100000006866783100 → 100000008686313100 → 100000000437046100
281,2,100000007639767100,distributor,1,False,0.817671,10000.0,100000000437046100 → 100000007639767100 → 100000006866783100 → 100000008686313100 → 100000000437046100
281,3,100000006866783100,distributor,1,True,0.830206,10000.0,100000000437046100 → 100000007639767100 → 100000006866783100 → 100000008686313100 → 100000000437046100
281,4,100000008686313100,peripheral,1,False,0.702449,10000.0,100000000437046100 → 100000007639767100 → 100000006866783100 → 100000008686313100 → 100000000437046100
282,1,100000001609499100,peripheral,1,False,0.543753,10000.0,100000001609499100 → 100000006866783100 → 100000007639767100 → 100000004400305100 → 100000001609499100
282,2,100000006866783100,distributor,1,True,0.830206,10000.0,100000001609499100 → 100000006866783100 → 100000007639767100 → 100000004400305100 → 100000001609499100
282,3,100000007639767100,distributor,1,False,0.817671,10000.0,100000001609499100 → 100000006866783100 → 100000007639767100 → 100000004400305100 → 100000001609499100
282,4,100000004400305100,distributor,1,False,0.886588,10000.0,100000001609499100 → 100000006866783100 → 100000007639767100 → 100000004400305100 → 100000001609499100
283,1,100000001660397100,transit,1,False,0.667155,10000.0,100000001660397100 → 100000008477350100 → 100000007639767100 → 100000006866783100 → 100000001660397100
283,2,100000008477350100,coordinator,1,False,0.949978,10000.0,100000001660397100 → 100000008477350100 → 100000007639767100 → 100000006866783100 → 100000001660397100
283,3,100000007639767100,distributor,1,False,0.817671,10000.0,100000001660397100 → 100000008477350100 → 100000007639767100 → 100000006866783100 → 100000001660397100
283,4,100000006866783100,distributor,1,True,0.830206,10000.0,100000001660397100 → 100000008477350100 → 100000007639767100 → 100000006866783100 → 100000001660397100
284,1,100000002306369100,peripheral,4,False,0.434111,10000.0,100000002306369100 → 100000008477350100 → 100000007639767100 → 100000006866783100 → 100000002306369100
284,2,100000008477350100,coordinator,1,False,0.949978,10000.0,100000002306369100 → 100000008477350100 → 100000007639767100 → 100000006866783100 → 100000002306369100
284,3,100000007639767100,distributor,1,False,0.817671,10000.0,100000002306369100 → 100000008477350100 → 100000007639767100 → 100000006866783100 → 100000002306369100
284,4,100000006866783100,distributor,1,True,0.830206,10000.0,100000002306369100 → 100000008477350100 → 100000007639767100 → 100000006866783100 → 100000002306369100
285,1,100000002306369100,peripheral,4,False,0.434111,10000.0,100000002306369100 → 100000008603629100 → 100000007639767100 → 100000006866783100 → 100000002306369100
285,2,100000008603629100,coordinator,7,False,0.981072,10000.0,100000002306369100 → 100000008603629100 → 100000007639767100 → 100000006866783100 → 100000002306369100
285,3,100000007639767100,distributor,1,False,0.817671,10000.0,100000002306369100 → 100000008603629100 → 100000007639767100 → 100000006866783100 → 100000002306369100
285,4,100000006866783100,distributor,1,True,0.830206,10000.0,100000002306369100 → 100000008603629100 → 100000007639767100 → 100000006866783100 → 100000002306369100
286,1,100000002723538100,distributor,7,False,0.839435,10000.0,100000002723538100 → 100000008603629100 → 100000007639767100 → 100000004400305100 → 100000002723538100
286,2,100000008603629100,coordinator,7,False,0.981072,10000.0,100000002723538100 → 100000008603629100 → 100000007639767100 → 100000004400305100 → 100000002723538100
286,3,100000007639767100,distributor,1,False,0.817671,10000.0,100000002723538100 → 100000008603629100 → 100000007639767100 → 100000004400305100 → 100000002723538100
286,4,100000004400305100,distributor,1,False,0.886588,10000.0,100000002723538100 → 100000008603629100 → 100000007639767100 → 100000004400305100 → 100000002723538100
287,1,100000002731501100,peripheral,26,False,0.527352,10000.0,100000002731501100 → 100000004007116100 → 100000003616818100 → 100000004005964100 → 100000002731501100
287,2,100000004007116100,peripheral,26,True,0.432142,10000.0,100000002731501100 → 100000004007116100 → 100000003616818100 → 100000004005964100 → 100000002731501100
287,3,100000003616818100,peripheral,26,False,0.433218,10000.0,100000002731501100 → 100000004007116100 → 100000003616818100 → 100000004005964100 → 100000002731501100
287,4,100000004005964100,peripheral,26,False,0.452558,10000.0,100000002731501100 → 100000004007116100 → 100000003616818100 → 100000004005964100 → 100000002731501100
288,1,100000002731501100,peripheral,26,False,0.527352,10000.0,100000002731501100 → 100000004160650100 → 100000003616818100 → 100000004005964100 → 100000002731501100
288,2,100000004160650100,distributor,26,False,0.619362,10000.0,100000002731501100 → 100000004160650100 → 100000003616818100 → 100000004005964100 → 100000002731501100
288,3,100000003616818100,peripheral,26,False,0.433218,10000.0,100000002731501100 → 100000004160650100 → 100000003616818100 → 100000004005964100 → 100000002731501100
288,4,100000004005964100,peripheral,26,False,0.452558,10000.0,100000002731501100 → 100000004160650100 → 100000003616818100 → 100000004005964100 → 100000002731501100
289,1,100000002731501100,peripheral,26,False,0.527352,10000.0,100000002731501100 → 100000004160650100 → 100000004005964100 → 100000004007116100 → 100000002731501100
289,2,100000004160650100,distributor,26,False,0.619362,10000.0,100000002731501100 → 100000004160650100 → 100000004005964100 → 100000004007116100 → 100000002731501100
289,3,100000004005964100,peripheral,26,False,0.452558,10000.0,100000002731501100 → 100000004160650100 → 100000004005964100 → 100000004007116100 → 100000002731501100
289,4,100000004007116100,peripheral,26,True,0.432142,10000.0,100000002731501100 → 100000004160650100 → 100000004005964100 → 100000004007116100 → 100000002731501100
290,1,100000002731501100,peripheral,26,False,0.527352,10000.0,100000002731501100 → 100000004160650100 → 100000004007116100 → 100000004005964100 → 100000002731501100
290,2,100000004160650100,distributor,26,False,0.619362,10000.0,100000002731501100 → 100000004160650100 → 100000004007116100 → 100000004005964100 → 100000002731501100
290,3,100000004007116100,peripheral,26,True,0.432142,10000.0,100000002731501100 → 100000004160650100 → 100000004007116100 → 100000004005964100 → 100000002731501100
290,4,100000004005964100,peripheral,26,False,0.452558,10000.0,100000002731501100 → 100000004160650100 → 100000004007116100 → 100000004005964100 → 100000002731501100
291,1,100000003115284100,consolidator,12,False,0.958669,10000.0,100000003115284100 → 100000003390036100 → 100000005873152100 → 100000003360542100 → 100000003115284100
291,2,100000003390036100,peripheral,12,False,0.644832,10000.0,100000003115284100 → 100000003390036100 → 100000005873152100 → 100000003360542100 → 100000003115284100
291,3,100000005873152100,transit,12,False,0.459153,10000.0,100000003115284100 → 100000003390036100 → 100000005873152100 → 100000003360542100 → 100000003115284100
291,4,100000003360542100,peripheral,12,False,0.589694,10000.0,100000003115284100 → 100000003390036100 → 100000005873152100 → 100000003360542100 → 100000003115284100
292,1,100000003213473100,distributor,1,False,0.703359,10000.0,100000003213473100 → 100000006866783100 → 100000004070318100 → 100000004400305100 → 100000003213473100
292,2,100000006866783100,distributor,1,True,0.830206,10000.0,100000003213473100 → 100000006866783100 → 100000004070318100 → 100000004400305100 → 100000003213473100
292,3,100000004070318100,distributor,1,False,0.879738,10000.0,100000003213473100 → 100000006866783100 → 100000004070318100 → 100000004400305100 → 100000003213473100
292,4,100000004400305100,distributor,1,False,0.886588,10000.0,100000003213473100 → 100000006866783100 → 100000004070318100 → 100000004400305100 → 100000003213473100
293,1,100000003213473100,distributor,1,False,0.703359,10000.0,100000003213473100 → 100000006866783100 → 100000007639767100 → 100000004400305100 → 100000003213473100
293,2,100000006866783100,distributor,1,True,0.830206,10000.0,100000003213473100 → 100000006866783100 → 100000007639767100 → 100000004400305100 → 100000003213473100
293,3,100000007639767100,distributor,1,False,0.817671,10000.0,100000003213473100 → 100000006866783100 → 100000007639767100 → 100000004400305100 → 100000003213473100
293,4,100000004400305100,distributor,1,False,0.886588,10000.0,100000003213473100 → 100000006866783100 → 100000007639767100 → 100000004400305100 → 100000003213473100
294,1,100000003616818100,peripheral,26,False,0.433218,10000.0,100000003616818100 → 100000004160650100 → 100000004007116100 → 100000004005964100 → 100000003616818100
294,2,100000004160650100,distributor,26,False,0.619362,10000.0,100000003616818100 → 100000004160650100 → 100000004007116100 → 100000004005964100 → 100000003616818100
294,3,100000004007116100,peripheral,26,True,0.432142,10000.0,100000003616818100 → 100000004160650100 → 100000004007116100 → 100000004005964100 → 100000003616818100
294,4,100000004005964100,peripheral,26,False,0.452558,10000.0,100000003616818100 → 100000004160650100 → 100000004007116100 → 100000004005964100 → 100000003616818100
295,1,100000003796063100,distributor,6,False,0.610376,10000.0,100000003796063100 → 100000008477350100 → 100000007593823100 → 100000008111003100 → 100000003796063100
295,2,100000008477350100,coordinator,1,False,0.949978,10000.0,100000003796063100 → 100000008477350100 → 100000007593823100 → 100000008111003100 → 100000003796063100
295,3,100000007593823100,coordinator,1,False,0.813527,10000.0,100000003796063100 → 100000008477350100 → 100000007593823100 → 100000008111003100 → 100000003796063100
295,4,100000008111003100,consolidator,1,False,0.848295,10000.0,100000003796063100 → 100000008477350100 → 100000007593823100 → 100000008111003100 → 100000003796063100
296,1,100000003934614100,peripheral,35,False,0.364691,10000.0,100000003934614100 → 100000004336312100 → 100000005519998100 → 100000004017410100 → 100000003934614100
296,2,100000004336312100,transit,35,False,0.665358,10000.0,100000003934614100 → 100000004336312100 → 100000005519998100 → 100000004017410100 → 100000003934614100
296,3,100000005519998100,transit,35,False,0.710319,10000.0,100000003934614100 → 100000004336312100 → 100000005519998100 → 100000004017410100 → 100000003934614100
296,4,100000004017410100,peripheral,35,False,0.543213,10000.0,100000003934614100 → 100000004336312100 → 100000005519998100 → 100000004017410100 → 100000003934614100
297,1,100000004070318100,distributor,1,False,0.879738,10000.0,100000004070318100 → 100000006866783100 → 100000007639767100 → 100000004400305100 → 100000004070318100
297,2,100000006866783100,distributor,1,True,0.830206,10000.0,100000004070318100 → 100000006866783100 → 100000007639767100 → 100000004400305100 → 100000004070318100
297,3,100000007639767100,distributor,1,False,0.817671,10000.0,100000004070318100 → 100000006866783100 → 100000007639767100 → 100000004400305100 → 100000004070318100
297,4,100000004400305100,distributor,1,False,0.886588,10000.0,100000004070318100 → 100000006866783100 → 100000007639767100 → 100000004400305100 → 100000004070318100
298,1,100000004070318100,distributor,1,False,0.879738,10000.0,100000004070318100 → 100000008477350100 → 100000007639767100 → 100000004400305100 → 100000004070318100
298,2,100000008477350100,coordinator,1,False,0.949978,10000.0,100000004070318100 → 100000008477350100 → 100000007639767100 → 100000004400305100 → 100000004070318100
298,3,100000007639767100,distributor,1,False,0.817671,10000.0,100000004070318100 → 100000008477350100 → 100000007639767100 → 100000004400305100 → 100000004070318100
298,4,100000004400305100,distributor,1,False,0.886588,10000.0,100000004070318100 → 100000008477350100 → 100000007639767100 → 100000004400305100 → 100000004070318100
299,1,100000004070318100,distributor,1,False,0.879738,10000.0,100000004070318100 → 100000008477350100 → 100000007639767100 → 100000006866783100 → 100000004070318100
299,2,100000008477350100,coordinator,1,False,0.949978,10000.0,100000004070318100 → 100000008477350100 → 100000007639767100 → 100000006866783100 → 100000004070318100
299,3,100000007639767100,distributor,1,False,0.817671,10000.0,100000004070318100 → 100000008477350100 → 100000007639767100 → 100000006866783100 → 100000004070318100
299,4,100000006866783100,distributor,1,True,0.830206,10000.0,100000004070318100 → 100000008477350100 → 100000007639767100 → 100000006866783100 → 100000004070318100
300,1,100000004070318100,distributor,1,False,0.879738,10000.0,100000004070318100 → 100000008603629100 → 100000007639767100 → 100000004400305100 → 100000004070318100
300,2,100000008603629100,coordinator,7,False,0.981072,10000.0,100000004070318100 → 100000008603629100 → 100000007639767100 → 100000004400305100 → 100000004070318100
300,3,100000007639767100,distributor,1,False,0.817671,10000.0,100000004070318100 → 100000008603629100 → 100000007639767100 → 100000004400305100 → 100000004070318100
300,4,100000004400305100,distributor,1,False,0.886588,10000.0,100000004070318100 → 100000008603629100 → 100000007639767100 → 100000004400305100 → 100000004070318100
301,1,100000004070318100,distributor,1,False,0.879738,10000.0,100000004070318100 → 100000008603629100 → 100000007639767100 → 100000006866783100 → 100000004070318100
301,2,100000008603629100,coordinator,7,False,0.981072,10000.0,100000004070318100 → 100000008603629100 → 100000007639767100 → 100000006866783100 → 100000004070318100
301,3,100000007639767100,distributor,1,False,0.817671,10000.0,100000004070318100 → 100000008603629100 → 100000007639767100 → 100000006866783100 → 100000004070318100
301,4,100000006866783100,distributor,1,True,0.830206,10000.0,100000004070318100 → 100000008603629100 → 100000007639767100 → 100000006866783100 → 100000004070318100
302,1,100000004351795100,coordinator,1,False,0.884742,10000.0,100000004351795100 → 100000008603629100 → 100000007639767100 → 100000006866783100 → 100000004351795100
302,2,100000008603629100,coordinator,7,False,0.981072,10000.0,100000004351795100 → 100000008603629100 → 100000007639767100 → 100000006866783100 → 100000004351795100
302,3,100000007639767100,distributor,1,False,0.817671,10000.0,100000004351795100 → 100000008603629100 → 100000007639767100 → 100000006866783100 → 100000004351795100
302,4,100000006866783100,distributor,1,True,0.830206,10000.0,100000004351795100 → 100000008603629100 → 100000007639767100 → 100000006866783100 → 100000004351795100
303,1,100000004390333100,distributor,1,False,0.795774,10000.0,100000004390333100 → 100000006866783100 → 100000007639767100 → 100000004400305100 → 100000004390333100
303,2,100000006866783100,distributor,1,True,0.830206,10000.0,100000004390333100 → 100000006866783100 → 100000007639767100 → 100000004400305100 → 100000004390333100
303,3,100000007639767100,distributor,1,False,0.817671,10000.0,100000004390333100 → 100000006866783100 → 100000007639767100 → 100000004400305100 → 100000004390333100
303,4,100000004400305100,distributor,1,False,0.886588,10000.0,100000004390333100 → 100000006866783100 → 100000007639767100 → 100000004400305100 → 100000004390333100
304,1,100000004390333100,distributor,1,False,0.795774,10000.0,100000004390333100 → 100000008477350100 → 100000007639767100 → 100000004400305100 → 100000004390333100
304,2,100000008477350100,coordinator,1,False,0.949978,10000.0,100000004390333100 → 100000008477350100 → 100000007639767100 → 100000004400305100 → 100000004390333100
304,3,100000007639767100,distributor,1,False,0.817671,10000.0,100000004390333100 → 100000008477350100 → 100000007639767100 → 100000004400305100 → 100000004390333100
304,4,100000004400305100,distributor,1,False,0.886588,10000.0,100000004390333100 → 100000008477350100 → 100000007639767100 → 100000004400305100 → 100000004390333100
305,1,100000004390333100,distributor,1,False,0.795774,10000.0,100000004390333100 → 100000008477350100 → 100000007639767100 → 100000006866783100 → 100000004390333100
305,2,100000008477350100,coordinator,1,False,0.949978,10000.0,100000004390333100 → 100000008477350100 → 100000007639767100 → 100000006866783100 → 100000004390333100
305,3,100000007639767100,distributor,1,False,0.817671,10000.0,100000004390333100 → 100000008477350100 → 100000007639767100 → 100000006866783100 → 100000004390333100
305,4,100000006866783100,distributor,1,True,0.830206,10000.0,100000004390333100 → 100000008477350100 → 100000007639767100 → 100000006866783100 → 100000004390333100
306,1,100000004390333100,distributor,1,False,0.795774,10000.0,100000004390333100 → 100000008603629100 → 100000007639767100 → 100000004400305100 → 100000004390333100
306,2,100000008603629100,coordinator,7,False,0.981072,10000.0,100000004390333100 → 100000008603629100 → 100000007639767100 → 100000004400305100 → 100000004390333100
306,3,100000007639767100,distributor,1,False,0.817671,10000.0,100000004390333100 → 100000008603629100 → 100000007639767100 → 100000004400305100 → 100000004390333100
306,4,100000004400305100,distributor,1,False,0.886588,10000.0,100000004390333100 → 100000008603629100 → 100000007639767100 → 100000004400305100 → 100000004390333100
307,1,100000004390333100,distributor,1,False,0.795774,10000.0,100000004390333100 → 100000008603629100 → 100000007639767100 → 100000006866783100 → 100000004390333100
307,2,100000008603629100,coordinator,7,False,0.981072,10000.0,100000004390333100 → 100000008603629100 → 100000007639767100 → 100000006866783100 → 100000004390333100
307,3,100000007639767100,distributor,1,False,0.817671,10000.0,100000004390333100 → 100000008603629100 → 100000007639767100 → 100000006866783100 → 100000004390333100
307,4,100000006866783100,distributor,1,True,0.830206,10000.0,100000004390333100 → 100000008603629100 → 100000007639767100 → 100000006866783100 → 100000004390333100
308,1,100000004400305100,distributor,1,False,0.886588,10000.0,100000004400305100 → 100000004847758100 → 100000008603629100 → 100000007639767100 → 100000004400305100
308,2,100000004847758100,distributor,4,False,0.841915,10000.0,100000004400305100 → 100000004847758100 → 100000008603629100 → 100000007639767100 → 100000004400305100
308,3,100000008603629100,coordinator,7,False,0.981072,10000.0,100000004400305100 → 100000004847758100 → 100000008603629100 → 100000007639767100 → 100000004400305100
308,4,100000007639767100,distributor,1,False,0.817671,10000.0,100000004400305100 → 100000004847758100 → 100000008603629100 → 100000007639767100 → 100000004400305100
309,1,100000004400305100,distributor,1,False,0.886588,10000.0,100000004400305100 → 100000005048668100 → 100000008603629100 → 100000007639767100 → 100000004400305100
309,2,100000005048668100,distributor,7,False,0.76577,10000.0,100000004400305100 → 100000005048668100 → 100000008603629100 → 100000007639767100 → 100000004400305100
309,3,100000008603629100,coordinator,7,False,0.981072,10000.0,100000004400305100 → 100000005048668100 → 100000008603629100 → 100000007639767100 → 100000004400305100
309,4,100000007639767100,distributor,1,False,0.817671,10000.0,100000004400305100 → 100000005048668100 → 100000008603629100 → 100000007639767100 → 100000004400305100
310,1,100000004400305100,distributor,1,False,0.886588,10000.0,100000004400305100 → 100000005910114100 → 100000006866783100 → 100000007639767100 → 100000004400305100
310,2,100000005910114100,coordinator,1,False,0.943216,10000.0,100000004400305100 → 100000005910114100 → 100000006866783100 → 100000007639767100 → 100000004400305100
310,3,100000006866783100,distributor,1,True,0.830206,10000.0,100000004400305100 → 100000005910114100 → 100000006866783100 → 100000007639767100 → 100000004400305100
310,4,100000007639767100,distributor,1,False,0.817671,10000.0,100000004400305100 → 100000005910114100 → 100000006866783100 → 100000007639767100 → 100000004400305100
311,1,100000004400305100,distributor,1,False,0.886588,10000.0,100000004400305100 → 100000005910114100 → 100000008603629100 → 100000007639767100 → 100000004400305100
311,2,100000005910114100,coordinator,1,False,0.943216,10000.0,100000004400305100 → 100000005910114100 → 100000008603629100 → 100000007639767100 → 100000004400305100
311,3,100000008603629100,coordinator,7,False,0.981072,10000.0,100000004400305100 → 100000005910114100 → 100000008603629100 → 100000007639767100 → 100000004400305100
311,4,100000007639767100,distributor,1,False,0.817671,10000.0,100000004400305100 → 100000005910114100 → 100000008603629100 → 100000007639767100 → 100000004400305100
312,1,100000004400305100,distributor,1,False,0.886588,10000.0,100000004400305100 → 100000008304139100 → 100000006866783100 → 100000007639767100 → 100000004400305100
312,2,100000008304139100,distributor,4,False,0.875222,10000.0,100000004400305100 → 100000008304139100 → 100000006866783100 → 100000007639767100 → 100000004400305100
312,3,100000006866783100,distributor,1,True,0.830206,10000.0,100000004400305100 → 100000008304139100 → 100000006866783100 → 100000007639767100 → 100000004400305100
312,4,100000007639767100,distributor,1,False,0.817671,10000.0,100000004400305100 → 100000008304139100 → 100000006866783100 → 100000007639767100 → 100000004400305100
313,1,100000004400305100,distributor,1,False,0.886588,10000.0,100000004400305100 → 100000008304139100 → 100000008477350100 → 100000007639767100 → 100000004400305100
313,2,100000008304139100,distributor,4,False,0.875222,10000.0,100000004400305100 → 100000008304139100 → 100000008477350100 → 100000007639767100 → 100000004400305100
313,3,100000008477350100,coordinator,1,False,0.949978,10000.0,100000004400305100 → 100000008304139100 → 100000008477350100 → 100000007639767100 → 100000004400305100
313,4,100000007639767100,distributor,1,False,0.817671,10000.0,100000004400305100 → 100000008304139100 → 100000008477350100 → 100000007639767100 → 100000004400305100
314,1,100000004400305100,distributor,1,False,0.886588,10000.0,100000004400305100 → 100000008304139100 → 100000008603629100 → 100000007639767100 → 100000004400305100
314,2,100000008304139100,distributor,4,False,0.875222,10000.0,100000004400305100 → 100000008304139100 → 100000008603629100 → 100000007639767100 → 100000004400305100
314,3,100000008603629100,coordinator,7,False,0.981072,10000.0,100000004400305100 → 100000008304139100 → 100000008603629100 → 100000007639767100 → 100000004400305100
314,4,100000007639767100,distributor,1,False,0.817671,10000.0,100000004400305100 → 100000008304139100 → 100000008603629100 → 100000007639767100 → 100000004400305100
315,1,100000004400305100,distributor,1,False,0.886588,10000.0,100000004400305100 → 100000008587459100 → 100000006866783100 → 100000007639767100 → 100000004400305100
315,2,100000008587459100,peripheral,1,False,0.4965,10000.0,100000004400305100 → 100000008587459100 → 100000006866783100 → 100000007639767100 → 100000004400305100
315,3,100000006866783100,distributor,1,True,0.830206,10000.0,100000004400305100 → 100000008587459100 → 100000006866783100 → 100000007639767100 → 100000004400305100
315,4,100000007639767100,distributor,1,False,0.817671,10000.0,100000004400305100 → 100000008587459100 → 100000006866783100 → 100000007639767100 → 100000004400305100
316,1,100000004400305100,distributor,1,False,0.886588,10000.0,100000004400305100 → 100000008686313100 → 100000006866783100 → 100000007639767100 → 100000004400305100
316,2,100000008686313100,peripheral,1,False,0.702449,10000.0,100000004400305100 → 100000008686313100 → 100000006866783100 → 100000007639767100 → 100000004400305100
316,3,100000006866783100,distributor,1,True,0.830206,10000.0,100000004400305100 → 100000008686313100 → 100000006866783100 → 100000007639767100 → 100000004400305100
316,4,100000007639767100,distributor,1,False,0.817671,10000.0,100000004400305100 → 100000008686313100 → 100000006866783100 → 100000007639767100 → 100000004400305100
317,1,100000004400305100,distributor,1,False,0.886588,10000.0,100000004400305100 → 100000008686313100 → 100000008477350100 → 100000007639767100 → 100000004400305100
317,2,100000008686313100,peripheral,1,False,0.702449,10000.0,100000004400305100 → 100000008686313100 → 100000008477350100 → 100000007639767100 → 100000004400305100
317,3,100000008477350100,coordinator,1,False,0.949978,10000.0,100000004400305100 → 100000008686313100 → 100000008477350100 → 100000007639767100 → 100000004400305100
317,4,100000007639767100,distributor,1,False,0.817671,10000.0,100000004400305100 → 100000008686313100 → 100000008477350100 → 100000007639767100 → 100000004400305100
318,1,100000004400305100,distributor,1,False,0.886588,10000.0,100000004400305100 → 100000008686313100 → 100000008603629100 → 100000007639767100 → 100000004400305100
318,2,100000008686313100,peripheral,1,False,0.702449,10000.0,100000004400305100 → 100000008686313100 → 100000008603629100 → 100000007639767100 → 100000004400305100
318,3,100000008603629100,coordinator,7,False,0.981072,10000.0,100000004400305100 → 100000008686313100 → 100000008603629100 → 100000007639767100 → 100000004400305100
318,4,100000007639767100,distributor,1,False,0.817671,10000.0,100000004400305100 → 100000008686313100 → 100000008603629100 → 100000007639767100 → 100000004400305100
319,1,100000004847758100,distributor,4,False,0.841915,10000.0,100000004847758100 → 100000008603629100 → 100000007639767100 → 100000006866783100 → 100000004847758100
319,2,100000008603629100,coordinator,7,False,0.981072,10000.0,100000004847758100 → 100000008603629100 → 100000007639767100 → 100000006866783100 → 100000004847758100
319,3,100000007639767100,distributor,1,False,0.817671,10000.0,100000004847758100 → 100000008603629100 → 100000007639767100 → 100000006866783100 → 100000004847758100
319,4,100000006866783100,distributor,1,True,0.830206,10000.0,100000004847758100 → 100000008603629100 → 100000007639767100 → 100000006866783100 → 100000004847758100
320,1,100000006866783100,distributor,1,True,0.830206,10000.0,100000006866783100 → 100000008304139100 → 100000008477350100 → 100000007639767100 → 100000006866783100
320,2,100000008304139100,distributor,4,False,0.875222,10000.0,100000006866783100 → 100000008304139100 → 100000008477350100 → 100000007639767100 → 100000006866783100
320,3,100000008477350100,coordinator,1,False,0.949978,10000.0,100000006866783100 → 100000008304139100 → 100000008477350100 → 100000007639767100 → 100000006866783100
320,4,100000007639767100,distributor,1,False,0.817671,10000.0,100000006866783100 → 100000008304139100 → 100000008477350100 → 100000007639767100 → 100000006866783100
321,1,100000006866783100,distributor,1,True,0.830206,10000.0,100000006866783100 → 100000008304139100 → 100000008603629100 → 100000007639767100 → 100000006866783100
321,2,100000008304139100,distributor,4,False,0.875222,10000.0,100000006866783100 → 100000008304139100 → 100000008603629100 → 100000007639767100 → 100000006866783100
321,3,100000008603629100,coordinator,7,False,0.981072,10000.0,100000006866783100 → 100000008304139100 → 100000008603629100 → 100000007639767100 → 100000006866783100
321,4,100000007639767100,distributor,1,False,0.817671,10000.0,100000006866783100 → 100000008304139100 → 100000008603629100 → 100000007639767100 → 100000006866783100
322,1,100000006866783100,distributor,1,True,0.830206,10000.0,100000006866783100 → 100000008443341100 → 100000008477350100 → 100000007639767100 → 100000006866783100
322,2,100000008443341100,peripheral,13,False,0.4877,10000.0,100000006866783100 → 100000008443341100 → 100000008477350100 → 100000007639767100 → 100000006866783100
322,3,100000008477350100,coordinator,1,False,0.949978,10000.0,100000006866783100 → 100000008443341100 → 100000008477350100 → 100000007639767100 → 100000006866783100
322,4,100000007639767100,distributor,1,False,0.817671,10000.0,100000006866783100 → 100000008443341100 → 100000008477350100 → 100000007639767100 → 100000006866783100
323,1,100000006866783100,distributor,1,True,0.830206,10000.0,100000006866783100 → 100000008686313100 → 100000008477350100 → 100000007639767100 → 100000006866783100
323,2,100000008686313100,peripheral,1,False,0.702449,10000.0,100000006866783100 → 100000008686313100 → 100000008477350100 → 100000007639767100 → 100000006866783100
323,3,100000008477350100,coordinator,1,False,0.949978,10000.0,100000006866783100 → 100000008686313100 → 100000008477350100 → 100000007639767100 → 100000006866783100
323,4,100000007639767100,distributor,1,False,0.817671,10000.0,100000006866783100 → 100000008686313100 → 100000008477350100 → 100000007639767100 → 100000006866783100
324,1,100000006866783100,distributor,1,True,0.830206,10000.0,100000006866783100 → 100000008686313100 → 100000008603629100 → 100000007639767100 → 100000006866783100
324,2,100000008686313100,peripheral,1,False,0.702449,10000.0,100000006866783100 → 100000008686313100 → 100000008603629100 → 100000007639767100 → 100000006866783100
324,3,100000008603629100,coordinator,7,False,0.981072,10000.0,100000006866783100 → 100000008686313100 → 100000008603629100 → 100000007639767100 → 100000006866783100
324,4,100000007639767100,distributor,1,False,0.817671,10000.0,100000006866783100 → 100000008686313100 → 100000008603629100 → 100000007639767100 → 100000006866783100
325,1,100000004400305100,distributor,1,False,0.886588,9500.0,100000004400305100 → 100000005052998100 → 100000008477350100 → 100000007639767100 → 100000004400305100
325,2,100000005052998100,peripheral,1,False,0.317182,9500.0,100000004400305100 → 100000005052998100 → 100000008477350100 → 100000007639767100 → 100000004400305100
325,3,100000008477350100,coordinator,1,False,0.949978,9500.0,100000004400305100 → 100000005052998100 → 100000008477350100 → 100000007639767100 → 100000004400305100
325,4,100000007639767100,distributor,1,False,0.817671,9500.0,100000004400305100 → 100000005052998100 → 100000008477350100 → 100000007639767100 → 100000004400305100
326,1,100000000580561100,peripheral,45,True,0.358679,9300.0,100000000580561100 → 100000007939160100 → 100000000580561100
326,2,100000007939160100,peripheral,45,False,0.40315,9300.0,100000000580561100 → 100000007939160100 → 100000000580561100
327,1,100000002527114100,distributor,2,True,0.561934,9000.0,100000002527114100 → 100000006656003100 → 100000002527114100
327,2,100000006656003100,peripheral,2,False,0.323621,9000.0,100000002527114100 → 100000006656003100 → 100000002527114100
328,1,100000003213473100,distributor,1,False,0.703359,9000.0,100000003213473100 → 100000004400305100 → 100000003213473100
328,2,100000004400305100,distributor,1,False,0.886588,9000.0,100000003213473100 → 100000004400305100 → 100000003213473100
329,1,100000003796063100,distributor,6,False,0.610376,9000.0,100000003796063100 → 100000004400305100 → 100000005910114100 → 100000008111003100 → 100000003796063100
329,2,100000004400305100,distributor,1,False,0.886588,9000.0,100000003796063100 → 100000004400305100 → 100000005910114100 → 100000008111003100 → 100000003796063100
329,3,100000005910114100,coordinator,1,False,0.943216,9000.0,100000003796063100 → 100000004400305100 → 100000005910114100 → 100000008111003100 → 100000003796063100
329,4,100000008111003100,consolidator,1,False,0.848295,9000.0,100000003796063100 → 100000004400305100 → 100000005910114100 → 100000008111003100 → 100000003796063100
330,1,100000003796063100,distributor,6,False,0.610376,9000.0,100000003796063100 → 100000004400305100 → 100000007593823100 → 100000008111003100 → 100000003796063100
330,2,100000004400305100,distributor,1,False,0.886588,9000.0,100000003796063100 → 100000004400305100 → 100000007593823100 → 100000008111003100 → 100000003796063100
330,3,100000007593823100,coordinator,1,False,0.813527,9000.0,100000003796063100 → 100000004400305100 → 100000007593823100 → 100000008111003100 → 100000003796063100
330,4,100000008111003100,consolidator,1,False,0.848295,9000.0,100000003796063100 → 100000004400305100 → 100000007593823100 → 100000008111003100 → 100000003796063100
331,1,100000003016635100,distributor,5,True,0.825536,8600.0,100000003016635100 → 100000005287097100 → 100000004156082100 → 100000004188160100 → 100000003016635100
331,2,100000005287097100,distributor,5,False,0.867304,8600.0,100000003016635100 → 100000005287097100 → 100000004156082100 → 100000004188160100 → 100000003016635100
331,3,100000004156082100,coordinator,16,False,0.953815,8600.0,100000003016635100 → 100000005287097100 → 100000004156082100 → 100000004188160100 → 100000003016635100
331,4,100000004188160100,peripheral,5,False,0.611465,8600.0,100000003016635100 → 100000005287097100 → 100000004156082100 → 100000004188160100 → 100000003016635100
332,1,100000002175422100,peripheral,32,False,0.611902,8500.0,100000002175422100 → 100000002975437100 → 100000002175422100
332,2,100000002975437100,peripheral,32,False,0.387478,8500.0,100000002175422100 → 100000002975437100 → 100000002175422100
333,1,100000001526235100,distributor,27,False,0.727602,8000.0,100000001526235100 → 100000001788284100 → 100000001526235100
333,2,100000001788284100,peripheral,27,False,0.39606,8000.0,100000001526235100 → 100000001788284100 → 100000001526235100
334,1,100000001899164100,peripheral,13,False,0.664257,8000.0,100000001899164100 → 100000002193259100 → 100000001899164100
334,2,100000002193259100,peripheral,13,False,0.598966,8000.0,100000001899164100 → 100000002193259100 → 100000001899164100
335,1,100000005546031100,peripheral,50,False,0.436766,8000.0,100000005546031100 → 100000005547096100 → 100000005546031100
335,2,100000005547096100,peripheral,50,False,0.270766,8000.0,100000005546031100 → 100000005547096100 → 100000005546031100
336,1,100000003886323100,peripheral,5,False,0.526234,7650.0,100000003886323100 → 100000007749092100 → 100000003886323100
336,2,100000007749092100,peripheral,5,False,0.258597,7650.0,100000003886323100 → 100000007749092100 → 100000003886323100
337,1,100000002645993100,peripheral,1,False,0.575386,7600.0,100000002645993100 → 100000008413748100 → 100000004070318100 → 100000002957787100 → 100000002645993100
337,2,100000008413748100,distributor,17,False,0.75843,7600.0,100000002645993100 → 100000008413748100 → 100000004070318100 → 100000002957787100 → 100000002645993100
337,3,100000004070318100,distributor,1,False,0.879738,7600.0,100000002645993100 → 100000008413748100 → 100000004070318100 → 100000002957787100 → 100000002645993100
337,4,100000002957787100,coordinator,1,False,0.900323,7600.0,100000002645993100 → 100000008413748100 → 100000004070318100 → 100000002957787100 → 100000002645993100
338,1,100000001380054100,peripheral,30,False,0.454871,7050.0,100000001380054100 → 100000005077484100 → 100000001380054100
338,2,100000005077484100,peripheral,30,False,0.406153,7050.0,100000001380054100 → 100000005077484100 → 100000001380054100
339,1,100000002812641100,peripheral,3,False,0.383841,7023.95,100000002812641100 → 100000002838861100 → 100000002812641100
339,2,100000002838861100,consolidator,3,False,0.850178,7023.95,100000002812641100 → 100000002838861100 → 100000002812641100
340,1,100000004076740100,peripheral,35,False,0.561231,7000.0,100000004076740100 → 100000004467157100 → 100000004076740100
340,2,100000004467157100,peripheral,35,False,0.286121,7000.0,100000004076740100 → 100000004467157100 → 100000004076740100
341,1,100000004508696100,peripheral,39,False,0.38681,7000.0,100000004508696100 → 100000005911352100 → 100000004508696100
341,2,100000005911352100,peripheral,39,False,0.440458,7000.0,100000004508696100 → 100000005911352100 → 100000004508696100
342,1,100000003934614100,peripheral,35,False,0.364691,7000.0,100000003934614100 → 100000004336312100 → 100000005519998100 → 100000003934614100
342,2,100000004336312100,transit,35,False,0.665358,7000.0,100000003934614100 → 100000004336312100 → 100000005519998100 → 100000003934614100
342,3,100000005519998100,transit,35,False,0.710319,7000.0,100000003934614100 → 100000004336312100 → 100000005519998100 → 100000003934614100
343,1,100000003934614100,peripheral,35,False,0.364691,7000.0,100000003934614100 → 100000004336312100 → 100000004017410100 → 100000005519998100 → 100000003934614100
343,2,100000004336312100,transit,35,False,0.665358,7000.0,100000003934614100 → 100000004336312100 → 100000004017410100 → 100000005519998100 → 100000003934614100
343,3,100000004017410100,peripheral,35,False,0.543213,7000.0,100000003934614100 → 100000004336312100 → 100000004017410100 → 100000005519998100 → 100000003934614100
343,4,100000005519998100,transit,35,False,0.710319,7000.0,100000003934614100 → 100000004336312100 → 100000004017410100 → 100000005519998100 → 100000003934614100
344,1,100000005048668100,distributor,7,False,0.76577,6500.0,100000005048668100 → 100000008346837100 → 100000005048668100
344,2,100000008346837100,coordinator,14,False,0.961321,6500.0,100000005048668100 → 100000008346837100 → 100000005048668100
345,1,100000006443391100,peripheral,3,False,0.441456,6335.09,100000006443391100 → 100000006912294100 → 100000006443391100
345,2,100000006912294100,peripheral,3,False,0.268097,6335.09,100000006443391100 → 100000006912294100 → 100000006443391100
346,1,100000004221668100,peripheral,9,False,0.57773,6200.0,100000004221668100 → 100000004321983100 → 100000005171642100 → 100000004221668100
346,2,100000004321983100,peripheral,9,False,0.27884,6200.0,100000004221668100 → 100000004321983100 → 100000005171642100 → 100000004221668100
346,3,100000005171642100,transit,9,False,0.681338,6200.0,100000004221668100 → 100000004321983100 → 100000005171642100 → 100000004221668100
347,1,100000001049200100,peripheral,18,False,0.592377,6014.0,100000001049200100 → 100000004156082100 → 100000004188160100 → 100000003016635100 → 100000001049200100
347,2,100000004156082100,coordinator,16,False,0.953815,6014.0,100000001049200100 → 100000004156082100 → 100000004188160100 → 100000003016635100 → 100000001049200100
347,3,100000004188160100,peripheral,5,False,0.611465,6014.0,100000001049200100 → 100000004156082100 → 100000004188160100 → 100000003016635100 → 100000001049200100
347,4,100000003016635100,distributor,5,True,0.825536,6014.0,100000001049200100 → 100000004156082100 → 100000004188160100 → 100000003016635100 → 100000001049200100
348,1,100000001049200100,peripheral,18,False,0.592377,6014.0,100000001049200100 → 100000004156082100 → 100000005287097100 → 100000003016635100 → 100000001049200100
348,2,100000004156082100,coordinator,16,False,0.953815,6014.0,100000001049200100 → 100000004156082100 → 100000005287097100 → 100000003016635100 → 100000001049200100
348,3,100000005287097100,distributor,5,False,0.867304,6014.0,100000001049200100 → 100000004156082100 → 100000005287097100 → 100000003016635100 → 100000001049200100
348,4,100000003016635100,distributor,5,True,0.825536,6014.0,100000001049200100 → 100000004156082100 → 100000005287097100 → 100000003016635100 → 100000001049200100
349,1,100000000926766100,peripheral,27,False,0.320718,6000.0,100000000926766100 → 100000001526235100 → 100000000926766100
349,2,100000001526235100,distributor,27,False,0.727602,6000.0,100000000926766100 → 100000001526235100 → 100000000926766100
350,1,100000004071070100,peripheral,1,False,0.444689,6000.0,100000004071070100 → 100000004071080100 → 100000004071070100
350,2,100000004071080100,consolidator,1,False,0.825979,6000.0,100000004071070100 → 100000004071080100 → 100000004071070100
351,1,100000000437046100,coordinator,1,False,0.977091,6000.0,100000000437046100 → 100000004070318100 → 100000002957787100 → 100000008632060100 → 100000000437046100
351,2,100000004070318100,distributor,1,False,0.879738,6000.0,100000000437046100 → 100000004070318100 → 100000002957787100 → 100000008632060100 → 100000000437046100
351,3,100000002957787100,coordinator,1,False,0.900323,6000.0,100000000437046100 → 100000004070318100 → 100000002957787100 → 100000008632060100 → 100000000437046100
351,4,100000008632060100,distributor,1,False,0.478915,6000.0,100000000437046100 → 100000004070318100 → 100000002957787100 → 100000008632060100 → 100000000437046100
352,1,100000002957787100,coordinator,1,False,0.900323,6000.0,100000002957787100 → 100000008632060100 → 100000004400305100 → 100000004070318100 → 100000002957787100
352,2,100000008632060100,distributor,1,False,0.478915,6000.0,100000002957787100 → 100000008632060100 → 100000004400305100 → 100000004070318100 → 100000002957787100
352,3,100000004400305100,distributor,1,False,0.886588,6000.0,100000002957787100 → 100000008632060100 → 100000004400305100 → 100000004070318100 → 100000002957787100
352,4,100000004070318100,distributor,1,False,0.879738,6000.0,100000002957787100 → 100000008632060100 → 100000004400305100 → 100000004070318100 → 100000002957787100
353,1,100000002957787100,coordinator,1,False,0.900323,6000.0,100000002957787100 → 100000008632060100 → 100000004400305100 → 100000005910114100 → 100000002957787100
353,2,100000008632060100,distributor,1,False,0.478915,6000.0,100000002957787100 → 100000008632060100 → 100000004400305100 → 100000005910114100 → 100000002957787100
353,3,100000004400305100,distributor,1,False,0.886588,6000.0,100000002957787100 → 100000008632060100 → 100000004400305100 → 100000005910114100 → 100000002957787100
353,4,100000005910114100,coordinator,1,False,0.943216,6000.0,100000002957787100 → 100000008632060100 → 100000004400305100 → 100000005910114100 → 100000002957787100
354,1,100000002957787100,coordinator,1,False,0.900323,6000.0,100000002957787100 → 100000008632060100 → 100000006866783100 → 100000004070318100 → 100000002957787100
354,2,100000008632060100,distributor,1,False,0.478915,6000.0,100000002957787100 → 100000008632060100 → 100000006866783100 → 100000004070318100 → 100000002957787100
354,3,100000006866783100,distributor,1,True,0.830206,6000.0,100000002957787100 → 100000008632060100 → 100000006866783100 → 100000004070318100 → 100000002957787100
354,4,100000004070318100,distributor,1,False,0.879738,6000.0,100000002957787100 → 100000008632060100 → 100000006866783100 → 100000004070318100 → 100000002957787100
355,1,100000002741024100,peripheral,1,False,0.685816,5990.85,100000002741024100 → 100000008680912100 → 100000002741024100
355,2,100000008680912100,peripheral,1,False,0.336332,5990.85,100000002741024100 → 100000008680912100 → 100000002741024100
356,1,100000003148220100,peripheral,60,False,0.369987,5650.0,100000003148220100 → 100000004971871100 → 100000003148220100
356,2,100000004971871100,peripheral,60,True,0.263441,5650.0,100000003148220100 → 100000004971871100 → 100000003148220100
357,1,100000000706545100,peripheral,5,False,0.593928,5500.0,100000000706545100 → 100000006901046100 → 100000000706545100
357,2,100000006901046100,peripheral,5,False,0.361799,5500.0,100000000706545100 → 100000006901046100 → 100000000706545100
358,1,100000000076451100,peripheral,16,False,0.612394,5000.0,100000000076451100 → 100000004629688100 → 100000000076451100
358,2,100000004629688100,peripheral,16,False,0.33383,5000.0,100000000076451100 → 100000004629688100 → 100000000076451100
359,1,100000001049200100,peripheral,18,False,0.592377,5000.0,100000001049200100 → 100000003016635100 → 100000001049200100
359,2,100000003016635100,distributor,5,True,0.825536,5000.0,100000001049200100 → 100000003016635100 → 100000001049200100
360,1,100000001232297100,peripheral,14,False,0.368319,5000.0,100000001232297100 → 100000005074393100 → 100000001232297100
360,2,100000005074393100,peripheral,14,False,0.708802,5000.0,100000001232297100 → 100000005074393100 → 100000001232297100
361,1,100000001677929100,peripheral,11,False,0.527049,5000.0,100000001677929100 → 100000001740277100 → 100000001677929100
361,2,100000001740277100,peripheral,11,False,0.297898,5000.0,100000001677929100 → 100000001740277100 → 100000001677929100
362,1,100000002578405100,distributor,2,False,0.700712,5000.0,100000002578405100 → 100000005041905100 → 100000002578405100
362,2,100000005041905100,peripheral,2,False,0.251824,5000.0,100000002578405100 → 100000005041905100 → 100000002578405100
363,1,100000003635170100,transit,34,False,0.864708,5000.0,100000003635170100 → 100000005602999100 → 100000003635170100
363,2,100000005602999100,peripheral,34,False,0.475381,5000.0,100000003635170100 → 100000005602999100 → 100000003635170100
364,1,100000003741418100,consolidator,6,False,0.828959,5000.0,100000003741418100 → 100000006111439100 → 100000003741418100
364,2,100000006111439100,transit,6,False,0.636369,5000.0,100000003741418100 → 100000006111439100 → 100000003741418100
365,1,100000004180097100,peripheral,1,False,0.560271,5000.0,100000004180097100 → 100000004765639100 → 100000004180097100
365,2,100000004765639100,peripheral,1,False,0.300759,5000.0,100000004180097100 → 100000004765639100 → 100000004180097100
366,1,100000004386258100,peripheral,13,False,0.616659,5000.0,100000004386258100 → 100000004386331100 → 100000004386258100
366,2,100000004386331100,transit,13,False,0.530899,5000.0,100000004386258100 → 100000004386331100 → 100000004386258100
367,1,100000004552204100,peripheral,33,False,0.367985,5000.0,100000004552204100 → 100000007322059100 → 100000004552204100
367,2,100000007322059100,peripheral,33,False,0.462444,5000.0,100000004552204100 → 100000007322059100 → 100000004552204100
368,1,100000004715209100,peripheral,3,False,0.390822,5000.0,100000004715209100 → 100000008603331100 → 100000004715209100
368,2,100000008603331100,peripheral,3,False,0.524291,5000.0,100000004715209100 → 100000008603331100 → 100000004715209100
369,1,100000005175148100,peripheral,16,False,0.496108,5000.0,100000005175148100 → 100000005339662100 → 100000005175148100
369,2,100000005339662100,peripheral,16,False,0.669312,5000.0,100000005175148100 → 100000005339662100 → 100000005175148100
370,1,100000005367445100,transit,3,False,0.366477,5000.0,100000005367445100 → 100000005413948100 → 100000005367445100
370,2,100000005413948100,peripheral,3,False,0.433952,5000.0,100000005367445100 → 100000005413948100 → 100000005367445100
371,1,100000005456919100,peripheral,44,False,0.463218,5000.0,100000005456919100 → 100000008659445100 → 100000005456919100
371,2,100000008659445100,peripheral,44,True,0.402997,5000.0,100000005456919100 → 100000008659445100 → 100000005456919100
372,1,100000005664922100,peripheral,25,False,0.373732,5000.0,100000005664922100 → 100000008686247100 → 100000005664922100
372,2,100000008686247100,peripheral,25,False,0.290091,5000.0,100000005664922100 → 100000008686247100 → 100000005664922100
373,1,100000006274203100,peripheral,18,False,0.652027,5000.0,100000006274203100 → 100000007594394100 → 100000006274203100
373,2,100000007594394100,consolidator,18,False,0.901557,5000.0,100000006274203100 → 100000007594394100 → 100000006274203100
374,1,100000007593823100,coordinator,1,False,0.813527,5000.0,100000007593823100 → 100000008346837100 → 100000007593823100
374,2,100000008346837100,coordinator,14,False,0.961321,5000.0,100000007593823100 → 100000008346837100 → 100000007593823100
375,1,100000007689942100,peripheral,18,False,0.329118,5000.0,100000007689942100 → 100000008546855100 → 100000007689942100
375,2,100000008546855100,consolidator,18,False,0.84167,5000.0,100000007689942100 → 100000008546855100 → 100000007689942100
376,1,100000008546855100,consolidator,18,False,0.84167,5000.0,100000008546855100 → 100000008582730100 → 100000008546855100
376,2,100000008582730100,transit,18,False,0.366477,5000.0,100000008546855100 → 100000008582730100 → 100000008546855100
377,1,100000000437046100,coordinator,1,False,0.977091,5000.0,100000000437046100 → 100000008603629100 → 100000004351795100 → 100000000437046100
377,2,100000008603629100,coordinator,7,False,0.981072,5000.0,100000000437046100 → 100000008603629100 → 100000004351795100 → 100000000437046100
377,3,100000004351795100,coordinator,1,False,0.884742,5000.0,100000000437046100 → 100000008603629100 → 100000004351795100 → 100000000437046100
378,1,100000000437046100,coordinator,1,False,0.977091,5000.0,100000000437046100 → 100000008603629100 → 100000007639767100 → 100000000437046100
378,2,100000008603629100,coordinator,7,False,0.981072,5000.0,100000000437046100 → 100000008603629100 → 100000007639767100 → 100000000437046100
378,3,100000007639767100,distributor,1,False,0.817671,5000.0,100000000437046100 → 100000008603629100 → 100000007639767100 → 100000000437046100
379,1,100000000437046100,coordinator,1,False,0.977091,5000.0,100000000437046100 → 100000008603629100 → 100000008686313100 → 100000000437046100
379,2,100000008603629100,coordinator,7,False,0.981072,5000.0,100000000437046100 → 100000008603629100 → 100000008686313100 → 100000000437046100
379,3,100000008686313100,peripheral,1,False,0.702449,5000.0,100000000437046100 → 100000008603629100 → 100000008686313100 → 100000000437046100
380,1,100000001232297100,peripheral,14,False,0.368319,5000.0,100000001232297100 → 100000005882013100 → 100000005074393100 → 100000001232297100
380,2,100000005882013100,peripheral,14,False,0.538401,5000.0,100000001232297100 → 100000005882013100 → 100000005074393100 → 100000001232297100
380,3,100000005074393100,peripheral,14,False,0.708802,5000.0,100000001232297100 → 100000005882013100 → 100000005074393100 → 100000001232297100
381,1,100000002293421100,transit,1,False,0.604854,5000.0,100000002293421100 → 100000004180097100 → 100000004765639100 → 100000002293421100
381,2,100000004180097100,peripheral,1,False,0.560271,5000.0,100000002293421100 → 100000004180097100 → 100000004765639100 → 100000002293421100
381,3,100000004765639100,peripheral,1,False,0.300759,5000.0,100000002293421100 → 100000004180097100 → 100000004765639100 → 100000002293421100
382,1,100000005456919100,peripheral,44,False,0.463218,5000.0,100000005456919100 → 100000008659445100 → 100000008193577100 → 100000005456919100
382,2,100000008659445100,peripheral,44,True,0.402997,5000.0,100000005456919100 → 100000008659445100 → 100000008193577100 → 100000005456919100
382,3,100000008193577100,peripheral,44,False,0.477388,5000.0,100000005456919100 → 100000008659445100 → 100000008193577100 → 100000005456919100
383,1,100000001857829100,coordinator,7,False,0.945212,5000.0,100000001857829100 → 100000008121806100 → 100000008346837100 → 100000005910114100 → 100000001857829100
383,2,100000008121806100,peripheral,7,False,0.478709,5000.0,100000001857829100 → 100000008121806100 → 100000008346837100 → 100000005910114100 → 100000001857829100
383,3,100000008346837100,coordinator,14,False,0.961321,5000.0,100000001857829100 → 100000008121806100 → 100000008346837100 → 100000005910114100 → 100000001857829100
383,4,100000005910114100,coordinator,1,False,0.943216,5000.0,100000001857829100 → 100000008121806100 → 100000008346837100 → 100000005910114100 → 100000001857829100
384,1,100000003016635100,distributor,5,True,0.825536,5000.0,100000003016635100 → 100000008169544100 → 100000004156082100 → 100000004188160100 → 100000003016635100
384,2,100000008169544100,peripheral,5,False,0.55134,5000.0,100000003016635100 → 100000008169544100 → 100000004156082100 → 100000004188160100 → 100000003016635100
384,3,100000004156082100,coordinator,16,False,0.953815,5000.0,100000003016635100 → 100000008169544100 → 100000004156082100 → 100000004188160100 → 100000003016635100
384,4,100000004188160100,peripheral,5,False,0.611465,5000.0,100000003016635100 → 100000008169544100 → 100000004156082100 → 100000004188160100 → 100000003016635100
385,1,100000003016635100,distributor,5,True,0.825536,5000.0,100000003016635100 → 100000008169544100 → 100000004156082100 → 100000005287097100 → 100000003016635100
385,2,100000008169544100,peripheral,5,False,0.55134,5000.0,100000003016635100 → 100000008169544100 → 100000004156082100 → 100000005287097100 → 100000003016635100
385,3,100000004156082100,coordinator,16,False,0.953815,5000.0,100000003016635100 → 100000008169544100 → 100000004156082100 → 100000005287097100 → 100000003016635100
385,4,100000005287097100,distributor,5,False,0.867304,5000.0,100000003016635100 → 100000008169544100 → 100000004156082100 → 100000005287097100 → 100000003016635100
386,1,100000003796063100,distributor,6,False,0.610376,5000.0,100000003796063100 → 100000008346837100 → 100000007593823100 → 100000008111003100 → 100000003796063100
386,2,100000008346837100,coordinator,14,False,0.961321,5000.0,100000003796063100 → 100000008346837100 → 100000007593823100 → 100000008111003100 → 100000003796063100
386,3,100000007593823100,coordinator,1,False,0.813527,5000.0,100000003796063100 → 100000008346837100 → 100000007593823100 → 100000008111003100 → 100000003796063100
386,4,100000008111003100,consolidator,1,False,0.848295,5000.0,100000003796063100 → 100000008346837100 → 100000007593823100 → 100000008111003100 → 100000003796063100
387,1,100000005456919100,peripheral,44,False,0.463218,5000.0,100000005456919100 → 100000008659445100 → 100000008736940100 → 100000008193577100 → 100000005456919100
387,2,100000008659445100,peripheral,44,True,0.402997,5000.0,100000005456919100 → 100000008659445100 → 100000008736940100 → 100000008193577100 → 100000005456919100
387,3,100000008736940100,peripheral,44,False,0.505555,5000.0,100000005456919100 → 100000008659445100 → 100000008736940100 → 100000008193577100 → 100000005456919100
387,4,100000008193577100,peripheral,44,False,0.477388,5000.0,100000005456919100 → 100000008659445100 → 100000008736940100 → 100000008193577100 → 100000005456919100
