gid,role,role_score,cluster_id,priority_score,evidence,depth,is_seed,in_deg,out_deg,in_kzt,out_kzt,in_tx,out_tx,seed_reach,bridge,rapid_48h,boundary,p_hidden_outgoing,cycles,cycle_with_seed,sync_payers_max,repeat_amount_max,near_threshold_in,priority_base,priority_payers,priority_incoming,priority_seed_reach,priority_bridge,priority_recipients,priority_rapid,priority_role_factor,priority_boundary_factor,priority_seed_factor,attention
100000000011452100,peripheral,0.6,1,0.449643,"Недостаточно признаков роли: 3 плательщиков, 1 получателей, колено 1.",1,False,3,1,110000.0,16685.0,7,2,1,0.0,0.5714285714285714,False,0.0,1,False,1,1,3,0.599523,0.187189,0.136343,0.054048,0.079004,0.114368,0.028571,0.75,1.0,1.0,возвратный поток (1 цикл.)
100000000018102100,peripheral,0.55,1,0.137082,"Граница обхода: колено 4, вход от 1 клиентов; исходящие не выгружены. У похожих узлов колен 1–3 выход есть в 29% случаев.",4,False,1,0,7000.0,0.0,1,0,1,0.0,0.0,True,0.287,0,False,1,0,1,0.281194,0.082073,0.01419,0.054048,0.079004,0.051879,0.0,0.75,0.65,1.0,нет
100000000031787100,transit,0.8,11,0.47089,"Признаки транзита: отдал 100% видимого входа; 1→2 связей, быстрый выход 50%.",2,False,1,2,90000.0,90000.0,2,4,1,0.0,0.5,False,0.0,1,False,1,3,0,0.495674,0.082073,0.125934,0.054048,0.079004,0.129615,0.025,0.95,1.0,1.0,возвратный поток (1 цикл.)
100000000041368100,terminal,0.62,4,0.46509,"Наблюдаемый конечный узел: вход от 1 клиентов (160,000 KZT), исходящих нет; колено 1<4.",1,False,1,0,160000.0,0.0,1,0,4,0.0,0.0,False,0.0,0,False,1,0,0,0.547164,0.082073,0.149288,0.18492,0.079004,0.051879,0.0,0.85,1.0,1.0,нет
100000000076451100,peripheral,0.6,16,0.612394,"Недостаточно признаков роли: 3 плательщиков, 4 получателей, колено 2.",2,False,3,4,87707.0,58000.0,4,4,3,4.63787e-05,0.25,False,0.0,2,False,2,1,1,0.816526,0.187189,0.124733,0.16339,0.188523,0.140191,0.0125,0.75,1.0,1.0,возвратный поток (2 цикл.)
100000000089154100,distributor,0.865,1,0.542004,"Признаки распределения: 15 получателей против 1 плательщиков, исходящий поток 425,500 KZT.",1,False,1,15,10000.0,425500.0,1,21,1,3.09192e-05,1.0,False,0.0,5,True,1,4,0,0.542004,0.082073,0.022954,0.054048,0.185632,0.147298,0.05,1.0,1.0,1.0,возвратный поток с seed (5 цикл.); повтор одной суммы ×4
100000000190228100,peripheral,0.6,3,0.399689,"Недостаточно признаков роли: 1 плательщиков, 1 получателей, колено 2.",2,False,1,1,5000.0,28560.0,1,1,3,9.2757e-06,0.0,False,0.0,0,False,1,1,1,0.532918,0.082073,0.006272,0.16339,0.166815,0.114368,0.0,0.75,1.0,1.0,нет
100000000201868100,transit,0.85,55,0.508343,"Признаки транзита: отдал 100% видимого входа; 1→1 связей, быстрый выход 100%.",2,False,1,1,190000.0,190000.0,1,1,1,0.0,1.0,False,0.0,1,False,1,1,0,0.535098,0.082073,0.155605,0.054048,0.079004,0.114368,0.05,0.95,1.0,1.0,возвратный поток (1 цикл.)
100000000254336100,peripheral,0.6,1,0.57034,"Недостаточно признаков роли: 2 плательщиков, 1 получателей, колено 3.",3,False,2,1,97177.0,60000.0,2,1,2,9.2757e-06,1.0,False,0.0,0,False,1,1,0,0.760454,0.171308,0.129626,0.128336,0.166815,0.114368,0.05,0.75,1.0,1.0,нет
100000000267734100,peripheral,0.6,11,0.470301,"Недостаточно признаков роли: 2 плательщиков, 7 получателей, колено 1.",1,False,2,7,180000.0,282000.0,4,8,1,0.0,0.5,False,0.0,1,False,1,2,0,0.627069,0.171308,0.153247,0.054048,0.079004,0.144462,0.025,0.75,1.0,1.0,возвратный поток (1 цикл.)
100000000274067100,peripheral,0.6,11,0.491585,"Недостаточно признаков роли: 2 плательщиков, 3 получателей, колено 1.",1,False,2,3,517704.0,2969000.0,9,9,1,0.0,0.5555555555555556,False,0.0,1,False,1,2,1,0.655447,0.171308,0.186655,0.054048,0.079004,0.136655,0.027778,0.75,1.0,1.0,возвратный поток (1 цикл.)
100000000287768100,terminal,0.62,1,0.297812,"Наблюдаемый конечный узел: вход от 1 клиентов (35,168 KZT), исходящих нет; колено 3<4.",3,False,1,0,35168.0,0.0,1,0,1,0.0,0.0,False,0.0,0,False,1,0,0,0.350367,0.082073,0.083363,0.054048,0.079004,0.051879,0.0,0.85,1.0,1.0,нет
100000000288317100,peripheral,0.6,1,0.526768,"Недостаточно признаков роли: 2 плательщиков, 3 получателей, колено 3.",3,False,2,3,100000.0,53500.0,2,3,1,2.78272e-05,0.5,False,0.0,0,False,1,1,0,0.702358,0.171308,0.131762,0.054048,0.183585,0.136655,0.025,0.75,1.0,1.0,нет
100000000291906100,transit,0.7188,51,0.731549,"Признаки транзита: отдал 117% видимого входа; 2→2 связей, быстрый выход 100%.",2,False,2,2,388000.0,455854.0,3,6,1,3.7103e-05,1.0,False,0.0,1,False,1,1,1,0.770051,0.171308,0.17847,0.054048,0.18661,0.129615,0.05,0.95,1.0,1.0,возвратный поток (1 цикл.)
100000000291908100,peripheral,0.6,51,0.441292,"Недостаточно признаков роли: 1 плательщиков, 1 получателей, колено 3.",3,False,1,1,295500.0,13300.0,5,1,1,9.2757e-06,0.0,False,0.0,0,False,1,1,0,0.58839,0.082073,0.171085,0.054048,0.166815,0.114368,0.0,0.75,1.0,1.0,нет
100000000297649100,peripheral,0.6,13,0.411532,"Недостаточно признаков роли: 1 плательщиков, 1 получателей, колено 2.",2,False,1,1,40000.0,70600.0,1,2,4,0.0,0.0,False,0.0,1,False,1,1,0,0.54871,0.082073,0.088345,0.18492,0.079004,0.114368,0.0,0.75,1.0,1.0,возвратный поток (1 цикл.)
100000000299820100,peripheral,0.55,7,0.141354,"Граница обхода: колено 4, вход от 1 клиентов; исходящие не выгружены. У похожих узлов колен 1–3 выход есть в 29% случаев.",4,False,1,0,10000.0,0.0,1,0,1,0.0,0.0,True,0.287,0,False,1,0,0,0.289958,0.082073,0.022954,0.054048,0.079004,0.051879,0.0,0.75,0.65,1.0,нет
100000000307908100,terminal,0.62,44,0.232285,"Наблюдаемый конечный узел: вход от 1 клиентов (5,000 KZT), исходящих нет; колено 2<4.",2,False,1,0,5000.0,0.0,1,0,1,0.0,0.0,False,0.0,0,False,1,0,1,0.273276,0.082073,0.006272,0.054048,0.079004,0.051879,0.0,0.85,1.0,1.0,нет
100000000331309100,coordinator,0.77,6,0.973932,"Гипотеза координации: достижим из 4 seed, 5 плательщиков, мост 0.0014.",2,False,5,99,984635.0,23001375.0,8,126,4,0.0013762479,1.0,False,0.0,2,True,3,7,0,0.973932,0.196263,0.194484,0.18492,0.198399,0.149867,0.05,1.0,1.0,1.0,возвратный поток с seed (2 цикл.); 3 плательщиков в один день; повтор одной суммы ×7
100000000332284100,consolidator,0.9033,6,0.844988,"Признаки консолидации: 10 плательщиков, 3 получателей, входящий поток 107,426 KZT.",2,False,10,3,107426.0,289500.0,12,3,3,5.47269e-05,0.4166666666666667,False,0.0,0,False,3,1,10,0.844988,0.199466,0.135142,0.16339,0.189502,0.136655,0.020833,1.0,1.0,1.0,3 плательщиков в один день; 10 входов у порога 5–10 тыс.; плательщиков больше 99% узлов колена 2
100000000343175100,distributor,0.9062,12,0.797961,"Признаки распределения: 31 получателей против 8 плательщиков, исходящий поток 4,000,039 KZT.",0,True,8,31,178712.0,4000039.0,14,33,5,0.0005132581,0.9285714285714286,False,0.0,0,False,2,3,4,0.938777,0.198754,0.152936,0.194128,0.197598,0.148932,0.046429,1.0,1.0,0.85,нет
100000000369781100,peripheral,0.55,6,0.186526,"Граница обхода: колено 4, вход от 1 клиентов; исходящие не выгружены. У похожих узлов колен 1–3 выход есть в 29% случаев.",4,False,1,0,5000.0,0.0,1,0,3,0.0,0.0,True,0.287,0,False,1,0,1,0.382618,0.082073,0.006272,0.16339,0.079004,0.051879,0.0,0.75,0.65,1.0,нет
100000000375150100,peripheral,0.55,14,0.213959,"Граница обхода: колено 4, вход от 1 клиентов; исходящие не выгружены. У похожих узлов колен 1–3 выход есть в 29% случаев.",4,False,1,0,300000.0,0.0,1,0,1,0.0,0.0,True,0.287,0,False,1,0,0,0.43889,0.082073,0.171886,0.054048,0.079004,0.051879,0.0,0.75,0.65,1.0,нет
100000000404740100,peripheral,0.55,27,0.161891,"Граница обхода: колено 4, вход от 1 клиентов; исходящие не выгружены. У похожих узлов колен 1–3 выход есть в 29% случаев.",4,False,1,0,25000.0,0.0,1,0,1,0.0,0.0,True,0.287,0,False,1,0,0,0.332084,0.082073,0.06508,0.054048,0.079004,0.051879,0.0,0.75,0.65,1.0,нет
100000000408846100,terminal,0.62,28,0.302992,"Наблюдаемый конечный узел: вход от 1 клиентов (40,500 KZT), исходящих нет; колено 3<4.",3,False,1,0,40500.0,0.0,1,0,1,0.0,0.0,False,0.0,0,False,1,0,0,0.356461,0.082073,0.089457,0.054048,0.079004,0.051879,0.0,0.85,1.0,1.0,нет
100000000413678100,peripheral,0.6,7,0.658485,"Недостаточно признаков роли: 2 плательщиков, 3 получателей, колено 3.",3,False,2,3,306500.0,528198.0,2,18,3,2.78272e-05,1.0,False,0.0,0,False,2,4,0,0.87798,0.171308,0.173043,0.16339,0.183585,0.136655,0.05,0.75,1.0,1.0,повтор одной суммы ×4
100000000424935100,peripheral,0.55,29,0.148077,"Граница обхода: колено 4, вход от 1 клиентов; исходящие не выгружены. У похожих узлов колен 1–3 выход есть в 29% случаев.",4,False,1,0,15000.0,0.0,1,0,1,0.0,0.0,True,0.287,0,False,1,0,0,0.303748,0.082073,0.036744,0.054048,0.079004,0.051879,0.0,0.75,0.65,1.0,нет
100000000425407100,terminal,0.62,4,0.271155,"Наблюдаемый конечный узел: вход от 1 клиентов (20,000 KZT), исходящих нет; колено 2<4.",2,False,1,0,20000.0,0.0,1,0,1,0.0,0.0,False,0.0,0,False,1,0,0,0.319006,0.082073,0.052002,0.054048,0.079004,0.051879,0.0,0.85,1.0,1.0,нет
100000000437046100,coordinator,0.83,1,0.977091,"Гипотеза координации: достижим из 4 seed, 9 плательщиков, мост 0.0008.",2,False,9,42,1107200.0,7606224.0,20,73,4,0.0007814462,1.0,False,0.0,42,True,3,5,0,0.977091,0.199199,0.195641,0.18492,0.197865,0.149466,0.05,1.0,1.0,1.0,возвратный поток с seed (42 цикл.); 3 плательщиков в один день; повтор одной суммы ×5
100000000440392100,terminal,0.62,5,0.404818,"Наблюдаемый конечный узел: вход от 1 клиентов (105,705 KZT), исходящих нет; колено 1<4.",1,False,1,0,105705.0,0.0,4,0,2,0.0,0.0,False,0.0,0,False,1,0,0,0.476257,0.082073,0.134964,0.128336,0.079004,0.051879,0.0,0.85,1.0,1.0,нет
100000000456947100,peripheral,0.6,73,0.120332,"Seed без исходящих в выборке; входящий поток неполон, структурная роль не установлена.",0,True,0,0,0.0,0.0,0,0,1,0.0,0.0,False,0.0,0,False,0,0,0,0.188757,0.001913,0.001913,0.054048,0.079004,0.051879,0.0,0.75,1.0,0.85,нет
100000000470237100,peripheral,0.55,29,0.169134,"Граница обхода: колено 4, вход от 1 клиентов; исходящие не выгружены. У похожих узлов колен 1–3 выход есть в 29% случаев.",4,False,1,0,32500.0,0.0,1,0,1,0.0,0.0,True,0.287,0,False,1,0,0,0.346942,0.082073,0.079938,0.054048,0.079004,0.051879,0.0,0.75,0.65,1.0,нет
100000000481716100,terminal,0.62,8,0.240792,"Наблюдаемый конечный узел: вход от 1 клиентов (8,000 KZT), исходящих нет; колено 3<4.",3,False,1,0,8000.0,0.0,1,0,1,0.0,0.0,False,0.0,0,False,1,0,1,0.283285,0.082073,0.016281,0.054048,0.079004,0.051879,0.0,0.85,1.0,1.0,нет
100000000489417100,transit,0.7171,14,0.68751,"Признаки транзита: отдал 109% видимого входа; 3→1 связей, быстрый выход 33%.",2,False,3,1,73504.0,80000.0,3,1,2,6.9568e-06,0.3333333333333333,False,0.0,0,False,2,1,0,0.723695,0.187189,0.118238,0.128336,0.158897,0.114368,0.016667,0.95,1.0,1.0,нет
100000000490383100,distributor,0.62,5,0.803077,"Признаки распределения: 8 получателей против 3 плательщиков, исходящий поток 461,375 KZT.",2,False,3,8,62600.0,461375.0,3,9,3,1.85515e-05,0.3333333333333333,False,0.0,0,False,1,3,2,0.803077,0.187189,0.111922,0.16339,0.178781,0.145129,0.016667,1.0,1.0,1.0,нет
100000000500040100,peripheral,0.55,1,0.191731,"Граница обхода: колено 4, вход от 1 клиентов; исходящие не выгружены. У похожих узлов колен 1–3 выход есть в 29% случаев.",4,False,1,0,20000.0,0.0,1,0,2,0.0,0.0,True,0.287,0,False,1,0,0,0.393294,0.082073,0.052002,0.128336,0.079004,0.051879,0.0,0.75,0.65,1.0,нет
100000000507799100,peripheral,0.6,39,0.392949,"Недостаточно признаков роли: 1 плательщиков, 1 получателей, колено 1.",1,False,1,1,5132.0,8000.0,1,1,2,5.56545e-05,0.0,False,0.0,0,False,1,1,1,0.523932,0.082073,0.008986,0.128336,0.190169,0.114368,0.0,0.75,1.0,1.0,нет
100000000533217100,terminal,0.62,1,0.317171,"Наблюдаемый конечный узел: вход от 1 клиентов (53,587 KZT), исходящих нет; колено 2<4.",2,False,1,0,53587.0,0.0,1,0,1,0.0,0.0,False,0.0,0,False,1,0,0,0.373143,0.082073,0.106139,0.054048,0.079004,0.051879,0.0,0.85,1.0,1.0,нет
100000000534581100,peripheral,0.6,7,0.543183,"Недостаточно признаков роли: 2 плательщиков, 1 получателей, колено 3.",3,False,2,1,55960.0,40000.0,2,1,3,9.2757e-06,0.0,False,0.0,0,False,1,1,1,0.724244,0.171308,0.108363,0.16339,0.166815,0.114368,0.0,0.75,1.0,1.0,нет
100000000542087100,peripheral,0.55,37,0.191969,"Граница обхода: колено 4, вход от 1 клиентов; исходящие не выгружены. У похожих узлов колен 1–3 выход есть в 29% случаев.",4,False,1,0,8506.91,0.0,1,0,3,0.0,0.0,True,0.287,0,False,1,0,1,0.393783,0.082073,0.017438,0.16339,0.079004,0.051879,0.0,0.75,0.65,1.0,нет
100000000552584100,peripheral,0.6,25,0.452169,"Недостаточно признаков роли: 1 плательщиков, 1 получателей, колено 3.",3,False,1,1,2500000.0,57500.0,3,1,2,0.0,0.0,False,0.0,2,False,1,1,0,0.602891,0.082073,0.19911,0.128336,0.079004,0.114368,0.0,0.75,1.0,1.0,возвратный поток (2 цикл.)
100000000555721100,terminal,0.66,1,0.482861,"Наблюдаемый конечный узел: вход от 2 клиентов (113,000 KZT), исходящих нет; колено 1<4.",1,False,2,0,113000.0,0.0,3,0,2,0.0,0.0,False,0.0,0,False,2,0,0,0.568072,0.171308,0.137544,0.128336,0.079004,0.051879,0.0,0.85,1.0,1.0,нет
100000000557536100,peripheral,0.55,37,0.255618,"Граница обхода: колено 4, вход от 1 клиентов; исходящие не выгружены. У похожих узлов колен 1–3 выход есть в 29% случаев.",4,False,1,0,153000.0,0.0,7,0,3,0.0,0.0,True,0.287,0,False,1,0,4,0.524344,0.082073,0.147998,0.16339,0.079004,0.051879,0.0,0.75,0.65,1.0,4 входов у порога 5–10 тыс.
100000000560751100,terminal,0.62,14,0.345416,"Наблюдаемый конечный узел: вход от 1 клиентов (25,000 KZT), исходящих нет; колено 3<4.",3,False,1,0,25000.0,0.0,1,0,2,0.0,0.0,False,0.0,0,False,1,0,0,0.406372,0.082073,0.06508,0.128336,0.079004,0.051879,0.0,0.85,1.0,1.0,нет
100000000561160100,peripheral,0.55,4,0.246748,"Граница обхода: колено 4, вход от 1 клиентов; исходящие не выгружены. У похожих узлов колен 1–3 выход есть в 29% случаев.",4,False,1,0,240000.0,0.0,1,0,2,0.0,0.0,True,0.287,0,False,1,0,0,0.50615,0.082073,0.164858,0.128336,0.079004,0.051879,0.0,0.75,0.65,1.0,нет
100000000569479100,terminal,0.62,1,0.37438,"Наблюдаемый конечный узел: вход от 1 клиентов (320,000 KZT), исходящих нет; колено 3<4.",3,False,1,0,320000.0,0.0,1,0,1,0.0,0.0,False,0.0,0,False,1,0,0,0.440447,0.082073,0.173443,0.054048,0.079004,0.051879,0.0,0.85,1.0,1.0,нет
100000000572276100,peripheral,0.6,2,0.271208,"Недостаточно признаков роли: 1 плательщиков, 1 получателей, колено 3.",3,False,1,1,13075.0,34547.0,1,1,1,0.0,0.0,False,0.0,0,False,1,1,0,0.36161,0.082073,0.032117,0.054048,0.079004,0.114368,0.0,0.75,1.0,1.0,нет
100000000580561100,peripheral,0.6,45,0.358679,"Недостаточно признаков роли: 2 плательщиков, 3 получателей, колено 0.",0,True,2,3,27980.0,1488077.0,3,13,1,0.0,1.0,False,0.0,2,True,1,2,2,0.562633,0.171308,0.071619,0.054048,0.079004,0.136655,0.05,0.75,1.0,0.85,возвратный поток с seed (2 цикл.)
100000000581662100,peripheral,0.55,10,0.157575,"Граница обхода: колено 4, вход от 1 клиентов; исходящие не выгружены. У похожих узлов колен 1–3 выход есть в 29% случаев.",4,False,1,0,21160.0,0.0,1,0,1,0.0,0.0,True,0.287,0,False,1,0,0,0.323232,0.082073,0.056228,0.054048,0.079004,0.051879,0.0,0.75,0.65,1.0,нет
100000000581682100,peripheral,0.55,29,0.133222,"Граница обхода: колено 4, вход от 1 клиентов; исходящие не выгружены. У похожих узлов колен 1–3 выход есть в 29% случаев.",4,False,1,0,5000.0,0.0,1,0,1,0.0,0.0,True,0.287,0,False,1,0,1,0.273276,0.082073,0.006272,0.054048,0.079004,0.051879,0.0,0.75,0.65,1.0,нет
100000000583220100,peripheral,0.6,68,0.410899,"Недостаточно признаков роли: 1 плательщиков, 1 получателей, колено 3.",3,False,1,1,5000.0,761255.0,1,4,2,9.2757e-06,1.0,False,0.0,0,False,1,1,1,0.547865,0.082073,0.006272,0.128336,0.166815,0.114368,0.05,0.75,1.0,1.0,нет
100000000594783100,peripheral,0.6,25,0.475054,"Недостаточно признаков роли: 1 плательщиков, 2 получателей, колено 3.",3,False,1,2,2635000.0,152500.0,10,2,2,0.0,0.3,False,0.0,3,False,1,1,1,0.633405,0.082073,0.199377,0.128336,0.079004,0.129615,0.015,0.75,1.0,1.0,возвратный поток (3 цикл.)
100000000596954100,peripheral,0.6,4,0.573535,"Недостаточно признаков роли: 1 плательщиков, 2 получателей, колено 2.",2,False,1,2,120000.0,48100.0,1,2,4,1.85515e-05,1.0,False,0.0,0,False,1,1,0,0.764713,0.082073,0.139324,0.18492,0.178781,0.129615,0.05,0.75,1.0,1.0,нет
100000000600707100,peripheral,0.55,38,0.19121,"Граница обхода: колено 4, вход от 1 клиентов; исходящие не выгружены. У похожих узлов колен 1–3 выход есть в 29% случаев.",4,False,1,0,89000.0,0.0,2,0,1,0.0,0.0,True,0.287,0,False,1,0,0,0.392226,0.082073,0.125222,0.054048,0.079004,0.051879,0.0,0.75,0.65,1.0,нет
100000000607731100,peripheral,0.6,30,0.286121,"Недостаточно признаков роли: 1 плательщиков, 1 получателей, колено 1.",1,False,1,1,20000.0,66666.0,1,1,1,0.0,0.0,False,0.0,0,False,1,1,0,0.381495,0.082073,0.052002,0.054048,0.079004,0.114368,0.0,0.75,1.0,1.0,нет
100000000607941100,peripheral,0.6,5,0.575222,"Недостаточно признаков роли: 2 плательщиков, 1 получателей, колено 2.",2,False,2,1,50000.0,70000.0,3,4,3,2.78272e-05,0.6666666666666666,False,0.0,1,False,1,3,1,0.766963,0.171308,0.100979,0.16339,0.183585,0.114368,0.033333,0.75,1.0,1.0,возвратный поток (1 цикл.)
100000000608031100,peripheral,0.55,17,0.166987,"Граница обхода: колено 4, вход от 1 клиентов; исходящие не выгружены. У похожих узлов колен 1–3 выход есть в 29% случаев.",4,False,1,0,30000.0,0.0,1,0,1,0.0,0.0,True,0.287,0,False,1,0,0,0.342538,0.082073,0.075534,0.054048,0.079004,0.051879,0.0,0.75,0.65,1.0,нет
100000000611474100,terminal,0.62,24,0.29456,"Наблюдаемый конечный узел: вход от 1 клиентов (32,000 KZT), исходящих нет; колено 3<4.",3,False,1,0,32000.0,0.0,1,0,1,0.0,0.0,False,0.0,0,False,1,0,0,0.346541,0.082073,0.079537,0.054048,0.079004,0.051879,0.0,0.85,1.0,1.0,нет
100000000625169100,terminal,0.62,2,0.246464,"Наблюдаемый конечный узел: вход от 1 клиентов (10,000 KZT), исходящих нет; колено 2<4.",2,False,1,0,10000.0,0.0,1,0,1,0.0,0.0,False,0.0,0,False,1,0,0,0.289958,0.082073,0.022954,0.054048,0.079004,0.051879,0.0,0.85,1.0,1.0,нет
100000000627521100,peripheral,0.55,40,0.189757,"Граница обхода: колено 4, вход от 1 клиентов; исходящие не выгружены. У похожих узлов колен 1–3 выход есть в 29% случаев.",4,False,1,0,6500.0,0.0,1,0,3,0.0,0.0,True,0.287,0,False,1,0,1,0.389246,0.082073,0.0129,0.16339,0.079004,0.051879,0.0,0.75,0.65,1.0,нет
100000000629812100,terminal,0.66,56,0.473068,"Наблюдаемый конечный узел: вход от 2 клиентов (22,000 KZT), исходящих нет; колено 2<4.",2,False,2,0,22000.0,0.0,2,0,6,0.0,0.0,False,0.0,0,False,1,0,0,0.55655,0.171308,0.057295,0.197064,0.079004,0.051879,0.0,0.85,1.0,1.0,нет
100000000634341100,peripheral,0.55,1,0.160416,"Граница обхода: колено 4, вход от 1 клиентов; исходящие не выгружены. У похожих узлов колен 1–3 выход есть в 29% случаев.",4,False,1,0,24000.0,0.0,2,0,1,0.0,0.0,True,0.287,0,False,1,0,1,0.329059,0.082073,0.062055,0.054048,0.079004,0.051879,0.0,0.75,0.65,1.0,нет
100000000640800100,peripheral,0.6,7,0.480877,"Недостаточно признаков роли: 1 плательщиков, 4 получателей, колено 3.",3,False,1,4,80000.0,518135.0,1,6,1,0.0001118887,1.0,False,0.0,0,False,1,1,0,0.64117,0.082073,0.121263,0.054048,0.193594,0.140191,0.05,0.75,1.0,1.0,нет
100000000646541100,terminal,0.7,1,0.466035,"Наблюдаемый конечный узел: вход от 3 клиентов (25,300 KZT), исходящих нет; колено 2<4.",2,False,3,0,25300.0,0.0,4,0,3,0.0,0.0,False,0.0,0,False,1,0,3,0.548276,0.187189,0.066815,0.16339,0.079004,0.051879,0.0,0.85,1.0,1.0,3 входов у порога 5–10 тыс.
100000000655469100,peripheral,0.55,23,0.191731,"Граница обхода: колено 4, вход от 1 клиентов; исходящие не выгружены. У похожих узлов колен 1–3 выход есть в 29% случаев.",4,False,1,0,20000.0,0.0,2,0,2,0.0,0.0,True,0.287,0,False,1,0,0,0.393294,0.082073,0.052002,0.128336,0.079004,0.051879,0.0,0.75,0.65,1.0,нет
100000000656682100,transit,0.6549,1,0.604178,"Признаки транзита: отдал 113% видимого входа; 1→2 связей, быстрый выход 0%.",3,False,1,2,71000.0,80000.0,1,3,2,1.85515e-05,0.0,False,0.0,0,False,1,2,0,0.635976,0.082073,0.117171,0.128336,0.178781,0.129615,0.0,0.95,1.0,1.0,нет
100000000661131100,terminal,0.62,2,0.26053,"Наблюдаемый конечный узел: вход от 1 клиентов (15,600 KZT), исходящих нет; колено 3<4.",3,False,1,0,15600.0,0.0,1,0,1,0.0,0.0,False,0.0,0,False,1,0,0,0.306506,0.082073,0.039502,0.054048,0.079004,0.051879,0.0,0.85,1.0,1.0,нет
100000000661912100,consolidator,0.6575,7,0.87446,"Признаки консолидации: 5 плательщиков, 2 получателей, входящий поток 393,036 KZT.",1,False,5,2,393036.0,430700.0,9,8,2,0.0002875482,0.8888888888888888,False,0.0,1,False,2,1,1,0.87446,0.196263,0.178737,0.128336,0.197064,0.129615,0.044444,1.0,1.0,1.0,возвратный поток (1 цикл.)
100000000667713100,peripheral,0.6,5,0.615012,"Недостаточно признаков роли: 2 плательщиков, 6 получателей, колено 1.",1,False,2,6,119495.0,79236.0,10,7,3,4.17409e-05,0.3,False,0.0,2,True,1,2,4,0.820016,0.171308,0.139057,0.16339,0.187767,0.143494,0.015,0.75,1.0,1.0,возвратный поток с seed (2 цикл.)
100000000673868100,peripheral,0.6,31,0.539021,"Недостаточно признаков роли: 1 плательщиков, 5 получателей, колено 3.",3,False,1,5,2030650.0,383000.0,5,19,1,6.95681e-05,1.0,False,0.0,2,False,1,4,0,0.718694,0.082073,0.198665,0.054048,0.191815,0.142093,0.05,0.75,1.0,1.0,возвратный поток (2 цикл.); повтор одной суммы ×4
100000000673915100,peripheral,0.55,37,0.210121,"Граница обхода: колено 4, вход от 1 клиентов; исходящие не выгружены. У похожих узлов колен 1–3 выход есть в 29% случаев.",4,False,1,0,20200.0,0.0,1,0,3,0.0,0.0,True,0.287,0,False,1,0,0,0.431016,0.082073,0.054671,0.16339,0.079004,0.051879,0.0,0.75,0.65,1.0,нет
100000000703894100,peripheral,0.6,30,0.351613,"Недостаточно признаков роли: 1 плательщиков, 1 получателей, колено 1.",1,False,1,1,120000.0,35000.0,1,1,1,0.0,0.0,False,0.0,0,False,1,1,0,0.468817,0.082073,0.139324,0.054048,0.079004,0.114368,0.0,0.75,1.0,1.0,нет
100000000703902100,terminal,0.62,2,0.284049,"Наблюдаемый конечный узел: вход от 1 клиентов (25,499 KZT), исходящих нет; колено 1<4.",1,False,1,0,25499.0,0.0,1,0,1,0.0,0.0,False,0.0,0,False,1,0,0,0.334175,0.082073,0.067171,0.054048,0.079004,0.051879,0.0,0.85,1.0,1.0,нет
100000000704700100,peripheral,0.55,26,0.141354,"Граница обхода: колено 4, вход от 1 клиентов; исходящие не выгружены. У похожих узлов колен 1–3 выход есть в 29% случаев.",4,False,1,0,10000.0,0.0,1,0,1,0.0,0.0,True,0.287,0,False,1,0,0,0.289958,0.082073,0.022954,0.054048,0.079004,0.051879,0.0,0.75,0.65,1.0,нет
100000000706545100,peripheral,0.6,5,0.593928,"Недостаточно признаков роли: 3 плательщиков, 1 получателей, колено 1.",1,False,3,1,1070300.0,75800.0,8,3,2,9.2757e-06,0.0,False,0.0,1,False,1,1,1,0.791904,0.187189,0.195196,0.128336,0.166815,0.114368,0.0,0.75,1.0,1.0,возвратный поток (1 цикл.)
100000000718427100,terminal,0.62,2,0.236898,"Наблюдаемый конечный узел: вход от 1 клиентов (6,000 KZT), исходящих нет; колено 2<4.",2,False,1,0,6000.0,0.0,1,0,1,0.0,0.0,False,0.0,0,False,1,0,1,0.278703,0.082073,0.011699,0.054048,0.079004,0.051879,0.0,0.85,1.0,1.0,нет
100000000723383100,peripheral,0.6,23,0.354473,"Недостаточно признаков роли: 1 плательщиков, 2 получателей, колено 2.",2,False,1,2,6800.0,75000.0,1,2,1,0.000111309,0.0,False,0.0,0,False,1,1,1,0.472631,0.082073,0.013434,0.054048,0.193461,0.129615,0.0,0.75,1.0,1.0,нет
100000000724540100,peripheral,0.6,21,0.486866,"Недостаточно признаков роли: 1 плательщиков, 1 получателей, колено 2.",2,False,1,1,50000.0,100000.0,1,1,4,9.2757e-06,0.0,False,0.0,0,False,1,1,0,0.649155,0.082073,0.100979,0.18492,0.166815,0.114368,0.0,0.75,1.0,1.0,нет
100000000733373100,terminal,0.62,5,0.342656,"Наблюдаемый конечный узел: вход от 1 клиентов (10,710 KZT), исходящих нет; колено 2<4.",2,False,1,0,10710.0,0.0,1,0,3,0.0,0.0,False,0.0,0,False,1,0,0,0.403125,0.082073,0.026779,0.16339,0.079004,0.051879,0.0,0.85,1.0,1.0,нет
100000000733451100,peripheral,0.6,14,0.455672,"Недостаточно признаков роли: 1 плательщиков, 1 получателей, колено 3.",3,False,1,1,70000.0,300000.0,2,1,2,9.2757e-06,0.0,False,0.0,0,False,1,1,0,0.607562,0.082073,0.11597,0.128336,0.166815,0.114368,0.0,0.75,1.0,1.0,нет
100000000733940100,peripheral,0.55,32,0.223891,"Граница обхода: колено 4, вход от 1 клиентов; исходящие не выгружены. У похожих узлов колен 1–3 выход есть в 29% случаев.",4,False,1,0,752000.0,0.0,2,0,1,0.0,0.0,True,0.287,0,False,1,0,0,0.459264,0.082073,0.19226,0.054048,0.079004,0.051879,0.0,0.75,0.65,1.0,нет
100000000737152100,peripheral,0.55,1,0.223848,"Граница обхода: колено 4, вход от 1 клиентов; исходящие не выгружены. У похожих узлов колен 1–3 выход есть в 29% случаев.",4,False,1,0,35000.0,0.0,1,0,3,0.0,0.0,True,0.287,0,False,1,0,0,0.459175,0.082073,0.082829,0.16339,0.079004,0.051879,0.0,0.75,0.65,1.0,нет
100000000749118100,peripheral,0.6,1,0.388579,"Недостаточно признаков роли: 1 плательщиков, 1 получателей, колено 3.",3,False,1,1,10330.0,16500.0,1,1,2,9.2757e-06,0.0,False,0.0,0,False,1,1,0,0.518105,0.082073,0.026512,0.128336,0.166815,0.114368,0.0,0.75,1.0,1.0,нет
100000000764836100,peripheral,0.6,7,0.495999,"Недостаточно признаков роли: 1 плательщиков, 2 получателей, колено 3.",3,False,1,2,251716.0,50000.0,1,2,1,1.85515e-05,1.0,False,0.0,0,False,1,2,0,0.661332,0.082073,0.166815,0.054048,0.178781,0.129615,0.05,0.75,1.0,1.0,нет
100000000765628100,terminal,0.62,5,0.232285,"Наблюдаемый конечный узел: вход от 1 клиентов (5,000 KZT), исходящих нет; колено 2<4.",2,False,1,0,5000.0,0.0,1,0,1,0.0,0.0,False,0.0,0,False,1,0,1,0.273276,0.082073,0.006272,0.054048,0.079004,0.051879,0.0,0.85,1.0,1.0,нет
100000000769919100,terminal,0.62,62,0.368255,"Наблюдаемый конечный узел: вход от 1 клиентов (250,000 KZT), исходящих нет; колено 2<4.",2,False,1,0,250000.0,0.0,1,0,1,0.0,0.0,False,0.0,0,False,1,0,0,0.433241,0.082073,0.166237,0.054048,0.079004,0.051879,0.0,0.85,1.0,1.0,нет
100000000782285100,terminal,0.62,1,0.237616,"Наблюдаемый конечный узел: вход от 1 клиентов (6,151 KZT), исходящих нет; колено 3<4.",3,False,1,0,6151.0,0.0,1,0,1,0.0,0.0,False,0.0,0,False,1,0,1,0.279548,0.082073,0.012544,0.054048,0.079004,0.051879,0.0,0.85,1.0,1.0,нет
100000000783406100,terminal,0.62,36,0.237427,"Наблюдаемый конечный узел: вход от 1 клиентов (6,066 KZT), исходящих нет; колено 3<4.",3,False,1,0,6066.0,0.0,1,0,1,0.0,0.0,False,0.0,0,False,1,0,1,0.279326,0.082073,0.012322,0.054048,0.079004,0.051879,0.0,0.85,1.0,1.0,нет
100000000785800100,transit,0.85,57,0.406624,"Признаки транзита: отдал 100% видимого входа; 1→1 связей, быстрый выход 100%.",2,False,1,1,19000.0,19000.0,1,1,1,0.0,1.0,False,0.0,1,True,1,1,0,0.428025,0.082073,0.048532,0.054048,0.079004,0.114368,0.05,0.95,1.0,1.0,возвратный поток с seed (1 цикл.)
100000000790311100,terminal,0.62,16,0.400508,"Наблюдаемый конечный узел: вход от 1 клиентов (46,300 KZT), исходящих нет; колено 2<4.",2,False,1,0,46300.0,0.0,1,0,3,0.0,0.0,False,0.0,0,False,1,0,0,0.471185,0.082073,0.09484,0.16339,0.079004,0.051879,0.0,0.85,1.0,1.0,нет
100000000791285100,peripheral,0.6,28,0.523032,"Недостаточно признаков роли: 1 плательщиков, 3 получателей, колено 3.",3,False,1,3,1120000.0,650000.0,2,3,1,1.85515e-05,1.0,False,0.0,1,False,1,1,0,0.697375,0.082073,0.195819,0.054048,0.178781,0.136655,0.05,0.75,1.0,1.0,возвратный поток (1 цикл.)
100000000795033100,terminal,0.62,1,0.330632,"Наблюдаемый конечный узел: вход от 1 клиентов (18,200 KZT), исходящих нет; колено 2<4.",2,False,1,0,18200.0,0.0,1,0,2,0.0,0.0,False,0.0,0,False,1,0,0,0.388979,0.082073,0.047687,0.128336,0.079004,0.051879,0.0,0.85,1.0,1.0,нет
100000000795129100,terminal,0.62,16,0.46819,"Наблюдаемый конечный узел: вход от 1 клиентов (332,000 KZT), исходящих нет; колено 2<4.",2,False,1,0,332000.0,0.0,1,0,3,0.0,0.0,False,0.0,0,False,1,0,0,0.550812,0.082073,0.174466,0.16339,0.079004,0.051879,0.0,0.85,1.0,1.0,нет
100000000795374100,terminal,0.62,7,0.312785,"Наблюдаемый конечный узел: вход от 1 клиентов (50,000 KZT), исходящих нет; колено 3<4.",3,False,1,0,50000.0,0.0,1,0,1,0.0,0.0,False,0.0,0,False,1,0,0,0.367983,0.082073,0.100979,0.054048,0.079004,0.051879,0.0,0.85,1.0,1.0,нет
100000000802149100,terminal,0.62,1,0.341068,"Наблюдаемый конечный узел: вход от 1 клиентов (104,128 KZT), исходящих нет; колено 3<4.",3,False,1,0,104128.0,0.0,1,0,1,0.0,0.0,False,0.0,0,False,1,0,0,0.401257,0.082073,0.134253,0.054048,0.079004,0.051879,0.0,0.85,1.0,1.0,нет
100000000803368100,peripheral,0.55,15,0.200167,"Граница обхода: колено 4, вход от 1 клиентов; исходящие не выгружены. У похожих узлов колен 1–3 выход есть в 29% случаев.",4,False,1,0,139503.0,0.0,1,0,1,0.0,0.0,True,0.287,0,False,1,0,0,0.410598,0.082073,0.143594,0.054048,0.079004,0.051879,0.0,0.75,0.65,1.0,нет
100000000806727100,peripheral,0.6,4,0.425578,"Недостаточно признаков роли: 1 плательщиков, 1 получателей, колено 2.",2,False,1,1,45000.0,5000.0,1,1,8,0.0,0.0,False,0.0,0,False,1,1,0,0.567438,0.082073,0.093283,0.19871,0.079004,0.114368,0.0,0.75,1.0,1.0,нет
100000000810551100,peripheral,0.6,4,0.522531,"Недостаточно признаков роли: 1 плательщиков, 1 получателей, колено 1.",1,False,1,1,100000.0,7100.0,1,1,4,2.78272e-05,0.0,False,0.0,0,False,1,1,0,0.696708,0.082073,0.131762,0.18492,0.183585,0.114368,0.0,0.75,1.0,1.0,нет
100000000817146100,terminal,0.62,5,0.437336,"Наблюдаемый конечный узел: вход от 1 клиентов (70,020 KZT), исходящих нет; колено 1<4.",1,False,1,0,70020.0,0.0,1,0,4,0.0,0.0,False,0.0,0,False,1,0,0,0.514513,0.082073,0.116637,0.18492,0.079004,0.051879,0.0,0.85,1.0,1.0,нет
100000000821507100,terminal,0.62,31,0.472538,"Наблюдаемый конечный узел: вход от 1 клиентов (400,000 KZT), исходящих нет; колено 2<4.",2,False,1,0,400000.0,0.0,1,0,3,0.0,0.0,False,0.0,0,False,1,0,0,0.555927,0.082073,0.179582,0.16339,0.079004,0.051879,0.0,0.85,1.0,1.0,нет
100000000831684100,peripheral,0.6,13,0.312177,"Недостаточно признаков роли: 1 плательщиков, 1 получателей, колено 2.",2,False,1,1,15000.0,50000.0,2,3,1,0.0,1.0,False,0.0,1,False,1,2,1,0.416237,0.082073,0.036744,0.054048,0.079004,0.114368,0.05,0.75,1.0,1.0,возвратный поток (1 цикл.)
100000000838385100,peripheral,0.6,29,0.505007,"Недостаточно признаков роли: 1 плательщиков, 2 получателей, колено 3.",3,False,1,2,436900.0,177500.0,8,6,1,1.39136e-05,1.0,False,0.0,1,False,1,1,0,0.673343,0.082073,0.181495,0.054048,0.176112,0.129615,0.05,0.75,1.0,1.0,возвратный поток (1 цикл.)
100000000850297100,transit,0.85,12,0.402989,"Признаки транзита: отдал 100% видимого входа; 1→1 связей, быстрый выход 100%.",2,False,1,1,17520.0,17520.0,1,1,1,0.0,1.0,False,0.0,1,False,1,1,0,0.424199,0.082073,0.044706,0.054048,0.079004,0.114368,0.05,0.95,1.0,1.0,возвратный поток (1 цикл.)
100000000860514100,peripheral,0.6,27,0.334664,"Недостаточно признаков роли: 1 плательщиков, 1 получателей, колено 3.",3,False,1,1,12000.0,50000.0,1,1,1,9.2757e-06,0.0,False,0.0,0,False,1,1,0,0.446219,0.082073,0.028915,0.054048,0.166815,0.114368,0.0,0.75,1.0,1.0,нет
100000000861294100,terminal,0.62,9,0.351731,"Наблюдаемый конечный узел: вход от 1 клиентов (150,000 KZT), исходящих нет; колено 2<4.",2,False,1,0,150000.0,0.0,1,0,1,0.0,0.0,False,0.0,0,False,1,0,0,0.413801,0.082073,0.146797,0.054048,0.079004,0.051879,0.0,0.85,1.0,1.0,нет
100000000870121100,terminal,0.62,14,0.314676,"Наблюдаемый конечный узел: вход от 1 клиентов (12,000 KZT), исходящих нет; колено 3<4.",3,False,1,0,12000.0,0.0,1,0,2,0.0,0.0,False,0.0,0,False,1,0,0,0.370207,0.082073,0.028915,0.128336,0.079004,0.051879,0.0,0.85,1.0,1.0,нет
100000000878006100,terminal,0.62,6,0.401566,"Наблюдаемый конечный узел: вход от 1 клиентов (47,003 KZT), исходящих нет; колено 3<4.",3,False,1,0,47003.0,0.0,1,0,3,0.0,0.0,False,0.0,0,False,1,0,0,0.472431,0.082073,0.096085,0.16339,0.079004,0.051879,0.0,0.85,1.0,1.0,нет
100000000896111100,terminal,0.62,25,0.372074,"Наблюдаемый конечный узел: вход от 1 клиентов (287,100 KZT), исходящих нет; колено 3<4.",3,False,1,0,287100.0,0.0,1,0,1,0.0,0.0,False,0.0,0,False,1,0,0,0.437734,0.082073,0.17073,0.054048,0.079004,0.051879,0.0,0.85,1.0,1.0,нет
100000000907277100,terminal,0.62,2,0.265181,"Наблюдаемый конечный узел: вход от 1 клиентов (17,534 KZT), исходящих нет; колено 1<4.",1,False,1,0,17534.0,0.0,1,0,1,0.0,0.0,False,0.0,0,False,1,0,0,0.311977,0.082073,0.044973,0.054048,0.079004,0.051879,0.0,0.85,1.0,1.0,нет
100000000910216100,peripheral,0.6,4,0.478525,"Недостаточно признаков роли: 1 плательщиков, 1 получателей, колено 2.",2,False,1,1,71000.0,52010.0,3,1,2,0.0002254194,0.0,False,0.0,0,False,1,1,1,0.638034,0.082073,0.117171,0.128336,0.196085,0.114368,0.0,0.75,1.0,1.0,нет
100000000912487100,terminal,0.62,4,0.339404,"Наблюдаемый конечный узел: вход от 1 клиентов (10,000 KZT), исходящих нет; колено 2<4.",2,False,1,0,10000.0,0.0,1,0,3,0.0,0.0,False,0.0,0,False,1,0,0,0.399299,0.082073,0.022954,0.16339,0.079004,0.051879,0.0,0.85,1.0,1.0,нет
100000000913911100,peripheral,0.6,4,0.57321,"Недостаточно признаков роли: 2 плательщиков, 1 получателей, колено 2.",2,False,2,1,467000.0,600000.0,2,1,2,9.2757e-06,0.0,False,0.0,0,False,2,1,0,0.764279,0.171308,0.183452,0.128336,0.166815,0.114368,0.0,0.75,1.0,1.0,нет
100000000917179100,terminal,0.62,15,0.33585,"Наблюдаемый конечный узел: вход от 1 клиентов (94,465 KZT), исходящих нет; колено 2<4.",2,False,1,0,94465.0,0.0,2,0,1,0.0,0.0,False,0.0,0,False,1,0,0,0.395118,0.082073,0.128114,0.054048,0.079004,0.051879,0.0,0.85,1.0,1.0,нет
100000000922570100,transit,0.7038,13,0.404637,"Признаки транзита: отдал 106% видимого входа; 1→1 связей, быстрый выход 0%.",1,False,1,1,47101.0,50000.0,1,1,1,0.0,0.0,False,0.0,0,False,1,1,0,0.425934,0.082073,0.096441,0.054048,0.079004,0.114368,0.0,0.95,1.0,1.0,нет
100000000926078100,peripheral,0.55,7,0.24742,"Граница обхода: колено 4, вход от 1 клиентов; исходящие не выгружены. У похожих узлов колен 1–3 выход есть в 29% случаев.",4,False,1,0,250000.0,0.0,1,0,2,0.0,0.0,True,0.287,0,False,1,0,0,0.507529,0.082073,0.166237,0.128336,0.079004,0.051879,0.0,0.75,0.65,1.0,нет
100000000926766100,peripheral,0.6,27,0.320718,"Недостаточно признаков роли: 1 плательщиков, 1 получателей, колено 3.",3,False,1,1,18750.0,6000.0,1,1,1,0.0,1.0,False,0.0,1,False,1,1,0,0.427625,0.082073,0.048132,0.054048,0.079004,0.114368,0.05,0.75,1.0,1.0,возвратный поток (1 цикл.)
100000000933075100,peripheral,0.6,13,0.483888,"Недостаточно признаков роли: 1 плательщиков, 2 получателей, колено 3.",3,False,1,2,40000.0,55000.0,1,2,2,9.2757e-06,1.0,False,0.0,1,False,1,1,0,0.645185,0.082073,0.088345,0.128336,0.166815,0.129615,0.05,0.75,1.0,1.0,возвратный поток (1 цикл.)
100000000941942100,terminal,0.62,4,0.458283,"Наблюдаемый конечный узел: вход от 1 клиентов (130,000 KZT), исходящих нет; колено 1<4.",1,False,1,0,130000.0,0.0,1,0,4,0.0,0.0,False,0.0,0,False,1,0,0,0.539157,0.082073,0.141281,0.18492,0.079004,0.051879,0.0,0.85,1.0,1.0,нет
100000000942301100,terminal,0.62,1,0.382963,"Наблюдаемый конечный узел: вход от 1 клиентов (57,580 KZT), исходящих нет; колено 3<4.",3,False,1,0,57580.0,0.0,2,0,2,0.0,0.0,False,0.0,0,False,1,0,0,0.450545,0.082073,0.109253,0.128336,0.079004,0.051879,0.0,0.85,1.0,1.0,нет
100000000943371100,terminal,0.62,14,0.378955,"Наблюдаемый конечный узел: вход от 1 клиентов (15,500 KZT), исходящих нет; колено 2<4.",2,False,1,0,15500.0,0.0,1,0,5,0.0,0.0,False,0.0,0,False,1,0,0,0.44583,0.082073,0.038746,0.194128,0.079004,0.051879,0.0,0.85,1.0,1.0,нет
100000000945428100,terminal,0.62,1,0.333582,"Наблюдаемый конечный узел: вход от 1 клиентов (89,629 KZT), исходящих нет; колено 1<4.",1,False,1,0,89629.0,0.0,1,0,1,0.0,0.0,False,0.0,0,False,1,0,0,0.392449,0.082073,0.125445,0.054048,0.079004,0.051879,0.0,0.85,1.0,1.0,нет
100000000954884100,terminal,0.62,36,0.296073,"Наблюдаемый конечный узел: вход от 1 клиентов (34,000 KZT), исходящих нет; колено 3<4.",3,False,1,0,34000.0,0.0,1,0,1,0.0,0.0,False,0.0,0,False,1,0,0,0.348321,0.082073,0.081317,0.054048,0.079004,0.051879,0.0,0.85,1.0,1.0,нет
100000000955444100,terminal,0.62,45,0.238524,"Наблюдаемый конечный узел: вход от 1 клиентов (6,910 KZT), исходящих нет; колено 2<4.",2,False,1,0,6910.0,0.0,1,0,1,0.0,0.0,False,0.0,0,False,1,0,1,0.280616,0.082073,0.013612,0.054048,0.079004,0.051879,0.0,0.85,1.0,1.0,нет
100000000955529100,peripheral,0.6,4,0.359887,"Недостаточно признаков роли: 1 плательщиков, 1 получателей, колено 3.",3,False,1,1,27000.0,63500.0,1,1,1,4.6379e-06,0.0,False,0.0,0,False,1,1,0,0.479849,0.082073,0.070819,0.054048,0.158541,0.114368,0.0,0.75,1.0,1.0,нет
100000000957746100,peripheral,0.55,17,0.188153,"Граница обхода: колено 4, вход от 1 клиентов; исходящие не выгружены. У похожих узлов колен 1–3 выход есть в 29% случаев.",4,False,1,0,5300.0,0.0,1,0,3,0.0,0.0,True,0.287,0,False,1,0,1,0.385954,0.082073,0.009609,0.16339,0.079004,0.051879,0.0,0.75,0.65,1.0,нет
100000000961900100,terminal,0.66,1,0.374456,"Наблюдаемый конечный узел: вход от 2 клиентов (36,000 KZT), исходящих нет; колено 1<4.",1,False,2,0,36000.0,0.0,3,0,1,0.0,0.0,False,0.0,0,False,1,0,1,0.440536,0.171308,0.084297,0.054048,0.079004,0.051879,0.0,0.85,1.0,1.0,нет
100000000967918100,terminal,0.62,1,0.338005,"Наблюдаемый конечный узел: вход от 1 клиентов (21,200 KZT), исходящих нет; колено 2<4.",2,False,1,0,21200.0,0.0,3,0,2,0.0,0.0,False,0.0,0,False,1,0,3,0.397653,0.082073,0.056361,0.128336,0.079004,0.051879,0.0,0.85,1.0,1.0,3 входов у порога 5–10 тыс.
100000000968253100,terminal,0.62,2,0.258186,"Наблюдаемый конечный узел: вход от 1 клиентов (15,000 KZT), исходящих нет; колено 1<4.",1,False,1,0,15000.0,0.0,1,0,1,0.0,0.0,False,0.0,0,False,1,0,0,0.303748,0.082073,0.036744,0.054048,0.079004,0.051879,0.0,0.85,1.0,1.0,нет
100000000971908100,terminal,0.62,9,0.333392,"Наблюдаемый конечный узел: вход от 1 клиентов (89,000 KZT), исходящих нет; колено 2<4.",2,False,1,0,89000.0,0.0,1,0,1,0.0,0.0,False,0.0,0,False,1,0,0,0.392226,0.082073,0.125222,0.054048,0.079004,0.051879,0.0,0.85,1.0,1.0,нет
100000000976943100,transit,0.7,12,0.55411,"Признаки транзита: отдал 120% видимого входа; 1→1 связей, быстрый выход 100%.",3,False,1,1,70000.0,84000.0,1,3,1,9.2757e-06,1.0,False,0.0,0,False,1,1,0,0.583274,0.082073,0.11597,0.054048,0.166815,0.114368,0.05,0.95,1.0,1.0,нет
100000000978041100,terminal,0.62,2,0.305299,"Наблюдаемый конечный узел: вход от 1 клиентов (44,445 KZT), исходящих нет; колено 1<4.",1,False,1,0,44445.0,0.0,1,0,1,0.0,0.0,False,0.0,0,False,1,0,0,0.359175,0.082073,0.092171,0.054048,0.079004,0.051879,0.0,0.85,1.0,1.0,нет
100000000979567100,terminal,0.62,2,0.246464,"Наблюдаемый конечный узел: вход от 1 клиентов (10,000 KZT), исходящих нет; колено 2<4.",2,False,1,0,10000.0,0.0,1,0,1,0.0,0.0,False,0.0,0,False,1,0,0,0.289958,0.082073,0.022954,0.054048,0.079004,0.051879,0.0,0.85,1.0,1.0,нет
100000000979923100,terminal,0.62,12,0.456393,"Наблюдаемый конечный узел: вход от 1 клиентов (97,900 KZT), исходящих нет; колено 1<4.",1,False,1,0,97900.0,0.0,1,0,5,0.0,0.0,False,0.0,0,False,1,0,0,0.536933,0.082073,0.129849,0.194128,0.079004,0.051879,0.0,0.85,1.0,1.0,нет
100000000981693100,peripheral,0.55,1,0.186721,"Граница обхода: колено 4, вход от 1 клиентов; исходящие не выгружены. У похожих узлов колен 1–3 выход есть в 29% случаев.",4,False,1,0,16500.0,0.0,1,0,2,0.0,0.0,True,0.287,0,False,1,0,0,0.383018,0.082073,0.041726,0.128336,0.079004,0.051879,0.0,0.75,0.65,1.0,нет
100000000993112100,terminal,0.62,33,0.349878,"Наблюдаемый конечный узел: вход от 1 клиентов (141,000 KZT), исходящих нет; колено 2<4.",2,False,1,0,141000.0,0.0,1,0,1,0.0,0.0,False,0.0,0,False,1,0,0,0.411621,0.082073,0.144617,0.054048,0.079004,0.051879,0.0,0.85,1.0,1.0,нет
100000000998559100,terminal,0.62,4,0.450192,"Наблюдаемый конечный узел: вход от 1 клиентов (100,000 KZT), исходящих нет; колено 1<4.",1,False,1,0,100000.0,0.0,1,0,4,0.0,0.0,False,0.0,0,False,1,0,0,0.529637,0.082073,0.131762,0.18492,0.079004,0.051879,0.0,0.85,1.0,1.0,нет
100000001009583100,terminal,0.62,6,0.471971,"Наблюдаемый конечный узел: вход от 1 клиентов (393,740 KZT), исходящих нет; колено 3<4.",3,False,1,0,393740.0,0.0,1,0,3,0.0,0.0,False,0.0,0,False,1,0,0,0.55526,0.082073,0.178915,0.16339,0.079004,0.051879,0.0,0.85,1.0,1.0,нет
100000001046057100,terminal,0.62,3,0.331464,"Наблюдаемый конечный узел: вход от 1 клиентов (83,420 KZT), исходящих нет; колено 3<4.",3,False,1,0,83420.0,0.0,1,0,1,0.0,0.0,False,0.0,0,False,1,0,0,0.389958,0.082073,0.122954,0.054048,0.079004,0.051879,0.0,0.85,1.0,1.0,нет
100000001046626100,terminal,0.62,6,0.444671,"Наблюдаемый конечный узел: вход от 1 клиентов (150,000 KZT), исходящих нет; колено 3<4.",3,False,1,0,150000.0,0.0,1,0,3,0.0,0.0,False,0.0,0,False,1,0,0,0.523143,0.082073,0.146797,0.16339,0.079004,0.051879,0.0,0.85,1.0,1.0,нет
100000001049200100,peripheral,0.6,18,0.592377,"Недостаточно признаков роли: 2 плательщиков, 4 получателей, колено 1.",1,False,2,4,76624.0,36000.0,2,5,3,0.0001502671,0.0,False,0.0,3,True,1,3,1,0.789835,0.171308,0.120107,0.16339,0.19484,0.140191,0.0,0.75,1.0,1.0,возвратный поток с seed (3 цикл.)
100000001052789100,terminal,0.62,18,0.326397,"Наблюдаемый конечный узел: вход от 1 клиентов (70,975 KZT), исходящих нет; колено 3<4.",3,False,1,0,70975.0,0.0,1,0,1,0.0,0.0,False,0.0,0,False,1,0,0,0.383997,0.082073,0.116993,0.054048,0.079004,0.051879,0.0,0.85,1.0,1.0,нет
100000001052945100,peripheral,0.6,58,0.423677,"Недостаточно признаков роли: 1 плательщиков, 3 получателей, колено 3.",3,False,1,3,56520.0,1595700.0,1,6,1,2.78272e-05,0.0,False,0.0,0,False,1,1,0,0.564902,0.082073,0.108541,0.054048,0.183585,0.136655,0.0,0.75,1.0,1.0,нет
100000001053894100,peripheral,0.55,40,0.280231,"Граница обхода: колено 4, вход от 1 клиентов; исходящие не выгружены. У похожих узлов колен 1–3 выход есть в 29% случаев.",4,False,1,0,2000000.0,0.0,7,0,3,0.0,0.0,True,0.287,0,False,1,0,0,0.574833,0.082073,0.198488,0.16339,0.079004,0.051879,0.0,0.75,0.65,1.0,нет
100000001056414100,terminal,0.62,10,0.4314,"Наблюдаемый конечный узел: вход от 1 клиентов (250,000 KZT), исходящих нет; колено 3<4.",3,False,1,0,250000.0,0.0,1,0,2,0.0,0.0,False,0.0,0,False,1,0,0,0.507529,0.082073,0.166237,0.128336,0.079004,0.051879,0.0,0.85,1.0,1.0,нет
100000001063678100,peripheral,0.6,24,0.492329,"Недостаточно признаков роли: 1 плательщиков, 2 получателей, колено 3.",3,False,1,2,35000.0,90000.0,1,2,2,2.78272e-05,1.0,False,0.0,0,False,1,1,0,0.656439,0.082073,0.082829,0.128336,0.183585,0.129615,0.05,0.75,1.0,1.0,нет
100000001065234100,peripheral,0.55,59,0.216258,"Граница обхода: колено 4, вход от 1 клиентов; исходящие не выгружены. У похожих узлов колен 1–3 выход есть в 29% случаев.",4,False,1,0,360000.0,0.0,1,0,1,0.0,0.0,True,0.287,0,False,1,0,0,0.443605,0.082073,0.176601,0.054048,0.079004,0.051879,0.0,0.75,0.65,1.0,нет
100000001065481100,peripheral,0.55,14,0.150007,"Граница обхода: колено 4, вход от 1 клиентов; исходящие не выгружены. У похожих узлов колен 1–3 выход есть в 29% случаев.",4,False,1,0,16000.0,0.0,2,0,1,0.0,0.0,True,0.287,0,False,1,0,1,0.307707,0.082073,0.040703,0.054048,0.079004,0.051879,0.0,0.75,0.65,1.0,нет
100000001066017100,peripheral,0.6,1,0.589296,"Недостаточно признаков роли: 2 плательщиков, 4 получателей, колено 3.",3,False,2,4,136123.0,82500.0,3,4,2,3.7103e-05,0.3333333333333333,False,0.0,0,False,1,1,0,0.785728,0.171308,0.142616,0.128336,0.18661,0.140191,0.016667,0.75,1.0,1.0,нет
100000001072022100,terminal,0.7,4,0.603404,"Наблюдаемый конечный узел: вход от 3 клиентов (1,684,000 KZT), исходящих нет; колено 1<4.",1,False,3,0,1684000.0,0.0,6,0,5,0.0,0.0,False,0.0,0,False,2,0,0,0.709887,0.187189,0.197687,0.194128,0.079004,0.051879,0.0,0.85,1.0,1.0,нет
100000001073568100,peripheral,0.6,15,0.477116,"Недостаточно признаков роли: 1 плательщиков, 2 получателей, колено 3.",3,False,1,2,707465.0,219503.0,4,3,1,9.2757e-06,0.25,False,0.0,0,False,1,1,0,0.636154,0.082073,0.191103,0.054048,0.166815,0.129615,0.0125,0.75,1.0,1.0,нет
100000001074553100,terminal,0.66,3,0.427807,"Наблюдаемый конечный узел: вход от 2 клиентов (28,971 KZT), исходящих нет; колено 1<4.",1,False,2,0,28971.0,0.0,2,0,2,0.0,0.0,False,0.0,0,False,1,0,0,0.503303,0.171308,0.072776,0.128336,0.079004,0.051879,0.0,0.85,1.0,1.0,нет
100000001083990100,terminal,0.62,13,0.374493,"Наблюдаемый конечный узел: вход от 1 клиентов (49,900 KZT), исходящих нет; колено 2<4.",2,False,1,0,49900.0,0.0,2,0,2,0.0,0.0,False,0.0,0,False,1,0,0,0.440581,0.082073,0.099288,0.128336,0.079004,0.051879,0.0,0.85,1.0,1.0,нет
100000001089055100,peripheral,0.55,17,0.145561,"Граница обхода: колено 4, вход от 1 клиентов; исходящие не выгружены. У похожих узлов колен 1–3 выход есть в 29% случаев.",4,False,1,0,13000.0,0.0,1,0,1,0.0,0.0,True,0.287,0,False,1,0,0,0.298588,0.082073,0.031584,0.054048,0.079004,0.051879,0.0,0.75,0.65,1.0,нет
100000001102676100,transit,0.85,4,0.527022,"Признаки транзита: отдал 100% видимого входа; 1→1 связей, быстрый выход 100%.",2,False,1,1,50000.0,50000.0,1,1,2,0.0,1.0,False,0.0,0,False,1,1,0,0.55476,0.082073,0.100979,0.128336,0.079004,0.114368,0.05,0.95,1.0,1.0,нет
100000001103905100,terminal,0.62,2,0.266693,"Наблюдаемый конечный узел: вход от 1 клиентов (18,000 KZT), исходящих нет; колено 1<4.",1,False,1,0,18000.0,0.0,1,0,1,0.0,0.0,False,0.0,0,False,1,0,0,0.313757,0.082073,0.046753,0.054048,0.079004,0.051879,0.0,0.85,1.0,1.0,нет
100000001110358100,terminal,0.66,1,0.433555,"Наблюдаемый конечный узел: вход от 2 клиентов (32,000 KZT), исходящих нет; колено 3<4.",3,False,2,0,32000.0,0.0,2,0,2,0.0,0.0,False,0.0,0,False,2,0,1,0.510065,0.171308,0.079537,0.128336,0.079004,0.051879,0.0,0.85,1.0,1.0,нет
100000001111763100,terminal,0.62,2,0.263593,"Наблюдаемый конечный узел: вход от 1 клиентов (17,144 KZT), исходящих нет; колено 1<4.",1,False,1,0,17144.0,0.0,1,0,1,0.0,0.0,False,0.0,0,False,1,0,0,0.310109,0.082073,0.043105,0.054048,0.079004,0.051879,0.0,0.85,1.0,1.0,нет
100000001114385100,terminal,0.62,4,0.352638,"Наблюдаемый конечный узел: вход от 1 клиентов (29,500 KZT), исходящих нет; колено 2<4.",2,False,1,0,29500.0,0.0,1,0,2,0.0,0.0,False,0.0,0,False,1,0,0,0.414869,0.082073,0.073577,0.128336,0.079004,0.051879,0.0,0.85,1.0,1.0,нет
100000001126374100,consolidator,0.6,1,0.798928,"Признаки консолидации: 4 плательщиков, 2 получателей, входящий поток 182,500 KZT.",1,False,4,2,182500.0,29200.0,7,4,2,1.85515e-05,0.2857142857142857,False,0.0,0,False,1,2,3,0.798928,0.193817,0.154093,0.128336,0.178781,0.129615,0.014286,1.0,1.0,1.0,нет
100000001130176100,terminal,0.62,1,0.375212,"Наблюдаемый конечный узел: вход от 1 клиентов (25,000 KZT), исходящих нет; колено 3<4.",3,False,1,0,25000.0,0.0,2,0,3,0.0,0.0,False,0.0,0,False,1,0,1,0.441426,0.082073,0.06508,0.16339,0.079004,0.051879,0.0,0.85,1.0,1.0,нет
100000001130553100,peripheral,0.55,6,0.20626,"Граница обхода: колено 4, вход от 1 клиентов; исходящие не выгружены. У похожих узлов колен 1–3 выход есть в 29% случаев.",4,False,1,0,18000.0,0.0,2,0,3,0.0,0.0,True,0.287,0,False,1,0,1,0.423098,0.082073,0.046753,0.16339,0.079004,0.051879,0.0,0.75,0.65,1.0,нет
100000001131403100,peripheral,0.55,58,0.226493,"Граница обхода: колено 4, вход от 1 клиентов; исходящие не выгружены. У похожих узлов колен 1–3 выход есть в 29% случаев.",4,False,1,0,1570000.0,0.0,3,0,1,0.0,0.0,True,0.287,0,False,1,0,0,0.464602,0.082073,0.197598,0.054048,0.079004,0.051879,0.0,0.75,0.65,1.0,нет
100000001138283100,peripheral,0.6,7,0.453528,"Недостаточно признаков роли: 1 плательщиков, 2 получателей, колено 3.",3,False,1,2,81805.0,50000.0,1,2,1,9.2757e-06,1.0,False,0.0,1,False,1,1,0,0.604704,0.082073,0.122153,0.054048,0.166815,0.129615,0.05,0.75,1.0,1.0,возвратный поток (1 цикл.)
100000001138376100,terminal,0.62,16,0.352638,"Наблюдаемый конечный узел: вход от 1 клиентов (15,300 KZT), исходящих нет; колено 2<4.",2,False,1,0,15300.0,0.0,1,0,3,0.0,0.0,False,0.0,0,False,1,0,0,0.414869,0.082073,0.038523,0.16339,0.079004,0.051879,0.0,0.85,1.0,1.0,нет
100000001140785100,terminal,0.66,3,0.532469,"Наблюдаемый конечный узел: вход от 2 клиентов (215,000 KZT), исходящих нет; колено 3<4.",3,False,2,0,215000.0,0.0,2,0,3,0.0,0.0,False,0.0,0,False,2,0,0,0.626435,0.171308,0.160854,0.16339,0.079004,0.051879,0.0,0.85,1.0,1.0,нет
100000001141268100,peripheral,0.6,22,0.6374,"Недостаточно признаков роли: 2 плательщиков, 1 получателей, колено 3.",3,False,2,1,480000.0,10000.0,2,1,3,9.2757e-06,1.0,False,0.0,0,False,2,1,0,0.849867,0.171308,0.183986,0.16339,0.166815,0.114368,0.05,0.75,1.0,1.0,нет
100000001145749100,terminal,0.62,4,0.309609,"Наблюдаемый конечный узел: вход от 1 клиентов (10,000 KZT), исходящих нет; колено 3<4.",3,False,1,0,10000.0,0.0,1,0,2,0.0,0.0,False,0.0,0,False,1,0,0,0.364246,0.082073,0.022954,0.128336,0.079004,0.051879,0.0,0.85,1.0,1.0,нет
100000001149815100,terminal,0.62,2,0.251531,"Наблюдаемый конечный узел: вход от 1 клиентов (12,000 KZT), исходящих нет; колено 3<4.",3,False,1,0,12000.0,0.0,1,0,1,0.0,0.0,False,0.0,0,False,1,0,0,0.295919,0.082073,0.028915,0.054048,0.079004,0.051879,0.0,0.85,1.0,1.0,нет
100000001155773100,terminal,0.62,2,0.275125,"Наблюдаемый конечный узел: вход от 1 клиентов (21,500 KZT), исходящих нет; колено 3<4.",3,False,1,0,21500.0,0.0,1,0,1,0.0,0.0,False,0.0,0,False,1,0,0,0.323677,0.082073,0.056673,0.054048,0.079004,0.051879,0.0,0.85,1.0,1.0,нет
100000001160401100,terminal,0.62,1,0.309042,"Наблюдаемый конечный узел: вход от 1 клиентов (47,190 KZT), исходящих нет; колено 3<4.",3,False,1,0,47190.0,0.0,2,0,1,0.0,0.0,False,0.0,0,False,1,0,0,0.363579,0.082073,0.096575,0.054048,0.079004,0.051879,0.0,0.85,1.0,1.0,нет
100000001162560100,distributor,0.79,3,0.560921,"Признаки распределения: 12 получателей против 1 плательщиков, исходящий поток 2,904,398 KZT.",1,False,1,12,331300.0,2904398.0,2,14,1,0.0,0.5,False,0.0,0,False,1,1,0,0.560921,0.082073,0.174199,0.054048,0.079004,0.146597,0.025,1.0,1.0,1.0,нет
100000001164648100,terminal,0.66,19,0.423648,"Наблюдаемый конечный узел: вход от 2 клиентов (13,660 KZT), исходящих нет; колено 1<4.",1,False,2,0,13660.0,0.0,2,0,3,0.0,0.0,False,0.0,0,False,1,0,2,0.49841,0.171308,0.032829,0.16339,0.079004,0.051879,0.0,0.85,1.0,1.0,нет
100000001166289100,peripheral,0.6,2,0.46139,"Недостаточно признаков роли: 2 плательщиков, 1 получателей, колено 2.",2,False,2,1,721039.0,25000.0,10,1,1,0.0,0.1,False,0.0,1,False,1,1,2,0.615187,0.171308,0.191459,0.054048,0.079004,0.114368,0.005,0.75,1.0,1.0,возвратный поток (1 цикл.)
100000001169666100,peripheral,0.6,8,0.434186,"Недостаточно признаков роли: 1 плательщиков, 1 получателей, колено 3.",3,False,1,1,220000.0,24000.0,2,1,1,9.2757e-06,0.0,False,0.0,0,False,1,1,0,0.578915,0.082073,0.16161,0.054048,0.166815,0.114368,0.0,0.75,1.0,1.0,нет
100000001184915100,terminal,0.62,16,0.455259,"Наблюдаемый конечный узел: вход от 1 клиентов (201,000 KZT), исходящих нет; колено 2<4.",2,False,1,0,201000.0,0.0,2,0,3,0.0,0.0,False,0.0,0,False,1,0,0,0.535598,0.082073,0.159253,0.16339,0.079004,0.051879,0.0,0.85,1.0,1.0,нет
100000001194266100,terminal,0.62,4,0.424026,"Наблюдаемый конечный узел: вход от 1 клиентов (50,000 KZT), исходящих нет; колено 1<4.",1,False,1,0,50000.0,0.0,1,0,4,0.0,0.0,False,0.0,0,False,1,0,0,0.498855,0.082073,0.100979,0.18492,0.079004,0.051879,0.0,0.85,1.0,1.0,нет
100000001202637100,peripheral,0.55,8,0.141354,"Граница обхода: колено 4, вход от 1 клиентов; исходящие не выгружены. У похожих узлов колен 1–3 выход есть в 29% случаев.",4,False,1,0,10000.0,0.0,1,0,1,0.0,0.0,True,0.287,0,False,1,0,0,0.289958,0.082073,0.022954,0.054048,0.079004,0.051879,0.0,0.75,0.65,1.0,нет
100000001202787100,peripheral,0.55,1,0.244102,"Граница обхода: колено 4, вход от 2 клиентов; исходящие не выгружены. У похожих узлов колен 1–3 выход есть в 57% случаев.",4,False,2,0,14850.0,0.0,2,0,3,0.0,0.0,True,0.57,0,False,1,0,2,0.500723,0.171308,0.035142,0.16339,0.079004,0.051879,0.0,0.75,0.65,1.0,продлить обход: скрытый выход ~57%
100000001220124100,peripheral,0.55,7,0.209448,"Граница обхода: колено 4, вход от 1 клиентов; исходящие не выгружены. У похожих узлов колен 1–3 выход есть в 29% случаев.",4,False,1,0,40000.0,0.0,1,0,2,0.0,0.0,True,0.287,0,False,1,0,0,0.429637,0.082073,0.088345,0.128336,0.079004,0.051879,0.0,0.75,0.65,1.0,нет
100000001222245100,peripheral,0.55,6,0.271513,"Граница обхода: колено 4, вход от 1 клиентов; исходящие не выгружены. У похожих узлов колен 1–3 выход есть в 29% случаев.",4,False,1,0,420000.0,0.0,5,0,3,0.0,0.0,True,0.287,0,False,1,0,2,0.556951,0.082073,0.180605,0.16339,0.079004,0.051879,0.0,0.75,0.65,1.0,нет
100000001222263100,peripheral,0.6,6,0.576546,"Недостаточно признаков роли: 1 плательщиков, 1 получателей, колено 3.",3,False,1,1,745570.0,420000.0,1,5,3,9.2757e-06,1.0,False,0.0,0,False,1,2,0,0.768728,0.082073,0.192082,0.16339,0.166815,0.114368,0.05,0.75,1.0,1.0,нет
100000001223977100,peripheral,0.6,52,0.373399,"Недостаточно признаков роли: 1 плательщиков, 1 получателей, колено 3.",3,False,1,1,5000.0,18000.0,1,1,2,9.2757e-06,0.0,False,0.0,0,False,1,1,1,0.497865,0.082073,0.006272,0.128336,0.166815,0.114368,0.0,0.75,1.0,1.0,нет
100000001227106100,terminal,0.62,6,0.447545,"Наблюдаемый конечный узел: вход от 1 клиентов (164,765 KZT), исходящих нет; колено 3<4.",3,False,1,0,164765.0,0.0,1,0,3,0.0,0.0,False,0.0,0,False,1,0,0,0.526524,0.082073,0.150178,0.16339,0.079004,0.051879,0.0,0.85,1.0,1.0,нет
100000001229743100,peripheral,0.6,1,0.323621,"Недостаточно признаков роли: 1 плательщиков, 1 получателей, колено 3.",3,False,1,1,7000.0,9000.0,1,1,1,9.2757e-06,0.0,False,0.0,0,False,1,1,1,0.431495,0.082073,0.01419,0.054048,0.166815,0.114368,0.0,0.75,1.0,1.0,нет
100000001232297100,peripheral,0.6,14,0.368319,"Недостаточно признаков роли: 1 плательщиков, 2 получателей, колено 2.",2,False,1,2,5000.0,45000.0,1,2,5,0.0,0.0,False,0.0,2,False,1,1,1,0.491092,0.082073,0.006272,0.194128,0.079004,0.129615,0.0,0.75,1.0,1.0,возвратный поток (2 цикл.)
100000001236706100,peripheral,0.6,14,0.626182,"Недостаточно признаков роли: 3 плательщиков, 2 получателей, колено 3.",3,False,3,2,142700.0,36000.0,3,2,5,1.85515e-05,0.0,False,0.0,0,False,2,1,0,0.834909,0.187189,0.145196,0.194128,0.178781,0.129615,0.0,0.75,1.0,1.0,нет
100000001241318100,terminal,0.62,1,0.316529,"Наблюдаемый конечный узел: вход от 1 клиентов (53,000 KZT), исходящих нет; колено 2<4.",2,False,1,0,53000.0,0.0,1,0,1,0.0,0.0,False,0.0,0,False,1,0,0,0.372387,0.082073,0.105383,0.054048,0.079004,0.051879,0.0,0.85,1.0,1.0,нет
100000001246806100,peripheral,0.55,3,0.199039,"Граница обхода: колено 4, вход от 1 клиентов; исходящие не выгружены. У похожих узлов колен 1–3 выход есть в 29% случаев.",4,False,1,0,130000.0,0.0,1,0,1,0.0,0.0,True,0.287,0,False,1,0,0,0.408285,0.082073,0.141281,0.054048,0.079004,0.051879,0.0,0.75,0.65,1.0,нет
100000001248999100,terminal,0.62,17,0.277621,"Наблюдаемый конечный узел: вход от 1 клиентов (23,425 KZT), исходящих нет; колено 3<4.",3,False,1,0,23425.0,0.0,1,0,1,0.0,0.0,False,0.0,0,False,1,0,0,0.326613,0.082073,0.059609,0.054048,0.079004,0.051879,0.0,0.85,1.0,1.0,нет
100000001249054100,peripheral,0.55,8,0.187892,"Граница обхода: колено 4, вход от 1 клиентов; исходящие не выгружены. У похожих узлов колен 1–3 выход есть в 29% случаев.",4,False,1,0,17375.0,0.0,1,0,2,0.0,0.0,True,0.287,0,False,1,0,0,0.38542,0.082073,0.044128,0.128336,0.079004,0.051879,0.0,0.75,0.65,1.0,нет
100000001250022100,terminal,0.62,9,0.312785,"Наблюдаемый конечный узел: вход от 1 клиентов (50,000 KZT), исходящих нет; колено 2<4.",2,False,1,0,50000.0,0.0,1,0,1,0.0,0.0,False,0.0,0,False,1,0,0,0.367983,0.082073,0.100979,0.054048,0.079004,0.051879,0.0,0.85,1.0,1.0,нет
100000001251686100,terminal,0.62,4,0.359634,"Наблюдаемый конечный узел: вход от 1 клиентов (18,000 KZT), исходящих нет; колено 2<4.",2,False,1,0,18000.0,0.0,1,0,3,0.0,0.0,False,0.0,0,False,1,0,0,0.423098,0.082073,0.046753,0.16339,0.079004,0.051879,0.0,0.85,1.0,1.0,нет
100000001252290100,peripheral,0.6,6,0.503548,"Недостаточно признаков роли: 1 плательщиков, 1 получателей, колено 3.",3,False,1,1,141005.0,5000.0,1,1,3,9.2757e-06,0.0,False,0.0,0,False,1,1,0,0.671397,0.082073,0.144751,0.16339,0.166815,0.114368,0.0,0.75,1.0,1.0,нет
100000001253557100,consolidator,0.72,3,0.681595,"Признаки консолидации: 5 плательщиков, 0 получателей, входящий поток 210,200 KZT.",1,False,5,0,210200.0,0.0,5,0,5,0.0,0.0,False,0.0,0,False,1,0,0,0.681595,0.196263,0.16032,0.194128,0.079004,0.051879,0.0,1.0,1.0,1.0,нет
100000001256409100,peripheral,0.55,21,0.138102,"Граница обхода: колено 4, вход от 1 клиентов; исходящие не выгружены. У похожих узлов колен 1–3 выход есть в 29% случаев.",4,False,1,0,8000.0,0.0,1,0,1,0.0,0.0,True,0.287,0,False,1,0,1,0.283285,0.082073,0.016281,0.054048,0.079004,0.051879,0.0,0.75,0.65,1.0,нет
100000001262647100,terminal,0.62,16,0.278453,"Наблюдаемый конечный узел: вход от 1 клиентов (23,650 KZT), исходящих нет; колено 2<4.",2,False,1,0,23650.0,0.0,1,0,1,0.0,0.0,False,0.0,0,False,1,0,0,0.327591,0.082073,0.060587,0.054048,0.079004,0.051879,0.0,0.85,1.0,1.0,нет
100000001270349100,terminal,0.62,9,0.3616,"Наблюдаемый конечный узел: вход от 1 клиентов (200,000 KZT), исходящих нет; колено 3<4.",3,False,1,0,200000.0,0.0,1,0,1,0.0,0.0,False,0.0,0,False,1,0,0,0.425411,0.082073,0.158407,0.054048,0.079004,0.051879,0.0,0.85,1.0,1.0,нет
100000001270470100,peripheral,0.55,1,0.201576,"Граница обхода: колено 4, вход от 1 клиентов; исходящие не выгружены. У похожих узлов колен 1–3 выход есть в 29% случаев.",4,False,1,0,28300.0,0.0,2,0,2,0.0,0.0,True,0.287,0,False,1,0,0,0.41349,0.082073,0.072198,0.128336,0.079004,0.051879,0.0,0.75,0.65,1.0,нет
100000001273783100,terminal,0.62,12,0.277318,"Наблюдаемый конечный узел: вход от 1 клиентов (23,200 KZT), исходящих нет; колено 2<4.",2,False,1,0,23200.0,0.0,1,0,1,0.0,0.0,False,0.0,0,False,1,0,0,0.326257,0.082073,0.059253,0.054048,0.079004,0.051879,0.0,0.85,1.0,1.0,нет
100000001275557100,peripheral,0.55,24,0.155515,"Граница обхода: колено 4, вход от 1 клиентов; исходящие не выгружены. У похожих узлов колен 1–3 выход есть в 29% случаев.",4,False,1,0,20000.0,0.0,1,0,1,0.0,0.0,True,0.287,0,False,1,0,0,0.319006,0.082073,0.052002,0.054048,0.079004,0.051879,0.0,0.75,0.65,1.0,нет
100000001275752100,terminal,0.62,3,0.352563,"Наблюдаемый конечный узел: вход от 1 клиентов (151,500 KZT), исходящих нет; колено 3<4.",3,False,1,0,151500.0,0.0,1,0,1,0.0,0.0,False,0.0,0,False,1,0,0,0.41478,0.082073,0.147776,0.054048,0.079004,0.051879,0.0,0.85,1.0,1.0,нет
100000001276409100,peripheral,0.55,8,0.229096,"Граница обхода: колено 4, вход от 1 клиентов; исходящие не выгружены. У похожих узлов колен 1–3 выход есть в 29% случаев.",4,False,1,0,94760.0,0.0,1,0,2,0.0,0.0,True,0.287,0,False,1,0,0,0.46994,0.082073,0.128648,0.128336,0.079004,0.051879,0.0,0.75,0.65,1.0,нет
100000001279272100,peripheral,0.6,1,0.507409,"Недостаточно признаков роли: 1 плательщиков, 2 получателей, колено 3.",3,False,1,2,250000.0,136758.0,1,2,1,0.0001391399,1.0,False,0.0,1,False,1,1,0,0.676546,0.082073,0.166237,0.054048,0.194573,0.129615,0.05,0.75,1.0,1.0,возвратный поток (1 цикл.)
100000001279875100,terminal,0.62,10,0.310895,"Наблюдаемый конечный узел: вход от 1 клиентов (49,235 KZT), исходящих нет; колено 2<4.",2,False,1,0,49235.0,0.0,1,0,1,0.0,0.0,False,0.0,0,False,1,0,0,0.365758,0.082073,0.098754,0.054048,0.079004,0.051879,0.0,0.85,1.0,1.0,нет
100000001280798100,terminal,0.62,8,0.279209,"Наблюдаемый конечный узел: вход от 1 клиентов (23,785 KZT), исходящих нет; колено 3<4.",3,False,1,0,23785.0,0.0,1,0,1,0.0,0.0,False,0.0,0,False,1,0,0,0.328481,0.082073,0.061477,0.054048,0.079004,0.051879,0.0,0.85,1.0,1.0,нет
100000001282143100,consolidator,0.72,10,0.71905,"Признаки консолидации: 5 плательщиков, 0 получателей, входящий поток 1,700,000 KZT.",3,False,5,0,1700000.0,0.0,6,0,5,0.0,0.0,False,0.0,0,False,4,0,0,0.71905,0.196263,0.197776,0.194128,0.079004,0.051879,0.0,1.0,1.0,1.0,4 плательщиков в один день; плательщиков больше 99% узлов колена 3
100000001285440100,terminal,0.66,22,0.443235,"Наблюдаемый конечный узел: вход от 2 клиентов (243,000 KZT), исходящих нет; колено 3<4.",3,False,2,0,243000.0,0.0,2,0,1,0.0,0.0,False,0.0,0,False,2,0,0,0.521452,0.171308,0.165214,0.054048,0.079004,0.051879,0.0,0.85,1.0,1.0,нет
100000001286703100,peripheral,0.55,40,0.210272,"Граница обхода: колено 4, вход от 1 клиентов; исходящие не выгружены. У похожих узлов колен 1–3 выход есть в 29% случаев.",4,False,1,0,20500.0,0.0,1,0,3,0.0,0.0,True,0.287,0,False,1,0,0,0.431328,0.082073,0.054982,0.16339,0.079004,0.051879,0.0,0.75,0.65,1.0,нет
100000001287955100,peripheral,0.6,10,0.428197,"Недостаточно признаков роли: 1 плательщиков, 4 получателей, колено 2.",2,False,1,4,17520.0,310000.0,1,5,1,0.0075968388,1.0,False,0.0,0,False,1,2,0,0.57093,0.082073,0.044706,0.054048,0.199911,0.140191,0.05,0.75,1.0,1.0,нет
100000001290243100,terminal,0.62,5,0.246464,"Наблюдаемый конечный узел: вход от 1 клиентов (10,000 KZT), исходящих нет; колено 2<4.",2,False,1,0,10000.0,0.0,1,0,1,0.0,0.0,False,0.0,0,False,1,0,0,0.289958,0.082073,0.022954,0.054048,0.079004,0.051879,0.0,0.85,1.0,1.0,нет
100000001297206100,peripheral,0.55,1,0.13667,"Граница обхода: колено 4, вход от 1 клиентов; исходящие не выгружены. У похожих узлов колен 1–3 выход есть в 29% случаев.",4,False,1,0,6758.0,0.0,1,0,1,0.0,0.0,True,0.287,0,False,1,0,1,0.280349,0.082073,0.013345,0.054048,0.079004,0.051879,0.0,0.75,0.65,1.0,нет
100000001298099100,terminal,0.62,8,0.268206,"Наблюдаемый конечный узел: вход от 1 клиентов (19,000 KZT), исходящих нет; колено 3<4.",3,False,1,0,19000.0,0.0,1,0,1,0.0,0.0,False,0.0,0,False,1,0,0,0.315536,0.082073,0.048532,0.054048,0.079004,0.051879,0.0,0.85,1.0,1.0,нет
100000001299323100,peripheral,0.55,3,0.232587,"Граница обхода: колено 4, вход от 1 клиентов; исходящие не выгружены. У похожих узлов колен 1–3 выход есть в 29% случаев.",4,False,1,0,109000.0,0.0,1,0,2,0.0,0.0,True,0.287,0,False,1,0,0,0.477102,0.082073,0.13581,0.128336,0.079004,0.051879,0.0,0.75,0.65,1.0,нет
100000001299443100,peripheral,0.55,19,0.138102,"Граница обхода: колено 4, вход от 1 клиентов; исходящие не выгружены. У похожих узлов колен 1–3 выход есть в 29% случаев.",4,False,1,0,8000.0,0.0,1,0,1,0.0,0.0,True,0.287,0,False,1,0,1,0.283285,0.082073,0.016281,0.054048,0.079004,0.051879,0.0,0.75,0.65,1.0,нет
100000001299828100,peripheral,0.55,1,0.194398,"Граница обхода: колено 4, вход от 1 клиентов; исходящие не выгружены. У похожих узлов колен 1–3 выход есть в 29% случаев.",4,False,1,0,100000.0,0.0,1,0,1,0.0,0.0,True,0.287,0,False,1,0,0,0.398766,0.082073,0.131762,0.054048,0.079004,0.051879,0.0,0.75,0.65,1.0,нет
100000001303311100,consolidator,0.72,22,0.687422,"Признаки консолидации: 5 плательщиков, 0 получателей, входящий поток 1,324,000 KZT.",3,False,5,0,1324000.0,0.0,5,0,3,0.0,0.0,False,0.0,0,False,4,0,0,0.687422,0.196263,0.196886,0.16339,0.079004,0.051879,0.0,1.0,1.0,1.0,4 плательщиков в один день; плательщиков больше 99% узлов колена 3
100000001307612100,terminal,0.62,2,0.300383,"Наблюдаемый конечный узел: вход от 1 клиентов (38,483 KZT), исходящих нет; колено 1<4.",1,False,1,0,38483.0,0.0,1,0,1,0.0,0.0,False,0.0,0,False,1,0,0,0.353392,0.082073,0.086388,0.054048,0.079004,0.051879,0.0,0.85,1.0,1.0,нет
100000001308856100,terminal,0.62,2,0.287149,"Наблюдаемый конечный узел: вход от 1 клиентов (27,000 KZT), исходящих нет; колено 2<4.",2,False,1,0,27000.0,0.0,1,0,1,0.0,0.0,False,0.0,0,False,1,0,0,0.337823,0.082073,0.070819,0.054048,0.079004,0.051879,0.0,0.85,1.0,1.0,нет
100000001311175100,peripheral,0.55,10,0.213959,"Граница обхода: колено 4, вход от 1 клиентов; исходящие не выгружены. У похожих узлов колен 1–3 выход есть в 29% случаев.",4,False,1,0,300000.0,0.0,1,0,1,0.0,0.0,True,0.287,0,False,1,0,0,0.43889,0.082073,0.171886,0.054048,0.079004,0.051879,0.0,0.75,0.65,1.0,нет
100000001317336100,peripheral,0.6,32,0.443286,"Недостаточно признаков роли: 1 плательщиков, 2 получателей, колено 3.",3,False,1,2,131196.0,1752000.0,1,3,1,2.78272e-05,0.0,False,0.0,0,False,1,1,0,0.591048,0.082073,0.141726,0.054048,0.183585,0.129615,0.0,0.75,1.0,1.0,нет
100000001325618100,peripheral,0.55,19,0.139316,"Граница обхода: колено 4, вход от 1 клиентов; исходящие не выгружены. У похожих узлов колен 1–3 выход есть в 29% случаев.",4,False,1,0,9300.0,0.0,1,0,1,0.0,0.0,True,0.287,0,False,1,0,1,0.285776,0.082073,0.018772,0.054048,0.079004,0.051879,0.0,0.75,0.65,1.0,нет
100000001329153100,terminal,0.62,1,0.415557,"Наблюдаемый конечный узел: вход от 1 клиентов (150,687 KZT), исходящих нет; колено 3<4.",3,False,1,0,150687.0,0.0,1,0,2,0.0,0.0,False,0.0,0,False,1,0,0,0.48889,0.082073,0.147598,0.128336,0.079004,0.051879,0.0,0.85,1.0,1.0,нет
100000001330595100,peripheral,0.6,26,0.419373,"Недостаточно признаков роли: 3 плательщиков, 1 получателей, колено 2.",2,False,3,1,87000.0,154000.0,6,1,1,0.0,0.0,False,0.0,0,False,2,1,1,0.559164,0.187189,0.124555,0.054048,0.079004,0.114368,0.0,0.75,1.0,1.0,нет
100000001330685100,peripheral,0.6,6,0.623087,"Недостаточно признаков роли: 3 плательщиков, 1 получателей, колено 1.",1,False,3,1,2435923.0,100500.0,7,1,3,9.2757e-06,0.0,False,0.0,0,False,2,1,0,0.830783,0.187189,0.199021,0.16339,0.166815,0.114368,0.0,0.75,1.0,1.0,нет
100000001339466100,terminal,0.62,4,0.384098,"Наблюдаемый конечный узел: вход от 1 клиентов (30,000 KZT), исходящих нет; колено 2<4.",2,False,1,0,30000.0,0.0,1,0,3,0.0,0.0,False,0.0,0,False,1,0,0,0.451879,0.082073,0.075534,0.16339,0.079004,0.051879,0.0,0.85,1.0,1.0,нет
100000001346560100,peripheral,0.6,4,0.524366,"Недостаточно признаков роли: 2 плательщиков, 1 получателей, колено 2.",2,False,2,1,10000.0,22200.0,2,1,8,9.2757e-06,0.5,False,0.0,0,False,1,1,2,0.699155,0.171308,0.022954,0.19871,0.166815,0.114368,0.025,0.75,1.0,1.0,нет
100000001362940100,terminal,0.62,4,0.441684,"Наблюдаемый конечный узел: вход от 1 клиентов (81,000 KZT), исходящих нет; колено 1<4.",1,False,1,0,81000.0,0.0,1,0,4,0.0,0.0,False,0.0,0,False,1,0,0,0.519629,0.082073,0.121753,0.18492,0.079004,0.051879,0.0,0.85,1.0,1.0,нет
100000001363952100,peripheral,0.6,7,0.516226,"Недостаточно признаков роли: 2 плательщиков, 1 получателей, колено 1.",1,False,2,1,196655.0,91000.0,2,2,1,9.2757e-06,0.5,False,0.0,0,False,1,1,0,0.688301,0.171308,0.156762,0.054048,0.166815,0.114368,0.025,0.75,1.0,1.0,нет
100000001373265100,peripheral,0.6,7,0.421808,"Недостаточно признаков роли: 1 плательщиков, 1 получателей, колено 3.",3,False,1,1,142482.0,5000.0,1,1,1,9.2757e-06,0.0,False,0.0,0,False,1,1,0,0.562411,0.082073,0.145107,0.054048,0.166815,0.114368,0.0,0.75,1.0,1.0,нет
100000001378288100,peripheral,0.55,7,0.212181,"Граница обхода: колено 4, вход от 1 клиентов; исходящие не выгружены. У похожих узлов колен 1–3 выход есть в 29% случаев.",4,False,1,0,268000.0,0.0,3,0,1,0.0,0.0,True,0.287,0,False,1,0,2,0.435242,0.082073,0.168238,0.054048,0.079004,0.051879,0.0,0.75,0.65,1.0,нет
100000001379511100,terminal,0.62,3,0.318306,"Наблюдаемый конечный узел: вход от 1 клиентов (55,000 KZT), исходящих нет; колено 3<4.",3,False,1,0,55000.0,0.0,1,0,1,0.0,0.0,False,0.0,0,False,1,0,0,0.374477,0.082073,0.107473,0.054048,0.079004,0.051879,0.0,0.85,1.0,1.0,нет
100000001380054100,peripheral,0.6,30,0.454871,"Недостаточно признаков роли: 2 плательщиков, 3 получателей, колено 1.",1,False,2,3,127050.0,360000.0,2,4,1,0.0,0.5,False,0.0,2,True,1,2,1,0.606495,0.171308,0.14048,0.054048,0.079004,0.136655,0.025,0.75,1.0,1.0,возвратный поток с seed (2 цикл.)
100000001380107100,terminal,0.62,56,0.300043,"Наблюдаемый конечный узел: вход от 1 клиентов (6,000 KZT), исходящих нет; колено 3<4.",3,False,1,0,6000.0,0.0,1,0,2,0.0,0.0,False,0.0,0,False,1,0,1,0.352992,0.082073,0.011699,0.128336,0.079004,0.051879,0.0,0.85,1.0,1.0,нет
100000001380986100,terminal,0.62,3,0.326246,"Наблюдаемый конечный узел: вход от 1 клиентов (70,170 KZT), исходящих нет; колено 2<4.",2,False,1,0,70170.0,0.0,1,0,1,0.0,0.0,False,0.0,0,False,1,0,0,0.383819,0.082073,0.116815,0.054048,0.079004,0.051879,0.0,0.85,1.0,1.0,нет
100000001382002100,transit,0.7295,1,0.415118,"Признаки транзита: отдал 103% видимого входа; 1→1 связей, быстрый выход 0%.",2,False,1,1,55000.0,56500.0,2,3,1,0.0,0.0,False,0.0,1,False,1,1,0,0.436966,0.082073,0.107473,0.054048,0.079004,0.114368,0.0,0.95,1.0,1.0,возвратный поток (1 цикл.)
100000001384826100,peripheral,0.6,6,0.527702,"Недостаточно признаков роли: 1 плательщиков, 1 получателей, колено 3.",3,False,1,1,364260.0,10000.0,1,1,3,9.2757e-06,0.0,False,0.0,0,False,1,1,0,0.703603,0.082073,0.176957,0.16339,0.166815,0.114368,0.0,0.75,1.0,1.0,нет
100000001386612100,terminal,0.62,20,0.414952,"Наблюдаемый конечный узел: вход от 1 клиентов (62,264 KZT), исходящих нет; колено 2<4.",2,False,1,0,62264.0,0.0,1,0,3,0.0,0.0,False,0.0,0,False,1,0,0,0.488178,0.082073,0.111833,0.16339,0.079004,0.051879,0.0,0.85,1.0,1.0,нет
100000001389255100,terminal,0.62,2,0.261891,"Наблюдаемый конечный узел: вход от 1 клиентов (16,136 KZT), исходящих нет; колено 1<4.",1,False,1,0,16136.0,0.0,1,0,1,0.0,0.0,False,0.0,0,False,1,0,0,0.308107,0.082073,0.041103,0.054048,0.079004,0.051879,0.0,0.85,1.0,1.0,нет
100000001411870100,terminal,0.66,9,0.530957,"Наблюдаемый конечный узел: вход от 2 клиентов (900,000 KZT), исходящих нет; колено 1<4.",1,False,2,0,900000.0,0.0,4,0,2,0.0,0.0,False,0.0,0,False,1,0,0,0.624655,0.171308,0.194128,0.128336,0.079004,0.051879,0.0,0.85,1.0,1.0,нет
100000001415126100,peripheral,0.6,20,0.285067,"Seed без исходящих в выборке; входящий поток неполон, структурная роль не установлена.",0,True,1,0,27000.0,0.0,1,0,3,0.0,0.0,False,0.0,0,False,1,0,0,0.447164,0.082073,0.070819,0.16339,0.079004,0.051879,0.0,0.75,1.0,0.85,нет
100000001418900100,terminal,0.62,2,0.302803,"Наблюдаемый конечный узел: вход от 1 клиентов (40,140 KZT), исходящих нет; колено 2<4.",2,False,1,0,40140.0,0.0,2,0,1,0.0,0.0,False,0.0,0,False,1,0,0,0.356239,0.082073,0.089235,0.054048,0.079004,0.051879,0.0,0.85,1.0,1.0,нет
100000001420847100,terminal,0.62,18,0.271155,"Наблюдаемый конечный узел: вход от 1 клиентов (20,000 KZT), исходящих нет; колено 2<4.",2,False,1,0,20000.0,0.0,2,0,1,0.0,0.0,False,0.0,0,False,1,0,0,0.319006,0.082073,0.052002,0.054048,0.079004,0.051879,0.0,0.85,1.0,1.0,нет
100000001427082100,peripheral,0.6,23,0.409039,"Недостаточно признаков роли: 1 плательщиков, 5 получателей, колено 3.",3,False,1,5,5000.0,124900.0,1,6,2,3.7103e-05,0.0,False,0.0,0,False,1,2,1,0.545385,0.082073,0.006272,0.128336,0.18661,0.142093,0.0,0.75,1.0,1.0,нет
100000001429930100,peripheral,0.6,14,0.283167,"Seed без исходящих в выборке; входящий поток неполон, структурная роль не установлена.",0,True,1,0,26000.0,0.0,1,0,3,0.0,0.0,False,0.0,0,False,1,0,0,0.444184,0.082073,0.067838,0.16339,0.079004,0.051879,0.0,0.75,1.0,0.85,нет
100000001439416100,peripheral,0.6,1,0.341629,"Недостаточно признаков роли: 1 плательщиков, 2 получателей, колено 3.",3,False,1,2,10000.0,165000.0,1,3,1,9.2757e-06,0.0,False,0.0,1,False,1,1,0,0.455505,0.082073,0.022954,0.054048,0.166815,0.129615,0.0,0.75,1.0,1.0,возвратный поток (1 цикл.)
100000001445848100,peripheral,0.6,36,0.419509,"Недостаточно признаков роли: 1 плательщиков, 1 получателей, колено 3.",3,False,1,1,546000.0,351850.0,13,14,1,0.0,0.8461538461538461,False,0.0,1,False,1,2,1,0.559345,0.082073,0.187544,0.054048,0.079004,0.114368,0.042308,0.75,1.0,1.0,возвратный поток (1 цикл.)
100000001463701100,terminal,0.66,12,0.583553,"Наблюдаемый конечный узел: вход от 2 клиентов (621,000 KZT), исходящих нет; колено 1<4.",1,False,2,0,621000.0,0.0,2,0,5,0.0,0.0,False,0.0,0,False,2,0,0,0.686532,0.171308,0.190214,0.194128,0.079004,0.051879,0.0,0.85,1.0,1.0,нет
100000001471706100,peripheral,0.55,20,0.216735,"Граница обхода: колено 4, вход от 1 клиентов; исходящие не выгружены. У похожих узлов колен 1–3 выход есть в 29% случаев.",4,False,1,0,377000.0,0.0,8,0,1,0.0,0.0,True,0.287,0,False,1,0,0,0.444584,0.082073,0.17758,0.054048,0.079004,0.051879,0.0,0.75,0.65,1.0,нет
100000001477796100,terminal,0.62,4,0.357819,"Наблюдаемый конечный узел: вход от 1 клиентов (182,000 KZT), исходящих нет; колено 1<4.",1,False,1,0,182000.0,0.0,1,0,1,0.0,0.0,False,0.0,0,False,1,0,0,0.420963,0.082073,0.153959,0.054048,0.079004,0.051879,0.0,0.85,1.0,1.0,нет
100000001484381100,terminal,0.66,8,0.475752,"Наблюдаемый конечный узел: вход от 2 клиентов (95,585 KZT), исходящих нет; колено 3<4.",3,False,2,0,95585.0,0.0,4,0,2,0.0,0.0,False,0.0,0,False,1,0,0,0.559709,0.171308,0.129181,0.128336,0.079004,0.051879,0.0,0.85,1.0,1.0,нет
100000001490461100,peripheral,0.6,8,0.407696,"Недостаточно признаков роли: 1 плательщиков, 1 получателей, колено 2.",2,False,1,1,20000.0,5000.0,1,1,2,9.2757e-06,0.0,False,0.0,0,False,1,1,0,0.543594,0.082073,0.052002,0.128336,0.166815,0.114368,0.0,0.75,1.0,1.0,нет
100000001498732100,peripheral,0.55,3,0.135196,"Граница обхода: колено 4, вход от 1 клиентов; исходящие не выгружены. У похожих узлов колен 1–3 выход есть в 29% случаев.",4,False,1,0,5500.0,0.0,1,0,1,0.0,0.0,True,0.287,0,False,1,0,1,0.277324,0.082073,0.01032,0.054048,0.079004,0.051879,0.0,0.75,0.65,1.0,нет
100000001524952100,terminal,0.62,1,0.340993,"Наблюдаемый конечный узел: вход от 1 клиентов (103,807 KZT), исходящих нет; колено 1<4.",1,False,1,0,103807.0,0.0,1,0,1,0.0,0.0,False,0.0,0,False,1,0,0,0.401168,0.082073,0.134164,0.054048,0.079004,0.051879,0.0,0.85,1.0,1.0,нет
100000001526235100,distributor,0.62,27,0.727602,"Признаки распределения: 8 получателей против 3 плательщиков, исходящий поток 432,750 KZT.",2,False,3,8,82000.0,432750.0,4,9,1,0.0001205847,0.5,False,0.0,3,False,1,2,2,0.727602,0.187189,0.122242,0.054048,0.193995,0.145129,0.025,1.0,1.0,1.0,возвратный поток (3 цикл.)
100000001527186100,terminal,0.62,4,0.500103,"Наблюдаемый конечный узел: вход от 1 клиентов (678,000 KZT), исходящих нет; колено 1<4.",1,False,1,0,678000.0,0.0,2,0,4,0.0,0.0,False,0.0,0,False,1,0,0,0.588356,0.082073,0.19048,0.18492,0.079004,0.051879,0.0,0.85,1.0,1.0,нет
100000001530709100,terminal,0.62,1,0.380619,"Наблюдаемый конечный узел: вход от 1 клиентов (53,961 KZT), исходящих нет; колено 3<4.",3,False,1,0,53961.0,0.0,1,0,2,0.0,0.0,False,0.0,0,False,1,0,0,0.447787,0.082073,0.106495,0.128336,0.079004,0.051879,0.0,0.85,1.0,1.0,нет
100000001530740100,terminal,0.62,5,0.258186,"Наблюдаемый конечный узел: вход от 1 клиентов (15,000 KZT), исходящих нет; колено 2<4.",2,False,1,0,15000.0,0.0,1,0,1,0.0,0.0,False,0.0,0,False,1,0,0,0.303748,0.082073,0.036744,0.054048,0.079004,0.051879,0.0,0.85,1.0,1.0,нет
100000001530983100,distributor,0.6975,5,0.955138,"Признаки распределения: 11 получателей против 4 плательщиков, исходящий поток 1,829,538 KZT.",1,False,4,11,564158.0,1829538.0,4,17,5,0.0001576877,0.75,False,0.0,0,False,1,2,0,0.955138,0.193817,0.188167,0.194128,0.195196,0.14633,0.0375,1.0,1.0,1.0,нет
100000001533161100,peripheral,0.55,46,0.194398,"Граница обхода: колено 4, вход от 1 клиентов; исходящие не выгружены. У похожих узлов колен 1–3 выход есть в 29% случаев.",4,False,1,0,100000.0,0.0,1,0,1,0.0,0.0,True,0.287,0,False,1,0,0,0.398766,0.082073,0.131762,0.054048,0.079004,0.051879,0.0,0.75,0.65,1.0,нет
100000001534244100,peripheral,0.6,3,0.568472,"Недостаточно признаков роли: 2 плательщиков, 1 получателей, колено 3.",3,False,2,1,366000.0,45000.0,2,1,2,9.2757e-06,0.0,False,0.0,0,False,2,1,0,0.757963,0.171308,0.177135,0.128336,0.166815,0.114368,0.0,0.75,1.0,1.0,нет
100000001537524100,peripheral,0.55,10,0.201728,"Граница обхода: колено 4, вход от 1 клиентов; исходящие не выгружены. У похожих узлов колен 1–3 выход есть в 29% случаев.",4,False,1,0,150000.0,0.0,1,0,1,0.0,0.0,True,0.287,0,False,1,0,0,0.413801,0.082073,0.146797,0.054048,0.079004,0.051879,0.0,0.75,0.65,1.0,нет
100000001538095100,terminal,0.66,10,0.53988,"Наблюдаемый конечный узел: вход от 2 клиентов (280,000 KZT), исходящих нет; колено 3<4.",3,False,2,0,280000.0,0.0,2,0,3,0.0,0.0,False,0.0,0,False,2,0,0,0.635153,0.171308,0.169573,0.16339,0.079004,0.051879,0.0,0.85,1.0,1.0,нет
100000001541418100,terminal,0.66,3,0.475904,"Наблюдаемый конечный узел: вход от 2 клиентов (96,900 KZT), исходящих нет; колено 2<4.",2,False,2,0,96900.0,0.0,2,0,2,0.0,0.0,False,0.0,0,False,1,0,0,0.559887,0.171308,0.129359,0.128336,0.079004,0.051879,0.0,0.85,1.0,1.0,нет
100000001549194100,terminal,0.62,15,0.307794,"Наблюдаемый конечный узел: вход от 1 клиентов (46,500 KZT), исходящих нет; колено 3<4.",3,False,1,0,46500.0,0.0,1,0,1,0.0,0.0,False,0.0,0,False,1,0,0,0.362111,0.082073,0.095107,0.054048,0.079004,0.051879,0.0,0.85,1.0,1.0,нет
100000001550388100,terminal,0.62,1,0.312785,"Наблюдаемый конечный узел: вход от 1 клиентов (50,000 KZT), исходящих нет; колено 1<4.",1,False,1,0,50000.0,0.0,1,0,1,0.0,0.0,False,0.0,0,False,1,0,0,0.367983,0.082073,0.100979,0.054048,0.079004,0.051879,0.0,0.85,1.0,1.0,нет
100000001550419100,terminal,0.62,15,0.276902,"Наблюдаемый конечный узел: вход от 1 клиентов (23,000 KZT), исходящих нет; колено 3<4.",3,False,1,0,23000.0,0.0,1,0,1,0.0,0.0,False,0.0,0,False,1,0,0,0.325767,0.082073,0.058763,0.054048,0.079004,0.051879,0.0,0.85,1.0,1.0,нет
100000001554432100,terminal,0.62,4,0.428639,"Наблюдаемый конечный узел: вход от 1 клиентов (53,920 KZT), исходящих нет; колено 1<4.",1,False,1,0,53920.0,0.0,1,0,4,0.0,0.0,False,0.0,0,False,1,0,0,0.504282,0.082073,0.106406,0.18492,0.079004,0.051879,0.0,0.85,1.0,1.0,нет
100000001557930100,terminal,0.62,9,0.296753,"Наблюдаемый конечный узел: вход от 1 клиентов (34,610 KZT), исходящих нет; колено 2<4.",2,False,1,0,34610.0,0.0,1,0,1,0.0,0.0,False,0.0,0,False,1,0,0,0.349121,0.082073,0.082117,0.054048,0.079004,0.051879,0.0,0.85,1.0,1.0,нет
100000001567366100,terminal,0.62,5,0.454502,"Наблюдаемый конечный узел: вход от 1 клиентов (824,070 KZT), исходящих нет; колено 1<4.",1,False,1,0,824070.0,0.0,4,0,2,0.0,0.0,False,0.0,0,False,1,0,0,0.534709,0.082073,0.193416,0.128336,0.079004,0.051879,0.0,0.85,1.0,1.0,нет
100000001578517100,terminal,0.62,5,0.402398,"Наблюдаемый конечный узел: вход от 1 клиентов (30,000 KZT), исходящих нет; колено 2<4.",2,False,1,0,30000.0,0.0,1,0,4,0.0,0.0,False,0.0,0,False,1,0,0,0.47341,0.082073,0.075534,0.18492,0.079004,0.051879,0.0,0.85,1.0,1.0,нет
100000001584286100,terminal,0.66,10,0.584989,"Наблюдаемый конечный узел: вход от 2 клиентов (738,699 KZT), исходящих нет; колено 2<4.",2,False,2,0,738699.0,0.0,3,0,5,0.0,0.0,False,0.0,0,False,1,0,0,0.688223,0.171308,0.191904,0.194128,0.079004,0.051879,0.0,0.85,1.0,1.0,нет
100000001590795100,peripheral,0.55,19,0.134458,"Граница обхода: колено 4, вход от 1 клиентов; исходящие не выгружены. У похожих узлов колен 1–3 выход есть в 29% случаев.",4,False,1,0,5060.0,0.0,1,0,1,0.0,0.0,True,0.287,0,False,1,0,1,0.275812,0.082073,0.008808,0.054048,0.079004,0.051879,0.0,0.75,0.65,1.0,нет
100000001597424100,terminal,0.62,15,0.309685,"Наблюдаемый конечный узел: вход от 1 клиентов (48,100 KZT), исходящих нет; колено 3<4.",3,False,1,0,48100.0,0.0,1,0,1,0.0,0.0,False,0.0,0,False,1,0,0,0.364335,0.082073,0.097331,0.054048,0.079004,0.051879,0.0,0.85,1.0,1.0,нет
100000001597505100,peripheral,0.6,33,0.299566,"Недостаточно признаков роли: 1 плательщиков, 1 получателей, колено 2.",2,False,1,1,26460.0,12920.0,1,1,1,0.0,0.0,False,0.0,0,False,1,1,0,0.399422,0.082073,0.069929,0.054048,0.079004,0.114368,0.0,0.75,1.0,1.0,нет
100000001598625100,peripheral,0.55,7,0.161891,"Граница обхода: колено 4, вход от 1 клиентов; исходящие не выгружены. У похожих узлов колен 1–3 выход есть в 29% случаев.",4,False,1,0,25000.0,0.0,1,0,1,0.0,0.0,True,0.287,0,False,1,0,0,0.332084,0.082073,0.06508,0.054048,0.079004,0.051879,0.0,0.75,0.65,1.0,нет
100000001600934100,peripheral,0.6,7,0.362355,"Недостаточно признаков роли: 1 плательщиков, 1 получателей, колено 3.",3,False,1,1,180300.0,11000.0,2,1,1,0.0,0.0,False,0.0,1,False,1,1,0,0.483141,0.082073,0.153648,0.054048,0.079004,0.114368,0.0,0.75,1.0,1.0,возвратный поток (1 цикл.)
100000001601320100,transit,0.7034,11,0.484762,"Признаки транзита: отдал 106% видимого входа; 2→1 связей, быстрый выход 0%.",2,False,2,1,43500.0,46200.0,2,1,1,0.0,0.0,False,0.0,0,False,1,1,1,0.510276,0.171308,0.091548,0.054048,0.079004,0.114368,0.0,0.95,1.0,1.0,нет
100000001609499100,peripheral,0.6,1,0.543753,"Недостаточно признаков роли: 3 плательщиков, 2 получателей, колено 1.",1,False,3,2,263113.0,21000.0,3,2,2,0.0,0.6666666666666666,False,0.0,11,True,1,1,0,0.725004,0.187189,0.167527,0.128336,0.079004,0.129615,0.033333,0.75,1.0,1.0,возвратный поток с seed (11 цикл.)
100000001611488100,terminal,0.66,6,0.559391,"Наблюдаемый конечный узел: вход от 2 клиентов (779,300 KZT), исходящих нет; колено 3<4.",3,False,2,0,779300.0,0.0,3,0,3,0.0,0.0,False,0.0,0,False,1,0,0,0.658107,0.171308,0.192527,0.16339,0.079004,0.051879,0.0,0.85,1.0,1.0,нет
100000001616816100,peripheral,0.6,9,0.579875,"Недостаточно признаков роли: 5 плательщиков, 3 получателей, колено 0.",0,True,5,3,176195.0,181326.0,12,10,8,4.48328e-05,0.75,False,0.0,2,True,1,2,6,0.909609,0.196263,0.152491,0.19871,0.187989,0.136655,0.0375,0.75,1.0,0.85,возвратный поток с seed (2 цикл.); 6 входов у порога 5–10 тыс.
100000001632325100,terminal,0.62,2,0.332372,"Наблюдаемый конечный узел: вход от 1 клиентов (85,600 KZT), исходящих нет; колено 3<4.",3,False,1,0,85600.0,0.0,3,0,1,0.0,0.0,False,0.0,0,False,1,0,0,0.391025,0.082073,0.124021,0.054048,0.079004,0.051879,0.0,0.85,1.0,1.0,нет
100000001633685100,terminal,0.7,1,0.488533,"Наблюдаемый конечный узел: вход от 3 клиентов (45,000 KZT), исходящих нет; колено 2<4.",2,False,3,0,45000.0,0.0,3,0,3,0.0,0.0,False,0.0,0,False,1,0,1,0.574744,0.187189,0.093283,0.16339,0.079004,0.051879,0.0,0.85,1.0,1.0,нет
100000001637376100,peripheral,0.6,6,0.53611,"Недостаточно признаков роли: 1 плательщиков, 1 получателей, колено 3.",3,False,1,1,116700.0,234250.0,1,2,3,9.2757e-06,1.0,False,0.0,0,False,1,1,0,0.714813,0.082073,0.138167,0.16339,0.166815,0.114368,0.05,0.75,1.0,1.0,нет
100000001639766100,terminal,0.62,9,0.271155,"Наблюдаемый конечный узел: вход от 1 клиентов (20,000 KZT), исходящих нет; колено 3<4.",3,False,1,0,20000.0,0.0,1,0,1,0.0,0.0,False,0.0,0,False,1,0,0,0.319006,0.082073,0.052002,0.054048,0.079004,0.051879,0.0,0.85,1.0,1.0,нет
100000001641789100,terminal,0.62,9,0.384967,"Наблюдаемый конечный узел: вход от 1 клиентов (17,826 KZT), исходящих нет; колено 1<4.",1,False,1,0,17826.0,0.0,1,0,5,0.0,0.0,False,0.0,0,False,1,0,0,0.452903,0.082073,0.045819,0.194128,0.079004,0.051879,0.0,0.85,1.0,1.0,нет
100000001641951100,terminal,0.62,4,0.405234,"Наблюдаемый конечный узел: вход от 1 клиентов (25,000 KZT), исходящих нет; колено 2<4.",2,False,1,0,25000.0,0.0,4,0,8,0.0,0.0,False,0.0,0,False,1,0,3,0.476746,0.082073,0.06508,0.19871,0.079004,0.051879,0.0,0.85,1.0,1.0,3 входов у порога 5–10 тыс.
100000001648936100,terminal,0.62,9,0.335245,"Наблюдаемый конечный узел: вход от 1 клиентов (92,740 KZT), исходящих нет; колено 2<4.",2,False,1,0,92740.0,0.0,1,0,1,0.0,0.0,False,0.0,0,False,1,0,0,0.394406,0.082073,0.127402,0.054048,0.079004,0.051879,0.0,0.85,1.0,1.0,нет
100000001650895100,peripheral,0.6,8,0.424144,"Недостаточно признаков роли: 1 плательщиков, 1 получателей, колено 3.",3,False,1,1,153500.0,10000.0,1,1,1,9.2757e-06,0.0,False,0.0,0,False,1,1,0,0.565525,0.082073,0.148221,0.054048,0.166815,0.114368,0.0,0.75,1.0,1.0,нет
100000001660397100,transit,0.8438,1,0.667155,"Признаки транзита: отдал 101% видимого входа; 2→3 связей, быстрый выход 100%.",1,False,2,3,48600.0,49000.0,2,4,1,8.0085e-05,1.0,False,0.0,19,True,1,3,0,0.702269,0.171308,0.097909,0.054048,0.192349,0.136655,0.05,0.95,1.0,1.0,возвратный поток с seed (19 цикл.)
100000001669260100,peripheral,0.55,21,0.220638,"Граница обхода: колено 4, вход от 1 клиентов; исходящие не выгружены. У похожих узлов колен 1–3 выход есть в 29% случаев.",4,False,1,0,500000.0,0.0,1,0,1,0.0,0.0,True,0.287,0,False,1,0,0,0.452591,0.082073,0.185587,0.054048,0.079004,0.051879,0.0,0.75,0.65,1.0,нет
100000001674850100,terminal,0.66,3,0.505548,"Наблюдаемый конечный узел: вход от 2 клиентов (237,000 KZT), исходящих нет; колено 3<4.",3,False,2,0,237000.0,0.0,2,0,2,0.0,0.0,False,0.0,0,False,2,0,0,0.594762,0.171308,0.164235,0.128336,0.079004,0.051879,0.0,0.85,1.0,1.0,нет
100000001677389100,peripheral,0.6,17,0.333563,"Недостаточно признаков роли: 1 плательщиков, 1 получателей, колено 3.",3,False,1,1,11000.0,5400.0,1,1,1,9.2757e-06,0.0,False,0.0,0,False,1,1,0,0.444751,0.082073,0.027447,0.054048,0.166815,0.114368,0.0,0.75,1.0,1.0,нет
100000001677929100,peripheral,0.6,11,0.527049,"Недостаточно признаков роли: 3 плательщиков, 2 получателей, колено 2.",2,False,3,2,126777.0,286098.0,3,4,1,9.3734e-06,0.3333333333333333,False,0.0,2,False,1,2,1,0.702732,0.187189,0.140391,0.054048,0.174822,0.129615,0.016667,0.75,1.0,1.0,возвратный поток (2 цикл.)
100000001680944100,terminal,0.62,22,0.471744,"Наблюдаемый конечный узел: вход от 1 клиентов (393,000 KZT), исходящих нет; колено 3<4.",3,False,1,0,393000.0,0.0,1,0,3,0.0,0.0,False,0.0,0,False,1,0,0,0.554993,0.082073,0.178648,0.16339,0.079004,0.051879,0.0,0.85,1.0,1.0,нет
100000001684867100,terminal,0.62,5,0.356117,"Наблюдаемый конечный узел: вход от 1 клиентов (30,550 KZT), исходящих нет; колено 1<4.",1,False,1,0,30550.0,0.0,1,0,2,0.0,0.0,False,0.0,0,False,1,0,0,0.418961,0.082073,0.077669,0.128336,0.079004,0.051879,0.0,0.85,1.0,1.0,нет
100000001686328100,terminal,0.62,3,0.412494,"Наблюдаемый конечный узел: вход от 1 клиентов (140,000 KZT), исходящих нет; колено 3<4.",3,False,1,0,140000.0,0.0,1,0,2,0.0,0.0,False,0.0,0,False,1,0,0,0.485287,0.082073,0.143995,0.128336,0.079004,0.051879,0.0,0.85,1.0,1.0,нет
100000001688676100,terminal,0.62,18,0.347723,"Наблюдаемый конечный узел: вход от 1 клиентов (133,700 KZT), исходящих нет; колено 3<4.",3,False,1,0,133700.0,0.0,1,0,1,0.0,0.0,False,0.0,0,False,1,0,0,0.409086,0.082073,0.142082,0.054048,0.079004,0.051879,0.0,0.85,1.0,1.0,нет
100000001689968100,terminal,0.7,6,0.558219,"Наблюдаемый конечный узел: вход от 3 клиентов (344,334 KZT), исходящих нет; колено 3<4.",3,False,3,0,344333.75,0.0,3,0,3,0.0,0.0,False,0.0,0,False,1,0,0,0.656728,0.187189,0.175267,0.16339,0.079004,0.051879,0.0,0.85,1.0,1.0,нет
100000001690439100,terminal,0.62,6,0.256182,"Наблюдаемый конечный узел: вход от 1 клиентов (14,200 KZT), исходящих нет; колено 3<4.",3,False,1,0,14200.0,0.0,1,0,1,0.0,0.0,False,0.0,0,False,1,0,0,0.30139,0.082073,0.034386,0.054048,0.079004,0.051879,0.0,0.85,1.0,1.0,нет
100000001690558100,terminal,0.62,18,0.390147,"Наблюдаемый конечный узел: вход от 1 клиентов (740,000 KZT), исходящих нет; колено 3<4.",3,False,1,0,740000.0,0.0,1,0,1,0.0,0.0,False,0.0,0,False,1,0,0,0.458997,0.082073,0.191993,0.054048,0.079004,0.051879,0.0,0.85,1.0,1.0,нет
100000001696818100,terminal,0.62,4,0.317058,"Наблюдаемый конечный узел: вход от 1 клиентов (53,550 KZT), исходящих нет; колено 1<4.",1,False,1,0,53550.0,0.0,1,0,1,0.0,0.0,False,0.0,0,False,1,0,0,0.373009,0.082073,0.106005,0.054048,0.079004,0.051879,0.0,0.85,1.0,1.0,нет
100000001697501100,distributor,0.94,2,0.659253,"Признаки распределения: 38 получателей против 3 плательщиков, исходящий поток 1,482,606 KZT.",1,False,3,38,123700.0,1482606.0,3,55,1,0.0,1.0,False,0.0,3,True,1,6,0,0.659253,0.187189,0.13968,0.054048,0.079004,0.149333,0.05,1.0,1.0,1.0,возвратный поток с seed (3 цикл.); повтор одной суммы ×6
100000001703168100,peripheral,0.6,4,0.476157,"Недостаточно признаков роли: 1 плательщиков, 1 получателей, колено 2.",2,False,1,1,45000.0,90000.0,1,1,2,9.2757e-06,1.0,False,0.0,0,False,1,1,0,0.634875,0.082073,0.093283,0.128336,0.166815,0.114368,0.05,0.75,1.0,1.0,нет
100000001714173100,terminal,0.62,22,0.481651,"Наблюдаемый конечный узел: вход от 1 клиентов (638,905 KZT), исходящих нет; колено 3<4.",3,False,1,0,638905.0,0.0,6,0,3,0.0,0.0,False,0.0,0,False,1,0,0,0.566648,0.082073,0.190302,0.16339,0.079004,0.051879,0.0,0.85,1.0,1.0,нет
100000001714413100,terminal,0.62,6,0.461535,"Наблюдаемый конечный узел: вход от 1 клиентов (250,172 KZT), исходящих нет; колено 3<4.",3,False,1,0,250172.0,0.0,1,0,3,0.0,0.0,False,0.0,0,False,1,0,0,0.542983,0.082073,0.166637,0.16339,0.079004,0.051879,0.0,0.85,1.0,1.0,нет
100000001714883100,peripheral,0.55,19,0.136757,"Граница обхода: колено 4, вход от 1 клиентов; исходящие не выгружены. У похожих узлов колен 1–3 выход есть в 29% случаев.",4,False,1,0,6900.0,0.0,1,0,1,0.0,0.0,True,0.287,0,False,1,0,1,0.280527,0.082073,0.013523,0.054048,0.079004,0.051879,0.0,0.75,0.65,1.0,нет
100000001716579100,terminal,0.62,2,0.255085,"Наблюдаемый конечный узел: вход от 1 клиентов (13,916 KZT), исходящих нет; колено 1<4.",1,False,1,0,13916.0,0.0,1,0,1,0.0,0.0,False,0.0,0,False,1,0,0,0.3001,0.082073,0.033096,0.054048,0.079004,0.051879,0.0,0.85,1.0,1.0,нет
100000001724740100,peripheral,0.55,3,0.205523,"Граница обхода: колено 4, вход от 1 клиентов; исходящие не выгружены. У похожих узлов колен 1–3 выход есть в 29% случаев.",4,False,1,0,185000.0,0.0,4,0,1,0.0,0.0,True,0.287,0,False,1,0,1,0.421586,0.082073,0.154582,0.054048,0.079004,0.051879,0.0,0.75,0.65,1.0,нет
100000001726614100,terminal,0.62,1,0.348857,"Наблюдаемый конечный узел: вход от 1 клиентов (138,717 KZT), исходящих нет; колено 3<4.",3,False,1,0,138717.0,0.0,1,0,1,0.0,0.0,False,0.0,0,False,1,0,0,0.41042,0.082073,0.143416,0.054048,0.079004,0.051879,0.0,0.85,1.0,1.0,нет
100000001732159100,peripheral,0.6,41,0.582587,"Недостаточно признаков роли: 2 плательщиков, 4 получателей, колено 0.",0,True,2,4,2378100.0,1505966.0,30,23,4,1.04352e-05,0.8666666666666667,False,0.0,4,True,2,5,0,0.913863,0.171308,0.198932,0.18492,0.175178,0.140191,0.043333,0.75,1.0,0.85,возвратный поток с seed (4 цикл.); повтор одной суммы ×5
100000001733216100,peripheral,0.55,1,0.220183,"Граница обхода: колено 4, вход от 1 клиентов; исходящие не выгружены. У похожих узлов колен 1–3 выход есть в 29% случаев.",4,False,1,0,60000.0,0.0,2,0,2,0.0,0.0,True,0.287,0,False,1,0,0,0.451657,0.082073,0.110365,0.128336,0.079004,0.051879,0.0,0.75,0.65,1.0,нет
100000001733687100,terminal,0.62,3,0.436202,"Наблюдаемый конечный узел: вход от 1 клиентов (300,000 KZT), исходящих нет; колено 3<4.",3,False,1,0,300000.0,0.0,1,0,2,0.0,0.0,False,0.0,0,False,1,0,0,0.513178,0.082073,0.171886,0.128336,0.079004,0.051879,0.0,0.85,1.0,1.0,нет
100000001737722100,terminal,0.62,4,0.384551,"Наблюдаемый конечный узел: вход от 1 клиентов (60,460 KZT), исходящих нет; колено 2<4.",2,False,1,0,60460.0,0.0,1,0,2,0.0,0.0,False,0.0,0,False,1,0,0,0.452413,0.082073,0.111121,0.128336,0.079004,0.051879,0.0,0.85,1.0,1.0,нет
100000001740277100,peripheral,0.6,11,0.297898,"Недостаточно признаков роли: 1 плательщиков, 1 получателей, колено 3.",3,False,1,1,8700.0,5000.0,1,1,1,0.0,1.0,False,0.0,1,False,1,1,1,0.397198,0.082073,0.017705,0.054048,0.079004,0.114368,0.05,0.75,1.0,1.0,возвратный поток (1 цикл.)
100000001745217100,terminal,0.62,1,0.312785,"Наблюдаемый конечный узел: вход от 1 клиентов (50,000 KZT), исходящих нет; колено 3<4.",3,False,1,0,50000.0,0.0,1,0,1,0.0,0.0,False,0.0,0,False,1,0,0,0.367983,0.082073,0.100979,0.054048,0.079004,0.051879,0.0,0.85,1.0,1.0,нет
100000001746925100,peripheral,0.6,4,0.512756,"Недостаточно признаков роли: 1 плательщиков, 1 получателей, колено 1.",1,False,1,1,65250.0,5000.0,1,1,4,4.63787e-05,0.0,False,0.0,0,False,1,1,0,0.683674,0.082073,0.11379,0.18492,0.188523,0.114368,0.0,0.75,1.0,1.0,нет
100000001782980100,peripheral,0.6,30,0.322854,"Недостаточно признаков роли: 1 плательщиков, 1 получателей, колено 2.",2,False,1,1,50000.0,596200.0,1,3,1,0.0,0.0,False,0.0,0,False,1,1,0,0.430472,0.082073,0.100979,0.054048,0.079004,0.114368,0.0,0.75,1.0,1.0,нет
100000001784279100,terminal,0.62,1,0.298266,"Наблюдаемый конечный узел: вход от 1 клиентов (35,674 KZT), исходящих нет; колено 3<4.",3,False,1,0,35674.0,0.0,1,0,1,0.0,0.0,False,0.0,0,False,1,0,0,0.350901,0.082073,0.083897,0.054048,0.079004,0.051879,0.0,0.85,1.0,1.0,нет
100000001785161100,terminal,0.66,31,0.367007,"Наблюдаемый конечный узел: вход от 2 клиентов (30,000 KZT), исходящих нет; колено 3<4.",3,False,2,0,30000.0,0.0,2,0,1,0.0,0.0,False,0.0,0,False,1,0,0,0.431773,0.171308,0.075534,0.054048,0.079004,0.051879,0.0,0.85,1.0,1.0,нет
100000001788284100,peripheral,0.6,27,0.39606,"Недостаточно признаков роли: 1 плательщиков, 5 получателей, колено 3.",3,False,1,5,8000.0,296700.0,1,8,1,2.78272e-05,1.0,False,0.0,1,False,1,1,1,0.528081,0.082073,0.016281,0.054048,0.183585,0.142093,0.05,0.75,1.0,1.0,возвратный поток (1 цикл.)
100000001805543100,terminal,0.62,5,0.383341,"Наблюдаемый конечный узел: вход от 1 клиентов (59,000 KZT), исходящих нет; колено 1<4.",1,False,1,0,59000.0,0.0,1,0,2,0.0,0.0,False,0.0,0,False,1,0,0,0.45099,0.082073,0.109698,0.128336,0.079004,0.051879,0.0,0.85,1.0,1.0,нет
100000001808684100,peripheral,0.6,9,0.332751,"Недостаточно признаков роли: 1 плательщиков, 1 получателей, колено 3.",3,False,1,1,48400.0,37700.0,3,2,1,0.0,0.3333333333333333,False,0.0,1,False,1,1,1,0.443668,0.082073,0.097509,0.054048,0.079004,0.114368,0.016667,0.75,1.0,1.0,возвратный поток (1 цикл.)
100000001816678100,peripheral,0.55,4,0.237271,"Граница обхода: колено 4, вход от 1 клиентов; исходящие не выгружены. У похожих узлов колен 1–3 выход есть в 29% случаев.",4,False,1,0,60000.0,0.0,1,0,3,0.0,0.0,True,0.287,0,False,1,0,0,0.48671,0.082073,0.110365,0.16339,0.079004,0.051879,0.0,0.75,0.65,1.0,нет
100000001818442100,terminal,0.62,8,0.304089,"Наблюдаемый конечный узел: вход от 1 клиентов (42,215 KZT), исходящих нет; колено 3<4.",3,False,1,0,42215.0,0.0,1,0,1,0.0,0.0,False,0.0,0,False,1,0,0,0.357751,0.082073,0.090747,0.054048,0.079004,0.051879,0.0,0.85,1.0,1.0,нет
100000001819396100,terminal,0.62,28,0.355134,"Наблюдаемый конечный узел: вход от 1 клиентов (166,080 KZT), исходящих нет; колено 3<4.",3,False,1,0,166080.0,0.0,1,0,1,0.0,0.0,False,0.0,0,False,1,0,0,0.417805,0.082073,0.150801,0.054048,0.079004,0.051879,0.0,0.85,1.0,1.0,нет
100000001822623100,terminal,0.62,24,0.362394,"Наблюдаемый конечный узел: вход от 1 клиентов (201,300 KZT), исходящих нет; колено 2<4.",2,False,1,0,201300.0,0.0,1,0,1,0.0,0.0,False,0.0,0,False,1,0,0,0.426346,0.082073,0.159342,0.054048,0.079004,0.051879,0.0,0.85,1.0,1.0,нет
100000001822650100,peripheral,0.55,3,0.233151,"Граница обхода: колено 4, вход от 1 клиентов; исходящие не выгружены. У похожих узлов колен 1–3 выход есть в 29% случаев.",4,False,1,0,112000.0,0.0,1,0,2,0.0,0.0,True,0.287,0,False,1,0,0,0.478258,0.082073,0.136966,0.128336,0.079004,0.051879,0.0,0.75,0.65,1.0,нет
100000001825934100,peripheral,0.6,38,0.313379,"Недостаточно признаков роли: 1 плательщиков, 1 получателей, колено 3.",3,False,1,1,40000.0,97000.0,1,1,1,0.0,0.0,False,0.0,0,False,1,1,0,0.417838,0.082073,0.088345,0.054048,0.079004,0.114368,0.0,0.75,1.0,1.0,нет
100000001831496100,peripheral,0.6,12,0.355316,"Недостаточно признаков роли: 1 плательщиков, 1 получателей, колено 3.",3,False,1,1,25000.0,373000.0,1,1,1,1.546e-06,0.0,False,0.0,0,False,1,1,0,0.473754,0.082073,0.06508,0.054048,0.158185,0.114368,0.0,0.75,1.0,1.0,нет
100000001835625100,terminal,0.62,6,0.421153,"Наблюдаемый конечный узел: вход от 1 клиентов (75,130 KZT), исходящих нет; колено 3<4.",3,False,1,0,75130.0,0.0,1,0,3,0.0,0.0,False,0.0,0,False,1,0,0,0.495474,0.082073,0.119128,0.16339,0.079004,0.051879,0.0,0.85,1.0,1.0,нет
100000001837130100,terminal,0.62,1,0.35642,"Наблюдаемый конечный узел: вход от 1 клиентов (172,900 KZT), исходящих нет; колено 3<4.",3,False,1,0,172900.0,0.0,1,0,1,0.0,0.0,False,0.0,0,False,1,0,0,0.419317,0.082073,0.152313,0.054048,0.079004,0.051879,0.0,0.85,1.0,1.0,нет
100000001845505100,peripheral,0.55,7,0.191731,"Граница обхода: колено 4, вход от 1 клиентов; исходящие не выгружены. У похожих узлов колен 1–3 выход есть в 29% случаев.",4,False,1,0,20000.0,0.0,1,0,2,0.0,0.0,True,0.287,0,False,1,0,0,0.393294,0.082073,0.052002,0.128336,0.079004,0.051879,0.0,0.75,0.65,1.0,нет
100000001848426100,terminal,0.62,9,0.336682,"Наблюдаемый конечный узел: вход от 1 клиентов (95,530 KZT), исходящих нет; колено 2<4.",2,False,1,0,95530.0,0.0,1,0,1,0.0,0.0,False,0.0,0,False,1,0,0,0.396097,0.082073,0.129093,0.054048,0.079004,0.051879,0.0,0.85,1.0,1.0,нет
100000001851289100,terminal,0.62,5,0.40565,"Наблюдаемый конечный узел: вход от 1 клиентов (109,510 KZT), исходящих нет; колено 1<4.",1,False,1,0,109510.0,0.0,3,0,2,0.0,0.0,False,0.0,0,False,1,0,0,0.477235,0.082073,0.135943,0.128336,0.079004,0.051879,0.0,0.85,1.0,1.0,нет
100000001852140100,terminal,0.62,60,0.291157,"Наблюдаемый конечный узел: вход от 1 клиентов (30,000 KZT), исходящих нет; колено 3<4.",3,False,1,0,30000.0,0.0,1,0,1,0.0,0.0,False,0.0,0,False,1,0,0,0.342538,0.082073,0.075534,0.054048,0.079004,0.051879,0.0,0.85,1.0,1.0,нет
100000001853812100,terminal,0.62,7,0.325528,"Наблюдаемый конечный узел: вход от 1 клиентов (70,000 KZT), исходящих нет; колено 3<4.",3,False,1,0,70000.0,0.0,1,0,1,0.0,0.0,False,0.0,0,False,1,0,0,0.382974,0.082073,0.11597,0.054048,0.079004,0.051879,0.0,0.85,1.0,1.0,нет
100000001857829100,coordinator,0.78,7,0.945212,"Гипотеза координации: достижим из 3 seed, 6 плательщиков, мост 0.0009.",2,False,6,16,888535.0,2390993.0,9,16,3,0.0009409097,0.8888888888888888,False,0.0,6,False,3,3,1,0.945212,0.197553,0.194039,0.16339,0.198221,0.147565,0.044444,1.0,1.0,1.0,возвратный поток (6 цикл.); 3 плательщиков в один день
100000001860090100,terminal,0.62,9,0.232285,"Наблюдаемый конечный узел: вход от 1 клиентов (5,000 KZT), исходящих нет; колено 3<4.",3,False,1,0,5000.0,0.0,1,0,1,0.0,0.0,False,0.0,0,False,1,0,1,0.273276,0.082073,0.006272,0.054048,0.079004,0.051879,0.0,0.85,1.0,1.0,нет
100000001870116100,terminal,0.62,2,0.2797,"Наблюдаемый конечный узел: вход от 1 клиентов (24,000 KZT), исходящих нет; колено 1<4.",1,False,1,0,24000.0,0.0,1,0,1,0.0,0.0,False,0.0,0,False,1,0,0,0.329059,0.082073,0.062055,0.054048,0.079004,0.051879,0.0,0.85,1.0,1.0,нет
100000001872484100,peripheral,0.6,57,0.42352,"Недостаточно признаков роли: 1 плательщиков, 3 получателей, колено 1.",1,False,1,3,871400.0,514580.0,13,9,1,0.0,0.38461538461538464,False,0.0,2,True,1,1,1,0.564693,0.082073,0.193683,0.054048,0.079004,0.136655,0.019231,0.75,1.0,1.0,возвратный поток с seed (2 цикл.)
100000001875167100,terminal,0.62,6,0.485394,"Наблюдаемый конечный узел: вход от 1 клиентов (1,000,000 KZT), исходящих нет; колено 3<4.",3,False,1,0,1000000.0,0.0,2,0,3,0.0,0.0,False,0.0,0,False,1,0,0,0.571052,0.082073,0.194706,0.16339,0.079004,0.051879,0.0,0.85,1.0,1.0,нет
100000001875239100,terminal,0.7,3,0.590132,"Наблюдаемый конечный узел: вход от 3 клиентов (712,000 KZT), исходящих нет; колено 3<4.",3,False,3,0,712000.0,0.0,3,0,4,0.0,0.0,False,0.0,0,False,3,0,0,0.694273,0.187189,0.191281,0.18492,0.079004,0.051879,0.0,0.85,1.0,1.0,3 плательщиков в один день
100000001884825100,terminal,0.7,3,0.566462,"Наблюдаемый конечный узел: вход от 3 клиентов (495,000 KZT), исходящих нет; колено 3<4.",3,False,3,0,495000.0,0.0,3,0,3,0.0,0.0,False,0.0,0,False,2,0,0,0.666426,0.187189,0.184964,0.16339,0.079004,0.051879,0.0,0.85,1.0,1.0,нет
100000001887715100,peripheral,0.6,22,0.632762,"Недостаточно признаков роли: 3 плательщиков, 1 получателей, колено 3.",3,False,3,1,1331500.0,750000.0,4,1,2,9.2757e-06,1.0,False,0.0,0,False,3,1,0,0.843683,0.187189,0.196975,0.128336,0.166815,0.114368,0.05,0.75,1.0,1.0,3 плательщиков в один день
100000001893287100,peripheral,0.6,9,0.319684,"Недостаточно признаков роли: 1 плательщиков, 1 получателей, колено 3.",3,False,1,1,18000.0,152700.0,3,14,1,0.0,1.0,False,0.0,1,False,1,9,3,0.426246,0.082073,0.046753,0.054048,0.079004,0.114368,0.05,0.75,1.0,1.0,возвратный поток (1 цикл.); повтор одной суммы ×9; 3 входов у порога 5–10 тыс.
100000001899164100,peripheral,0.6,13,0.664257,"Недостаточно признаков роли: 4 плательщиков, 3 получателей, колено 1.",1,False,4,3,291675.0,76500.0,5,3,5,5.56545e-05,0.0,False,0.0,2,False,2,1,1,0.885676,0.193817,0.170907,0.194128,0.190169,0.136655,0.0,0.75,1.0,1.0,возвратный поток (2 цикл.)
100000001904863100,terminal,0.62,15,0.477643,"Наблюдаемый конечный узел: вход от 1 клиентов (500,000 KZT), исходящих нет; колено 2<4.",2,False,1,0,500000.0,0.0,1,0,3,0.0,0.0,False,0.0,0,False,1,0,0,0.561933,0.082073,0.185587,0.16339,0.079004,0.051879,0.0,0.85,1.0,1.0,нет
100000001924185100,terminal,0.66,12,0.551299,"Наблюдаемый конечный узел: вход от 2 клиентов (151,000 KZT), исходящих нет; колено 1<4.",1,False,2,0,151000.0,0.0,2,0,8,0.0,0.0,False,0.0,0,False,1,0,0,0.648588,0.171308,0.147687,0.19871,0.079004,0.051879,0.0,0.85,1.0,1.0,нет
100000001927599100,terminal,0.66,8,0.497834,"Наблюдаемый конечный узел: вход от 2 клиентов (188,000 KZT), исходящих нет; колено 3<4.",3,False,2,0,188000.0,0.0,2,0,2,0.0,0.0,False,0.0,0,False,2,0,0,0.585687,0.171308,0.15516,0.128336,0.079004,0.051879,0.0,0.85,1.0,1.0,нет
100000001929088100,terminal,0.66,11,0.518328,"Наблюдаемый конечный узел: вход от 2 клиентов (396,010 KZT), исходящих нет; колено 1<4.",1,False,2,0,396010.0,0.0,2,0,2,0.0,0.0,False,0.0,0,False,1,0,0,0.609798,0.171308,0.17927,0.128336,0.079004,0.051879,0.0,0.85,1.0,1.0,нет
100000001934935100,terminal,0.62,1,0.408146,"Наблюдаемый конечный узел: вход от 1 клиентов (118,935 KZT), исходящих нет; колено 3<4.",3,False,1,0,118935.0,0.0,1,0,2,0.0,0.0,False,0.0,0,False,1,0,0,0.480171,0.082073,0.138879,0.128336,0.079004,0.051879,0.0,0.85,1.0,1.0,нет
100000001937767100,peripheral,0.6,15,0.565286,"Недостаточно признаков роли: 1 плательщиков, 4 получателей, колено 1.",1,False,1,4,53000.0,1933000.0,1,6,5,2.62813e-05,1.0,False,0.0,1,True,1,2,0,0.753714,0.082073,0.105383,0.194128,0.18194,0.140191,0.05,0.75,1.0,1.0,возвратный поток с seed (1 цикл.)
100000001952325100,terminal,0.62,2,0.329498,"Наблюдаемый конечный узел: вход от 1 клиентов (77,888 KZT), исходящих нет; колено 1<4.",1,False,1,0,77888.0,0.0,2,0,1,0.0,0.0,False,0.0,0,False,1,0,0,0.387645,0.082073,0.120641,0.054048,0.079004,0.051879,0.0,0.85,1.0,1.0,нет
100000001953577100,terminal,0.62,2,0.26053,"Наблюдаемый конечный узел: вход от 1 клиентов (15,600 KZT), исходящих нет; колено 1<4.",1,False,1,0,15600.0,0.0,1,0,1,0.0,0.0,False,0.0,0,False,1,0,0,0.306506,0.082073,0.039502,0.054048,0.079004,0.051879,0.0,0.85,1.0,1.0,нет
100000001954534100,peripheral,0.6,1,0.336666,"Недостаточно признаков роли: 1 плательщиков, 1 получателей, колено 3.",3,False,1,1,13000.0,40000.0,1,1,1,9.2757e-06,0.0,False,0.0,0,False,1,1,0,0.448888,0.082073,0.031584,0.054048,0.166815,0.114368,0.0,0.75,1.0,1.0,нет
100000001954903100,terminal,0.62,12,0.287603,"Наблюдаемый конечный узел: вход от 1 клиентов (27,118 KZT), исходящих нет; колено 2<4.",2,False,1,0,27118.0,0.0,1,0,1,0.0,0.0,False,0.0,0,False,1,0,0,0.338356,0.082073,0.071352,0.054048,0.079004,0.051879,0.0,0.85,1.0,1.0,нет
100000001957974100,peripheral,0.55,15,0.220638,"Граница обхода: колено 4, вход от 1 клиентов; исходящие не выгружены. У похожих узлов колен 1–3 выход есть в 29% случаев.",4,False,1,0,500000.0,0.0,1,0,1,0.0,0.0,True,0.287,0,False,1,0,0,0.452591,0.082073,0.185587,0.054048,0.079004,0.051879,0.0,0.75,0.65,1.0,нет
100000001960517100,terminal,0.62,9,0.424745,"Наблюдаемый конечный узел: вход от 1 клиентов (200,000 KZT), исходящих нет; колено 1<4.",1,False,1,0,200000.0,0.0,1,0,2,0.0,0.0,False,0.0,0,False,1,0,0,0.4997,0.082073,0.158407,0.128336,0.079004,0.051879,0.0,0.85,1.0,1.0,нет
100000001961048100,terminal,0.62,31,0.444671,"Наблюдаемый конечный узел: вход от 1 клиентов (150,000 KZT), исходящих нет; колено 2<4.",2,False,1,0,150000.0,0.0,1,0,3,0.0,0.0,False,0.0,0,False,1,0,0,0.523143,0.082073,0.146797,0.16339,0.079004,0.051879,0.0,0.85,1.0,1.0,нет
100000001965374100,peripheral,0.6,25,0.488601,"Недостаточно признаков роли: 2 плательщиков, 3 получателей, колено 2.",2,False,2,3,1759720.0,3082100.0,8,5,1,0.0,0.25,False,0.0,1,False,2,1,0,0.651468,0.171308,0.197954,0.054048,0.079004,0.136655,0.0125,0.75,1.0,1.0,возвратный поток (1 цикл.)
100000001969496100,terminal,0.62,15,0.276486,"Наблюдаемый конечный узел: вход от 1 клиентов (22,740 KZT), исходящих нет; колено 3<4.",3,False,1,0,22740.0,0.0,1,0,1,0.0,0.0,False,0.0,0,False,1,0,0,0.325278,0.082073,0.058274,0.054048,0.079004,0.051879,0.0,0.85,1.0,1.0,нет
100000001985793100,terminal,0.62,9,0.380468,"Наблюдаемый конечный узел: вход от 1 клиентов (420,000 KZT), исходящих нет; колено 2<4.",2,False,1,0,420000.0,0.0,1,0,1,0.0,0.0,False,0.0,0,False,1,0,0,0.447609,0.082073,0.180605,0.054048,0.079004,0.051879,0.0,0.85,1.0,1.0,нет
100000001987030100,peripheral,0.6,16,0.532874,"Недостаточно признаков роли: 2 плательщиков, 1 получателей, колено 1.",1,False,2,1,30864.0,19000.0,2,1,3,2.78272e-05,0.0,False,0.0,0,False,1,1,1,0.710498,0.171308,0.077847,0.16339,0.183585,0.114368,0.0,0.75,1.0,1.0,нет
100000001991973100,peripheral,0.55,19,0.157098,"Граница обхода: колено 4, вход от 1 клиентов; исходящие не выгружены. У похожих узлов колен 1–3 выход есть в 29% случаев.",4,False,1,0,20800.0,0.0,1,0,1,0.0,0.0,True,0.287,0,False,1,0,0,0.322253,0.082073,0.055249,0.054048,0.079004,0.051879,0.0,0.75,0.65,1.0,нет
100000002015633100,terminal,0.62,6,0.42932,"Наблюдаемый конечный узел: вход от 1 клиентов (94,970 KZT), исходящих нет; колено 3<4.",3,False,1,0,94970.0,0.0,1,0,3,0.0,0.0,False,0.0,0,False,1,0,0,0.505082,0.082073,0.128737,0.16339,0.079004,0.051879,0.0,0.85,1.0,1.0,нет
100000002028158100,terminal,0.62,16,0.389845,"Наблюдаемый конечный узел: вход от 1 клиентов (34,800 KZT), исходящих нет; колено 2<4.",2,False,1,0,34800.0,0.0,1,0,3,0.0,0.0,False,0.0,0,False,1,0,0,0.458641,0.082073,0.082295,0.16339,0.079004,0.051879,0.0,0.85,1.0,1.0,нет
100000002032323100,peripheral,0.6,3,0.479393,"Недостаточно признаков роли: 1 плательщиков, 1 получателей, колено 3.",3,False,1,1,300000.0,1050000.0,1,2,1,9.2757e-06,1.0,False,0.0,0,False,1,1,0,0.63919,0.082073,0.171886,0.054048,0.166815,0.114368,0.05,0.75,1.0,1.0,нет
100000002087788100,terminal,0.62,6,0.433252,"Наблюдаемый конечный узел: вход от 1 клиентов (100,500 KZT), исходящих нет; колено 2<4.",2,False,1,0,100500.0,0.0,1,0,3,0.0,0.0,False,0.0,0,False,1,0,0,0.509709,0.082073,0.133363,0.16339,0.079004,0.051879,0.0,0.85,1.0,1.0,нет
100000002095257100,terminal,0.62,13,0.304769,"Наблюдаемый конечный узел: вход от 1 клиентов (8,500 KZT), исходящих нет; колено 3<4.",3,False,1,0,8500.0,0.0,1,0,2,0.0,0.0,False,0.0,0,False,1,0,1,0.358552,0.082073,0.01726,0.128336,0.079004,0.051879,0.0,0.85,1.0,1.0,нет
100000002103448100,terminal,0.62,2,0.287149,"Наблюдаемый конечный узел: вход от 1 клиентов (27,000 KZT), исходящих нет; колено 3<4.",3,False,1,0,27000.0,0.0,1,0,1,0.0,0.0,False,0.0,0,False,1,0,0,0.337823,0.082073,0.070819,0.054048,0.079004,0.051879,0.0,0.85,1.0,1.0,нет
100000002109656100,terminal,0.62,10,0.447848,"Наблюдаемый конечный узел: вход от 1 клиентов (500,000 KZT), исходящих нет; колено 3<4.",3,False,1,0,500000.0,0.0,1,0,2,0.0,0.0,False,0.0,0,False,1,0,0,0.526879,0.082073,0.185587,0.128336,0.079004,0.051879,0.0,0.85,1.0,1.0,нет
100000002116705100,terminal,0.62,2,0.265521,"Наблюдаемый конечный узел: вход от 1 клиентов (17,600 KZT), исходящих нет; колено 3<4.",3,False,1,0,17600.0,0.0,1,0,1,0.0,0.0,False,0.0,0,False,1,0,0,0.312378,0.082073,0.045374,0.054048,0.079004,0.051879,0.0,0.85,1.0,1.0,нет
100000002119762100,peripheral,0.55,6,0.242194,"Граница обхода: колено 4, вход от 1 клиентов; исходящие не выгружены. У похожих узлов колен 1–3 выход есть в 29% случаев.",4,False,1,0,77000.0,0.0,6,0,3,0.0,0.0,True,0.287,0,False,1,0,3,0.496808,0.082073,0.120463,0.16339,0.079004,0.051879,0.0,0.75,0.65,1.0,3 входов у порога 5–10 тыс.
100000002121357100,peripheral,0.6,3,0.587155,"Недостаточно признаков роли: 2 плательщиков, 1 получателей, колено 3.",3,False,2,1,255300.0,113000.0,2,1,3,9.2757e-06,0.0,False,0.0,0,False,1,1,0,0.782874,0.171308,0.166993,0.16339,0.166815,0.114368,0.0,0.75,1.0,1.0,нет
100000002126791100,peripheral,0.55,3,0.262319,"Граница обхода: колено 4, вход от 1 клиентов; исходящие не выгружены. У похожих узлов колен 1–3 выход есть в 29% случаев.",4,False,1,0,1313000.0,0.0,3,0,2,0.0,0.0,True,0.287,0,False,1,0,0,0.538089,0.082073,0.196797,0.128336,0.079004,0.051879,0.0,0.75,0.65,1.0,нет
100000002130400100,peripheral,0.55,38,0.141354,"Граница обхода: колено 4, вход от 1 клиентов; исходящие не выгружены. У похожих узлов колен 1–3 выход есть в 29% случаев.",4,False,1,0,10000.0,0.0,1,0,1,0.0,0.0,True,0.287,0,False,1,0,0,0.289958,0.082073,0.022954,0.054048,0.079004,0.051879,0.0,0.75,0.65,1.0,нет
100000002132479100,peripheral,0.6,15,0.385776,"Недостаточно признаков роли: 1 плательщиков, 1 получателей, колено 2.",2,False,1,1,30000.0,20000.0,2,1,3,0.0,0.0,False,0.0,1,False,1,1,0,0.514368,0.082073,0.075534,0.16339,0.079004,0.114368,0.0,0.75,1.0,1.0,возвратный поток (1 цикл.)
100000002152857100,peripheral,0.6,9,0.40637,"Недостаточно признаков роли: 1 плательщиков, 5 получателей, колено 1.",1,False,1,5,105000.0,1230000.0,1,6,1,0.0,1.0,False,0.0,0,False,1,1,0,0.541826,0.082073,0.134609,0.054048,0.079004,0.142093,0.05,0.75,1.0,1.0,нет
100000002156381100,peripheral,0.6,34,0.579467,"Недостаточно признаков роли: 2 плательщиков, 1 получателей, колено 2.",2,False,2,1,61000.0,21800.0,7,3,4,2.78272e-05,0.14285714285714285,False,0.0,1,False,2,1,4,0.772623,0.171308,0.111299,0.18492,0.183585,0.114368,0.007143,0.75,1.0,1.0,возвратный поток (1 цикл.); 4 входов у порога 5–10 тыс.
100000002158488100,terminal,0.62,2,0.294258,"Наблюдаемый конечный узел: вход от 1 клиентов (31,723 KZT), исходящих нет; колено 1<4.",1,False,1,0,31723.0,0.0,1,0,1,0.0,0.0,False,0.0,0,False,1,0,0,0.346185,0.082073,0.079181,0.054048,0.079004,0.051879,0.0,0.85,1.0,1.0,нет
100000002170580100,terminal,0.62,12,0.351731,"Наблюдаемый конечный узел: вход от 1 клиентов (150,000 KZT), исходящих нет; колено 2<4.",2,False,1,0,150000.0,0.0,1,0,1,0.0,0.0,False,0.0,0,False,1,0,0,0.413801,0.082073,0.146797,0.054048,0.079004,0.051879,0.0,0.85,1.0,1.0,нет
100000002173070100,terminal,0.62,5,0.402398,"Наблюдаемый конечный узел: вход от 1 клиентов (30,000 KZT), исходящих нет; колено 2<4.",2,False,1,0,30000.0,0.0,1,0,4,0.0,0.0,False,0.0,0,False,1,0,0,0.47341,0.082073,0.075534,0.18492,0.079004,0.051879,0.0,0.85,1.0,1.0,нет
100000002173161100,terminal,0.7,5,0.576822,"Наблюдаемый конечный узел: вход от 3 клиентов (1,427,500 KZT), исходящих нет; колено 1<4.",1,False,3,0,1427500.0,0.0,5,0,3,0.0,0.0,False,0.0,0,False,2,0,0,0.678614,0.187189,0.197153,0.16339,0.079004,0.051879,0.0,0.85,1.0,1.0,нет
100000002175422100,peripheral,0.6,32,0.611902,"Недостаточно признаков роли: 3 плательщиков, 6 получателей, колено 2.",2,False,3,6,68500.0,1621188.0,5,14,2,7.49871e-05,1.0,False,0.0,3,False,2,4,1,0.81587,0.187189,0.114769,0.128336,0.192082,0.143494,0.05,0.75,1.0,1.0,возвратный поток (3 цикл.); повтор одной суммы ×4
100000002182176100,terminal,0.62,1,0.30424,"Наблюдаемый конечный узел: вход от 1 клиентов (42,465 KZT), исходящих нет; колено 1<4.",1,False,1,0,42465.0,0.0,1,0,1,0.0,0.0,False,0.0,0,False,1,0,0,0.357929,0.082073,0.090925,0.054048,0.079004,0.051879,0.0,0.85,1.0,1.0,нет
100000002184107100,terminal,0.62,36,0.237427,"Наблюдаемый конечный узел: вход от 1 клиентов (6,066 KZT), исходящих нет; колено 3<4.",3,False,1,0,6066.0,0.0,1,0,1,0.0,0.0,False,0.0,0,False,1,0,1,0.279326,0.082073,0.012322,0.054048,0.079004,0.051879,0.0,0.85,1.0,1.0,нет
100000002185328100,peripheral,0.6,23,0.372481,"Недостаточно признаков роли: 1 плательщиков, 4 получателей, колено 3.",3,False,1,4,15000.0,55000.0,1,4,1,2.78272e-05,0.0,False,0.0,0,False,1,2,0,0.496641,0.082073,0.036744,0.054048,0.183585,0.140191,0.0,0.75,1.0,1.0,нет
100000002188586100,peripheral,0.55,8,0.208451,"Граница обхода: колено 4, вход от 1 клиентов; исходящие не выгружены. У похожих узлов колен 1–3 выход есть в 29% случаев.",4,False,1,0,38310.0,0.0,1,0,2,0.0,0.0,True,0.287,0,False,1,0,0,0.427591,0.082073,0.086299,0.128336,0.079004,0.051879,0.0,0.75,0.65,1.0,нет
100000002188829100,terminal,0.62,4,0.490839,"Наблюдаемый конечный узел: вход от 1 клиентов (400,000 KZT), исходящих нет; колено 1<4.",1,False,1,0,400000.0,0.0,1,0,4,0.0,0.0,False,0.0,0,False,1,0,0,0.577458,0.082073,0.179582,0.18492,0.079004,0.051879,0.0,0.85,1.0,1.0,нет
100000002193259100,peripheral,0.6,13,0.598966,"Недостаточно признаков роли: 2 плательщиков, 3 получателей, колено 2.",2,False,2,3,48000.0,58000.0,2,3,4,2.78272e-05,0.5,False,0.0,2,False,1,1,1,0.798621,0.171308,0.097153,0.18492,0.183585,0.136655,0.025,0.75,1.0,1.0,возвратный поток (2 цикл.)
100000002194320100,peripheral,0.55,59,0.212506,"Граница обхода: колено 4, вход от 1 клиентов; исходящие не выгружены. У похожих узлов колен 1–3 выход есть в 29% случаев.",4,False,1,0,275000.0,0.0,1,0,1,0.0,0.0,True,0.287,0,False,1,0,0,0.43591,0.082073,0.168906,0.054048,0.079004,0.051879,0.0,0.75,0.65,1.0,нет
100000002194329100,terminal,0.62,1,0.34674,"Наблюдаемый конечный узел: вход от 1 клиентов (25,170 KZT), исходящих нет; колено 3<4.",3,False,1,0,25170.0,0.0,1,0,2,0.0,0.0,False,0.0,0,False,1,0,0,0.407929,0.082073,0.066637,0.128336,0.079004,0.051879,0.0,0.85,1.0,1.0,нет
100000002199091100,terminal,0.62,2,0.323335,"Наблюдаемый конечный узел: вход от 1 клиентов (65,000 KZT), исходящих нет; колено 2<4.",2,False,1,0,65000.0,0.0,1,0,1,0.0,0.0,False,0.0,0,False,1,0,0,0.380394,0.082073,0.11339,0.054048,0.079004,0.051879,0.0,0.85,1.0,1.0,нет
100000002205022100,peripheral,0.6,56,0.485465,"Недостаточно признаков роли: 1 плательщиков, 3 получателей, колено 2.",2,False,1,3,7100.0,518000.0,1,3,4,1.85515e-05,1.0,False,0.0,0,False,1,1,1,0.647286,0.082073,0.014858,0.18492,0.178781,0.136655,0.05,0.75,1.0,1.0,нет
100000002208836100,peripheral,0.55,6,0.244861,"Граница обхода: колено 4, вход от 1 клиентов; исходящие не выгружены. У похожих узлов колен 1–3 выход есть в 29% случаев.",4,False,1,0,90000.0,0.0,1,0,3,0.0,0.0,True,0.287,0,False,1,0,0,0.50228,0.082073,0.125934,0.16339,0.079004,0.051879,0.0,0.75,0.65,1.0,нет
100000002211413100,terminal,0.62,2,0.299211,"Наблюдаемый конечный узел: вход от 1 клиентов (37,000 KZT), исходящих нет; колено 1<4.",1,False,1,0,37000.0,0.0,1,0,1,0.0,0.0,False,0.0,0,False,1,0,0,0.352013,0.082073,0.085009,0.054048,0.079004,0.051879,0.0,0.85,1.0,1.0,нет
100000002212494100,terminal,0.62,32,0.353848,"Наблюдаемый конечный узел: вход от 1 клиентов (160,000 KZT), исходящих нет; колено 3<4.",3,False,1,0,160000.0,0.0,1,0,1,0.0,0.0,False,0.0,0,False,1,0,0,0.416292,0.082073,0.149288,0.054048,0.079004,0.051879,0.0,0.85,1.0,1.0,нет
100000002214207100,peripheral,0.55,38,0.193292,"Граница обхода: колено 4, вход от 1 клиентов; исходящие не выгружены. У похожих узлов колен 1–3 выход есть в 29% случаев.",4,False,1,0,97000.0,0.0,1,0,1,0.0,0.0,True,0.287,0,False,1,0,0,0.396497,0.082073,0.129493,0.054048,0.079004,0.051879,0.0,0.75,0.65,1.0,нет
100000002214301100,peripheral,0.6,1,0.37163,"Недостаточно признаков роли: 1 плательщиков, 1 получателей, колено 1.",1,False,1,1,21438.0,8000.0,1,1,1,4.63787e-05,0.0,False,0.0,0,False,1,1,0,0.495507,0.082073,0.056495,0.054048,0.188523,0.114368,0.0,0.75,1.0,1.0,нет
100000002214383100,peripheral,0.55,2,0.208407,"Граница обхода: колено 4, вход от 1 клиентов; исходящие не выгружены. У похожих узлов колен 1–3 выход есть в 29% случаев.",4,False,1,0,213000.0,0.0,1,0,1,0.0,0.0,True,0.287,0,False,1,0,0,0.427502,0.082073,0.160498,0.054048,0.079004,0.051879,0.0,0.75,0.65,1.0,нет
100000002214570100,terminal,0.62,2,0.286469,"Наблюдаемый конечный узел: вход от 1 клиентов (26,471 KZT), исходящих нет; колено 1<4.",1,False,1,0,26471.0,0.0,1,0,1,0.0,0.0,False,0.0,0,False,1,0,0,0.337022,0.082073,0.070018,0.054048,0.079004,0.051879,0.0,0.85,1.0,1.0,нет
100000002214664100,peripheral,0.6,2,0.29643,"Недостаточно признаков роли: 1 плательщиков, 1 получателей, колено 3.",3,False,1,1,7950.0,76950.0,1,2,1,0.0,1.0,False,0.0,0,False,1,1,1,0.39524,0.082073,0.015747,0.054048,0.079004,0.114368,0.05,0.75,1.0,1.0,нет
100000002216999100,terminal,0.62,2,0.278755,"Наблюдаемый конечный узел: вход от 1 клиентов (23,677 KZT), исходящих нет; колено 3<4.",3,False,1,0,23677.0,0.0,1,0,1,0.0,0.0,False,0.0,0,False,1,0,0,0.327947,0.082073,0.060943,0.054048,0.079004,0.051879,0.0,0.85,1.0,1.0,нет
100000002217161100,peripheral,0.6,36,0.639461,"Недостаточно признаков роли: 2 плательщиков, 7 получателей, колено 2.",2,False,2,7,404750.0,995132.0,15,19,2,7.4206e-05,0.7333333333333333,False,0.0,1,False,1,2,3,0.852614,0.171308,0.179893,0.128336,0.191948,0.144462,0.036667,0.75,1.0,1.0,возвратный поток (1 цикл.)
100000002217806100,peripheral,0.55,39,0.182558,"Граница обхода: колено 4, вход от 1 клиентов; исходящие не выгружены. У похожих узлов колен 1–3 выход есть в 29% случаев.",4,False,1,0,55000.0,0.0,2,0,1,0.0,0.0,True,0.287,0,False,1,0,1,0.374477,0.082073,0.107473,0.054048,0.079004,0.051879,0.0,0.75,0.65,1.0,нет
100000002224132100,peripheral,0.6,25,0.587779,"Недостаточно признаков роли: 5 плательщиков, 4 получателей, колено 2.",2,False,5,4,3951020.0,12115000.0,10,25,2,0.0,0.8,False,0.0,8,False,2,7,0,0.783706,0.196263,0.199911,0.128336,0.079004,0.140191,0.04,0.75,1.0,1.0,возвратный поток (8 цикл.); повтор одной суммы ×7
100000002227960100,peripheral,0.55,23,0.141354,"Граница обхода: колено 4, вход от 1 клиентов; исходящие не выгружены. У похожих узлов колен 1–3 выход есть в 29% случаев.",4,False,1,0,10000.0,0.0,1,0,1,0.0,0.0,True,0.287,0,False,1,0,0,0.289958,0.082073,0.022954,0.054048,0.079004,0.051879,0.0,0.75,0.65,1.0,нет
100000002227989100,peripheral,0.55,23,0.155515,"Граница обхода: колено 4, вход от 1 клиентов; исходящие не выгружены. У похожих узлов колен 1–3 выход есть в 29% случаев.",4,False,1,0,20000.0,0.0,1,0,1,0.0,0.0,True,0.287,0,False,1,0,0,0.319006,0.082073,0.052002,0.054048,0.079004,0.051879,0.0,0.75,0.65,1.0,нет
100000002229615100,peripheral,0.55,23,0.198107,"Граница обхода: колено 4, вход от 1 клиентов; исходящие не выгружены. У похожих узлов колен 1–3 выход есть в 29% случаев.",4,False,1,0,25000.0,0.0,1,0,2,0.0,0.0,True,0.287,0,False,1,0,0,0.406372,0.082073,0.06508,0.128336,0.079004,0.051879,0.0,0.75,0.65,1.0,нет
100000002231144100,peripheral,0.55,23,0.148077,"Граница обхода: колено 4, вход от 1 клиентов; исходящие не выгружены. У похожих узлов колен 1–3 выход есть в 29% случаев.",4,False,1,0,15000.0,0.0,1,0,1,0.0,0.0,True,0.287,0,False,1,0,0,0.303748,0.082073,0.036744,0.054048,0.079004,0.051879,0.0,0.75,0.65,1.0,нет
100000002232266100,terminal,0.62,7,0.306244,"Наблюдаемый конечный узел: вход от 1 клиентов (45,000 KZT), исходящих нет; колено 3<4.",3,False,1,0,45000.0,0.0,1,0,1,0.0,0.0,False,0.0,0,False,1,0,0,0.360287,0.082073,0.093283,0.054048,0.079004,0.051879,0.0,0.85,1.0,1.0,нет
100000002236528100,terminal,0.62,11,0.323826,"Наблюдаемый конечный узел: вход от 1 клиентов (66,000 KZT), исходящих нет; колено 3<4.",3,False,1,0,66000.0,0.0,1,0,1,0.0,0.0,False,0.0,0,False,1,0,0,0.380972,0.082073,0.113968,0.054048,0.079004,0.051879,0.0,0.85,1.0,1.0,нет
100000002241986100,peripheral,0.6,40,0.561524,"Недостаточно признаков роли: 1 плательщиков, 6 получателей, колено 3.",3,False,1,6,280000.0,3077000.0,1,12,3,5.56545e-05,0.0,False,0.0,0,False,1,3,0,0.748699,0.082073,0.169573,0.16339,0.190169,0.143494,0.0,0.75,1.0,1.0,нет
100000002242066100,peripheral,0.55,36,0.183967,"Граница обхода: колено 4, вход от 1 клиентов; исходящие не выгружены. У похожих узлов колен 1–3 выход есть в 29% случаев.",4,False,1,0,60000.0,0.0,1,0,1,0.0,0.0,True,0.287,0,False,1,0,0,0.377369,0.082073,0.110365,0.054048,0.079004,0.051879,0.0,0.75,0.65,1.0,нет
100000002242455100,peripheral,0.55,6,0.249936,"Граница обхода: колено 4, вход от 1 клиентов; исходящие не выгружены. У похожих узлов колен 1–3 выход есть в 29% случаев.",4,False,1,0,110000.0,0.0,1,0,3,0.0,0.0,True,0.287,0,False,1,0,0,0.512689,0.082073,0.136343,0.16339,0.079004,0.051879,0.0,0.75,0.65,1.0,нет
100000002243354100,terminal,0.62,2,0.273991,"Наблюдаемый конечный узел: вход от 1 клиентов (20,879 KZT), исходящих нет; колено 1<4.",1,False,1,0,20879.0,0.0,1,0,1,0.0,0.0,False,0.0,0,False,1,0,0,0.322342,0.082073,0.055338,0.054048,0.079004,0.051879,0.0,0.85,1.0,1.0,нет
100000002255058100,terminal,0.62,4,0.383946,"Наблюдаемый конечный узел: вход от 1 клиентов (491,500 KZT), исходящих нет; колено 3<4.",3,False,1,0,491500.0,0.0,2,0,1,0.0,0.0,False,0.0,0,False,1,0,1,0.451702,0.082073,0.184698,0.054048,0.079004,0.051879,0.0,0.85,1.0,1.0,нет
100000002257794100,terminal,0.62,26,0.353017,"Наблюдаемый конечный узел: вход от 1 клиентов (154,000 KZT), исходящих нет; колено 3<4.",3,False,1,0,154000.0,0.0,1,0,1,0.0,0.0,False,0.0,0,False,1,0,0,0.415314,0.082073,0.14831,0.054048,0.079004,0.051879,0.0,0.85,1.0,1.0,нет
100000002258492100,peripheral,0.55,20,0.139056,"Граница обхода: колено 4, вход от 1 клиентов; исходящие не выгружены. У похожих узлов колен 1–3 выход есть в 29% случаев.",4,False,1,0,9000.0,0.0,1,0,1,0.0,0.0,True,0.287,0,False,1,0,1,0.285242,0.082073,0.018238,0.054048,0.079004,0.051879,0.0,0.75,0.65,1.0,нет
100000002267998100,peripheral,0.6,24,0.620385,"Недостаточно признаков роли: 2 плательщиков, 3 получателей, колено 2.",2,False,2,3,420000.0,1115000.0,4,12,2,2.81202e-05,0.5,False,0.0,4,False,1,4,0,0.82718,0.171308,0.180605,0.128336,0.185276,0.136655,0.025,0.75,1.0,1.0,возвратный поток (4 цикл.); повтор одной суммы ×4
100000002284426100,terminal,0.62,6,0.426938,"Наблюдаемый конечный узел: вход от 1 клиентов (90,000 KZT), исходящих нет; колено 3<4.",3,False,1,0,90000.0,0.0,2,0,3,0.0,0.0,False,0.0,0,False,1,0,0,0.50228,0.082073,0.125934,0.16339,0.079004,0.051879,0.0,0.85,1.0,1.0,нет
100000002289937100,terminal,0.62,2,0.271155,"Наблюдаемый конечный узел: вход от 1 клиентов (20,000 KZT), исходящих нет; колено 1<4.",1,False,1,0,20000.0,0.0,1,0,1,0.0,0.0,False,0.0,0,False,1,0,0,0.319006,0.082073,0.052002,0.054048,0.079004,0.051879,0.0,0.85,1.0,1.0,нет
100000002293421100,transit,0.6902,1,0.604854,"Признаки транзита: отдал 115% видимого входа; 2→2 связей, быстрый выход 50%.",2,False,2,2,41000.0,47000.0,6,5,1,9.2757e-06,0.5,False,0.0,2,False,1,2,4,0.636688,0.171308,0.089902,0.054048,0.166815,0.129615,0.025,0.95,1.0,1.0,возвратный поток (2 цикл.); 4 входов у порога 5–10 тыс.
100000002299948100,terminal,0.62,33,0.238183,"Наблюдаемый конечный узел: вход от 1 клиентов (6,750 KZT), исходящих нет; колено 2<4.",2,False,1,0,6750.0,0.0,1,0,1,0.0,0.0,False,0.0,0,False,1,0,1,0.280216,0.082073,0.013212,0.054048,0.079004,0.051879,0.0,0.85,1.0,1.0,нет
100000002301828100,terminal,0.62,17,0.308248,"Наблюдаемый конечный узел: вход от 1 клиентов (46,977 KZT), исходящих нет; колено 3<4.",3,False,1,0,46977.0,0.0,1,0,1,0.0,0.0,False,0.0,0,False,1,0,0,0.362645,0.082073,0.095641,0.054048,0.079004,0.051879,0.0,0.85,1.0,1.0,нет
100000002304943100,peripheral,0.55,23,0.148077,"Граница обхода: колено 4, вход от 1 клиентов; исходящие не выгружены. У похожих узлов колен 1–3 выход есть в 29% случаев.",4,False,1,0,15000.0,0.0,1,0,1,0.0,0.0,True,0.287,0,False,1,0,0,0.303748,0.082073,0.036744,0.054048,0.079004,0.051879,0.0,0.75,0.65,1.0,нет
100000002305007100,terminal,0.62,2,0.319138,"Наблюдаемый конечный узел: вход от 1 клиентов (56,000 KZT), исходящих нет; колено 3<4.",3,False,1,0,56000.0,0.0,1,0,1,0.0,0.0,False,0.0,0,False,1,0,0,0.375456,0.082073,0.108452,0.054048,0.079004,0.051879,0.0,0.85,1.0,1.0,нет
100000002305477100,peripheral,0.55,23,0.155515,"Граница обхода: колено 4, вход от 1 клиентов; исходящие не выгружены. У похожих узлов колен 1–3 выход есть в 29% случаев.",4,False,1,0,20000.0,0.0,1,0,1,0.0,0.0,True,0.287,0,False,1,0,0,0.319006,0.082073,0.052002,0.054048,0.079004,0.051879,0.0,0.75,0.65,1.0,нет
100000002306369100,peripheral,0.6,4,0.434111,"Недостаточно признаков роли: 1 плательщиков, 6 получателей, колено 1.",1,False,1,6,73166.0,260900.0,1,9,1,1.97121e-05,0.0,False,0.0,7,True,1,3,0,0.578815,0.082073,0.117972,0.054048,0.181228,0.143494,0.0,0.75,1.0,1.0,возвратный поток с seed (7 цикл.)
100000002308091100,terminal,0.62,10,0.358537,"Наблюдаемый конечный узел: вход от 1 клиентов (186,720 KZT), исходящих нет; колено 3<4.",3,False,1,0,186720.0,0.0,1,0,1,0.0,0.0,False,0.0,0,False,1,0,0,0.421808,0.082073,0.154804,0.054048,0.079004,0.051879,0.0,0.85,1.0,1.0,нет
100000002320495100,peripheral,0.55,17,0.146125,"Граница обхода: колено 4, вход от 1 клиентов; исходящие не выгружены. У похожих узлов колен 1–3 выход есть в 29% случаев.",4,False,1,0,13526.27,0.0,1,0,1,0.0,0.0,True,0.287,0,False,1,0,0,0.299744,0.082073,0.03274,0.054048,0.079004,0.051879,0.0,0.75,0.65,1.0,нет
100000002324543100,terminal,0.62,3,0.292745,"Наблюдаемый конечный узел: вход от 1 клиентов (30,202 KZT), исходящих нет; колено 1<4.",1,False,1,0,30202.0,0.0,1,0,1,0.0,0.0,False,0.0,0,False,1,0,0,0.344406,0.082073,0.077402,0.054048,0.079004,0.051879,0.0,0.85,1.0,1.0,нет
100000002335358100,terminal,0.62,5,0.349349,"Наблюдаемый конечный узел: вход от 1 клиентов (140,000 KZT), исходящих нет; колено 2<4.",2,False,1,0,140000.0,0.0,2,0,1,0.0,0.0,False,0.0,0,False,1,0,0,0.410999,0.082073,0.143995,0.054048,0.079004,0.051879,0.0,0.85,1.0,1.0,нет
100000002340562100,terminal,0.62,11,0.298946,"Наблюдаемый конечный узел: вход от 1 клиентов (36,650 KZT), исходящих нет; колено 2<4.",2,False,1,0,36650.0,0.0,2,0,1,0.0,0.0,False,0.0,0,False,1,0,0,0.351702,0.082073,0.084698,0.054048,0.079004,0.051879,0.0,0.85,1.0,1.0,нет
100000002343825100,peripheral,0.6,3,0.644798,"Недостаточно признаков роли: 3 плательщиков, 2 получателей, колено 3.",3,False,3,2,350000.0,89800.0,4,2,3,1.85515e-05,0.5,False,0.0,0,False,2,1,0,0.859731,0.187189,0.175756,0.16339,0.178781,0.129615,0.025,0.75,1.0,1.0,нет
100000002346166100,terminal,0.62,2,0.236898,"Наблюдаемый конечный узел: вход от 1 клиентов (6,000 KZT), исходящих нет; колено 3<4.",3,False,1,0,6000.0,0.0,1,0,1,0.0,0.0,False,0.0,0,False,1,0,1,0.278703,0.082073,0.011699,0.054048,0.079004,0.051879,0.0,0.85,1.0,1.0,нет
100000002356167100,peripheral,0.6,6,0.581809,"Недостаточно признаков роли: 1 плательщиков, 2 получателей, колено 3.",3,False,1,2,300000.0,29500.0,1,3,3,1.85515e-05,1.0,False,0.0,0,False,1,1,0,0.775745,0.082073,0.171886,0.16339,0.178781,0.129615,0.05,0.75,1.0,1.0,нет
100000002369443100,terminal,0.62,2,0.312785,"Наблюдаемый конечный узел: вход от 1 клиентов (50,000 KZT), исходящих нет; колено 3<4.",3,False,1,0,50000.0,0.0,1,0,1,0.0,0.0,False,0.0,0,False,1,0,0,0.367983,0.082073,0.100979,0.054048,0.079004,0.051879,0.0,0.85,1.0,1.0,нет
100000002369454100,peripheral,0.55,7,0.161891,"Граница обхода: колено 4, вход от 1 клиентов; исходящие не выгружены. У похожих узлов колен 1–3 выход есть в 29% случаев.",4,False,1,0,25000.0,0.0,1,0,1,0.0,0.0,True,0.287,0,False,1,0,0,0.332084,0.082073,0.06508,0.054048,0.079004,0.051879,0.0,0.75,0.65,1.0,нет
100000002369510100,terminal,0.62,2,0.299438,"Наблюдаемый конечный узел: вход от 1 клиентов (37,150 KZT), исходящих нет; колено 3<4.",3,False,1,0,37150.0,0.0,1,0,1,0.0,0.0,False,0.0,0,False,1,0,0,0.35228,0.082073,0.085276,0.054048,0.079004,0.051879,0.0,0.85,1.0,1.0,нет
100000002369874100,consolidator,0.65,3,0.699077,"Признаки консолидации: 4 плательщиков, 0 получателей, входящий поток 600,000 KZT.",3,False,4,0,600000.0,0.0,4,0,4,0.0,0.0,False,0.0,0,False,4,0,0,0.699077,0.193817,0.189457,0.18492,0.079004,0.051879,0.0,1.0,1.0,1.0,4 плательщиков в один день
100000002371751100,peripheral,0.6,62,0.395925,"Недостаточно признаков роли: 1 плательщиков, 1 получателей, колено 1.",1,False,1,1,200000.0,250000.0,5,1,1,0.0,0.8,False,0.0,0,False,1,1,0,0.5279,0.082073,0.158407,0.054048,0.079004,0.114368,0.04,0.75,1.0,1.0,нет
100000002371892100,peripheral,0.55,63,0.174837,"Граница обхода: колено 4, вход от 1 клиентов; исходящие не выгружены. У похожих узлов колен 1–3 выход есть в 29% случаев.",4,False,1,0,43830.0,0.0,1,0,1,0.0,0.0,True,0.287,0,False,1,0,0,0.358641,0.082073,0.091637,0.054048,0.079004,0.051879,0.0,0.75,0.65,1.0,нет
100000002373144100,peripheral,0.6,1,0.384242,"Недостаточно признаков роли: 1 плательщиков, 1 получателей, колено 3.",3,False,1,1,46468.0,10764.0,1,1,1,9.2757e-06,0.0,False,0.0,0,False,1,1,0,0.512322,0.082073,0.095018,0.054048,0.166815,0.114368,0.0,0.75,1.0,1.0,нет
100000002373386100,terminal,0.62,2,0.2797,"Наблюдаемый конечный узел: вход от 1 клиентов (24,000 KZT), исходящих нет; колено 3<4.",3,False,1,0,24000.0,0.0,1,0,1,0.0,0.0,False,0.0,0,False,1,0,0,0.329059,0.082073,0.062055,0.054048,0.079004,0.051879,0.0,0.85,1.0,1.0,нет
100000002380341100,terminal,0.62,1,0.319667,"Наблюдаемый конечный узел: вход от 1 клиентов (57,566 KZT), исходящих нет; колено 3<4.",3,False,1,0,57566.4,0.0,1,0,1,0.0,0.0,False,0.0,0,False,1,0,0,0.376079,0.082073,0.109075,0.054048,0.079004,0.051879,0.0,0.85,1.0,1.0,нет
100000002391278100,peripheral,0.6,9,0.32627,"Недостаточно признаков роли: 1 плательщиков, 1 получателей, колено 3.",3,False,1,1,30000.0,52700.0,5,2,1,0.0,0.6,False,0.0,1,False,1,1,4,0.435027,0.082073,0.075534,0.054048,0.079004,0.114368,0.03,0.75,1.0,1.0,возвратный поток (1 цикл.); 4 входов у порога 5–10 тыс.
100000002394199100,peripheral,0.6,11,0.386466,"Недостаточно признаков роли: 1 плательщиков, 1 получателей, колено 3.",3,False,1,1,277398.0,76777.0,3,1,1,0.0,0.3333333333333333,False,0.0,1,False,1,1,0,0.515288,0.082073,0.169128,0.054048,0.079004,0.114368,0.016667,0.75,1.0,1.0,возвратный поток (1 цикл.)
100000002398779100,consolidator,0.95,1,0.912189,"Признаки консолидации: 13 плательщиков, 1 получателей, входящий поток 1,095,690 KZT.",2,False,13,1,1095690.0,66000.0,28,3,5,4.6379e-06,1.0,False,0.0,0,False,7,1,7,0.912189,0.199689,0.195463,0.194128,0.158541,0.114368,0.05,1.0,1.0,1.0,7 плательщиков в один день; плательщиков больше 99% узлов колена 2
100000002404112100,peripheral,0.55,28,0.183967,"Граница обхода: колено 4, вход от 1 клиентов; исходящие не выгружены. У похожих узлов колен 1–3 выход есть в 29% случаев.",4,False,1,0,60000.0,0.0,1,0,1,0.0,0.0,True,0.287,0,False,1,0,0,0.377369,0.082073,0.110365,0.054048,0.079004,0.051879,0.0,0.75,0.65,1.0,нет
100000002432143100,terminal,0.62,4,0.423497,"Наблюдаемый конечный узел: вход от 1 клиентов (81,310 KZT), исходящих нет; колено 2<4.",2,False,1,0,81310.0,0.0,1,0,3,0.0,0.0,False,0.0,0,False,1,0,0,0.498232,0.082073,0.121886,0.16339,0.079004,0.051879,0.0,0.85,1.0,1.0,нет
100000002433697100,transit,0.7346,6,0.682031,"Признаки транзита: отдал 85% видимого входа; 1→1 связей, быстрый выход 100%.",3,False,1,1,130000.0,110000.0,1,1,3,9.2757e-06,1.0,False,0.0,0,False,1,1,0,0.717927,0.082073,0.141281,0.16339,0.166815,0.114368,0.05,0.95,1.0,1.0,нет
100000002435265100,terminal,0.62,1,0.410717,"Наблюдаемый конечный узел: вход от 1 клиентов (132,628 KZT), исходящих нет; колено 3<4.",3,False,1,0,132628.0,0.0,3,0,2,0.0,0.0,False,0.0,0,False,1,0,1,0.483196,0.082073,0.141904,0.128336,0.079004,0.051879,0.0,0.85,1.0,1.0,нет
100000002443664100,terminal,0.7,10,0.587334,"Наблюдаемый конечный узел: вход от 3 клиентов (556,880 KZT), исходящих нет; колено 2<4.",2,False,3,0,556880.0,0.0,3,0,4,0.0,0.0,False,0.0,0,False,3,0,0,0.690981,0.187189,0.187989,0.18492,0.079004,0.051879,0.0,0.85,1.0,1.0,3 плательщиков в один день
100000002445750100,peripheral,0.6,1,0.455672,"Недостаточно признаков роли: 1 плательщиков, 1 получателей, колено 2.",2,False,1,1,70000.0,10000.0,1,1,2,9.2757e-06,0.0,False,0.0,0,False,1,1,0,0.607562,0.082073,0.11597,0.128336,0.166815,0.114368,0.0,0.75,1.0,1.0,нет
100000002448088100,peripheral,0.6,23,0.511532,"Недостаточно признаков роли: 3 плательщиков, 1 получателей, колено 3.",3,False,3,1,20000.0,25000.0,3,1,2,9.2757e-06,0.6666666666666666,False,0.0,0,False,2,1,2,0.682043,0.187189,0.052002,0.128336,0.166815,0.114368,0.033333,0.75,1.0,1.0,нет
100000002454724100,terminal,0.62,31,0.438962,"Наблюдаемый конечный узел: вход от 1 клиентов (125,000 KZT), исходящих нет; колено 2<4.",2,False,1,0,125000.0,0.0,3,0,3,0.0,0.0,False,0.0,0,False,1,0,0,0.516426,0.082073,0.14008,0.16339,0.079004,0.051879,0.0,0.85,1.0,1.0,нет
100000002457464100,terminal,0.62,4,0.387198,"Наблюдаемый конечный узел: вход от 1 клиентов (66,647 KZT), исходящих нет; колено 2<4.",2,False,1,0,66647.0,0.0,1,0,2,0.0,0.0,False,0.0,0,False,1,0,0,0.455527,0.082073,0.114235,0.128336,0.079004,0.051879,0.0,0.85,1.0,1.0,нет
100000002459093100,peripheral,0.6,9,0.38631,"Недостаточно признаков роли: 1 плательщиков, 1 получателей, колено 2.",2,False,1,1,500000.0,55000.0,2,3,1,0.0,0.0,False,0.0,0,False,1,1,0,0.51508,0.082073,0.185587,0.054048,0.079004,0.114368,0.0,0.75,1.0,1.0,нет
100000002459163100,terminal,0.62,57,0.27331,"Наблюдаемый конечный узел: вход от 1 клиентов (20,180 KZT), исходящих нет; колено 2<4.",2,False,1,0,20180.0,0.0,1,0,1,0.0,0.0,False,0.0,0,False,1,0,0,0.321541,0.082073,0.054537,0.054048,0.079004,0.051879,0.0,0.85,1.0,1.0,нет
100000002459164100,terminal,0.62,1,0.271155,"Наблюдаемый конечный узел: вход от 1 клиентов (20,000 KZT), исходящих нет; колено 3<4.",3,False,1,0,20000.0,0.0,1,0,1,0.0,0.0,False,0.0,0,False,1,0,0,0.319006,0.082073,0.052002,0.054048,0.079004,0.051879,0.0,0.85,1.0,1.0,нет
100000002459240100,terminal,0.62,6,0.444671,"Наблюдаемый конечный узел: вход от 1 клиентов (150,000 KZT), исходящих нет; колено 3<4.",3,False,1,0,150000.0,0.0,1,0,3,0.0,0.0,False,0.0,0,False,1,0,0,0.523143,0.082073,0.146797,0.16339,0.079004,0.051879,0.0,0.85,1.0,1.0,нет
100000002459832100,terminal,0.66,21,0.530806,"Наблюдаемый конечный узел: вход от 2 клиентов (880,606 KZT), исходящих нет; колено 3<4.",3,False,2,0,880606.0,0.0,2,0,2,0.0,0.0,False,0.0,0,False,1,0,0,0.624477,0.171308,0.19395,0.128336,0.079004,0.051879,0.0,0.85,1.0,1.0,нет
100000002462183100,terminal,0.62,47,0.341938,"Наблюдаемый конечный узел: вход от 1 клиентов (107,500 KZT), исходящих нет; колено 1<4.",1,False,1,0,107500.0,0.0,3,0,1,0.0,0.0,False,0.0,0,False,1,0,0,0.40228,0.082073,0.135276,0.054048,0.079004,0.051879,0.0,0.85,1.0,1.0,нет
100000002469065100,terminal,0.62,5,0.472841,"Наблюдаемый конечный узел: вход от 1 клиентов (200,000 KZT), исходящих нет; колено 2<4.",2,False,1,0,200000.0,0.0,1,0,4,0.0,0.0,False,0.0,0,False,1,0,0,0.556283,0.082073,0.158407,0.18492,0.079004,0.051879,0.0,0.85,1.0,1.0,нет
100000002472632100,peripheral,0.6,27,0.519428,"Недостаточно признаков роли: 2 плательщиков, 1 получателей, колено 3.",3,False,2,1,502400.0,20000.0,3,1,1,9.2757e-06,0.0,False,0.0,0,False,1,1,0,0.692571,0.171308,0.186032,0.054048,0.166815,0.114368,0.0,0.75,1.0,1.0,нет
100000002474570100,peripheral,0.55,19,0.136605,"Граница обхода: колено 4, вход от 1 клиентов; исходящие не выгружены. У похожих узлов колен 1–3 выход есть в 29% случаев.",4,False,1,0,6750.0,0.0,1,0,1,0.0,0.0,True,0.287,0,False,1,0,1,0.280216,0.082073,0.013212,0.054048,0.079004,0.051879,0.0,0.75,0.65,1.0,нет
100000002475601100,terminal,0.62,21,0.365797,"Наблюдаемый конечный узел: вход от 1 клиентов (232,301 KZT), исходящих нет; колено 3<4.",3,False,1,0,232301.0,0.0,1,0,1,0.0,0.0,False,0.0,0,False,1,0,0,0.430349,0.082073,0.163345,0.054048,0.079004,0.051879,0.0,0.85,1.0,1.0,нет
100000002478829100,peripheral,0.55,23,0.206022,"Граница обхода: колено 4, вход от 1 клиентов; исходящие не выгружены. У похожих узлов колен 1–3 выход есть в 29% случаев.",4,False,1,0,34000.0,0.0,1,0,2,0.0,0.0,True,0.287,0,False,1,0,0,0.422609,0.082073,0.081317,0.128336,0.079004,0.051879,0.0,0.75,0.65,1.0,нет
100000002479804100,peripheral,0.6,4,0.366918,"Недостаточно признаков роли: 1 плательщиков, 2 получателей, колено 1.",1,False,1,2,46000.0,35300.0,1,2,1,0.0,1.0,False,0.0,0,False,1,1,0,0.489224,0.082073,0.094484,0.054048,0.079004,0.129615,0.05,0.75,1.0,1.0,нет
100000002480800100,terminal,0.66,4,0.574138,"Наблюдаемый конечный узел: вход от 2 клиентов (569,251 KZT), исходящих нет; колено 1<4.",1,False,2,0,569251.0,0.0,2,0,4,0.0,0.0,False,0.0,0,False,2,0,0,0.675456,0.171308,0.188345,0.18492,0.079004,0.051879,0.0,0.85,1.0,1.0,нет
100000002481735100,terminal,0.62,5,0.276259,"Наблюдаемый конечный узел: вход от 1 клиентов (22,436 KZT), исходящих нет; колено 2<4.",2,False,1,0,22436.0,0.0,2,0,1,0.0,0.0,False,0.0,0,False,1,0,1,0.325011,0.082073,0.058007,0.054048,0.079004,0.051879,0.0,0.85,1.0,1.0,нет
100000002481974100,peripheral,0.6,7,0.568797,"Недостаточно признаков роли: 2 плательщиков, 2 получателей, колено 3.",3,False,2,2,89447.0,318000.0,2,4,2,1.85515e-05,0.5,False,0.0,0,False,1,2,0,0.758396,0.171308,0.125356,0.128336,0.178781,0.129615,0.025,0.75,1.0,1.0,нет
100000002487222100,peripheral,0.55,6,0.244861,"Граница обхода: колено 4, вход от 1 клиентов; исходящие не выгружены. У похожих узлов колен 1–3 выход есть в 29% случаев.",4,False,1,0,90000.0,0.0,2,0,3,0.0,0.0,True,0.287,0,False,1,0,0,0.50228,0.082073,0.125934,0.16339,0.079004,0.051879,0.0,0.75,0.65,1.0,нет
100000002488629100,terminal,0.62,9,0.32704,"Наблюдаемый конечный узел: вход от 1 клиентов (73,050 KZT), исходящих нет; колено 2<4.",2,False,1,0,73050.0,0.0,1,0,1,0.0,0.0,False,0.0,0,False,1,0,0,0.384753,0.082073,0.117749,0.054048,0.079004,0.051879,0.0,0.85,1.0,1.0,нет
100000002489253100,terminal,0.62,5,0.314978,"Наблюдаемый конечный узел: вход от 1 клиентов (51,000 KZT), исходящих нет; колено 2<4.",2,False,1,0,51000.0,0.0,1,0,1,0.0,0.0,False,0.0,0,False,1,0,0,0.370563,0.082073,0.103559,0.054048,0.079004,0.051879,0.0,0.85,1.0,1.0,нет
100000002492277100,terminal,0.62,4,0.411889,"Наблюдаемый конечный узел: вход от 1 клиентов (138,500 KZT), исходящих нет; колено 2<4.",2,False,1,0,138500.0,0.0,1,0,2,0.0,0.0,False,0.0,0,False,1,0,0,0.484575,0.082073,0.143283,0.128336,0.079004,0.051879,0.0,0.85,1.0,1.0,нет
100000002505277100,peripheral,0.55,1,0.220183,"Граница обхода: колено 4, вход от 1 клиентов; исходящие не выгружены. У похожих узлов колен 1–3 выход есть в 29% случаев.",4,False,1,0,60000.0,0.0,1,0,2,0.0,0.0,True,0.287,0,False,1,0,0,0.451657,0.082073,0.110365,0.128336,0.079004,0.051879,0.0,0.75,0.65,1.0,нет
100000002506987100,peripheral,0.55,8,0.201468,"Граница обхода: колено 4, вход от 1 клиентов; исходящие не выгружены. У похожих узлов колен 1–3 выход есть в 29% случаев.",4,False,1,0,28200.0,0.0,1,0,2,0.0,0.0,True,0.287,0,False,1,0,0,0.413267,0.082073,0.071975,0.128336,0.079004,0.051879,0.0,0.75,0.65,1.0,нет
100000002508637100,peripheral,0.6,21,0.376835,"Недостаточно признаков роли: 1 плательщиков, 1 получателей, колено 3.",3,False,1,1,306410.0,8000.0,1,1,1,0.0,0.0,False,0.0,0,False,1,1,0,0.502447,0.082073,0.172954,0.054048,0.079004,0.114368,0.0,0.75,1.0,1.0,нет
100000002509598100,terminal,0.62,10,0.436958,"Наблюдаемый конечный узел: вход от 1 клиентов (305,550 KZT), исходящих нет; колено 3<4.",3,False,1,0,305550.0,0.0,1,0,2,0.0,0.0,False,0.0,0,False,1,0,0,0.514068,0.082073,0.172776,0.128336,0.079004,0.051879,0.0,0.85,1.0,1.0,нет
100000002511581100,terminal,0.62,2,0.265521,"Наблюдаемый конечный узел: вход от 1 клиентов (17,600 KZT), исходящих нет; колено 3<4.",3,False,1,0,17600.0,0.0,1,0,1,0.0,0.0,False,0.0,0,False,1,0,0,0.312378,0.082073,0.045374,0.054048,0.079004,0.051879,0.0,0.85,1.0,1.0,нет
100000002511825100,terminal,0.62,1,0.323335,"Наблюдаемый конечный узел: вход от 1 клиентов (65,000 KZT), исходящих нет; колено 1<4.",1,False,1,0,65000.0,0.0,1,0,1,0.0,0.0,False,0.0,0,False,1,0,0,0.380394,0.082073,0.11339,0.054048,0.079004,0.051879,0.0,0.85,1.0,1.0,нет
100000002512742100,peripheral,0.55,19,0.135868,"Граница обхода: колено 4, вход от 1 клиентов; исходящие не выгружены. У похожих узлов колен 1–3 выход есть в 29% случаев.",4,False,1,0,6000.0,0.0,1,0,1,0.0,0.0,True,0.287,0,False,1,0,1,0.278703,0.082073,0.011699,0.054048,0.079004,0.051879,0.0,0.75,0.65,1.0,нет
100000002513028100,peripheral,0.6,61,0.356617,"Недостаточно признаков роли: 1 плательщиков, 3 получателей, колено 3.",3,False,1,3,9500.0,332709.0,1,24,1,2.78272e-05,0.0,False,0.0,0,False,1,8,1,0.475489,0.082073,0.019128,0.054048,0.183585,0.136655,0.0,0.75,1.0,1.0,повтор одной суммы ×8
100000002514975100,peripheral,0.55,28,0.152544,"Граница обхода: колено 4, вход от 1 клиентов; исходящие не выгружены. У похожих узлов колен 1–3 выход есть в 29% случаев.",4,False,1,0,17920.0,0.0,1,0,1,0.0,0.0,True,0.287,0,False,1,0,0,0.312911,0.082073,0.045907,0.054048,0.079004,0.051879,0.0,0.75,0.65,1.0,нет
100000002516862100,peripheral,0.55,61,0.189671,"Граница обхода: колено 4, вход от 1 клиентов; исходящие не выгружены. У похожих узлов колен 1–3 выход есть в 29% случаев.",4,False,1,0,81710.0,0.0,5,0,1,0.0,0.0,True,0.287,0,False,1,0,2,0.389068,0.082073,0.122064,0.054048,0.079004,0.051879,0.0,0.75,0.65,1.0,нет
100000002521039100,terminal,0.62,1,0.439302,"Наблюдаемый конечный узел: вход от 1 клиентов (349,370 KZT), исходящих нет; колено 3<4.",3,False,1,0,349370.0,0.0,1,0,2,0.0,0.0,False,0.0,0,False,1,0,0,0.516826,0.082073,0.175534,0.128336,0.079004,0.051879,0.0,0.85,1.0,1.0,нет
100000002527114100,distributor,0.94,2,0.561934,"Признаки распределения: 111 получателей против 3 плательщиков, исходящий поток 3,289,249 KZT.",0,True,3,111,129000.0,3289249.0,4,113,1,0.0,1.0,False,0.0,3,True,1,4,1,0.661099,0.187189,0.140925,0.054048,0.079004,0.149933,0.05,1.0,1.0,0.85,возвратный поток с seed (3 цикл.); повтор одной суммы ×4
100000002528544100,terminal,0.62,21,0.359823,"Наблюдаемый конечный узел: вход от 1 клиентов (192,912 KZT), исходящих нет; колено 3<4.",3,False,1,0,192912.0,0.0,1,0,1,0.0,0.0,False,0.0,0,False,1,0,0,0.423321,0.082073,0.156317,0.054048,0.079004,0.051879,0.0,0.85,1.0,1.0,нет
100000002528978100,peripheral,0.55,8,0.185984,"Граница обхода: колено 4, вход от 1 клиентов; исходящие не выгружены. У похожих узлов колен 1–3 выход есть в 29% случаев.",4,False,1,0,15900.0,0.0,1,0,2,0.0,0.0,True,0.287,0,False,1,0,0,0.381506,0.082073,0.040214,0.128336,0.079004,0.051879,0.0,0.75,0.65,1.0,нет
100000002529877100,peripheral,0.55,10,0.209752,"Граница обхода: колено 4, вход от 1 клиентов; исходящие не выгружены. У похожих узлов колен 1–3 выход есть в 29% случаев.",4,False,1,0,232000.0,0.0,1,0,1,0.0,0.0,True,0.287,0,False,1,0,0,0.43026,0.082073,0.163256,0.054048,0.079004,0.051879,0.0,0.75,0.65,1.0,нет
100000002529880100,terminal,0.66,3,0.490045,"Наблюдаемый конечный узел: вход от 2 клиентов (147,000 KZT), исходящих нет; колено 3<4.",3,False,2,0,147000.0,0.0,2,0,2,0.0,0.0,False,0.0,0,False,2,0,0,0.576524,0.171308,0.145996,0.128336,0.079004,0.051879,0.0,0.85,1.0,1.0,нет
100000002530224100,terminal,0.62,3,0.343866,"Наблюдаемый конечный узел: вход от 1 клиентов (113,000 KZT), исходящих нет; колено 3<4.",3,False,1,0,113000.0,0.0,1,0,1,0.0,0.0,False,0.0,0,False,1,0,0,0.404548,0.082073,0.137544,0.054048,0.079004,0.051879,0.0,0.85,1.0,1.0,нет
100000002531406100,transit,0.7212,21,0.490467,"Признаки транзита: отдал 96% видимого входа; 1→1 связей, быстрый выход 0%.",3,False,1,1,520000.0,500000.0,1,1,1,0.0,0.0,False,0.0,0,False,1,1,0,0.516281,0.082073,0.186788,0.054048,0.079004,0.114368,0.0,0.95,1.0,1.0,нет
100000002534091100,terminal,0.62,7,0.339215,"Наблюдаемый конечный узел: вход от 1 клиентов (22,200 KZT), исходящих нет; колено 3<4.",3,False,1,0,22200.0,0.0,1,0,2,0.0,0.0,False,0.0,0,False,1,0,0,0.399077,0.082073,0.057785,0.128336,0.079004,0.051879,0.0,0.85,1.0,1.0,нет
100000002537811100,peripheral,0.6,12,0.489368,"Недостаточно признаков роли: 1 плательщиков, 1 получателей, колено 3.",3,False,1,1,52000.0,15000.0,1,1,4,9.2757e-06,0.0,False,0.0,0,False,1,1,0,0.652491,0.082073,0.104315,0.18492,0.166815,0.114368,0.0,0.75,1.0,1.0,нет
100000002539625100,terminal,0.62,3,0.336153,"Наблюдаемый конечный узел: вход от 1 клиентов (94,700 KZT), исходящих нет; колено 2<4.",2,False,1,0,94700.0,0.0,1,0,1,0.0,0.0,False,0.0,0,False,1,0,0,0.395474,0.082073,0.12847,0.054048,0.079004,0.051879,0.0,0.85,1.0,1.0,нет
100000002540033100,peripheral,0.55,22,0.141354,"Граница обхода: колено 4, вход от 1 клиентов; исходящие не выгружены. У похожих узлов колен 1–3 выход есть в 29% случаев.",4,False,1,0,10000.0,0.0,1,0,1,0.0,0.0,True,0.287,0,False,1,0,0,0.289958,0.082073,0.022954,0.054048,0.079004,0.051879,0.0,0.75,0.65,1.0,нет
100000002540623100,terminal,0.62,12,0.338951,"Наблюдаемый конечный узел: вход от 1 клиентов (100,000 KZT), исходящих нет; колено 2<4.",2,False,1,0,100000.0,0.0,1,0,1,0.0,0.0,False,0.0,0,False,1,0,0,0.398766,0.082073,0.131762,0.054048,0.079004,0.051879,0.0,0.85,1.0,1.0,нет
100000002546921100,terminal,0.62,15,0.271155,"Наблюдаемый конечный узел: вход от 1 клиентов (20,000 KZT), исходящих нет; колено 3<4.",3,False,1,0,20000.0,0.0,1,0,1,0.0,0.0,False,0.0,0,False,1,0,0,0.319006,0.082073,0.052002,0.054048,0.079004,0.051879,0.0,0.85,1.0,1.0,нет
100000002547110100,consolidator,0.79,3,0.689246,"Признаки консолидации: 6 плательщиков, 0 получателей, входящий поток 1,500,000 KZT.",3,False,6,0,1500000.0,0.0,10,0,3,0.0,0.0,False,0.0,0,False,5,0,0,0.689246,0.197553,0.19742,0.16339,0.079004,0.051879,0.0,1.0,1.0,1.0,5 плательщиков в один день; плательщиков больше 99% узлов колена 3
100000002548759100,terminal,0.66,3,0.546611,"Наблюдаемый конечный узел: вход от 2 клиентов (375,000 KZT), исходящих нет; колено 3<4.",3,False,2,0,375000.0,0.0,2,0,3,0.0,0.0,False,0.0,0,False,2,0,0,0.643072,0.171308,0.177491,0.16339,0.079004,0.051879,0.0,0.85,1.0,1.0,нет
100000002550141100,terminal,0.62,7,0.340388,"Наблюдаемый конечный узел: вход от 1 клиентов (100,586 KZT), исходящих нет; колено 3<4.",3,False,1,0,100586.0,0.0,1,0,1,0.0,0.0,False,0.0,0,False,1,0,0,0.400456,0.082073,0.133452,0.054048,0.079004,0.051879,0.0,0.85,1.0,1.0,нет
100000002554175100,terminal,0.62,8,0.280797,"Наблюдаемый конечный узел: вход от 1 клиентов (24,621 KZT), исходящих нет; колено 3<4.",3,False,1,0,24621.0,0.0,1,0,1,0.0,0.0,False,0.0,0,False,1,0,0,0.330349,0.082073,0.063345,0.054048,0.079004,0.051879,0.0,0.85,1.0,1.0,нет
100000002556775100,terminal,0.62,6,0.465997,"Наблюдаемый конечный узел: вход от 1 клиентов (300,000 KZT), исходящих нет; колено 3<4.",3,False,1,0,300000.0,0.0,1,0,3,0.0,0.0,False,0.0,0,False,1,0,0,0.548232,0.082073,0.171886,0.16339,0.079004,0.051879,0.0,0.85,1.0,1.0,нет
100000002558173100,terminal,0.62,33,0.24291,"Наблюдаемый конечный узел: вход от 1 клиентов (9,300 KZT), исходящих нет; колено 2<4.",2,False,1,0,9300.0,0.0,1,0,1,0.0,0.0,False,0.0,0,False,1,0,1,0.285776,0.082073,0.018772,0.054048,0.079004,0.051879,0.0,0.85,1.0,1.0,нет
100000002559089100,terminal,0.66,10,0.465468,"Наблюдаемый конечный узел: вход от 2 клиентов (715,000 KZT), исходящих нет; колено 3<4.",3,False,2,0,715000.0,0.0,2,0,1,0.0,0.0,False,0.0,0,False,2,0,0,0.547609,0.171308,0.19137,0.054048,0.079004,0.051879,0.0,0.85,1.0,1.0,нет
100000002565277100,terminal,0.62,4,0.494734,"Наблюдаемый конечный узел: вход от 1 клиентов (483,319 KZT), исходящих нет; колено 1<4.",1,False,1,0,483319.0,0.0,1,0,4,0.0,0.0,False,0.0,0,False,1,0,0,0.58204,0.082073,0.184164,0.18492,0.079004,0.051879,0.0,0.85,1.0,1.0,нет
100000002566204100,terminal,0.62,12,0.33033,"Наблюдаемый конечный узел: вход от 1 клиентов (80,805 KZT), исходящих нет; колено 2<4.",2,False,1,0,80805.0,0.0,1,0,1,0.0,0.0,False,0.0,0,False,1,0,0,0.388623,0.082073,0.121619,0.054048,0.079004,0.051879,0.0,0.85,1.0,1.0,нет
100000002567887100,terminal,0.62,6,0.407616,"Наблюдаемый конечный узел: вход от 1 клиентов (50,915 KZT), исходящих нет; колено 3<4.",3,False,1,0,50915.0,0.0,1,0,3,0.0,0.0,False,0.0,0,False,1,0,0,0.479548,0.082073,0.103203,0.16339,0.079004,0.051879,0.0,0.85,1.0,1.0,нет
100000002570206100,terminal,0.66,17,0.49428,"Наблюдаемый конечный узел: вход от 2 клиентов (166,960 KZT), исходящих нет; колено 2<4.",2,False,2,0,166959.6,0.0,2,0,2,0.0,0.0,False,0.0,0,False,1,0,0,0.581506,0.171308,0.150979,0.128336,0.079004,0.051879,0.0,0.85,1.0,1.0,нет
100000002575080100,transit,0.8212,16,0.577818,"Признаки транзита: отдал 96% видимого входа; 1→1 связей, быстрый выход 100%.",3,False,1,1,13000.0,12500.0,1,1,3,9.2757e-06,1.0,False,0.0,0,False,1,1,0,0.60823,0.082073,0.031584,0.16339,0.166815,0.114368,0.05,0.95,1.0,1.0,нет
100000002578405100,distributor,0.94,2,0.700712,"Признаки распределения: 116 получателей против 2 плательщиков, исходящий поток 3,108,352 KZT.",2,False,2,116,1200351.0,3108352.0,7,120,1,0.0,1.0,False,0.0,2,False,1,8,0,0.700712,0.171308,0.196352,0.054048,0.079004,0.15,0.05,1.0,1.0,1.0,возвратный поток (2 цикл.); повтор одной суммы ×8
100000002578653100,terminal,0.62,48,0.271155,"Наблюдаемый конечный узел: вход от 1 клиентов (20,000 KZT), исходящих нет; колено 3<4.",3,False,1,0,20000.0,0.0,1,0,1,0.0,0.0,False,0.0,0,False,1,0,0,0.319006,0.082073,0.052002,0.054048,0.079004,0.051879,0.0,0.85,1.0,1.0,нет
100000002580377100,peripheral,0.6,5,0.433152,"Недостаточно признаков роли: 1 плательщиков, 1 получателей, колено 1.",1,False,1,1,37750.0,5000.0,2,1,2,9.2757e-06,0.0,False,0.0,0,False,1,1,0,0.577536,0.082073,0.085943,0.128336,0.166815,0.114368,0.0,0.75,1.0,1.0,нет
100000002581346100,terminal,0.62,6,0.44815,"Наблюдаемый конечный узел: вход от 1 клиентов (166,400 KZT), исходящих нет; колено 3<4.",3,False,1,0,166400.0,0.0,1,0,3,0.0,0.0,False,0.0,0,False,1,0,0,0.527235,0.082073,0.15089,0.16339,0.079004,0.051879,0.0,0.85,1.0,1.0,нет
100000002589019100,terminal,0.62,13,0.296829,"Наблюдаемый конечный узел: вход от 1 клиентов (34,710 KZT), исходящих нет; колено 1<4.",1,False,1,0,34710.0,0.0,1,0,1,0.0,0.0,False,0.0,0,False,1,0,0,0.34921,0.082073,0.082206,0.054048,0.079004,0.051879,0.0,0.85,1.0,1.0,нет
100000002591469100,terminal,0.62,11,0.366326,"Наблюдаемый конечный узел: вход от 1 клиентов (235,670 KZT), исходящих нет; колено 1<4.",1,False,1,0,235670.0,0.0,1,0,1,0.0,0.0,False,0.0,0,False,1,0,0,0.430972,0.082073,0.163968,0.054048,0.079004,0.051879,0.0,0.85,1.0,1.0,нет
100000002592567100,peripheral,0.6,5,0.387203,"Недостаточно признаков роли: 1 плательщиков, 2 получателей, колено 1.",1,False,1,2,5297.0,48600.0,1,2,2,9.2757e-06,0.0,False,0.0,0,False,1,1,1,0.51627,0.082073,0.009431,0.128336,0.166815,0.129615,0.0,0.75,1.0,1.0,нет
100000002593038100,terminal,0.62,13,0.399789,"Наблюдаемый конечный узел: вход от 1 клиентов (28,500 KZT), исходящих нет; колено 2<4.",2,False,1,0,28500.0,0.0,1,0,4,0.0,0.0,False,0.0,0,False,1,0,0,0.47034,0.082073,0.072464,0.18492,0.079004,0.051879,0.0,0.85,1.0,1.0,нет
100000002593344100,terminal,0.66,3,0.549863,"Наблюдаемый конечный узел: вход от 2 клиентов (431,000 KZT), исходящих нет; колено 3<4.",3,False,2,0,431000.0,0.0,2,0,3,0.0,0.0,False,0.0,0,False,2,0,0,0.646897,0.171308,0.181317,0.16339,0.079004,0.051879,0.0,0.85,1.0,1.0,нет
100000002594214100,peripheral,0.55,40,0.278388,"Граница обхода: колено 4, вход от 1 клиентов; исходящие не выгружены. У похожих узлов колен 1–3 выход есть в 29% случаев.",4,False,1,0,1000000.0,0.0,1,0,3,0.0,0.0,True,0.287,0,False,1,0,0,0.571052,0.082073,0.194706,0.16339,0.079004,0.051879,0.0,0.75,0.65,1.0,нет
100000002596035100,terminal,0.62,12,0.484714,"Наблюдаемый конечный узел: вход от 1 клиентов (231,570 KZT), исходящих нет; колено 1<4.",1,False,1,0,231570.0,0.0,1,0,5,0.0,0.0,False,0.0,0,False,1,0,0,0.570251,0.082073,0.163167,0.194128,0.079004,0.051879,0.0,0.85,1.0,1.0,нет
100000002596039100,peripheral,0.55,7,0.212831,"Граница обхода: колено 4, вход от 1 клиентов; исходящие не выгружены. У похожих узлов колен 1–3 выход есть в 29% случаев.",4,False,1,0,280000.0,0.0,1,0,1,0.0,0.0,True,0.287,0,False,1,0,0,0.436577,0.082073,0.169573,0.054048,0.079004,0.051879,0.0,0.75,0.65,1.0,нет
100000002597003100,peripheral,0.6,1,0.347209,"Недостаточно признаков роли: 1 плательщиков, 1 получателей, колено 1.",1,False,1,1,17700.0,11000.0,1,1,1,9.2757e-06,0.0,False,0.0,0,False,1,1,0,0.462945,0.082073,0.045641,0.054048,0.166815,0.114368,0.0,0.75,1.0,1.0,нет
100000002597074100,peripheral,0.55,1,0.174317,"Граница обхода: колено 4, вход от 1 клиентов; исходящие не выгружены. У похожих узлов колен 1–3 выход есть в 29% случаев.",4,False,1,0,8000.0,0.0,1,0,2,0.0,0.0,True,0.287,0,False,1,0,1,0.357573,0.082073,0.016281,0.128336,0.079004,0.051879,0.0,0.75,0.65,1.0,нет
100000002597623100,terminal,0.62,1,0.325339,"Наблюдаемый конечный узел: вход от 1 клиентов (16,418 KZT), исходящих нет; колено 3<4.",3,False,1,0,16418.0,0.0,1,0,2,0.0,0.0,False,0.0,0,False,1,0,0,0.382751,0.082073,0.041459,0.128336,0.079004,0.051879,0.0,0.85,1.0,1.0,нет
100000002599729100,peripheral,0.55,1,0.221657,"Граница обхода: колено 4, вход от 1 клиентов; исходящие не выгружены. У похожих узлов колен 1–3 выход есть в 29% случаев.",4,False,1,0,65000.0,0.0,2,0,2,0.0,0.0,True,0.287,0,False,1,0,0,0.454682,0.082073,0.11339,0.128336,0.079004,0.051879,0.0,0.75,0.65,1.0,нет
100000002600345100,terminal,0.66,5,0.455032,"Наблюдаемый конечный узел: вход от 2 клиентов (52,400 KZT), исходящих нет; колено 1<4.",1,False,2,0,52400.0,0.0,2,0,2,0.0,0.0,False,0.0,0,False,1,0,1,0.535331,0.171308,0.104804,0.128336,0.079004,0.051879,0.0,0.85,1.0,1.0,нет
100000002603371100,terminal,0.62,1,0.24291,"Наблюдаемый конечный узел: вход от 1 клиентов (9,300 KZT), исходящих нет; колено 3<4.",3,False,1,0,9300.0,0.0,1,0,1,0.0,0.0,False,0.0,0,False,1,0,1,0.285776,0.082073,0.018772,0.054048,0.079004,0.051879,0.0,0.85,1.0,1.0,нет
100000002603478100,terminal,0.62,13,0.277885,"Наблюдаемый конечный узел: вход от 1 клиентов (23,500 KZT), исходящих нет; колено 1<4.",1,False,1,0,23500.0,0.0,1,0,1,0.0,0.0,False,0.0,0,False,1,0,0,0.326924,0.082073,0.05992,0.054048,0.079004,0.051879,0.0,0.85,1.0,1.0,нет
100000002603769100,terminal,0.7,1,0.576066,"Наблюдаемый конечный узел: вход от 3 клиентов (1,185,368 KZT), исходящих нет; колено 1<4.",1,False,3,0,1185368.0,0.0,3,0,3,0.0,0.0,False,0.0,0,False,1,0,0,0.677725,0.187189,0.196263,0.16339,0.079004,0.051879,0.0,0.85,1.0,1.0,нет
100000002605184100,terminal,0.62,16,0.349349,"Наблюдаемый конечный узел: вход от 1 клиентов (140,000 KZT), исходящих нет; колено 2<4.",2,False,1,0,140000.0,0.0,1,0,1,0.0,0.0,False,0.0,0,False,1,0,0,0.410999,0.082073,0.143995,0.054048,0.079004,0.051879,0.0,0.85,1.0,1.0,нет
100000002605308100,terminal,0.7,15,0.596938,"Наблюдаемый конечный узел: вход от 3 клиентов (2,569,522 KZT), исходящих нет; колено 2<4.",2,False,3,0,2569521.84,0.0,7,0,4,0.0,0.0,False,0.0,0,False,1,0,0,0.70228,0.187189,0.199288,0.18492,0.079004,0.051879,0.0,0.85,1.0,1.0,нет
100000002605548100,terminal,0.66,12,0.541733,"Наблюдаемый конечный узел: вход от 2 клиентов (116,695 KZT), исходящих нет; колено 1<4.",1,False,2,0,116695.0,0.0,2,0,6,0.0,0.0,False,0.0,0,False,1,0,0,0.637333,0.171308,0.138078,0.197064,0.079004,0.051879,0.0,0.85,1.0,1.0,нет
100000002606567100,peripheral,0.6,1,0.338534,"Недостаточно признаков роли: 1 плательщиков, 1 получателей, колено 1.",1,False,1,1,14095.0,53000.0,1,1,1,9.2757e-06,0.0,False,0.0,0,False,1,1,0,0.451379,0.082073,0.034075,0.054048,0.166815,0.114368,0.0,0.75,1.0,1.0,нет
100000002609774100,peripheral,0.6,8,0.401824,"Недостаточно признаков роли: 1 плательщиков, 1 получателей, колено 1.",1,False,1,1,7700.0,27500.0,1,1,2,0.0001623256,0.0,False,0.0,0,False,1,1,1,0.535765,0.082073,0.01548,0.128336,0.195507,0.114368,0.0,0.75,1.0,1.0,нет
100000002611334100,peripheral,0.6,1,0.386043,"Недостаточно признаков роли: 1 плательщиков, 1 получателей, колено 3.",3,False,1,1,48288.0,15500.0,1,1,1,9.2757e-06,0.0,False,0.0,0,False,1,1,0,0.514724,0.082073,0.09742,0.054048,0.166815,0.114368,0.0,0.75,1.0,1.0,нет
100000002612809100,peripheral,0.6,38,0.339235,"Недостаточно признаков роли: 1 плательщиков, 3 получателей, колено 3.",3,False,1,3,30000.0,114000.0,2,4,1,0.0,0.5,False,0.0,1,False,1,1,0,0.452313,0.082073,0.075534,0.054048,0.079004,0.136655,0.025,0.75,1.0,1.0,возвратный поток (1 цикл.)
100000002613776100,terminal,0.62,4,0.354302,"Наблюдаемый конечный узел: вход от 1 клиентов (30,000 KZT), исходящих нет; колено 2<4.",2,False,1,0,30000.0,0.0,2,0,2,0.0,0.0,False,0.0,0,False,1,0,0,0.416826,0.082073,0.075534,0.128336,0.079004,0.051879,0.0,0.85,1.0,1.0,нет
100000002613929100,terminal,0.62,3,0.288662,"Наблюдаемый конечный узел: вход от 1 клиентов (28,560 KZT), исходящих нет; колено 3<4.",3,False,1,0,28560.0,0.0,1,0,1,0.0,0.0,False,0.0,0,False,1,0,0,0.339602,0.082073,0.072598,0.054048,0.079004,0.051879,0.0,0.85,1.0,1.0,нет
100000002614095100,terminal,0.62,2,0.235121,"Наблюдаемый конечный узел: вход от 1 клиентов (5,300 KZT), исходящих нет; колено 3<4.",3,False,1,0,5300.0,0.0,1,0,1,0.0,0.0,False,0.0,0,False,1,0,1,0.276613,0.082073,0.009609,0.054048,0.079004,0.051879,0.0,0.85,1.0,1.0,нет
100000002615479100,terminal,0.62,3,0.364322,"Наблюдаемый конечный узел: вход от 1 клиентов (220,000 KZT), исходящих нет; колено 1<4.",1,False,1,0,220000.0,0.0,1,0,1,0.0,0.0,False,0.0,0,False,1,0,0,0.428614,0.082073,0.16161,0.054048,0.079004,0.051879,0.0,0.85,1.0,1.0,нет
100000002618492100,terminal,0.66,12,0.569865,"Наблюдаемый конечный узел: вход от 2 клиентов (296,500 KZT), исходящих нет; колено 1<4.",1,False,2,0,296500.0,0.0,2,0,6,0.0,0.0,False,0.0,0,False,1,0,0,0.670429,0.171308,0.171174,0.197064,0.079004,0.051879,0.0,0.85,1.0,1.0,нет
100000002621434100,terminal,0.62,3,0.330443,"Наблюдаемый конечный узел: вход от 1 клиентов (81,000 KZT), исходящих нет; колено 3<4.",3,False,1,0,81000.0,0.0,1,0,1,0.0,0.0,False,0.0,0,False,1,0,0,0.388757,0.082073,0.121753,0.054048,0.079004,0.051879,0.0,0.85,1.0,1.0,нет
100000002621915100,terminal,0.62,5,0.232285,"Наблюдаемый конечный узел: вход от 1 клиентов (5,000 KZT), исходящих нет; колено 2<4.",2,False,1,0,5000.0,0.0,1,0,1,0.0,0.0,False,0.0,0,False,1,0,1,0.273276,0.082073,0.006272,0.054048,0.079004,0.051879,0.0,0.85,1.0,1.0,нет
100000002621949100,terminal,0.62,4,0.46577,"Наблюдаемый конечный узел: вход от 1 клиентов (164,612 KZT), исходящих нет; колено 1<4.",1,False,1,0,164612.0,0.0,1,0,4,0.0,0.0,False,0.0,0,False,1,0,0,0.547965,0.082073,0.150089,0.18492,0.079004,0.051879,0.0,0.85,1.0,1.0,нет
100000002622822100,peripheral,0.55,22,0.223848,"Граница обхода: колено 4, вход от 1 клиентов; исходящие не выгружены. У похожих узлов колен 1–3 выход есть в 29% случаев.",4,False,1,0,750000.0,0.0,1,0,1,0.0,0.0,True,0.287,0,False,1,0,0,0.459175,0.082073,0.192171,0.054048,0.079004,0.051879,0.0,0.75,0.65,1.0,нет
100000002628146100,terminal,0.62,33,0.292896,"Наблюдаемый конечный узел: вход от 1 клиентов (30,500 KZT), исходящих нет; колено 2<4.",2,False,1,0,30500.0,0.0,2,0,1,0.0,0.0,False,0.0,0,False,1,0,0,0.344584,0.082073,0.07758,0.054048,0.079004,0.051879,0.0,0.85,1.0,1.0,нет
100000002628576100,peripheral,0.6,6,0.651182,"Недостаточно признаков роли: 2 плательщиков, 2 получателей, колено 3.",3,False,2,2,727882.0,539000.0,3,2,3,1.85515e-05,0.6666666666666666,False,0.0,0,False,1,1,0,0.868242,0.171308,0.191815,0.16339,0.178781,0.129615,0.033333,0.75,1.0,1.0,нет
100000002632742100,terminal,0.66,3,0.535041,"Наблюдаемый конечный узел: вход от 2 клиентов (235,500 KZT), исходящих нет; колено 3<4.",3,False,2,0,235500.0,0.0,2,0,3,0.0,0.0,False,0.0,0,False,1,0,0,0.62946,0.171308,0.163879,0.16339,0.079004,0.051879,0.0,0.85,1.0,1.0,нет
100000002633108100,terminal,0.62,15,0.37438,"Наблюдаемый конечный узел: вход от 1 клиентов (320,000 KZT), исходящих нет; колено 3<4.",3,False,1,0,320000.0,0.0,3,0,1,0.0,0.0,False,0.0,0,False,1,0,0,0.440447,0.082073,0.173443,0.054048,0.079004,0.051879,0.0,0.85,1.0,1.0,нет
100000002633701100,terminal,0.62,3,0.369805,"Наблюдаемый конечный узел: вход от 1 клиентов (266,850 KZT), исходящих нет; колено 2<4.",2,False,1,0,266850.0,0.0,1,0,1,0.0,0.0,False,0.0,0,False,1,0,0,0.435065,0.082073,0.16806,0.054048,0.079004,0.051879,0.0,0.85,1.0,1.0,нет
100000002635746100,peripheral,0.55,19,0.134849,"Граница обхода: колено 4, вход от 1 клиентов; исходящие не выгружены. У похожих узлов колен 1–3 выход есть в 29% случаев.",4,False,1,0,5300.0,0.0,1,0,1,0.0,0.0,True,0.287,0,False,1,0,1,0.276613,0.082073,0.009609,0.054048,0.079004,0.051879,0.0,0.75,0.65,1.0,нет
100000002635780100,terminal,0.62,11,0.354378,"Наблюдаемый конечный узел: вход от 1 клиентов (163,000 KZT), исходящих нет; колено 2<4.",2,False,1,0,163000.02,0.0,1,0,1,0.0,0.0,False,0.0,0,False,1,0,0,0.416915,0.082073,0.149911,0.054048,0.079004,0.051879,0.0,0.85,1.0,1.0,нет
100000002644285100,terminal,0.62,10,0.447848,"Наблюдаемый конечный узел: вход от 1 клиентов (500,000 KZT), исходящих нет; колено 3<4.",3,False,1,0,500000.0,0.0,1,0,2,0.0,0.0,False,0.0,0,False,1,0,0,0.526879,0.082073,0.185587,0.128336,0.079004,0.051879,0.0,0.85,1.0,1.0,нет
100000002645046100,peripheral,0.55,19,0.14426,"Граница обхода: колено 4, вход от 1 клиентов; исходящие не выгружены. У похожих узлов колен 1–3 выход есть в 29% случаев.",4,False,1,0,12000.0,0.0,1,0,1,0.0,0.0,True,0.287,0,False,1,0,0,0.295919,0.082073,0.028915,0.054048,0.079004,0.051879,0.0,0.75,0.65,1.0,нет
100000002645609100,consolidator,0.65,1,0.640669,"Признаки консолидации: 4 плательщиков, 0 получателей, входящий поток 546,821 KZT.",1,False,4,0,546820.68,0.0,5,0,2,0.0,0.0,False,0.0,0,False,1,0,0,0.640669,0.193817,0.187633,0.128336,0.079004,0.051879,0.0,1.0,1.0,1.0,нет
100000002645993100,peripheral,0.6,1,0.575386,"Недостаточно признаков роли: 2 плательщиков, 5 получателей, колено 3.",3,False,2,5,49650.0,86980.0,4,9,2,1.66963e-05,1.0,False,0.0,2,False,2,1,0,0.767182,0.171308,0.098932,0.128336,0.176512,0.142093,0.05,0.75,1.0,1.0,возвратный поток (2 цикл.)
100000002646745100,terminal,0.62,2,0.25259,"Наблюдаемый конечный узел: вход от 1 клиентов (12,300 KZT), исходящих нет; колено 3<4.",3,False,1,0,12300.0,0.0,1,0,1,0.0,0.0,False,0.0,0,False,1,0,0,0.297164,0.082073,0.03016,0.054048,0.079004,0.051879,0.0,0.85,1.0,1.0,нет
100000002646887100,terminal,0.62,3,0.280494,"Наблюдаемый конечный узел: вход от 1 клиентов (24,354 KZT), исходящих нет; колено 3<4.",3,False,1,0,24354.0,0.0,1,0,1,0.0,0.0,False,0.0,0,False,1,0,0,0.329993,0.082073,0.062989,0.054048,0.079004,0.051879,0.0,0.85,1.0,1.0,нет
100000002648315100,peripheral,0.6,11,0.364916,"Недостаточно признаков роли: 1 плательщиков, 2 получателей, колено 1.",1,False,1,2,132000.0,76000.0,1,3,1,0.0,0.0,False,0.0,0,False,1,1,0,0.486555,0.082073,0.141815,0.054048,0.079004,0.129615,0.0,0.75,1.0,1.0,нет
100000002653187100,peripheral,0.55,13,0.148077,"Граница обхода: колено 4, вход от 1 клиентов; исходящие не выгружены. У похожих узлов колен 1–3 выход есть в 29% случаев.",4,False,1,0,15000.0,0.0,1,0,1,0.0,0.0,True,0.287,0,False,1,0,0,0.303748,0.082073,0.036744,0.054048,0.079004,0.051879,0.0,0.75,0.65,1.0,нет
100000002653948100,terminal,0.62,6,0.425236,"Наблюдаемый конечный узел: вход от 1 клиентов (85,200 KZT), исходящих нет; колено 3<4.",3,False,1,0,85200.0,0.0,1,0,3,0.0,0.0,False,0.0,0,False,1,0,0,0.500278,0.082073,0.123932,0.16339,0.079004,0.051879,0.0,0.85,1.0,1.0,нет
100000002659103100,peripheral,0.55,46,0.203485,"Граница обхода: колено 4, вход от 1 клиентов; исходящие не выгружены. У похожих узлов колен 1–3 выход есть в 29% случаев.",4,False,1,0,165000.0,0.0,1,0,1,0.0,0.0,True,0.287,0,False,1,0,0,0.417404,0.082073,0.1504,0.054048,0.079004,0.051879,0.0,0.75,0.65,1.0,нет
100000002659265100,peripheral,0.55,3,0.200665,"Граница обхода: колено 4, вход от 1 клиентов; исходящие не выгружены. У похожих узлов колен 1–3 выход есть в 29% случаев.",4,False,1,0,141000.0,0.0,1,0,1,0.0,0.0,True,0.287,0,False,1,0,0,0.411621,0.082073,0.144617,0.054048,0.079004,0.051879,0.0,0.75,0.65,1.0,нет
100000002660298100,peripheral,0.55,8,0.204374,"Граница обхода: колено 4, вход от 1 клиентов; исходящие не выгружены. У похожих узлов колен 1–3 выход есть в 29% случаев.",4,False,1,0,30900.0,0.0,1,0,2,0.0,0.0,True,0.287,0,False,1,0,0,0.419228,0.082073,0.077936,0.128336,0.079004,0.051879,0.0,0.75,0.65,1.0,нет
100000002662768100,terminal,0.62,4,0.331691,"Наблюдаемый конечный узел: вход от 1 клиентов (84,300 KZT), исходящих нет; колено 1<4.",1,False,1,0,84300.0,0.0,1,0,1,0.0,0.0,False,0.0,0,False,1,0,0,0.390225,0.082073,0.123221,0.054048,0.079004,0.051879,0.0,0.85,1.0,1.0,нет
100000002663511100,terminal,0.62,1,0.370107,"Наблюдаемый конечный узел: вход от 1 клиентов (268,940 KZT), исходящих нет; колено 3<4.",3,False,1,0,268940.0,0.0,1,0,1,0.0,0.0,False,0.0,0,False,1,0,0,0.43542,0.082073,0.168416,0.054048,0.079004,0.051879,0.0,0.85,1.0,1.0,нет
100000002666248100,terminal,0.62,4,0.437412,"Наблюдаемый конечный узел: вход от 1 клиентов (70,032 KZT), исходящих нет; колено 1<4.",1,False,1,0,70032.0,0.0,1,0,4,0.0,0.0,False,0.0,0,False,1,0,0,0.514602,0.082073,0.116726,0.18492,0.079004,0.051879,0.0,0.85,1.0,1.0,нет
100000002670463100,peripheral,0.55,19,0.168592,"Граница обхода: колено 4, вход от 1 клиентов; исходящие не выгружены. У похожих узлов колен 1–3 выход есть в 29% случаев.",4,False,1,0,31500.0,0.0,1,0,1,0.0,0.0,True,0.287,0,False,1,0,0,0.34583,0.082073,0.078826,0.054048,0.079004,0.051879,0.0,0.75,0.65,1.0,нет
100000002670860100,terminal,0.66,10,0.550732,"Наблюдаемый конечный узел: вход от 2 клиентов (450,000 KZT), исходящих нет; колено 1<4.",1,False,2,0,450000.0,0.0,2,0,3,0.0,0.0,False,0.0,0,False,1,0,0,0.64792,0.171308,0.18234,0.16339,0.079004,0.051879,0.0,0.85,1.0,1.0,нет
100000002670960100,terminal,0.62,10,0.446562,"Наблюдаемый конечный узел: вход от 1 клиентов (480,310 KZT), исходящих нет; колено 3<4.",3,False,1,0,480310.0,0.0,1,0,2,0.0,0.0,False,0.0,0,False,1,0,0,0.525367,0.082073,0.184075,0.128336,0.079004,0.051879,0.0,0.85,1.0,1.0,нет
100000002671326100,peripheral,0.55,3,0.225236,"Граница обхода: колено 4, вход от 1 клиентов; исходящие не выгружены. У похожих узлов колен 1–3 выход есть в 29% случаев.",4,False,1,0,1050000.0,0.0,2,0,1,0.0,0.0,True,0.287,0,False,1,0,0,0.462022,0.082073,0.195018,0.054048,0.079004,0.051879,0.0,0.75,0.65,1.0,нет
100000002671806100,terminal,0.62,13,0.252816,"Наблюдаемый конечный узел: вход от 1 клиентов (12,440 KZT), исходящих нет; колено 1<4.",1,False,1,0,12440.0,0.0,1,0,1,0.0,0.0,False,0.0,0,False,1,0,0,0.297431,0.082073,0.030427,0.054048,0.079004,0.051879,0.0,0.85,1.0,1.0,нет
100000002677201100,peripheral,0.6,3,0.423076,"Недостаточно признаков роли: 1 плательщиков, 1 получателей, колено 3.",3,False,1,1,150000.0,87750.0,1,1,1,9.2757e-06,0.0,False,0.0,0,False,1,1,0,0.564101,0.082073,0.146797,0.054048,0.166815,0.114368,0.0,0.75,1.0,1.0,нет
100000002679516100,terminal,0.7,13,0.541355,"Наблюдаемый конечный узел: вход от 3 клиентов (102,335 KZT), исходящих нет; колено 1<4.",1,False,3,0,102335.0,0.0,3,0,4,0.0,0.0,False,0.0,0,False,1,0,0,0.636888,0.187189,0.133897,0.18492,0.079004,0.051879,0.0,0.85,1.0,1.0,нет
100000002680477100,terminal,0.62,10,0.282271,"Наблюдаемый конечный узел: вход от 1 клиентов (25,000 KZT), исходящих нет; колено 2<4.",2,False,1,0,25000.0,0.0,1,0,1,0.0,0.0,False,0.0,0,False,1,0,0,0.332084,0.082073,0.06508,0.054048,0.079004,0.051879,0.0,0.85,1.0,1.0,нет
100000002681449100,peripheral,0.6,41,0.500503,"Недостаточно признаков роли: 2 плательщиков, 2 получателей, колено 1.",1,False,2,2,94638.0,133000.0,2,2,1,8.1163e-06,0.5,False,0.0,0,False,1,1,0,0.667338,0.171308,0.128381,0.054048,0.158986,0.129615,0.025,0.75,1.0,1.0,нет
100000002681544100,terminal,0.66,11,0.430908,"Наблюдаемый конечный узел: вход от 2 клиентов (166,072 KZT), исходящих нет; колено 3<4.",3,False,2,0,166072.0,0.0,2,0,1,0.0,0.0,False,0.0,0,False,2,0,0,0.506951,0.171308,0.150712,0.054048,0.079004,0.051879,0.0,0.85,1.0,1.0,нет
100000002686226100,peripheral,0.55,17,0.218513,"Граница обхода: колено 4, вход от 1 клиентов; исходящие не выгружены. У похожих узлов колен 1–3 выход есть в 29% случаев.",4,False,1,0,430000.0,0.0,2,0,1,0.0,0.0,True,0.287,0,False,1,0,0,0.448232,0.082073,0.181228,0.054048,0.079004,0.051879,0.0,0.75,0.65,1.0,нет
100000002689717100,peripheral,0.55,8,0.213699,"Граница обхода: колено 4, вход от 1 клиентов; исходящие не выгружены. У похожих узлов колен 1–3 выход есть в 29% случаев.",4,False,1,0,47500.0,0.0,1,0,2,0.0,0.0,True,0.287,0,False,1,0,0,0.438356,0.082073,0.097064,0.128336,0.079004,0.051879,0.0,0.75,0.65,1.0,нет
100000002691583100,terminal,0.62,28,0.371771,"Наблюдаемый конечный узел: вход от 1 клиентов (285,200 KZT), исходящих нет; колено 3<4.",3,False,1,0,285200.0,0.0,1,0,1,0.0,0.0,False,0.0,0,False,1,0,0,0.437378,0.082073,0.170374,0.054048,0.079004,0.051879,0.0,0.85,1.0,1.0,нет
100000002691858100,terminal,0.62,33,0.315432,"Наблюдаемый конечный узел: вход от 1 клиентов (51,500 KZT), исходящих нет; колено 2<4.",2,False,1,0,51500.0,0.0,1,0,1,0.0,0.0,False,0.0,0,False,1,0,0,0.371097,0.082073,0.104093,0.054048,0.079004,0.051879,0.0,0.85,1.0,1.0,нет
100000002692044100,terminal,0.62,13,0.337022,"Наблюдаемый конечный узел: вход от 1 клиентов (97,000 KZT), исходящих нет; колено 1<4.",1,False,1,0,97000.0,0.0,1,0,1,0.0,0.0,False,0.0,0,False,1,0,0,0.396497,0.082073,0.129493,0.054048,0.079004,0.051879,0.0,0.85,1.0,1.0,нет
100000002692750100,peripheral,0.6,9,0.589213,"Недостаточно признаков роли: 3 плательщиков, 1 получателей, колено 2.",2,False,3,1,112830.0,77000.0,3,8,3,9.2757e-06,0.3333333333333333,False,0.0,1,False,1,5,0,0.785617,0.187189,0.137189,0.16339,0.166815,0.114368,0.016667,0.75,1.0,1.0,возвратный поток (1 цикл.); повтор одной суммы ×5
100000002695812100,peripheral,0.55,8,0.229226,"Граница обхода: колено 4, вход от 1 клиентов; исходящие не выгружены. У похожих узлов колен 1–3 выход есть в 29% случаев.",4,False,1,0,95000.0,0.0,1,0,2,0.0,0.0,True,0.287,0,False,1,0,0,0.470207,0.082073,0.128915,0.128336,0.079004,0.051879,0.0,0.75,0.65,1.0,нет
100000002696152100,peripheral,0.6,34,0.454807,"Недостаточно признаков роли: 1 плательщиков, 2 получателей, колено 3.",3,False,1,2,21800.0,69000.0,3,8,2,1.39136e-05,0.6666666666666666,False,0.0,1,False,1,3,3,0.606409,0.082073,0.05694,0.128336,0.176112,0.129615,0.033333,0.75,1.0,1.0,возвратный поток (1 цикл.); 3 входов у порога 5–10 тыс.
100000002697752100,terminal,0.66,7,0.498364,"Наблюдаемый конечный узел: вход от 2 клиентов (190,785 KZT), исходящих нет; колено 3<4.",3,False,2,0,190785.0,0.0,2,0,2,0.0,0.0,False,0.0,0,False,1,0,0,0.58631,0.171308,0.155783,0.128336,0.079004,0.051879,0.0,0.85,1.0,1.0,нет
100000002700161100,peripheral,0.55,52,0.17243,"Граница обхода: колено 4, вход от 1 клиентов; исходящие не выгружены. У похожих узлов колен 1–3 выход есть в 29% случаев.",4,False,1,0,39000.0,0.0,1,0,1,0.0,0.0,True,0.287,0,False,1,0,0,0.353703,0.082073,0.086699,0.054048,0.079004,0.051879,0.0,0.75,0.65,1.0,нет
100000002702968100,peripheral,0.55,8,0.204894,"Граница обхода: колено 4, вход от 1 клиентов; исходящие не выгружены. У похожих узлов колен 1–3 выход есть в 29% случаев.",4,False,1,0,31600.0,0.0,1,0,2,0.0,0.0,True,0.287,0,False,1,0,0,0.420296,0.082073,0.079004,0.128336,0.079004,0.051879,0.0,0.75,0.65,1.0,нет
100000002703376100,terminal,0.62,1,0.371015,"Наблюдаемый конечный узел: вход от 1 клиентов (46,501 KZT), исходящих нет; колено 2<4.",2,False,1,0,46501.0,0.0,1,0,2,0.0,0.0,False,0.0,0,False,1,0,0,0.436488,0.082073,0.095196,0.128336,0.079004,0.051879,0.0,0.85,1.0,1.0,нет
100000002704875100,terminal,0.7,7,0.575953,"Наблюдаемый конечный узел: вход от 3 клиентов (244,891 KZT), исходящих нет; колено 1<4.",1,False,3,0,244891.0,0.0,4,0,5,0.0,0.0,False,0.0,0,False,1,0,0,0.677591,0.187189,0.165391,0.194128,0.079004,0.051879,0.0,0.85,1.0,1.0,нет
100000002705460100,terminal,0.62,5,0.336531,"Наблюдаемый конечный узел: вход от 1 клиентов (95,000 KZT), исходящих нет; колено 3<4.",3,False,1,0,95000.0,0.0,1,0,1,0.0,0.0,False,0.0,0,False,1,0,0,0.395919,0.082073,0.128915,0.054048,0.079004,0.051879,0.0,0.85,1.0,1.0,нет
100000002706810100,peripheral,0.55,19,0.17564,"Граница обхода: колено 4, вход от 1 клиентов; исходящие не выгружены. У похожих узлов колен 1–3 выход есть в 29% случаев.",4,False,1,0,45000.0,0.0,1,0,1,0.0,0.0,True,0.287,0,False,1,0,0,0.360287,0.082073,0.093283,0.054048,0.079004,0.051879,0.0,0.75,0.65,1.0,нет
100000002707106100,peripheral,0.55,15,0.148077,"Граница обхода: колено 4, вход от 1 клиентов; исходящие не выгружены. У похожих узлов колен 1–3 выход есть в 29% случаев.",4,False,1,0,15000.0,0.0,2,0,1,0.0,0.0,True,0.287,0,False,1,0,1,0.303748,0.082073,0.036744,0.054048,0.079004,0.051879,0.0,0.75,0.65,1.0,нет
100000002708624100,terminal,0.62,27,0.282271,"Наблюдаемый конечный узел: вход от 1 клиентов (25,000 KZT), исходящих нет; колено 3<4.",3,False,1,0,25000.0,0.0,1,0,1,0.0,0.0,False,0.0,0,False,1,0,0,0.332084,0.082073,0.06508,0.054048,0.079004,0.051879,0.0,0.85,1.0,1.0,нет
100000002710570100,terminal,0.62,32,0.427959,"Наблюдаемый конечный узел: вход от 1 клиентов (225,015 KZT), исходящих нет; колено 2<4.",2,False,1,0,225015.0,0.0,1,0,2,0.0,0.0,False,0.0,0,False,1,0,0,0.503481,0.082073,0.162189,0.128336,0.079004,0.051879,0.0,0.85,1.0,1.0,нет
100000002712416100,terminal,0.66,10,0.531562,"Наблюдаемый конечный узел: вход от 2 клиентов (116,800 KZT), исходящих нет; колено 3<4.",3,False,2,0,116800.0,0.0,2,0,4,0.0,0.0,False,0.0,0,False,1,0,0,0.625367,0.171308,0.138256,0.18492,0.079004,0.051879,0.0,0.85,1.0,1.0,нет
100000002713074100,peripheral,0.6,17,0.523065,"Недостаточно признаков роли: 2 плательщиков, 1 получателей, колено 3.",3,False,2,1,700000.0,430000.0,2,2,1,9.2757e-06,0.0,False,0.0,0,False,2,1,0,0.69742,0.171308,0.190881,0.054048,0.166815,0.114368,0.0,0.75,1.0,1.0,нет
100000002713974100,peripheral,0.55,7,0.179392,"Граница обхода: колено 4, вход от 1 клиентов; исходящие не выгружены. У похожих узлов колен 1–3 выход есть в 29% случаев.",4,False,1,0,50000.0,0.0,1,0,1,0.0,0.0,True,0.287,0,False,1,0,0,0.367983,0.082073,0.100979,0.054048,0.079004,0.051879,0.0,0.75,0.65,1.0,нет
100000002718366100,consolidator,0.79,3,0.721764,"Признаки консолидации: 6 плательщиков, 0 получателей, входящий поток 2,525,000 KZT.",2,False,6,0,2525000.0,0.0,10,0,5,0.0,0.0,False,0.0,0,False,3,0,0,0.721764,0.197553,0.199199,0.194128,0.079004,0.051879,0.0,1.0,1.0,1.0,3 плательщиков в один день
100000002720627100,terminal,0.62,12,0.479874,"Наблюдаемый конечный узел: вход от 1 клиентов (199,300 KZT), исходящих нет; колено 1<4.",1,False,1,0,199300.0,0.0,1,0,5,0.0,0.0,False,0.0,0,False,1,0,0,0.564557,0.082073,0.157473,0.194128,0.079004,0.051879,0.0,0.85,1.0,1.0,нет
100000002721825100,terminal,0.62,1,0.250283,"Наблюдаемый конечный узел: вход от 1 клиентов (11,000 KZT), исходящих нет; колено 2<4.",2,False,1,0,11000.0,0.0,1,0,1,0.0,0.0,False,0.0,0,False,1,0,0,0.294451,0.082073,0.027447,0.054048,0.079004,0.051879,0.0,0.85,1.0,1.0,нет
100000002722108100,terminal,0.62,10,0.454124,"Наблюдаемый конечный узел: вход от 1 клиентов (800,000 KZT), исходящих нет; колено 3<4.",3,False,1,0,800000.0,0.0,2,0,2,0.0,0.0,False,0.0,0,False,1,0,0,0.534264,0.082073,0.192972,0.128336,0.079004,0.051879,0.0,0.85,1.0,1.0,нет
100000002723439100,peripheral,0.55,34,0.152956,"Граница обхода: колено 4, вход от 1 клиентов; исходящие не выгружены. У похожих узлов колен 1–3 выход есть в 29% случаев.",4,False,1,0,18000.0,0.0,2,0,1,0.0,0.0,True,0.287,0,False,1,0,1,0.313757,0.082073,0.046753,0.054048,0.079004,0.051879,0.0,0.75,0.65,1.0,нет
100000002723538100,distributor,0.76,7,0.839435,"Признаки распределения: 12 получателей против 3 плательщиков, исходящий поток 560,499 KZT.",2,False,3,12,105647.0,560499.0,3,14,2,8.14813e-05,1.0,False,0.0,5,False,1,2,0,0.839435,0.187189,0.134875,0.128336,0.192438,0.146597,0.05,1.0,1.0,1.0,возвратный поток (5 цикл.)
100000002723674100,peripheral,0.55,23,0.166987,"Граница обхода: колено 4, вход от 1 клиентов; исходящие не выгружены. У похожих узлов колен 1–3 выход есть в 29% случаев.",4,False,1,0,30000.0,0.0,1,0,1,0.0,0.0,True,0.287,0,False,1,0,0,0.342538,0.082073,0.075534,0.054048,0.079004,0.051879,0.0,0.75,0.65,1.0,нет
100000002726055100,peripheral,0.55,23,0.141354,"Граница обхода: колено 4, вход от 1 клиентов; исходящие не выгружены. У похожих узлов колен 1–3 выход есть в 29% случаев.",4,False,1,0,10000.0,0.0,1,0,1,0.0,0.0,True,0.287,0,False,1,0,0,0.289958,0.082073,0.022954,0.054048,0.079004,0.051879,0.0,0.75,0.65,1.0,нет
100000002727288100,terminal,0.62,16,0.354491,"Наблюдаемый конечный узел: вход от 1 клиентов (16,000 KZT), исходящих нет; колено 3<4.",3,False,1,0,16000.0,0.0,1,0,3,0.0,0.0,False,0.0,0,False,1,0,0,0.417048,0.082073,0.040703,0.16339,0.079004,0.051879,0.0,0.85,1.0,1.0,нет
100000002728246100,peripheral,0.55,6,0.194658,"Граница обхода: колено 4, вход от 1 клиентов; исходящие не выгружены. У похожих узлов колен 1–3 выход есть в 29% случаев.",4,False,1,0,10000.0,0.0,1,0,3,0.0,0.0,True,0.287,0,False,1,0,0,0.399299,0.082073,0.022954,0.16339,0.079004,0.051879,0.0,0.75,0.65,1.0,нет
100000002729875100,peripheral,0.55,8,0.22478,"Граница обхода: колено 4, вход от 1 клиентов; исходящие не выгружены. У похожих узлов колен 1–3 выход есть в 29% случаев.",4,False,1,0,76000.0,0.0,1,0,2,0.0,0.0,True,0.287,0,False,1,0,0,0.461088,0.082073,0.119795,0.128336,0.079004,0.051879,0.0,0.75,0.65,1.0,нет
100000002731501100,peripheral,0.6,26,0.527352,"Недостаточно признаков роли: 3 плательщиков, 7 получателей, колено 1.",1,False,3,7,570370.0,833960.0,7,20,1,0.0,1.0,False,0.0,10,True,3,5,1,0.703136,0.187189,0.188434,0.054048,0.079004,0.144462,0.05,0.75,1.0,1.0,возвратный поток с seed (10 цикл.); 3 плательщиков в один день; повтор одной суммы ×5
100000002733083100,peripheral,0.55,8,0.185052,"Граница обхода: колено 4, вход от 1 клиентов; исходящие не выгружены. У похожих узлов колен 1–3 выход есть в 29% случаев.",4,False,1,0,15200.0,0.0,1,0,2,0.0,0.0,True,0.287,0,False,1,0,0,0.379593,0.082073,0.038301,0.128336,0.079004,0.051879,0.0,0.75,0.65,1.0,нет
100000002733905100,peripheral,0.6,2,0.458713,"Недостаточно признаков роли: 3 плательщиков, 2 получателей, колено 2.",2,False,3,2,100000.0,717839.0,5,3,1,0.0,0.6,False,0.0,2,False,2,1,0,0.611617,0.187189,0.131762,0.054048,0.079004,0.129615,0.03,0.75,1.0,1.0,возвратный поток (2 цикл.)
100000002734815100,peripheral,0.55,3,0.196632,"Граница обхода: колено 4, вход от 1 клиентов; исходящие не выгружены. У похожих узлов колен 1–3 выход есть в 29% случаев.",4,False,1,0,110000.0,0.0,1,0,1,0.0,0.0,True,0.287,0,False,1,0,0,0.403347,0.082073,0.136343,0.054048,0.079004,0.051879,0.0,0.75,0.65,1.0,нет
100000002736033100,peripheral,0.6,17,0.374433,"Недостаточно признаков роли: 1 плательщиков, 1 получателей, колено 3.",3,False,1,1,34530.0,11000.0,1,1,1,9.2757e-06,0.0,False,0.0,0,False,1,1,0,0.499244,0.082073,0.08194,0.054048,0.166815,0.114368,0.0,0.75,1.0,1.0,нет
100000002736316100,terminal,0.7,1,0.552169,"Наблюдаемый конечный узел: вход от 3 клиентов (266,921 KZT), исходящих нет; колено 3<4.",3,False,3,0,266921.0,0.0,3,0,3,0.0,0.0,False,0.0,0,False,2,0,0,0.649611,0.187189,0.168149,0.16339,0.079004,0.051879,0.0,0.85,1.0,1.0,нет
100000002737980100,terminal,0.62,5,0.358235,"Наблюдаемый конечный узел: вход от 1 клиентов (32,900 KZT), исходящих нет; колено 3<4.",3,False,1,0,32900.0,0.0,1,0,2,0.0,0.0,False,0.0,0,False,1,0,0,0.421452,0.082073,0.08016,0.128336,0.079004,0.051879,0.0,0.85,1.0,1.0,нет
100000002738256100,transit,0.7262,53,0.500652,"Признаки транзита: отдал 117% видимого входа; 1→1 связей, быстрый выход 100%.",2,False,1,1,150200.0,175000.0,1,1,1,0.0,1.0,False,0.0,1,False,1,1,0,0.527002,0.082073,0.147509,0.054048,0.079004,0.114368,0.05,0.95,1.0,1.0,возвратный поток (1 цикл.)
100000002741024100,peripheral,0.6,1,0.685816,"Недостаточно признаков роли: 5 плательщиков, 6 получателей, колено 2.",2,False,5,6,817980.85,434989.0,9,7,3,5.56545e-05,0.5555555555555556,False,0.0,3,False,1,2,1,0.914421,0.196263,0.193327,0.16339,0.190169,0.143494,0.027778,0.75,1.0,1.0,возвратный поток (3 цикл.)
100000002742067100,terminal,0.62,16,0.346211,"Наблюдаемый конечный узел: вход от 1 клиентов (12,730 KZT), исходящих нет; колено 2<4.",2,False,1,0,12730.0,0.0,1,0,3,0.0,0.0,False,0.0,0,False,1,0,0,0.407306,0.082073,0.030961,0.16339,0.079004,0.051879,0.0,0.85,1.0,1.0,нет
100000002744581100,terminal,0.62,11,0.251531,"Наблюдаемый конечный узел: вход от 1 клиентов (12,000 KZT), исходящих нет; колено 2<4.",2,False,1,0,12000.0,0.0,1,0,1,0.0,0.0,False,0.0,0,False,1,0,0,0.295919,0.082073,0.028915,0.054048,0.079004,0.051879,0.0,0.85,1.0,1.0,нет
100000002748040100,peripheral,0.55,8,0.189172,"Граница обхода: колено 4, вход от 1 клиентов; исходящие не выгружены. У похожих узлов колен 1–3 выход есть в 29% случаев.",4,False,1,0,18000.0,0.0,1,0,2,0.0,0.0,True,0.287,0,False,1,0,0,0.388045,0.082073,0.046753,0.128336,0.079004,0.051879,0.0,0.75,0.65,1.0,нет
100000002748180100,distributor,0.69,10,0.429827,"Признаки распределения: 8 получателей против 1 плательщиков, исходящий поток 679,743 KZT.",1,False,1,8,9900.0,679743.0,1,9,1,0.0,1.0,False,0.0,0,False,1,2,1,0.429827,0.082073,0.019573,0.054048,0.079004,0.145129,0.05,1.0,1.0,1.0,нет
100000002748511100,peripheral,0.55,5,0.155515,"Граница обхода: колено 4, вход от 1 клиентов; исходящие не выгружены. У похожих узлов колен 1–3 выход есть в 29% случаев.",4,False,1,0,20000.0,0.0,1,0,1,0.0,0.0,True,0.287,0,False,1,0,0,0.319006,0.082073,0.052002,0.054048,0.079004,0.051879,0.0,0.75,0.65,1.0,нет
100000002748532100,peripheral,0.6,22,0.640628,"Недостаточно признаков роли: 3 плательщиков, 2 получателей, колено 2.",2,False,3,2,355575.0,646685.0,3,7,4,1.39136e-05,0.0,False,0.0,0,False,1,1,0,0.85417,0.187189,0.176335,0.18492,0.176112,0.129615,0.0,0.75,1.0,1.0,нет
100000002748581100,terminal,0.62,15,0.303559,"Наблюдаемый конечный узел: вход от 1 клиентов (41,180 KZT), исходящих нет; колено 3<4.",3,False,1,0,41180.0,0.0,1,0,1,0.0,0.0,False,0.0,0,False,1,0,0,0.357129,0.082073,0.090125,0.054048,0.079004,0.051879,0.0,0.85,1.0,1.0,нет
100000002748761100,terminal,0.62,10,0.454049,"Наблюдаемый конечный узел: вход от 1 клиентов (796,800 KZT), исходящих нет; колено 3<4.",3,False,1,0,796800.0,0.0,3,0,2,0.0,0.0,False,0.0,0,False,1,0,0,0.534175,0.082073,0.192883,0.128336,0.079004,0.051879,0.0,0.85,1.0,1.0,нет
100000002750332100,terminal,0.62,3,0.250775,"Наблюдаемый конечный узел: вход от 1 клиентов (11,360 KZT), исходящих нет; колено 1<4.",1,False,1,0,11360.0,0.0,1,0,1,0.0,0.0,False,0.0,0,False,1,0,0,0.295029,0.082073,0.028025,0.054048,0.079004,0.051879,0.0,0.85,1.0,1.0,нет
100000002750956100,terminal,0.62,1,0.309382,"Наблюдаемый конечный узел: вход от 1 клиентов (47,416 KZT), исходящих нет; колено 1<4.",1,False,1,0,47416.0,0.0,1,0,1,0.0,0.0,False,0.0,0,False,1,0,0,0.363979,0.082073,0.096975,0.054048,0.079004,0.051879,0.0,0.85,1.0,1.0,нет
100000002752565100,peripheral,0.55,7,0.219359,"Граница обхода: колено 4, вход от 1 клиентов; исходящие не выгружены. У похожих узлов колен 1–3 выход есть в 29% случаев.",4,False,1,0,57000.0,0.0,1,0,2,0.0,0.0,True,0.287,0,False,1,0,0,0.449967,0.082073,0.108674,0.128336,0.079004,0.051879,0.0,0.75,0.65,1.0,нет
100000002753146100,terminal,0.62,10,0.4542,"Наблюдаемый конечный узел: вход от 1 клиентов (803,540 KZT), исходящих нет; колено 3<4.",3,False,1,0,803540.0,0.0,3,0,2,0.0,0.0,False,0.0,0,False,1,0,0,0.534353,0.082073,0.19306,0.128336,0.079004,0.051879,0.0,0.85,1.0,1.0,нет
100000002755292100,terminal,0.62,6,0.455637,"Наблюдаемый конечный узел: вход от 1 клиентов (203,400 KZT), исходящих нет; колено 3<4.",3,False,1,0,203400.0,0.0,1,0,3,0.0,0.0,False,0.0,0,False,1,0,0,0.536043,0.082073,0.159698,0.16339,0.079004,0.051879,0.0,0.85,1.0,1.0,нет
100000002757240100,terminal,0.62,4,0.408221,"Наблюдаемый конечный узел: вход от 1 клиентов (51,183 KZT), исходящих нет; колено 2<4.",2,False,1,0,51183.0,0.0,1,0,3,0.0,0.0,False,0.0,0,False,1,0,0,0.48026,0.082073,0.103915,0.16339,0.079004,0.051879,0.0,0.85,1.0,1.0,нет
100000002757791100,terminal,0.62,9,0.32704,"Наблюдаемый конечный узел: вход от 1 клиентов (73,050 KZT), исходящих нет; колено 3<4.",3,False,1,0,73050.0,0.0,1,0,1,0.0,0.0,False,0.0,0,False,1,0,0,0.384753,0.082073,0.117749,0.054048,0.079004,0.051879,0.0,0.85,1.0,1.0,нет
100000002757797100,terminal,0.62,13,0.338951,"Наблюдаемый конечный узел: вход от 1 клиентов (100,000 KZT), исходящих нет; колено 1<4.",1,False,1,0,100000.0,0.0,1,0,1,0.0,0.0,False,0.0,0,False,1,0,0,0.398766,0.082073,0.131762,0.054048,0.079004,0.051879,0.0,0.85,1.0,1.0,нет
100000002760175100,terminal,0.62,12,0.477756,"Наблюдаемый конечный узел: вход от 1 клиентов (187,410 KZT), исходящих нет; колено 1<4.",1,False,1,0,187410.0,0.0,1,0,5,0.0,0.0,False,0.0,0,False,1,0,0,0.562066,0.082073,0.154982,0.194128,0.079004,0.051879,0.0,0.85,1.0,1.0,нет
100000002762076100,peripheral,0.6,11,0.478058,"Недостаточно признаков роли: 2 плательщиков, 1 получателей, колено 1.",1,False,2,1,140350.0,30000.0,2,1,2,0.0,0.0,False,0.0,0,False,1,1,0,0.637411,0.171308,0.144395,0.128336,0.079004,0.114368,0.0,0.75,1.0,1.0,нет
100000002769809100,terminal,0.62,18,0.344017,"Наблюдаемый конечный узел: вход от 1 клиентов (113,422 KZT), исходящих нет; колено 3<4.",3,False,1,0,113422.0,0.0,1,0,1,0.0,0.0,False,0.0,0,False,1,0,0,0.404726,0.082073,0.137722,0.054048,0.079004,0.051879,0.0,0.85,1.0,1.0,нет
100000002773323100,peripheral,0.6,3,0.589624,"Недостаточно признаков роли: 2 плательщиков, 1 получателей, колено 3.",3,False,2,1,285000.0,1171644.0,2,2,3,9.2757e-06,0.0,False,0.0,0,False,2,1,0,0.786165,0.171308,0.170285,0.16339,0.166815,0.114368,0.0,0.75,1.0,1.0,нет
100000002774456100,terminal,0.62,12,0.433517,"Наблюдаемый конечный узел: вход от 1 клиентов (50,363 KZT), исходящих нет; колено 1<4.",1,False,1,0,50363.0,0.0,1,0,5,0.0,0.0,False,0.0,0,False,1,0,0,0.51002,0.082073,0.102936,0.194128,0.079004,0.051879,0.0,0.85,1.0,1.0,нет
100000002778085100,terminal,0.62,5,0.387122,"Наблюдаемый конечный узел: вход от 1 клиентов (66,208 KZT), исходящих нет; колено 1<4.",1,False,1,0,66208.0,0.0,1,0,2,0.0,0.0,False,0.0,0,False,1,0,0,0.455438,0.082073,0.114146,0.128336,0.079004,0.051879,0.0,0.85,1.0,1.0,нет
100000002779485100,terminal,0.62,7,0.334678,"Наблюдаемый конечный узел: вход от 1 клиентов (91,000 KZT), исходящих нет; колено 2<4.",2,False,1,0,91000.0,0.0,2,0,1,0.0,0.0,False,0.0,0,False,1,0,0,0.393739,0.082073,0.126735,0.054048,0.079004,0.051879,0.0,0.85,1.0,1.0,нет
100000002781227100,transit,0.7291,64,0.596729,"Признаки транзита: отдал 111% видимого входа; 2→3 связей, быстрый выход 62%.",1,False,2,3,191167.62,212420.0,8,10,1,0.0,0.625,False,0.0,1,False,1,1,3,0.628136,0.171308,0.155872,0.054048,0.079004,0.136655,0.03125,0.95,1.0,1.0,возвратный поток (1 цикл.)
100000002784085100,terminal,0.62,3,0.3616,"Наблюдаемый конечный узел: вход от 1 клиентов (200,000 KZT), исходящих нет; колено 1<4.",1,False,1,0,200000.0,0.0,1,0,1,0.0,0.0,False,0.0,0,False,1,0,0,0.425411,0.082073,0.158407,0.054048,0.079004,0.051879,0.0,0.85,1.0,1.0,нет
100000002791494100,peripheral,0.55,8,0.226884,"Граница обхода: колено 4, вход от 1 клиентов; исходящие не выгружены. У похожих узлов колен 1–3 выход есть в 29% случаев.",4,False,1,0,85860.0,0.0,1,0,2,0.0,0.0,True,0.287,0,False,1,0,0,0.465403,0.082073,0.12411,0.128336,0.079004,0.051879,0.0,0.75,0.65,1.0,нет
100000002793851100,terminal,0.62,5,0.313693,"Наблюдаемый конечный узел: вход от 1 клиентов (11,052 KZT), исходящих нет; колено 1<4.",1,False,1,0,11052.0,0.0,1,0,2,0.0,0.0,False,0.0,0,False,1,0,0,0.36905,0.082073,0.027758,0.128336,0.079004,0.051879,0.0,0.85,1.0,1.0,нет
100000002793881100,terminal,0.7,3,0.591266,"Наблюдаемый конечный узел: вход от 3 клиентов (785,600 KZT), исходящих нет; колено 3<4.",3,False,3,0,785600.0,0.0,3,0,4,0.0,0.0,False,0.0,0,False,3,0,0,0.695607,0.187189,0.192616,0.18492,0.079004,0.051879,0.0,0.85,1.0,1.0,3 плательщиков в один день
100000002794197100,terminal,0.62,11,0.29267,"Наблюдаемый конечный узел: вход от 1 клиентов (30,100 KZT), исходящих нет; колено 1<4.",1,False,1,0,30100.0,0.0,1,0,1,0.0,0.0,False,0.0,0,False,1,0,0,0.344317,0.082073,0.077313,0.054048,0.079004,0.051879,0.0,0.85,1.0,1.0,нет
100000002794374100,peripheral,0.55,49,0.196849,"Граница обхода: колено 4, вход от 1 клиентов; исходящие не выгружены. У похожих узлов колен 1–3 выход есть в 29% случаев.",4,False,1,0,111000.0,0.0,1,0,1,0.0,0.0,True,0.287,0,False,1,0,0,0.403792,0.082073,0.136788,0.054048,0.079004,0.051879,0.0,0.75,0.65,1.0,нет
100000002796853100,peripheral,0.6,64,0.39797,"Недостаточно признаков роли: 1 плательщиков, 1 получателей, колено 2.",2,False,1,1,199000.0,46167.62,8,5,1,0.0,0.875,False,0.0,1,False,1,2,2,0.530627,0.082073,0.157384,0.054048,0.079004,0.114368,0.04375,0.75,1.0,1.0,возвратный поток (1 цикл.)
100000002799941100,terminal,0.62,18,0.387992,"Наблюдаемый конечный узел: вход от 1 клиентов (600,000 KZT), исходящих нет; колено 3<4.",3,False,1,0,600000.0,0.0,1,0,1,0.0,0.0,False,0.0,0,False,1,0,0,0.456461,0.082073,0.189457,0.054048,0.079004,0.051879,0.0,0.85,1.0,1.0,нет
100000002807334100,terminal,0.62,6,0.410792,"Наблюдаемый конечный узел: вход от 1 клиентов (54,715 KZT), исходящих нет; колено 3<4.",3,False,1,0,54715.0,0.0,1,0,3,0.0,0.0,False,0.0,0,False,1,0,0,0.483285,0.082073,0.10694,0.16339,0.079004,0.051879,0.0,0.85,1.0,1.0,нет
100000002809568100,terminal,0.62,1,0.246464,"Наблюдаемый конечный узел: вход от 1 клиентов (10,000 KZT), исходящих нет; колено 1<4.",1,False,1,0,10000.0,0.0,1,0,1,0.0,0.0,False,0.0,0,False,1,0,0,0.289958,0.082073,0.022954,0.054048,0.079004,0.051879,0.0,0.85,1.0,1.0,нет
100000002809896100,terminal,0.62,8,0.300194,"Наблюдаемый конечный узел: вход от 1 клиентов (38,000 KZT), исходящих нет; колено 3<4.",3,False,1,0,38000.0,0.0,1,0,1,0.0,0.0,False,0.0,0,False,1,0,0,0.353169,0.082073,0.086165,0.054048,0.079004,0.051879,0.0,0.85,1.0,1.0,нет
100000002810870100,terminal,0.62,2,0.295543,"Наблюдаемый конечный узел: вход от 1 клиентов (33,677 KZT), исходящих нет; колено 1<4.",1,False,1,0,33677.0,0.0,1,0,1,0.0,0.0,False,0.0,0,False,1,0,0,0.347698,0.082073,0.080694,0.054048,0.079004,0.051879,0.0,0.85,1.0,1.0,нет
100000002812641100,peripheral,0.6,3,0.383841,"Недостаточно признаков роли: 1 плательщиков, 1 получателей, колено 2.",2,False,1,1,10000.0,7023.95,1,1,3,0.0,1.0,False,0.0,1,False,1,1,0,0.511788,0.082073,0.022954,0.16339,0.079004,0.114368,0.05,0.75,1.0,1.0,возвратный поток (1 цикл.)
100000002815005100,terminal,0.62,3,0.446259,"Наблюдаемый конечный узел: вход от 1 клиентов (476,500 KZT), исходящих нет; колено 3<4.",3,False,1,0,476500.0,0.0,1,0,2,0.0,0.0,False,0.0,0,False,1,0,0,0.525011,0.082073,0.183719,0.128336,0.079004,0.051879,0.0,0.85,1.0,1.0,нет
100000002818726100,terminal,0.62,14,0.342959,"Наблюдаемый конечный узел: вход от 1 клиентов (10,879 KZT), исходящих нет; колено 3<4.",3,False,1,0,10879.0,0.0,1,0,3,0.0,0.0,False,0.0,0,False,1,0,0,0.403481,0.082073,0.027135,0.16339,0.079004,0.051879,0.0,0.85,1.0,1.0,нет
100000002820010100,terminal,0.62,9,0.291157,"Наблюдаемый конечный узел: вход от 1 клиентов (30,000 KZT), исходящих нет; колено 2<4.",2,False,1,0,30000.0,0.0,1,0,1,0.0,0.0,False,0.0,0,False,1,0,0,0.342538,0.082073,0.075534,0.054048,0.079004,0.051879,0.0,0.85,1.0,1.0,нет
100000002821425100,terminal,0.62,10,0.433668,"Наблюдаемый конечный узел: вход от 1 клиентов (275,000 KZT), исходящих нет; колено 3<4.",3,False,1,0,275000.0,0.0,1,0,2,0.0,0.0,False,0.0,0,False,1,0,0,0.510198,0.082073,0.168906,0.128336,0.079004,0.051879,0.0,0.85,1.0,1.0,нет
100000002822472100,terminal,0.66,10,0.538444,"Наблюдаемый конечный узел: вход от 2 клиентов (266,722 KZT), исходящих нет; колено 3<4.",3,False,2,0,266722.0,0.0,2,0,3,0.0,0.0,False,0.0,0,False,1,0,0,0.633463,0.171308,0.167883,0.16339,0.079004,0.051879,0.0,0.85,1.0,1.0,нет
100000002824176100,terminal,0.62,9,0.413742,"Наблюдаемый конечный узел: вход от 1 клиентов (144,000 KZT), исходящих нет; колено 1<4.",1,False,1,0,144000.0,0.0,1,0,2,0.0,0.0,False,0.0,0,False,1,0,0,0.486755,0.082073,0.145463,0.128336,0.079004,0.051879,0.0,0.85,1.0,1.0,нет
100000002826669100,terminal,0.62,1,0.446486,"Наблюдаемый конечный узел: вход от 1 клиентов (159,900 KZT), исходящих нет; колено 2<4.",2,False,1,0,159900.0,0.0,4,0,3,0.0,0.0,False,0.0,0,False,1,0,1,0.525278,0.082073,0.148932,0.16339,0.079004,0.051879,0.0,0.85,1.0,1.0,нет
100000002830055100,terminal,0.62,2,0.255501,"Наблюдаемый конечный узел: вход от 1 клиентов (14,000 KZT), исходящих нет; колено 1<4.",1,False,1,0,14000.0,0.0,1,0,1,0.0,0.0,False,0.0,0,False,1,0,0,0.300589,0.082073,0.033585,0.054048,0.079004,0.051879,0.0,0.85,1.0,1.0,нет
100000002831727100,peripheral,0.6,18,0.359253,"Недостаточно признаков роли: 1 плательщиков, 1 получателей, колено 2.",2,False,1,1,6000.0,77000.0,1,3,1,9.2757e-06,1.0,False,0.0,0,False,1,1,1,0.479004,0.082073,0.011699,0.054048,0.166815,0.114368,0.05,0.75,1.0,1.0,нет
100000002832753100,peripheral,0.55,16,0.145084,"Граница обхода: колено 4, вход от 1 клиентов; исходящие не выгружены. У похожих узлов колен 1–3 выход есть в 29% случаев.",4,False,1,0,12500.0,0.0,1,0,1,0.0,0.0,True,0.287,0,False,1,0,0,0.297609,0.082073,0.030605,0.054048,0.079004,0.051879,0.0,0.75,0.65,1.0,нет
100000002835874100,peripheral,0.55,3,0.219814,"Граница обхода: колено 4, вход от 1 клиентов; исходящие не выгружены. У похожих узлов колен 1–3 выход есть в 29% случаев.",4,False,1,0,58700.0,0.0,1,0,2,0.0,0.0,True,0.287,0,False,1,0,0,0.450901,0.082073,0.109609,0.128336,0.079004,0.051879,0.0,0.75,0.65,1.0,нет
100000002836052100,terminal,0.62,4,0.381148,"Наблюдаемый конечный узел: вход от 1 клиентов (15,000 KZT), исходящих нет; колено 2<4.",2,False,1,0,15000.0,0.0,1,0,8,0.0,0.0,False,0.0,0,False,1,0,0,0.44841,0.082073,0.036744,0.19871,0.079004,0.051879,0.0,0.85,1.0,1.0,нет
100000002836736100,terminal,0.66,9,0.553946,"Наблюдаемый конечный узел: вход от 2 клиентов (509,000 KZT), исходящих нет; колено 1<4.",1,False,2,0,509000.0,0.0,2,0,3,0.0,0.0,False,0.0,0,False,2,0,0,0.651702,0.171308,0.186121,0.16339,0.079004,0.051879,0.0,0.85,1.0,1.0,нет
100000002838519100,terminal,0.62,15,0.308097,"Наблюдаемый конечный узел: вход от 1 клиентов (46,900 KZT), исходящих нет; колено 3<4.",3,False,1,0,46900.0,0.0,1,0,1,0.0,0.0,False,0.0,0,False,1,0,0,0.362467,0.082073,0.095463,0.054048,0.079004,0.051879,0.0,0.85,1.0,1.0,нет
100000002838861100,consolidator,0.72,3,0.850178,"Признаки консолидации: 5 плательщиков, 1 получателей, входящий поток 554,524 KZT.",1,False,5,1,554523.95,10000.0,5,1,4,9.2757e-06,0.0,False,0.0,1,False,2,1,1,0.850178,0.196263,0.187811,0.18492,0.166815,0.114368,0.0,1.0,1.0,1.0,возвратный поток (1 цикл.)
100000002842321100,terminal,0.62,6,0.446789,"Наблюдаемый конечный узел: вход от 1 клиентов (160,000 KZT), исходящих нет; колено 3<4.",3,False,1,0,160000.0,0.0,1,0,3,0.0,0.0,False,0.0,0,False,1,0,0,0.525634,0.082073,0.149288,0.16339,0.079004,0.051879,0.0,0.85,1.0,1.0,нет
100000002842337100,terminal,0.62,11,0.312785,"Наблюдаемый конечный узел: вход от 1 клиентов (50,000 KZT), исходящих нет; колено 2<4.",2,False,1,0,50000.0,0.0,1,0,1,0.0,0.0,False,0.0,0,False,1,0,0,0.367983,0.082073,0.100979,0.054048,0.079004,0.051879,0.0,0.85,1.0,1.0,нет
100000002844652100,terminal,0.62,11,0.321633,"Наблюдаемый конечный узел: вход от 1 клиентов (61,360 KZT), исходящих нет; колено 1<4.",1,False,1,0,61360.0,0.0,1,0,1,0.0,0.0,False,0.0,0,False,1,0,0,0.378392,0.082073,0.111388,0.054048,0.079004,0.051879,0.0,0.85,1.0,1.0,нет
100000002844897100,terminal,0.62,3,0.249867,"Наблюдаемый конечный узел: вход от 1 клиентов (10,800 KZT), исходящих нет; колено 1<4.",1,False,1,0,10800.0,0.0,1,0,1,0.0,0.0,False,0.0,0,False,1,0,0,0.293961,0.082073,0.026957,0.054048,0.079004,0.051879,0.0,0.85,1.0,1.0,нет
100000002845605100,terminal,0.62,1,0.319743,"Наблюдаемый конечный узел: вход от 1 клиентов (57,567 KZT), исходящих нет; колено 1<4.",1,False,1,0,57567.0,0.0,1,0,1,0.0,0.0,False,0.0,0,False,1,0,0,0.376168,0.082073,0.109164,0.054048,0.079004,0.051879,0.0,0.85,1.0,1.0,нет
100000002847207100,terminal,0.62,4,0.418733,"Наблюдаемый конечный узел: вход от 1 клиентов (46,243 KZT), исходящих нет; колено 1<4.",1,False,1,0,46243.0,0.0,1,0,4,0.0,0.0,False,0.0,0,False,1,0,0,0.492627,0.082073,0.094751,0.18492,0.079004,0.051879,0.0,0.85,1.0,1.0,нет
100000002849158100,peripheral,0.6,3,0.655049,"Недостаточно признаков роли: 3 плательщиков, 1 получателей, колено 3.",3,False,3,1,723000.0,1313000.0,3,3,3,9.2757e-06,1.0,False,0.0,0,False,3,1,0,0.873399,0.187189,0.191637,0.16339,0.166815,0.114368,0.05,0.75,1.0,1.0,3 плательщиков в один день
100000002852402100,terminal,0.62,16,0.318306,"Наблюдаемый конечный узел: вход от 1 клиентов (55,000 KZT), исходящих нет; колено 2<4.",2,False,1,0,55000.0,0.0,1,0,1,0.0,0.0,False,0.0,0,False,1,0,0,0.374477,0.082073,0.107473,0.054048,0.079004,0.051879,0.0,0.85,1.0,1.0,нет
100000002858835100,terminal,0.62,2,0.28057,"Наблюдаемый конечный узел: вход от 1 клиентов (24,400 KZT), исходящих нет; колено 1<4.",1,False,1,0,24400.0,0.0,1,0,1,0.0,0.0,False,0.0,0,False,1,0,0,0.330082,0.082073,0.063078,0.054048,0.079004,0.051879,0.0,0.85,1.0,1.0,нет
100000002860934100,peripheral,0.55,29,0.212701,"Граница обхода: колено 4, вход от 1 клиентов; исходящие не выгружены. У похожих узлов колен 1–3 выход есть в 29% случаев.",4,False,1,0,279500.0,0.0,4,0,1,0.0,0.0,True,0.287,0,False,1,0,1,0.43631,0.082073,0.169306,0.054048,0.079004,0.051879,0.0,0.75,0.65,1.0,нет
100000002861485100,terminal,0.62,5,0.352563,"Наблюдаемый конечный узел: вход от 1 клиентов (29,323 KZT), исходящих нет; колено 1<4.",1,False,1,0,29323.0,0.0,1,0,2,0.0,0.0,False,0.0,0,False,1,0,0,0.41478,0.082073,0.073488,0.128336,0.079004,0.051879,0.0,0.85,1.0,1.0,нет
100000002862113100,terminal,0.62,15,0.309307,"Наблюдаемый конечный узел: вход от 1 клиентов (47,405 KZT), исходящих нет; колено 3<4.",3,False,1,0,47405.0,0.0,2,0,1,0.0,0.0,False,0.0,0,False,1,0,0,0.36389,0.082073,0.096886,0.054048,0.079004,0.051879,0.0,0.85,1.0,1.0,нет
100000002863356100,peripheral,0.6,2,0.317082,"Недостаточно признаков роли: 1 плательщиков, 1 получателей, колено 2.",2,False,1,1,45000.0,20000.0,1,1,1,0.0,0.0,False,0.0,0,False,1,1,0,0.422776,0.082073,0.093283,0.054048,0.079004,0.114368,0.0,0.75,1.0,1.0,нет
100000002864256100,terminal,0.62,4,0.459342,"Наблюдаемый конечный узел: вход от 1 клиентов (135,780 KZT), исходящих нет; колено 1<4.",1,False,1,0,135780.0,0.0,1,0,4,0.0,0.0,False,0.0,0,False,1,0,0,0.540403,0.082073,0.142527,0.18492,0.079004,0.051879,0.0,0.85,1.0,1.0,нет
100000002864680100,terminal,0.62,13,0.318986,"Наблюдаемый конечный узел: вход от 1 клиентов (55,932 KZT), исходящих нет; колено 1<4.",1,False,1,0,55932.0,0.0,1,0,1,0.0,0.0,False,0.0,0,False,1,0,0,0.375278,0.082073,0.108274,0.054048,0.079004,0.051879,0.0,0.85,1.0,1.0,нет
100000002870463100,peripheral,0.6,9,0.576879,"Недостаточно признаков роли: 3 плательщиков, 1 получателей, колено 2.",2,False,3,1,207000.0,10000.0,4,1,2,9.2757e-06,0.25,False,0.0,1,False,1,1,0,0.769173,0.187189,0.159964,0.128336,0.166815,0.114368,0.0125,0.75,1.0,1.0,возвратный поток (1 цикл.)
100000002870937100,terminal,0.62,11,0.33154,"Наблюдаемый конечный узел: вход от 1 клиентов (83,700 KZT), исходящих нет; колено 1<4.",1,False,1,0,83700.0,0.0,1,0,1,0.0,0.0,False,0.0,0,False,1,0,0,0.390047,0.082073,0.123043,0.054048,0.079004,0.051879,0.0,0.85,1.0,1.0,нет
100000002871199100,terminal,0.62,15,0.277243,"Наблюдаемый конечный узел: вход от 1 клиентов (23,186 KZT), исходящих нет; колено 3<4.",3,False,1,0,23186.0,0.0,1,0,1,0.0,0.0,False,0.0,0,False,1,0,0,0.326168,0.082073,0.059164,0.054048,0.079004,0.051879,0.0,0.85,1.0,1.0,нет
100000002872399100,terminal,0.62,11,0.393021,"Наблюдаемый конечный узел: вход от 1 клиентов (1,090,000 KZT), исходящих нет; колено 3<4.",3,False,1,0,1090000.0,0.0,9,0,1,0.0,0.0,False,0.0,0,False,1,0,0,0.462378,0.082073,0.195374,0.054048,0.079004,0.051879,0.0,0.85,1.0,1.0,нет
100000002876914100,peripheral,0.55,19,0.14426,"Граница обхода: колено 4, вход от 1 клиентов; исходящие не выгружены. У похожих узлов колен 1–3 выход есть в 29% случаев.",4,False,1,0,12000.0,0.0,1,0,1,0.0,0.0,True,0.287,0,False,1,0,0,0.295919,0.082073,0.028915,0.054048,0.079004,0.051879,0.0,0.75,0.65,1.0,нет
100000002877262100,terminal,0.62,3,0.431891,"Наблюдаемый конечный узел: вход от 1 клиентов (100,000 KZT), исходящих нет; колено 3<4.",3,False,1,0,100000.0,0.0,1,0,3,0.0,0.0,False,0.0,0,False,1,0,0,0.508107,0.082073,0.131762,0.16339,0.079004,0.051879,0.0,0.85,1.0,1.0,нет
100000002878467100,terminal,0.66,3,0.500594,"Наблюдаемый конечный узел: вход от 2 клиентов (200,000 KZT), исходящих нет; колено 3<4.",3,False,2,0,200000.0,0.0,2,0,2,0.0,0.0,False,0.0,0,False,1,0,0,0.588935,0.171308,0.158407,0.128336,0.079004,0.051879,0.0,0.85,1.0,1.0,нет
100000002878483100,peripheral,0.55,19,0.135868,"Граница обхода: колено 4, вход от 1 клиентов; исходящие не выгружены. У похожих узлов колен 1–3 выход есть в 29% случаев.",4,False,1,0,6000.0,0.0,1,0,1,0.0,0.0,True,0.287,0,False,1,0,1,0.278703,0.082073,0.011699,0.054048,0.079004,0.051879,0.0,0.75,0.65,1.0,нет
100000002881669100,terminal,0.62,13,0.267676,"Наблюдаемый конечный узел: вход от 1 клиентов (18,600 KZT), исходящих нет; колено 1<4.",1,False,1,0,18600.0,0.0,1,0,1,0.0,0.0,False,0.0,0,False,1,0,0,0.314913,0.082073,0.047909,0.054048,0.079004,0.051879,0.0,0.85,1.0,1.0,нет
100000002883402100,terminal,0.7,3,0.573646,"Наблюдаемый конечный узел: вход от 3 клиентов (300,000 KZT), исходящих нет; колено 3<4.",3,False,3,0,300000.0,0.0,3,0,4,0.0,0.0,False,0.0,0,False,1,0,0,0.674878,0.187189,0.171886,0.18492,0.079004,0.051879,0.0,0.85,1.0,1.0,нет
100000002884708100,peripheral,0.55,3,0.225799,"Граница обхода: колено 4, вход от 1 клиентов; исходящие не выгружены. У похожих узлов колен 1–3 выход есть в 29% случаев.",4,False,1,0,1171644.0,0.0,2,0,1,0.0,0.0,True,0.287,0,False,1,0,0,0.463178,0.082073,0.196174,0.054048,0.079004,0.051879,0.0,0.75,0.65,1.0,нет
100000002886166100,terminal,0.62,26,0.358348,"Наблюдаемый конечный узел: вход от 1 клиентов (185,000 KZT), исходящих нет; колено 3<4.",3,False,1,0,185000.0,0.0,3,0,1,0.0,0.0,False,0.0,0,False,1,0,0,0.421586,0.082073,0.154582,0.054048,0.079004,0.051879,0.0,0.85,1.0,1.0,нет
100000002890167100,terminal,0.62,5,0.407767,"Наблюдаемый конечный узел: вход от 1 клиентов (118,150 KZT), исходящих нет; колено 1<4.",1,False,1,0,118150.0,0.0,1,0,2,0.0,0.0,False,0.0,0,False,1,0,0,0.479726,0.082073,0.138434,0.128336,0.079004,0.051879,0.0,0.85,1.0,1.0,нет
100000002891765100,terminal,0.62,15,0.318835,"Наблюдаемый конечный узел: вход от 1 клиентов (55,576 KZT), исходящих нет; колено 3<4.",3,False,1,0,55576.0,0.0,1,0,1,0.0,0.0,False,0.0,0,False,1,0,0,0.3751,0.082073,0.108096,0.054048,0.079004,0.051879,0.0,0.85,1.0,1.0,нет
100000002893020100,terminal,0.62,8,0.267563,"Наблюдаемый конечный узел: вход от 1 клиентов (18,340 KZT), исходящих нет; колено 3<4.",3,False,1,0,18340.0,0.0,1,0,1,0.0,0.0,False,0.0,0,False,1,0,0,0.31478,0.082073,0.047776,0.054048,0.079004,0.051879,0.0,0.85,1.0,1.0,нет
100000002894076100,consolidator,0.65,11,0.718383,"Признаки консолидации: 4 плательщиков, 0 получателей, входящий поток 1,122,782 KZT.",1,False,4,0,1122782.0,0.0,6,0,7,0.0,0.0,False,0.0,0,False,3,0,0,0.718383,0.193817,0.195907,0.197776,0.079004,0.051879,0.0,1.0,1.0,1.0,3 плательщиков в один день
100000002896506100,peripheral,0.55,6,0.228944,"Граница обхода: колено 4, вход от 1 клиентов; исходящие не выгружены. У похожих узлов колен 1–3 выход есть в 29% случаев.",4,False,1,0,45000.0,0.0,1,0,3,0.0,0.0,True,0.287,0,False,1,0,0,0.469629,0.082073,0.093283,0.16339,0.079004,0.051879,0.0,0.75,0.65,1.0,нет
100000002901457100,peripheral,0.6,1,0.531439,"Недостаточно признаков роли: 1 плательщиков, 3 получателей, колено 3.",3,False,1,3,340000.0,119000.0,1,3,2,3.7103e-05,0.0,False,0.0,0,False,1,1,0,0.708585,0.082073,0.174911,0.128336,0.18661,0.136655,0.0,0.75,1.0,1.0,нет
100000002904919100,peripheral,0.6,1,0.396252,"Недостаточно признаков роли: 1 плательщиков, 1 получателей, колено 3.",3,False,1,1,60325.0,5500.0,1,1,1,9.2757e-06,0.0,False,0.0,0,False,1,1,0,0.528336,0.082073,0.111032,0.054048,0.166815,0.114368,0.0,0.75,1.0,1.0,нет
100000002906470100,terminal,0.62,18,0.347042,"Наблюдаемый конечный узел: вход от 1 клиентов (130,000 KZT), исходящих нет; колено 3<4.",3,False,1,0,130000.0,0.0,1,0,1,0.0,0.0,False,0.0,0,False,1,0,0,0.408285,0.082073,0.141281,0.054048,0.079004,0.051879,0.0,0.85,1.0,1.0,нет
100000002908521100,terminal,0.62,2,0.305488,"Наблюдаемый конечный узел: вход от 1 клиентов (44,500 KZT), исходящих нет; колено 3<4.",3,False,1,0,44500.0,0.0,1,0,1,0.0,0.0,False,0.0,0,False,1,0,0,0.359397,0.082073,0.092393,0.054048,0.079004,0.051879,0.0,0.85,1.0,1.0,нет
100000002911170100,terminal,0.62,31,0.465997,"Наблюдаемый конечный узел: вход от 1 клиентов (300,000 KZT), исходящих нет; колено 2<4.",2,False,1,0,300000.0,0.0,2,0,3,0.0,0.0,False,0.0,0,False,1,0,0,0.548232,0.082073,0.171886,0.16339,0.079004,0.051879,0.0,0.85,1.0,1.0,нет
100000002913340100,terminal,0.62,2,0.278339,"Наблюдаемый конечный узел: вход от 1 клиентов (23,600 KZT), исходящих нет; колено 3<4.",3,False,1,0,23600.0,0.0,1,0,1,0.0,0.0,False,0.0,0,False,1,0,0,0.327458,0.082073,0.060454,0.054048,0.079004,0.051879,0.0,0.85,1.0,1.0,нет
100000002914245100,terminal,0.62,21,0.349765,"Наблюдаемый конечный узел: вход от 1 клиентов (140,611 KZT), исходящих нет; колено 3<4.",3,False,1,0,140611.0,0.0,1,0,1,0.0,0.0,False,0.0,0,False,1,0,0,0.411488,0.082073,0.144484,0.054048,0.079004,0.051879,0.0,0.85,1.0,1.0,нет
100000002916006100,peripheral,0.6,20,0.160169,"Недостаточно признаков роли: 0 плательщиков, 1 получателей, колено 0.",0,True,0,1,0.0,32000.0,0,1,1,0.0,0.0,False,0.0,0,False,0,1,0,0.251246,0.001913,0.001913,0.054048,0.079004,0.114368,0.0,0.75,1.0,0.85,нет
100000002921047100,peripheral,0.6,11,0.611644,"Недостаточно признаков роли: 2 плательщиков, 1 получателей, колено 1.",1,False,2,1,338000.0,163000.02,2,1,3,9.2757e-06,0.5,False,0.0,0,False,1,1,0,0.815525,0.171308,0.174644,0.16339,0.166815,0.114368,0.025,0.75,1.0,1.0,нет
100000002922000100,peripheral,0.55,46,0.218947,"Граница обхода: колено 4, вход от 1 клиентов; исходящие не выгружены. У похожих узлов колен 1–3 выход есть в 29% случаев.",4,False,1,0,448000.0,0.0,1,0,1,0.0,0.0,True,0.287,0,False,1,0,0,0.449121,0.082073,0.182117,0.054048,0.079004,0.051879,0.0,0.75,0.65,1.0,нет
100000002926970100,terminal,0.62,8,0.332069,"Наблюдаемый конечный узел: вход от 1 клиентов (85,000 KZT), исходящих нет; колено 3<4.",3,False,1,0,85000.0,0.0,1,0,1,0.0,0.0,False,0.0,0,False,1,0,0,0.390669,0.082073,0.123665,0.054048,0.079004,0.051879,0.0,0.85,1.0,1.0,нет
100000002933386100,peripheral,0.6,4,0.340536,"Недостаточно признаков роли: 1 плательщиков, 1 получателей, колено 3.",3,False,1,1,15000.0,58000.0,1,1,1,9.2757e-06,0.0,False,0.0,0,False,1,1,0,0.454048,0.082073,0.036744,0.054048,0.166815,0.114368,0.0,0.75,1.0,1.0,нет
100000002934441100,terminal,0.66,1,0.397332,"Наблюдаемый конечный узел: вход от 2 клиентов (60,846 KZT), исходящих нет; колено 1<4.",1,False,2,0,60845.6,0.0,2,0,1,0.0,0.0,False,0.0,0,False,2,0,0,0.467449,0.171308,0.11121,0.054048,0.079004,0.051879,0.0,0.85,1.0,1.0,нет
100000002936322100,terminal,0.66,21,0.529747,"Наблюдаемый конечный узел: вход от 2 клиентов (787,133 KZT), исходящих нет; колено 3<4.",3,False,2,0,787133.0,0.0,2,0,2,0.0,0.0,False,0.0,0,False,1,0,0,0.623232,0.171308,0.192705,0.128336,0.079004,0.051879,0.0,0.85,1.0,1.0,нет
100000002938501100,peripheral,0.6,5,0.381472,"Недостаточно признаков роли: 1 плательщиков, 1 получателей, колено 1.",1,False,1,1,8395.0,5000.0,1,1,2,9.2757e-06,0.0,False,0.0,0,False,1,1,1,0.50863,0.082073,0.017037,0.128336,0.166815,0.114368,0.0,0.75,1.0,1.0,нет
100000002939838100,terminal,0.7,5,0.59811,"Наблюдаемый конечный узел: вход от 3 клиентов (571,233 KZT), исходящих нет; колено 1<4.",1,False,3,0,571233.0,0.0,3,0,6,0.0,0.0,False,0.0,0,False,1,0,0,0.703659,0.187189,0.188523,0.197064,0.079004,0.051879,0.0,0.85,1.0,1.0,нет
100000002941114100,peripheral,0.6,12,0.595592,"Недостаточно признаков роли: 2 плательщиков, 1 получателей, колено 1.",1,False,2,1,128510.0,15000.0,15,1,5,9.2757e-06,0.13333333333333333,False,0.0,1,False,2,1,11,0.794122,0.171308,0.140836,0.194128,0.166815,0.114368,0.006667,0.75,1.0,1.0,возвратный поток (1 цикл.); 11 входов у порога 5–10 тыс.
100000002943472100,terminal,0.62,3,0.448944,"Наблюдаемый конечный узел: вход от 1 клиентов (170,000 KZT), исходящих нет; колено 3<4.",3,False,1,0,170000.0,0.0,1,0,3,0.0,0.0,False,0.0,0,False,1,0,0,0.528169,0.082073,0.151824,0.16339,0.079004,0.051879,0.0,0.85,1.0,1.0,нет
100000002945031100,terminal,0.62,14,0.351126,"Наблюдаемый конечный узел: вход от 1 клиентов (15,000 KZT), исходящих нет; колено 3<4.",3,False,1,0,15000.0,0.0,1,0,3,0.0,0.0,False,0.0,0,False,1,0,0,0.413089,0.082073,0.036744,0.16339,0.079004,0.051879,0.0,0.85,1.0,1.0,нет
100000002945626100,terminal,0.7,3,0.588014,"Наблюдаемый конечный узел: вход от 3 клиентов (584,000 KZT), исходящих нет; колено 3<4.",3,False,3,0,584000.0,0.0,3,0,4,0.0,0.0,False,0.0,0,False,2,0,0,0.691782,0.187189,0.18879,0.18492,0.079004,0.051879,0.0,0.85,1.0,1.0,нет
100000002947299100,terminal,0.62,4,0.425009,"Наблюдаемый конечный узел: вход от 1 клиентов (85,000 KZT), исходящих нет; колено 2<4.",2,False,1,0,85000.0,0.0,1,0,3,0.0,0.0,False,0.0,0,False,1,0,0,0.500011,0.082073,0.123665,0.16339,0.079004,0.051879,0.0,0.85,1.0,1.0,нет
100000002948492100,terminal,0.62,15,0.278528,"Наблюдаемый конечный узел: вход от 1 клиентов (23,660 KZT), исходящих нет; колено 3<4.",3,False,1,0,23660.0,0.0,1,0,1,0.0,0.0,False,0.0,0,False,1,0,0,0.32768,0.082073,0.060676,0.054048,0.079004,0.051879,0.0,0.85,1.0,1.0,нет
100000002951898100,terminal,0.62,15,0.301442,"Наблюдаемый конечный узел: вход от 1 клиентов (39,990 KZT), исходящих нет; колено 3<4.",3,False,1,0,39990.0,0.0,1,0,1,0.0,0.0,False,0.0,0,False,1,0,0,0.354637,0.082073,0.087633,0.054048,0.079004,0.051879,0.0,0.85,1.0,1.0,нет
100000002952631100,terminal,0.62,5,0.372754,"Наблюдаемый конечный узел: вход от 1 клиентов (48,050 KZT), исходящих нет; колено 1<4.",1,False,1,0,48050.0,0.0,1,0,2,0.0,0.0,False,0.0,0,False,1,0,0,0.438534,0.082073,0.097242,0.128336,0.079004,0.051879,0.0,0.85,1.0,1.0,нет
100000002952756100,terminal,0.62,10,0.308437,"Наблюдаемый конечный узел: вход от 1 клиентов (47,000 KZT), исходящих нет; колено 3<4.",3,False,1,0,47000.0,0.0,1,0,1,0.0,0.0,False,0.0,0,False,1,0,0,0.362867,0.082073,0.095863,0.054048,0.079004,0.051879,0.0,0.85,1.0,1.0,нет
100000002954780100,terminal,0.62,3,0.347647,"Наблюдаемый конечный узел: вход от 1 клиентов (133,400 KZT), исходящих нет; колено 3<4.",3,False,1,0,133400.0,0.0,1,0,1,0.0,0.0,False,0.0,0,False,1,0,0,0.408997,0.082073,0.141993,0.054048,0.079004,0.051879,0.0,0.85,1.0,1.0,нет
100000002956769100,terminal,0.7,10,0.573797,"Наблюдаемый конечный узел: вход от 3 клиентов (840,000 KZT), исходящих нет; колено 3<4.",3,False,3,0,840000.0,0.0,3,0,3,0.0,0.0,False,0.0,0,False,3,0,0,0.675056,0.187189,0.193594,0.16339,0.079004,0.051879,0.0,0.85,1.0,1.0,3 плательщиков в один день
100000002956779100,terminal,0.62,4,0.38009,"Наблюдаемый конечный узел: вход от 1 клиентов (411,000 KZT), исходящих нет; колено 3<4.",3,False,1,0,411000.0,0.0,1,0,1,0.0,0.0,False,0.0,0,False,1,0,0,0.447164,0.082073,0.18016,0.054048,0.079004,0.051879,0.0,0.85,1.0,1.0,нет
100000002956898100,terminal,0.66,16,0.540939,"Наблюдаемый конечный узел: вход от 2 клиентов (290,240 KZT), исходящих нет; колено 2<4.",2,False,2,0,290240.0,0.0,2,0,3,0.0,0.0,False,0.0,0,False,1,0,0,0.636399,0.171308,0.170819,0.16339,0.079004,0.051879,0.0,0.85,1.0,1.0,нет
100000002957306100,terminal,0.66,12,0.578221,"Наблюдаемый конечный узел: вход от 2 клиентов (398,490 KZT), исходящих нет; колено 1<4.",1,False,2,0,398490.0,0.0,2,0,8,0.0,0.0,False,0.0,0,False,1,0,0,0.68026,0.171308,0.179359,0.19871,0.079004,0.051879,0.0,0.85,1.0,1.0,нет
100000002957787100,coordinator,0.71,1,0.900323,"Гипотеза координации: достижим из 4 seed, 4 плательщиков, мост 0.0026.",2,False,4,34,84956.0,1276153.96,7,41,4,0.0026001966,1.0,False,0.0,6,True,2,3,5,0.900323,0.193817,0.123399,0.18492,0.199021,0.149166,0.05,1.0,1.0,1.0,возвратный поток с seed (6 цикл.); 5 входов у порога 5–10 тыс.
100000002958139100,terminal,0.62,3,0.426219,"Наблюдаемый конечный узел: вход от 1 клиентов (209,500 KZT), исходящих нет; колено 3<4.",3,False,1,0,209500.0,0.0,2,0,2,0.0,0.0,False,0.0,0,False,1,0,0,0.501435,0.082073,0.160142,0.128336,0.079004,0.051879,0.0,0.85,1.0,1.0,нет
100000002958286100,terminal,0.62,3,0.368973,"Наблюдаемый конечный узел: вход от 1 клиентов (257,000 KZT), исходящих нет; колено 1<4.",1,False,1,0,257000.0,0.0,1,0,1,0.0,0.0,False,0.0,0,False,1,0,0,0.434086,0.082073,0.167082,0.054048,0.079004,0.051879,0.0,0.85,1.0,1.0,нет
100000002958343100,peripheral,0.6,11,0.426971,"Недостаточно признаков роли: 1 плательщиков, 2 получателей, колено 2.",2,False,1,2,2900000.0,1390000.0,4,17,1,0.0,0.5,False,0.0,1,False,1,4,0,0.569295,0.082073,0.199555,0.054048,0.079004,0.129615,0.025,0.75,1.0,1.0,возвратный поток (1 цикл.); повтор одной суммы ×4
100000002958345100,terminal,0.62,10,0.43726,"Наблюдаемый конечный узел: вход от 1 клиентов (307,000 KZT), исходящих нет; колено 3<4.",3,False,1,0,307000.0,0.0,1,0,2,0.0,0.0,False,0.0,0,False,1,0,0,0.514424,0.082073,0.173132,0.128336,0.079004,0.051879,0.0,0.85,1.0,1.0,нет
100000002963189100,peripheral,0.6,15,0.488851,"Недостаточно признаков роли: 1 плательщиков, 7 получателей, колено 3.",3,False,1,7,490000.0,5219000.0,3,15,1,3.7103e-05,0.0,False,0.0,1,False,1,8,0,0.651802,0.082073,0.184609,0.054048,0.18661,0.144462,0.0,0.75,1.0,1.0,возвратный поток (1 цикл.); повтор одной суммы ×8
100000002964966100,terminal,0.62,4,0.424745,"Наблюдаемый конечный узел: вход от 1 клиентов (200,000 KZT), исходящих нет; колено 2<4.",2,False,1,0,200000.0,0.0,1,0,2,0.0,0.0,False,0.0,0,False,1,0,0,0.4997,0.082073,0.158407,0.128336,0.079004,0.051879,0.0,0.85,1.0,1.0,нет
100000002968096100,peripheral,0.55,7,0.240004,"Граница обхода: колено 4, вход от 1 клиентов; исходящие не выгружены. У похожих узлов колен 1–3 выход есть в 29% случаев.",4,False,1,0,70000.0,0.0,1,0,3,0.0,0.0,True,0.287,0,False,1,0,0,0.492315,0.082073,0.11597,0.16339,0.079004,0.051879,0.0,0.75,0.65,1.0,нет
100000002969048100,terminal,0.62,9,0.342203,"Наблюдаемый конечный узел: вход от 1 клиентов (108,470 KZT), исходящих нет; колено 2<4.",2,False,1,0,108470.0,0.0,1,0,1,0.0,0.0,False,0.0,0,False,1,0,0,0.402591,0.082073,0.135587,0.054048,0.079004,0.051879,0.0,0.85,1.0,1.0,нет
100000002970466100,peripheral,0.6,1,0.471244,"Недостаточно признаков роли: 1 плательщиков, 2 получателей, колено 3.",3,False,1,2,23317.0,93000.0,1,3,2,1.85515e-05,1.0,False,0.0,0,False,1,1,0,0.628325,0.082073,0.05952,0.128336,0.178781,0.129615,0.05,0.75,1.0,1.0,нет
100000002971593100,peripheral,0.55,6,0.231481,"Граница обхода: колено 4, вход от 1 клиентов; исходящие не выгружены. У похожих узлов колен 1–3 выход есть в 29% случаев.",4,False,1,0,49050.0,0.0,1,0,3,0.0,0.0,True,0.287,0,False,1,0,0,0.474833,0.082073,0.098488,0.16339,0.079004,0.051879,0.0,0.75,0.65,1.0,нет
100000002973903100,terminal,0.7,13,0.53591,"Наблюдаемый конечный узел: вход от 3 клиентов (92,880 KZT), исходящих нет; колено 1<4.",1,False,3,0,92880.0,0.0,3,0,4,0.0,0.0,False,0.0,0,False,1,0,0,0.630483,0.187189,0.127491,0.18492,0.079004,0.051879,0.0,0.85,1.0,1.0,нет
100000002974256100,terminal,0.62,13,0.239658,"Наблюдаемый конечный узел: вход от 1 клиентов (7,200 KZT), исходящих нет; колено 2<4.",2,False,1,0,7200.0,0.0,1,0,1,0.0,0.0,False,0.0,0,False,1,0,1,0.281951,0.082073,0.014947,0.054048,0.079004,0.051879,0.0,0.85,1.0,1.0,нет
100000002975287100,terminal,0.62,17,0.258186,"Наблюдаемый конечный узел: вход от 1 клиентов (15,000 KZT), исходящих нет; колено 3<4.",3,False,1,0,15000.0,0.0,1,0,1,0.0,0.0,False,0.0,0,False,1,0,0,0.303748,0.082073,0.036744,0.054048,0.079004,0.051879,0.0,0.85,1.0,1.0,нет
100000002975437100,peripheral,0.6,32,0.387478,"Недостаточно признаков роли: 1 плательщиков, 1 получателей, колено 3.",3,False,1,1,530000.0,8500.0,2,1,1,0.0,0.0,False,0.0,1,False,1,1,0,0.516637,0.082073,0.187144,0.054048,0.079004,0.114368,0.0,0.75,1.0,1.0,возвратный поток (1 цикл.)
100000002981489100,peripheral,0.55,6,0.194658,"Граница обхода: колено 4, вход от 1 клиентов; исходящие не выгружены. У похожих узлов колен 1–3 выход есть в 29% случаев.",4,False,1,0,10000.0,0.0,1,0,3,0.0,0.0,True,0.287,0,False,1,0,0,0.399299,0.082073,0.022954,0.16339,0.079004,0.051879,0.0,0.75,0.65,1.0,нет
100000002981527100,terminal,0.62,3,0.355512,"Наблюдаемый конечный узел: вход от 1 клиентов (168,000 KZT), исходящих нет; колено 1<4.",1,False,1,0,168000.0,0.0,1,0,1,0.0,0.0,False,0.0,0,False,1,0,0,0.41825,0.082073,0.151246,0.054048,0.079004,0.051879,0.0,0.85,1.0,1.0,нет
100000002982252100,terminal,0.62,2,0.273613,"Наблюдаемый конечный узел: вход от 1 клиентов (20,320 KZT), исходящих нет; колено 1<4.",1,False,1,0,20320.0,0.0,1,0,1,0.0,0.0,False,0.0,0,False,1,0,0,0.321897,0.082073,0.054893,0.054048,0.079004,0.051879,0.0,0.85,1.0,1.0,нет
100000002983426100,terminal,0.62,8,0.333279,"Наблюдаемый конечный узел: вход от 1 клиентов (88,945 KZT), исходящих нет; колено 3<4.",3,False,1,0,88945.0,0.0,1,0,1,0.0,0.0,False,0.0,0,False,1,0,0,0.392093,0.082073,0.125089,0.054048,0.079004,0.051879,0.0,0.85,1.0,1.0,нет
100000002983879100,terminal,0.66,4,0.549333,"Наблюдаемый конечный узел: вход от 2 клиентов (200,050 KZT), исходящих нет; колено 2<4.",2,False,2,0,200050.0,0.0,2,0,4,0.0,0.0,False,0.0,0,False,1,0,0,0.646274,0.171308,0.159164,0.18492,0.079004,0.051879,0.0,0.85,1.0,1.0,нет
100000002984403100,peripheral,0.6,27,0.35198,"Недостаточно признаков роли: 1 плательщиков, 1 получателей, колено 3.",3,False,1,1,20000.0,25000.0,1,1,1,9.2757e-06,0.0,False,0.0,0,False,1,1,0,0.469306,0.082073,0.052002,0.054048,0.166815,0.114368,0.0,0.75,1.0,1.0,нет
100000002986245100,peripheral,0.55,19,0.135543,"Граница обхода: колено 4, вход от 1 клиентов; исходящие не выгружены. У похожих узлов колен 1–3 выход есть в 29% случаев.",4,False,1,0,5750.0,0.0,1,0,1,0.0,0.0,True,0.287,0,False,1,0,1,0.278036,0.082073,0.011032,0.054048,0.079004,0.051879,0.0,0.75,0.65,1.0,нет
100000002988894100,peripheral,0.6,4,0.607573,"Недостаточно признаков роли: 1 плательщиков, 3 получателей, колено 1.",1,False,1,3,306121.0,77500.0,1,3,4,2.78272e-05,1.0,False,0.0,0,False,1,1,0,0.810098,0.082073,0.172865,0.18492,0.183585,0.136655,0.05,0.75,1.0,1.0,нет
100000002989353100,peripheral,0.6,10,0.53807,"Недостаточно признаков роли: 1 плательщиков, 2 получателей, колено 3.",3,False,1,2,500000.0,321160.0,2,2,2,9.2757e-06,0.5,False,0.0,0,False,1,1,0,0.717427,0.082073,0.185587,0.128336,0.166815,0.129615,0.025,0.75,1.0,1.0,нет
100000002990675100,terminal,0.62,6,0.408146,"Наблюдаемый конечный узел: вход от 1 клиентов (51,143 KZT), исходящих нет; колено 3<4.",3,False,1,0,51143.0,0.0,1,0,3,0.0,0.0,False,0.0,0,False,1,0,0,0.480171,0.082073,0.103826,0.16339,0.079004,0.051879,0.0,0.85,1.0,1.0,нет
100000002991079100,peripheral,0.6,5,0.570185,"Недостаточно признаков роли: 2 плательщиков, 1 получателей, колено 1.",1,False,2,1,148900.0,11000.0,3,1,2,9.2757e-06,0.6666666666666666,False,0.0,0,False,1,1,0,0.760246,0.171308,0.146085,0.128336,0.166815,0.114368,0.033333,0.75,1.0,1.0,нет
100000002992171100,terminal,0.62,2,0.256522,"Наблюдаемый конечный узел: вход от 1 клиентов (14,627 KZT), исходящих нет; колено 1<4.",1,False,1,0,14627.0,0.0,1,0,1,0.0,0.0,False,0.0,0,False,1,0,0,0.30179,0.082073,0.034786,0.054048,0.079004,0.051879,0.0,0.85,1.0,1.0,нет
100000002994441100,peripheral,0.55,7,0.133222,"Граница обхода: колено 4, вход от 1 клиентов; исходящие не выгружены. У похожих узлов колен 1–3 выход есть в 29% случаев.",4,False,1,0,5000.0,0.0,1,0,1,0.0,0.0,True,0.287,0,False,1,0,1,0.273276,0.082073,0.006272,0.054048,0.079004,0.051879,0.0,0.75,0.65,1.0,нет
100000002999140100,peripheral,0.55,13,0.141354,"Граница обхода: колено 4, вход от 1 клиентов; исходящие не выгружены. У похожих узлов колен 1–3 выход есть в 29% случаев.",4,False,1,0,10000.0,0.0,2,0,1,0.0,0.0,True,0.287,0,False,1,0,2,0.289958,0.082073,0.022954,0.054048,0.079004,0.051879,0.0,0.75,0.65,1.0,нет
100000003001138100,peripheral,0.55,29,0.166987,"Граница обхода: колено 4, вход от 1 клиентов; исходящие не выгружены. У похожих узлов колен 1–3 выход есть в 29% случаев.",4,False,1,0,30000.0,0.0,1,0,1,0.0,0.0,True,0.287,0,False,1,0,0,0.342538,0.082073,0.075534,0.054048,0.079004,0.051879,0.0,0.75,0.65,1.0,нет
100000003001564100,peripheral,0.6,5,0.413801,"Недостаточно признаков роли: 1 плательщиков, 1 получателей, колено 1.",1,False,1,1,23520.0,180000.0,1,1,2,9.2757e-06,0.0,False,0.0,0,False,1,1,0,0.551735,0.082073,0.060142,0.128336,0.166815,0.114368,0.0,0.75,1.0,1.0,нет
100000003001661100,peripheral,0.6,29,0.453545,"Недостаточно признаков роли: 1 плательщиков, 5 получателей, колено 3.",3,False,1,5,110000.0,439500.0,1,8,1,5.56545e-05,0.0,False,0.0,1,False,1,1,0,0.604726,0.082073,0.136343,0.054048,0.190169,0.142093,0.0,0.75,1.0,1.0,возвратный поток (1 цикл.)
100000003003821100,terminal,0.62,4,0.413288,"Наблюдаемый конечный узел: вход от 1 клиентов (40,000 KZT), исходящих нет; колено 2<4.",2,False,1,0,40000.0,0.0,1,0,4,0.0,0.0,False,0.0,0,False,1,0,0,0.486221,0.082073,0.088345,0.18492,0.079004,0.051879,0.0,0.85,1.0,1.0,нет
100000003004487100,consolidator,0.6,32,0.804744,"Признаки консолидации: 4 плательщиков, 2 получателей, входящий поток 183,703 KZT.",1,False,4,2,183702.8,265015.0,9,3,2,9.73954e-05,0.1111111111111111,False,0.0,1,False,2,2,2,0.804744,0.193817,0.154359,0.128336,0.19306,0.129615,0.005556,1.0,1.0,1.0,возвратный поток (1 цикл.)
100000003005167100,peripheral,0.55,19,0.137082,"Граница обхода: колено 4, вход от 1 клиентов; исходящие не выгружены. У похожих узлов колен 1–3 выход есть в 29% случаев.",4,False,1,0,7000.0,0.0,1,0,1,0.0,0.0,True,0.287,0,False,1,0,1,0.281194,0.082073,0.01419,0.054048,0.079004,0.051879,0.0,0.75,0.65,1.0,нет
100000003006633100,terminal,0.62,36,0.246464,"Наблюдаемый конечный узел: вход от 1 клиентов (10,000 KZT), исходящих нет; колено 3<4.",3,False,1,0,10000.0,0.0,1,0,1,0.0,0.0,False,0.0,0,False,1,0,0,0.289958,0.082073,0.022954,0.054048,0.079004,0.051879,0.0,0.85,1.0,1.0,нет
100000003009900100,terminal,0.62,8,0.261211,"Наблюдаемый конечный узел: вход от 1 клиентов (15,998 KZT), исходящих нет; колено 3<4.",3,False,1,0,15998.0,0.0,1,0,1,0.0,0.0,False,0.0,0,False,1,0,0,0.307306,0.082073,0.040302,0.054048,0.079004,0.051879,0.0,0.85,1.0,1.0,нет
100000003010908100,peripheral,0.55,8,0.150896,"Граница обхода: колено 4, вход от 1 клиентов; исходящие не выгружены. У похожих узлов колен 1–3 выход есть в 29% случаев.",4,False,1,0,17000.0,0.0,1,0,1,0.0,0.0,True,0.287,0,False,1,0,0,0.309531,0.082073,0.042527,0.054048,0.079004,0.051879,0.0,0.75,0.65,1.0,нет
100000003014659100,terminal,0.62,12,0.490158,"Наблюдаемый конечный узел: вход от 1 клиентов (280,000 KZT), исходящих нет; колено 1<4.",1,False,1,0,280000.0,0.0,1,0,5,0.0,0.0,False,0.0,0,False,1,0,0,0.576657,0.082073,0.169573,0.194128,0.079004,0.051879,0.0,0.85,1.0,1.0,нет
100000003016438100,peripheral,0.6,3,0.469284,"Недостаточно признаков роли: 1 плательщиков, 1 получателей, колено 3.",3,False,1,1,200000.0,300000.0,1,3,1,9.2757e-06,1.0,False,0.0,0,False,1,2,0,0.625712,0.082073,0.158407,0.054048,0.166815,0.114368,0.05,0.75,1.0,1.0,нет
100000003016635100,distributor,0.94,5,0.825536,"Признаки распределения: 73 получателей против 8 плательщиков, исходящий поток 9,414,081 KZT.",0,True,8,73,586981.0,9414081.0,36,151,4,0.0019774352,1.0,False,0.0,13,True,3,5,23,0.971219,0.198754,0.189057,0.18492,0.198754,0.149733,0.05,1.0,1.0,0.85,возвратный поток с seed (13 цикл.); 3 плательщиков в один день; повтор одной суммы ×5; 23 входов у порога 5–10 тыс.
100000003016773100,terminal,0.62,3,0.308021,"Наблюдаемый конечный узел: вход от 1 клиентов (46,555 KZT), исходящих нет; колено 2<4.",2,False,1,0,46555.0,0.0,1,0,1,0.0,0.0,False,0.0,0,False,1,0,0,0.362378,0.082073,0.095374,0.054048,0.079004,0.051879,0.0,0.85,1.0,1.0,нет
100000003022835100,terminal,0.62,4,0.457263,"Наблюдаемый конечный узел: вход от 1 клиентов (125,000 KZT), исходящих нет; колено 1<4.",1,False,1,0,125000.0,0.0,1,0,4,0.0,0.0,False,0.0,0,False,1,0,0,0.537956,0.082073,0.14008,0.18492,0.079004,0.051879,0.0,0.85,1.0,1.0,нет
100000003024542100,terminal,0.62,4,0.352865,"Наблюдаемый конечный узел: вход от 1 клиентов (8,500 KZT), исходящих нет; колено 2<4.",2,False,1,0,8500.0,0.0,1,0,4,0.0,0.0,False,0.0,0,False,1,0,1,0.415136,0.082073,0.01726,0.18492,0.079004,0.051879,0.0,0.85,1.0,1.0,нет
100000003025903100,peripheral,0.55,6,0.270429,"Граница обхода: колено 4, вход от 1 клиентов; исходящие не выгружены. У похожих узлов колен 1–3 выход есть в 29% случаев.",4,False,1,0,386300.0,0.0,6,0,3,0.0,0.0,True,0.287,0,False,1,0,1,0.554726,0.082073,0.178381,0.16339,0.079004,0.051879,0.0,0.75,0.65,1.0,нет
100000003031003100,terminal,0.7,10,0.571907,"Наблюдаемый конечный узел: вход от 3 клиентов (280,090 KZT), исходящих нет; колено 3<4.",3,False,3,0,280090.0,0.0,3,0,4,0.0,0.0,False,0.0,0,False,2,0,0,0.672831,0.187189,0.16984,0.18492,0.079004,0.051879,0.0,0.85,1.0,1.0,нет
100000003031633100,terminal,0.62,3,0.443348,"Наблюдаемый конечный узел: вход от 1 клиентов (414,000 KZT), исходящих нет; колено 3<4.",3,False,1,0,414000.0,0.0,2,0,2,0.0,0.0,False,0.0,0,False,1,0,0,0.521586,0.082073,0.180294,0.128336,0.079004,0.051879,0.0,0.85,1.0,1.0,нет
100000003031761100,terminal,0.62,21,0.382736,"Наблюдаемый конечный узел: вход от 1 клиентов (460,408 KZT), исходящих нет; колено 3<4.",3,False,1,0,460408.0,0.0,1,0,1,0.0,0.0,False,0.0,0,False,1,0,0,0.450278,0.082073,0.183274,0.054048,0.079004,0.051879,0.0,0.85,1.0,1.0,нет
100000003031890100,terminal,0.62,26,0.363679,"Наблюдаемый конечный узел: вход от 1 клиентов (215,000 KZT), исходящих нет; колено 2<4.",2,False,1,0,215000.0,0.0,10,0,1,0.0,0.0,False,0.0,0,False,1,0,1,0.427858,0.082073,0.160854,0.054048,0.079004,0.051879,0.0,0.85,1.0,1.0,нет
100000003034546100,terminal,0.62,3,0.383719,"Наблюдаемый конечный узел: вход от 1 клиентов (486,715 KZT), исходящих нет; колено 2<4.",2,False,1,0,486715.0,0.0,2,0,1,0.0,0.0,False,0.0,0,False,1,0,0,0.451435,0.082073,0.184431,0.054048,0.079004,0.051879,0.0,0.85,1.0,1.0,нет
100000003035737100,peripheral,0.6,6,0.619339,"Недостаточно признаков роли: 2 плательщиков, 1 получателей, колено 3.",3,False,2,1,809170.0,6544.53,3,1,3,9.2757e-06,0.3333333333333333,False,0.0,0,False,1,1,0,0.825786,0.171308,0.193238,0.16339,0.166815,0.114368,0.016667,0.75,1.0,1.0,нет
100000003036198100,terminal,0.62,4,0.321331,"Наблюдаемый конечный узел: вход от 1 клиентов (15,000 KZT), исходящих нет; колено 2<4.",2,False,1,0,15000.0,0.0,1,0,2,0.0,0.0,False,0.0,0,False,1,0,0,0.378036,0.082073,0.036744,0.128336,0.079004,0.051879,0.0,0.85,1.0,1.0,нет
100000003037476100,peripheral,0.55,3,0.309225,"Граница обхода: колено 4, вход от 3 клиентов; исходящие не выгружены. У похожих узлов колен 1–3 выход есть в 73% случаев.",4,False,3,0,555000.0,0.0,3,0,2,0.0,0.0,True,0.732,0,False,2,0,0,0.634308,0.187189,0.1879,0.128336,0.079004,0.051879,0.0,0.75,0.65,1.0,плательщиков больше 99% узлов колена 4; продлить обход: скрытый выход ~73%
100000003037660100,terminal,0.62,4,0.42777,"Наблюдаемый конечный узел: вход от 1 клиентов (53,000 KZT), исходящих нет; колено 1<4.",1,False,1,0,53000.0,0.0,1,0,4,0.0,0.0,False,0.0,0,False,1,0,0,0.503258,0.082073,0.105383,0.18492,0.079004,0.051879,0.0,0.85,1.0,1.0,нет
100000003039473100,terminal,0.62,5,0.369843,"Наблюдаемый конечный узел: вход от 1 клиентов (23,000 KZT), исходящих нет; колено 2<4.",2,False,1,0,23000.0,0.0,1,0,3,0.0,0.0,False,0.0,0,False,1,0,0,0.435109,0.082073,0.058763,0.16339,0.079004,0.051879,0.0,0.85,1.0,1.0,нет
100000003040087100,peripheral,0.55,8,0.20201,"Граница обхода: колено 4, вход от 1 клиентов; исходящие не выгружены. У похожих узлов колен 1–3 выход есть в 29% случаев.",4,False,1,0,29000.0,0.0,1,0,2,0.0,0.0,True,0.287,0,False,1,0,0,0.414379,0.082073,0.073087,0.128336,0.079004,0.051879,0.0,0.75,0.65,1.0,нет
100000003042994100,terminal,0.62,5,0.435067,"Наблюдаемый конечный узел: вход от 1 клиентов (286,086 KZT), исходящих нет; колено 1<4.",1,False,1,0,286086.0,0.0,3,0,2,0.0,0.0,False,0.0,0,False,1,0,0,0.511844,0.082073,0.170552,0.128336,0.079004,0.051879,0.0,0.85,1.0,1.0,нет
100000003044431100,terminal,0.66,4,0.489553,"Наблюдаемый конечный узел: вход от 2 клиентов (60,000 KZT), исходящих нет; колено 2<4.",2,False,2,0,60000.0,0.0,2,0,3,0.0,0.0,False,0.0,0,False,1,0,0,0.575945,0.171308,0.110365,0.16339,0.079004,0.051879,0.0,0.85,1.0,1.0,нет
100000003044518100,terminal,0.62,11,0.296375,"Наблюдаемый конечный узел: вход от 1 клиентов (34,423 KZT), исходящих нет; колено 1<4.",1,False,1,0,34423.0,0.0,1,0,1,0.0,0.0,False,0.0,0,False,1,0,0,0.348677,0.082073,0.081673,0.054048,0.079004,0.051879,0.0,0.85,1.0,1.0,нет
100000003047800100,peripheral,0.55,10,0.144694,"Граница обхода: колено 4, вход от 1 клиентов; исходящие не выгружены. У похожих узлов колен 1–3 выход есть в 29% случаев.",4,False,1,0,12212.0,0.0,1,0,1,0.0,0.0,True,0.287,0,False,1,0,0,0.296808,0.082073,0.029804,0.054048,0.079004,0.051879,0.0,0.75,0.65,1.0,нет
100000003050771100,terminal,0.62,14,0.458057,"Наблюдаемый конечный узел: вход от 1 клиентов (229,000 KZT), исходящих нет; колено 3<4.",3,False,1,0,229000.0,0.0,1,0,3,0.0,0.0,False,0.0,0,False,1,0,0,0.53889,0.082073,0.162544,0.16339,0.079004,0.051879,0.0,0.85,1.0,1.0,нет
100000003054328100,peripheral,0.6,10,0.404051,"Недостаточно признаков роли: 1 плательщиков, 2 получателей, колено 2.",2,False,1,2,140000.0,193720.0,1,2,1,0.0,1.0,False,0.0,0,False,1,1,0,0.538734,0.082073,0.143995,0.054048,0.079004,0.129615,0.05,0.75,1.0,1.0,нет
100000003057225100,terminal,0.62,5,0.429547,"Наблюдаемый конечный узел: вход от 1 клиентов (236,000 KZT), исходящих нет; колено 1<4.",1,False,1,0,236000.0,0.0,1,0,2,0.0,0.0,False,0.0,0,False,1,0,0,0.505349,0.082073,0.164057,0.128336,0.079004,0.051879,0.0,0.85,1.0,1.0,нет
100000003060187100,terminal,0.62,18,0.335472,"Наблюдаемый конечный узел: вход от 1 клиентов (93,046 KZT), исходящих нет; колено 3<4.",3,False,1,0,93046.0,0.0,1,0,1,0.0,0.0,False,0.0,0,False,1,0,0,0.394673,0.082073,0.127669,0.054048,0.079004,0.051879,0.0,0.85,1.0,1.0,нет
100000003060517100,terminal,0.62,17,0.374191,"Наблюдаемый конечный узел: вход от 1 клиентов (315,955 KZT), исходящих нет; колено 3<4.",3,False,1,0,315955.0,0.0,1,0,1,0.0,0.0,False,0.0,0,False,1,0,0,0.440225,0.082073,0.173221,0.054048,0.079004,0.051879,0.0,0.85,1.0,1.0,нет
100000003061115100,peripheral,0.55,1,0.211855,"Граница обхода: колено 4, вход от 1 клиентов; исходящие не выгружены. У похожих узлов колен 1–3 выход есть в 29% случаев.",4,False,1,0,45000.0,0.0,1,0,2,0.0,0.0,True,0.287,0,False,1,0,0,0.434575,0.082073,0.093283,0.128336,0.079004,0.051879,0.0,0.75,0.65,1.0,нет
100000003062895100,terminal,0.66,3,0.513791,"Наблюдаемый конечный узел: вход от 2 клиентов (328,444 KZT), исходящих нет; колено 2<4.",2,False,2,0,328444.0,0.0,2,0,2,0.0,0.0,False,0.0,0,False,1,0,0,0.60446,0.171308,0.173932,0.128336,0.079004,0.051879,0.0,0.85,1.0,1.0,нет
100000003066385100,terminal,0.66,1,0.347005,"Наблюдаемый конечный узел: вход от 2 клиентов (20,000 KZT), исходящих нет; колено 1<4.",1,False,2,0,20000.0,0.0,2,0,1,0.0,0.0,False,0.0,0,False,1,0,0,0.408241,0.171308,0.052002,0.054048,0.079004,0.051879,0.0,0.85,1.0,1.0,нет
100000003068941100,peripheral,0.6,1,0.582306,"Недостаточно признаков роли: 3 плательщиков, 1 получателей, колено 2.",2,False,3,1,94000.0,25000.0,3,2,3,9.2757e-06,0.3333333333333333,False,0.0,0,False,1,1,0,0.776409,0.187189,0.12798,0.16339,0.166815,0.114368,0.016667,0.75,1.0,1.0,нет
100000003069463100,peripheral,0.6,28,0.334064,"Недостаточно признаков роли: 1 плательщиков, 1 получателей, колено 3.",3,False,1,1,11500.0,17920.0,1,1,1,9.2757e-06,0.0,False,0.0,0,False,1,1,0,0.445418,0.082073,0.028114,0.054048,0.166815,0.114368,0.0,0.75,1.0,1.0,нет
100000003071649100,terminal,0.62,3,0.359066,"Наблюдаемый конечный узел: вход от 1 клиентов (189,500 KZT), исходящих нет; колено 3<4.",3,False,1,0,189500.0,0.0,1,0,1,0.0,0.0,False,0.0,0,False,1,0,0,0.422431,0.082073,0.155427,0.054048,0.079004,0.051879,0.0,0.85,1.0,1.0,нет
100000003071930100,peripheral,0.6,3,0.653081,"Недостаточно признаков роли: 3 плательщиков, 1 получателей, колено 1.",1,False,3,1,477610.0,5000.0,4,1,5,1.85515e-05,0.25,False,0.0,0,False,1,1,0,0.870774,0.187189,0.183808,0.194128,0.178781,0.114368,0.0125,0.75,1.0,1.0,нет
100000003072205100,peripheral,0.55,3,0.300009,"Граница обхода: колено 4, вход от 2 клиентов; исходящие не выгружены. У похожих узлов колен 1–3 выход есть в 57% случаев.",4,False,2,0,163000.0,0.0,2,0,3,0.0,0.0,True,0.57,0,False,2,0,0,0.615403,0.171308,0.149822,0.16339,0.079004,0.051879,0.0,0.75,0.65,1.0,продлить обход: скрытый выход ~57%
100000003072676100,terminal,0.62,17,0.294031,"Наблюдаемый конечный узел: вход от 1 клиентов (31,545 KZT), исходящих нет; колено 3<4.",3,False,1,0,31545.0,0.0,1,0,1,0.0,0.0,False,0.0,0,False,1,0,0,0.345919,0.082073,0.078915,0.054048,0.079004,0.051879,0.0,0.85,1.0,1.0,нет
100000003073398100,terminal,0.62,9,0.335396,"Наблюдаемый конечный узел: вход от 1 клиентов (92,960 KZT), исходящих нет; колено 2<4.",2,False,1,0,92960.0,0.0,1,0,1,0.0,0.0,False,0.0,0,False,1,0,0,0.394584,0.082073,0.12758,0.054048,0.079004,0.051879,0.0,0.85,1.0,1.0,нет
100000003073635100,terminal,0.62,7,0.346816,"Наблюдаемый конечный узел: вход от 1 клиентов (129,231 KZT), исходящих нет; колено 3<4.",3,False,1,0,129231.0,0.0,1,0,1,0.0,0.0,False,0.0,0,False,1,0,0,0.408018,0.082073,0.141014,0.054048,0.079004,0.051879,0.0,0.85,1.0,1.0,нет
100000003074515100,peripheral,0.55,3,0.232002,"Граница обхода: колено 4, вход от 1 клиентов; исходящие не выгружены. У похожих узлов колен 1–3 выход есть в 29% случаев.",4,False,1,0,105000.0,0.0,1,0,2,0.0,0.0,True,0.287,0,False,1,0,0,0.475901,0.082073,0.134609,0.128336,0.079004,0.051879,0.0,0.75,0.65,1.0,нет
100000003078839100,peripheral,0.55,7,0.146537,"Граница обхода: колено 4, вход от 1 клиентов; исходящие не выгружены. У похожих узлов колен 1–3 выход есть в 29% случаев.",4,False,1,0,14000.0,0.0,2,0,1,0.0,0.0,True,0.287,0,False,1,0,2,0.300589,0.082073,0.033585,0.054048,0.079004,0.051879,0.0,0.75,0.65,1.0,нет
100000003083865100,peripheral,0.55,8,0.184293,"Граница обхода: колено 4, вход от 1 клиентов; исходящие не выгружены. У похожих узлов колен 1–3 выход есть в 29% случаев.",4,False,1,0,15000.0,0.0,1,0,2,0.0,0.0,True,0.287,0,False,1,0,0,0.378036,0.082073,0.036744,0.128336,0.079004,0.051879,0.0,0.75,0.65,1.0,нет
100000003084870100,peripheral,0.55,10,0.136453,"Граница обхода: колено 4, вход от 1 клиентов; исходящие не выгружены. У похожих узлов колен 1–3 выход есть в 29% случаев.",4,False,1,0,6500.0,0.0,1,0,1,0.0,0.0,True,0.287,0,False,1,0,1,0.279904,0.082073,0.0129,0.054048,0.079004,0.051879,0.0,0.75,0.65,1.0,нет
100000003086040100,terminal,0.62,1,0.312747,"Наблюдаемый конечный узел: вход от 1 клиентов (10,500 KZT), исходящих нет; колено 2<4.",2,False,1,0,10500.0,0.0,1,0,2,0.0,0.0,False,0.0,0,False,1,0,0,0.367938,0.082073,0.026646,0.128336,0.079004,0.051879,0.0,0.85,1.0,1.0,нет
100000003087877100,terminal,0.62,21,0.334943,"Наблюдаемый конечный узел: вход от 1 клиентов (91,486 KZT), исходящих нет; колено 3<4.",3,False,1,0,91486.0,0.0,1,0,1,0.0,0.0,False,0.0,0,False,1,0,0,0.39405,0.082073,0.127046,0.054048,0.079004,0.051879,0.0,0.85,1.0,1.0,нет
100000003089018100,terminal,0.62,3,0.365343,"Наблюдаемый конечный узел: вход от 1 клиентов (230,000 KZT), исходящих нет; колено 2<4.",2,False,1,0,230000.0,0.0,1,0,1,0.0,0.0,False,0.0,0,False,1,0,0,0.429815,0.082073,0.162811,0.054048,0.079004,0.051879,0.0,0.85,1.0,1.0,нет
100000003089553100,terminal,0.62,3,0.444671,"Наблюдаемый конечный узел: вход от 1 клиентов (150,000 KZT), исходящих нет; колено 3<4.",3,False,1,0,150000.0,0.0,1,0,3,0.0,0.0,False,0.0,0,False,1,0,0,0.523143,0.082073,0.146797,0.16339,0.079004,0.051879,0.0,0.85,1.0,1.0,нет
100000003091142100,peripheral,0.55,1,0.209448,"Граница обхода: колено 4, вход от 1 клиентов; исходящие не выгружены. У похожих узлов колен 1–3 выход есть в 29% случаев.",4,False,1,0,40000.0,0.0,1,0,2,0.0,0.0,True,0.287,0,False,1,0,0,0.429637,0.082073,0.088345,0.128336,0.079004,0.051879,0.0,0.75,0.65,1.0,нет
100000003093299100,terminal,0.62,1,0.321331,"Наблюдаемый конечный узел: вход от 1 клиентов (15,000 KZT), исходящих нет; колено 3<4.",3,False,1,0,15000.0,0.0,1,0,2,0.0,0.0,False,0.0,0,False,1,0,0,0.378036,0.082073,0.036744,0.128336,0.079004,0.051879,0.0,0.85,1.0,1.0,нет
100000003095610100,terminal,0.62,8,0.278604,"Наблюдаемый конечный узел: вход от 1 клиентов (23,665 KZT), исходящих нет; колено 3<4.",3,False,1,0,23665.0,0.0,1,0,1,0.0,0.0,False,0.0,0,False,1,0,0,0.327769,0.082073,0.060765,0.054048,0.079004,0.051879,0.0,0.85,1.0,1.0,нет
100000003096787100,peripheral,0.55,8,0.186548,"Граница обхода: колено 4, вход от 1 клиентов; исходящие не выгружены. У похожих узлов колен 1–3 выход есть в 29% случаев.",4,False,1,0,16400.0,0.0,1,0,2,0.0,0.0,True,0.287,0,False,1,0,0,0.382662,0.082073,0.04137,0.128336,0.079004,0.051879,0.0,0.75,0.65,1.0,нет
100000003097324100,terminal,0.66,22,0.54109,"Наблюдаемый конечный узел: вход от 2 клиентов (294,000 KZT), исходящих нет; колено 3<4.",3,False,2,0,294000.0,0.0,2,0,3,0.0,0.0,False,0.0,0,False,2,0,0,0.636577,0.171308,0.170996,0.16339,0.079004,0.051879,0.0,0.85,1.0,1.0,нет
100000003097947100,peripheral,0.55,7,0.18143,"Граница обхода: колено 4, вход от 1 клиентов; исходящие не выгружены. У похожих узлов колен 1–3 выход есть в 29% случаев.",4,False,1,0,52980.0,0.0,1,0,1,0.0,0.0,True,0.287,0,False,1,0,0,0.372164,0.082073,0.10516,0.054048,0.079004,0.051879,0.0,0.75,0.65,1.0,нет
100000003102157100,terminal,0.62,1,0.336833,"Наблюдаемый конечный узел: вход от 1 клиентов (96,746 KZT), исходящих нет; колено 1<4.",1,False,1,0,96746.0,0.0,2,0,1,0.0,0.0,False,0.0,0,False,1,0,0,0.396274,0.082073,0.12927,0.054048,0.079004,0.051879,0.0,0.85,1.0,1.0,нет
100000003104347100,peripheral,0.6,24,0.448298,"Недостаточно признаков роли: 1 плательщиков, 1 получателей, колено 2.",2,False,1,1,418000.0,32000.0,1,1,1,9.2757e-06,0.0,False,0.0,0,False,1,1,0,0.597731,0.082073,0.180427,0.054048,0.166815,0.114368,0.0,0.75,1.0,1.0,нет
100000003105089100,peripheral,0.55,23,0.141354,"Граница обхода: колено 4, вход от 1 клиентов; исходящие не выгружены. У похожих узлов колен 1–3 выход есть в 29% случаев.",4,False,1,0,10000.0,0.0,1,0,1,0.0,0.0,True,0.287,0,False,1,0,0,0.289958,0.082073,0.022954,0.054048,0.079004,0.051879,0.0,0.75,0.65,1.0,нет
100000003105929100,peripheral,0.6,6,0.530839,"Недостаточно признаков роли: 1 плательщиков, 1 получателей, колено 3.",3,False,1,1,429567.0,156354.0,2,1,3,9.2757e-06,0.0,False,0.0,0,False,1,1,0,0.707785,0.082073,0.181139,0.16339,0.166815,0.114368,0.0,0.75,1.0,1.0,нет
100000003109805100,terminal,0.62,17,0.299022,"Наблюдаемый конечный узел: вход от 1 клиентов (36,929 KZT), исходящих нет; колено 3<4.",3,False,1,0,36929.0,0.0,1,0,1,0.0,0.0,False,0.0,0,False,1,0,0,0.35179,0.082073,0.084786,0.054048,0.079004,0.051879,0.0,0.85,1.0,1.0,нет
100000003111305100,consolidator,0.65,9,0.69583,"Признаки консолидации: 4 плательщиков, 0 получателей, входящий поток 509,338 KZT.",3,False,4,0,509338.0,0.0,4,0,4,0.0,0.0,False,0.0,0,False,2,0,0,0.69583,0.193817,0.18621,0.18492,0.079004,0.051879,0.0,1.0,1.0,1.0,нет
100000003112436100,terminal,0.62,5,0.450192,"Наблюдаемый конечный узел: вход от 1 клиентов (100,000 KZT), исходящих нет; колено 2<4.",2,False,1,0,100000.0,0.0,1,0,4,0.0,0.0,False,0.0,0,False,1,0,0,0.529637,0.082073,0.131762,0.18492,0.079004,0.051879,0.0,0.85,1.0,1.0,нет
100000003112578100,terminal,0.62,10,0.403684,"Наблюдаемый конечный узел: вход от 1 клиентов (101,080 KZT), исходящих нет; колено 3<4.",3,False,1,0,101080.0,0.0,1,0,2,0.0,0.0,False,0.0,0,False,1,0,0,0.474922,0.082073,0.13363,0.128336,0.079004,0.051879,0.0,0.85,1.0,1.0,нет
100000003115284100,consolidator,0.83,12,0.958669,"Признаки консолидации: 8 плательщиков, 2 получателей, входящий поток 2,160,500 KZT.",1,False,8,2,2160500.0,517000.0,15,4,9,4.63787e-05,0.8666666666666667,False,0.0,2,False,7,1,1,0.958669,0.198754,0.198754,0.199689,0.188523,0.129615,0.043333,1.0,1.0,1.0,возвратный поток (2 цикл.); 7 плательщиков в один день; плательщиков больше 99% узлов колена 1
100000003116106100,terminal,0.62,6,0.476962,"Наблюдаемый конечный узел: вход от 1 клиентов (494,050 KZT), исходящих нет; колено 3<4.",3,False,1,0,494050.0,0.0,2,0,3,0.0,0.0,False,0.0,0,False,1,0,0,0.561132,0.082073,0.184786,0.16339,0.079004,0.051879,0.0,0.85,1.0,1.0,нет
100000003119550100,terminal,0.62,2,0.274369,"Наблюдаемый конечный узел: вход от 1 клиентов (21,000 KZT), исходящих нет; колено 1<4.",1,False,1,0,21000.0,0.0,1,0,1,0.0,0.0,False,0.0,0,False,1,0,0,0.322787,0.082073,0.055783,0.054048,0.079004,0.051879,0.0,0.85,1.0,1.0,нет
100000003122817100,terminal,0.62,28,0.381602,"Наблюдаемый конечный узел: вход от 1 клиентов (444,680 KZT), исходящих нет; колено 3<4.",3,False,1,0,444680.0,0.0,1,0,1,0.0,0.0,False,0.0,0,False,1,0,0,0.448944,0.082073,0.18194,0.054048,0.079004,0.051879,0.0,0.85,1.0,1.0,нет
100000003123296100,terminal,0.62,13,0.332523,"Наблюдаемый конечный узел: вход от 1 клиентов (86,200 KZT), исходящих нет; колено 1<4.",1,False,1,0,86200.0,0.0,2,0,1,0.0,0.0,False,0.0,0,False,1,0,0,0.391203,0.082073,0.124199,0.054048,0.079004,0.051879,0.0,0.85,1.0,1.0,нет
100000003125997100,peripheral,0.55,3,0.191015,"Граница обхода: колено 4, вход от 1 клиентов; исходящие не выгружены. У похожих узлов колен 1–3 выход есть в 29% случаев.",4,False,1,0,87750.0,0.0,1,0,1,0.0,0.0,True,0.287,0,False,1,0,0,0.391826,0.082073,0.124822,0.054048,0.079004,0.051879,0.0,0.75,0.65,1.0,нет
100000003128638100,peripheral,0.55,3,0.213959,"Граница обхода: колено 4, вход от 1 клиентов; исходящие не выгружены. У похожих узлов колен 1–3 выход есть в 29% случаев.",4,False,1,0,300000.0,0.0,1,0,1,0.0,0.0,True,0.287,0,False,1,0,0,0.43889,0.082073,0.171886,0.054048,0.079004,0.051879,0.0,0.75,0.65,1.0,нет
100000003131016100,peripheral,0.6,7,0.448537,"Недостаточно признаков роли: 1 плательщиков, 1 получателей, колено 2.",2,False,1,1,405700.0,126000.0,7,4,2,0.0,0.2857142857142857,False,0.0,1,False,1,1,1,0.598049,0.082073,0.179982,0.128336,0.079004,0.114368,0.014286,0.75,1.0,1.0,возвратный поток (1 цикл.)
100000003131693100,terminal,0.62,4,0.487928,"Наблюдаемый конечный узел: вход от 1 клиентов (353,277 KZT), исходящих нет; колено 1<4.",1,False,1,0,353277.0,0.0,1,0,4,0.0,0.0,False,0.0,0,False,1,0,0,0.574032,0.082073,0.176157,0.18492,0.079004,0.051879,0.0,0.85,1.0,1.0,нет
100000003132484100,terminal,0.62,3,0.333997,"Наблюдаемый конечный узел: вход от 1 клиентов (90,000 KZT), исходящих нет; колено 3<4.",3,False,1,0,90000.0,0.0,1,0,1,0.0,0.0,False,0.0,0,False,1,0,0,0.392938,0.082073,0.125934,0.054048,0.079004,0.051879,0.0,0.85,1.0,1.0,нет
100000003133045100,peripheral,0.55,3,0.186071,"Граница обхода: колено 4, вход от 1 клиентов; исходящие не выгружены. У похожих узлов колен 1–3 выход есть в 29% случаев.",4,False,1,0,68000.0,0.0,1,0,1,0.0,0.0,True,0.287,0,False,1,0,0,0.381684,0.082073,0.11468,0.054048,0.079004,0.051879,0.0,0.75,0.65,1.0,нет
100000003134474100,terminal,0.62,6,0.437185,"Наблюдаемый конечный узел: вход от 1 клиентов (116,000 KZT), исходящих нет; колено 3<4.",3,False,1,0,116000.0,0.0,1,0,3,0.0,0.0,False,0.0,0,False,1,0,0,0.514335,0.082073,0.137989,0.16339,0.079004,0.051879,0.0,0.85,1.0,1.0,нет
100000003134550100,peripheral,0.55,3,0.194398,"Граница обхода: колено 4, вход от 1 клиентов; исходящие не выгружены. У похожих узлов колен 1–3 выход есть в 29% случаев.",4,False,1,0,100000.0,0.0,1,0,1,0.0,0.0,True,0.287,0,False,1,0,0,0.398766,0.082073,0.131762,0.054048,0.079004,0.051879,0.0,0.75,0.65,1.0,нет
100000003134934100,consolidator,0.65,1,0.665847,"Признаки консолидации: 4 плательщиков, 0 получателей, входящий поток 379,354 KZT.",2,False,4,0,379354.0,0.0,4,0,3,0.0,0.0,False,0.0,0,False,2,0,0,0.665847,0.193817,0.177758,0.16339,0.079004,0.051879,0.0,1.0,1.0,1.0,нет
100000003134937100,terminal,0.62,5,0.312558,"Наблюдаемый конечный узел: вход от 1 клиентов (10,286 KZT), исходящих нет; колено 1<4.",1,False,1,0,10286.0,0.0,1,0,2,0.0,0.0,False,0.0,0,False,1,0,0,0.367716,0.082073,0.026423,0.128336,0.079004,0.051879,0.0,0.85,1.0,1.0,нет
100000003146511100,peripheral,0.55,14,0.17757,"Граница обхода: колено 4, вход от 1 клиентов; исходящие не выгружены. У похожих узлов колен 1–3 выход есть в 29% случаев.",4,False,1,0,10000.0,0.0,1,0,2,0.0,0.0,True,0.287,0,False,1,0,0,0.364246,0.082073,0.022954,0.128336,0.079004,0.051879,0.0,0.75,0.65,1.0,нет
100000003147719100,terminal,0.62,3,0.338951,"Наблюдаемый конечный узел: вход от 1 клиентов (100,000 KZT), исходящих нет; колено 3<4.",3,False,1,0,100000.0,0.0,1,0,1,0.0,0.0,False,0.0,0,False,1,0,0,0.398766,0.082073,0.131762,0.054048,0.079004,0.051879,0.0,0.85,1.0,1.0,нет
100000003148220100,peripheral,0.6,60,0.369987,"Недостаточно признаков роли: 1 плательщиков, 2 получателей, колено 1.",1,False,1,2,5650.0,43400.0,1,4,1,9.2757e-06,1.0,False,0.0,1,True,1,1,1,0.493316,0.082073,0.010765,0.054048,0.166815,0.129615,0.05,0.75,1.0,1.0,возвратный поток с seed (1 цикл.)
100000003149149100,terminal,0.62,6,0.460552,"Наблюдаемый конечный узел: вход от 1 клиентов (245,000 KZT), исходящих нет; колено 3<4.",3,False,1,0,245000.0,0.0,1,0,3,0.0,0.0,False,0.0,0,False,1,0,0,0.541826,0.082073,0.16548,0.16339,0.079004,0.051879,0.0,0.85,1.0,1.0,нет
100000003152964100,peripheral,0.6,7,0.421742,"Недостаточно признаков роли: 1 плательщиков, 1 получателей, колено 3.",3,False,1,1,141847.0,5500.0,1,1,1,9.2757e-06,0.0,False,0.0,0,False,1,1,0,0.562322,0.082073,0.145018,0.054048,0.166815,0.114368,0.0,0.75,1.0,1.0,нет
100000003154105100,peripheral,0.6,23,0.474205,"Недостаточно признаков роли: 1 плательщиков, 7 получателей, колено 3.",3,False,1,7,60000.0,338000.0,1,9,1,6.49302e-05,1.0,False,0.0,0,False,1,2,0,0.632273,0.082073,0.110365,0.054048,0.191326,0.144462,0.05,0.75,1.0,1.0,нет
100000003157333100,terminal,0.62,9,0.291157,"Наблюдаемый конечный узел: вход от 1 клиентов (30,000 KZT), исходящих нет; колено 2<4.",2,False,1,0,30000.0,0.0,1,0,1,0.0,0.0,False,0.0,0,False,1,0,0,0.342538,0.082073,0.075534,0.054048,0.079004,0.051879,0.0,0.85,1.0,1.0,нет
100000003157679100,consolidator,0.65,3,0.696986,"Признаки консолидации: 4 плательщиков, 0 получателей, входящий поток 541,000 KZT.",3,False,4,0,541000.0,0.0,4,0,4,0.0,0.0,False,0.0,0,False,2,0,0,0.696986,0.193817,0.187367,0.18492,0.079004,0.051879,0.0,1.0,1.0,1.0,нет
100000003158727100,terminal,0.7,11,0.578183,"Наблюдаемый конечный узел: вход от 3 клиентов (367,940 KZT), исходящих нет; колено 1<4.",1,False,3,0,367940.0,0.0,3,0,4,0.0,0.0,False,0.0,0,False,2,0,0,0.680216,0.187189,0.177224,0.18492,0.079004,0.051879,0.0,0.85,1.0,1.0,нет
100000003159641100,consolidator,0.65,59,0.805166,"Признаки консолидации: 4 плательщиков, 1 получателей, входящий поток 64,000 KZT.",2,False,4,1,64000.0,197800.0,7,1,4,2.81202e-05,0.2857142857142857,False,0.0,0,False,1,1,4,0.805166,0.193817,0.1125,0.18492,0.185276,0.114368,0.014286,1.0,1.0,1.0,4 входов у порога 5–10 тыс.
100000003163256100,transit,0.6657,5,0.497947,"Признаки транзита: отдал 111% видимого входа; 1→1 связей, быстрый выход 0%.",1,False,1,1,13485.0,15000.0,1,1,2,9.2757e-06,0.0,False,0.0,0,False,1,1,0,0.524155,0.082073,0.032562,0.128336,0.166815,0.114368,0.0,0.95,1.0,1.0,нет
100000003163886100,terminal,0.62,56,0.447848,"Наблюдаемый конечный узел: вход от 1 клиентов (500,000 KZT), исходящих нет; колено 3<4.",3,False,1,0,500000.0,0.0,1,0,2,0.0,0.0,False,0.0,0,False,1,0,0,0.526879,0.082073,0.185587,0.128336,0.079004,0.051879,0.0,0.85,1.0,1.0,нет
100000003164661100,terminal,0.62,30,0.387803,"Наблюдаемый конечный узел: вход от 1 клиентов (596,200 KZT), исходящих нет; колено 3<4.",3,False,1,0,596200.0,0.0,3,0,1,0.0,0.0,False,0.0,0,False,1,0,0,0.456239,0.082073,0.189235,0.054048,0.079004,0.051879,0.0,0.85,1.0,1.0,нет
100000003166017100,peripheral,0.55,8,0.184293,"Граница обхода: колено 4, вход от 1 клиентов; исходящие не выгружены. У похожих узлов колен 1–3 выход есть в 29% случаев.",4,False,1,0,15000.0,0.0,1,0,2,0.0,0.0,True,0.287,0,False,1,0,0,0.378036,0.082073,0.036744,0.128336,0.079004,0.051879,0.0,0.75,0.65,1.0,нет
100000003166755100,terminal,0.62,4,0.343261,"Наблюдаемый конечный узел: вход от 1 клиентов (24,010 KZT), исходящих нет; колено 2<4.",2,False,1,0,24010.0,0.0,1,0,2,0.0,0.0,False,0.0,0,False,1,0,0,0.403837,0.082073,0.062544,0.128336,0.079004,0.051879,0.0,0.85,1.0,1.0,нет
100000003171006100,terminal,0.66,3,0.552434,"Наблюдаемый конечный узел: вход от 2 клиентов (485,000 KZT), исходящих нет; колено 3<4.",3,False,2,0,485000.0,0.0,2,0,3,0.0,0.0,False,0.0,0,False,2,0,0,0.649922,0.171308,0.184342,0.16339,0.079004,0.051879,0.0,0.85,1.0,1.0,нет
100000003171587100,peripheral,0.6,6,0.625481,"Недостаточно признаков роли: 2 плательщиков, 2 получателей, колено 3.",3,False,2,2,700000.0,431300.0,2,7,3,1.85515e-05,0.0,False,0.0,0,False,2,2,0,0.833975,0.171308,0.190881,0.16339,0.178781,0.129615,0.0,0.75,1.0,1.0,нет
100000003173783100,peripheral,0.55,31,0.159375,"Граница обхода: колено 4, вход от 1 клиентов; исходящие не выгружены. У похожих узлов колен 1–3 выход есть в 29% случаев.",4,False,1,0,23500.0,0.0,2,0,1,0.0,0.0,True,0.287,0,False,1,0,1,0.326924,0.082073,0.05992,0.054048,0.079004,0.051879,0.0,0.75,0.65,1.0,нет
100000003177533100,peripheral,0.55,7,0.155515,"Граница обхода: колено 4, вход от 1 клиентов; исходящие не выгружены. У похожих узлов колен 1–3 выход есть в 29% случаев.",4,False,1,0,20000.0,0.0,3,0,1,0.0,0.0,True,0.287,0,False,1,0,2,0.319006,0.082073,0.052002,0.054048,0.079004,0.051879,0.0,0.75,0.65,1.0,нет
100000003178549100,peripheral,0.6,17,0.530622,"Недостаточно признаков роли: 2 плательщиков, 4 получателей, колено 3.",3,False,2,4,250000.0,89080.0,2,4,1,1.26769e-05,0.0,False,0.0,2,False,1,1,0,0.707496,0.171308,0.166237,0.054048,0.175712,0.140191,0.0,0.75,1.0,1.0,возвратный поток (2 цикл.)
100000003180305100,peripheral,0.55,1,0.254382,"Граница обхода: колено 4, вход от 1 клиентов; исходящие не выгружены. У похожих узлов колен 1–3 выход есть в 29% случаев.",4,False,1,0,144000.0,0.0,1,0,3,0.0,0.0,True,0.287,0,False,1,0,0,0.521808,0.082073,0.145463,0.16339,0.079004,0.051879,0.0,0.75,0.65,1.0,нет
100000003180820100,peripheral,0.55,3,0.231481,"Граница обхода: колено 4, вход от 1 клиентов; исходящие не выгружены. У похожих узлов колен 1–3 выход есть в 29% случаев.",4,False,1,0,101000.0,0.0,1,0,2,0.0,0.0,True,0.287,0,False,1,0,0,0.474833,0.082073,0.133541,0.128336,0.079004,0.051879,0.0,0.75,0.65,1.0,нет
100000003186579100,peripheral,0.55,7,0.196632,"Граница обхода: колено 4, вход от 1 клиентов; исходящие не выгружены. У похожих узлов колен 1–3 выход есть в 29% случаев.",4,False,1,0,110000.0,0.0,2,0,1,0.0,0.0,True,0.287,0,False,1,0,0,0.403347,0.082073,0.136343,0.054048,0.079004,0.051879,0.0,0.75,0.65,1.0,нет
100000003187359100,terminal,0.62,2,0.26847,"Наблюдаемый конечный узел: вход от 1 клиентов (19,072 KZT), исходящих нет; колено 1<4.",1,False,1,0,19072.0,0.0,1,0,1,0.0,0.0,False,0.0,0,False,1,0,0,0.315847,0.082073,0.048843,0.054048,0.079004,0.051879,0.0,0.85,1.0,1.0,нет
100000003188607100,peripheral,0.6,11,0.282184,"Недостаточно признаков роли: 1 плательщиков, 1 получателей, колено 2.",2,False,1,1,18000.0,5000.0,1,1,1,0.0,0.0,False,0.0,0,False,1,1,0,0.376246,0.082073,0.046753,0.054048,0.079004,0.114368,0.0,0.75,1.0,1.0,нет
100000003190207100,peripheral,0.6,20,0.410899,"Недостаточно признаков роли: 1 плательщиков, 1 получателей, колено 3.",3,False,1,1,5000.0,377000.0,1,8,2,9.2757e-06,1.0,False,0.0,0,False,1,3,1,0.547865,0.082073,0.006272,0.128336,0.166815,0.114368,0.05,0.75,1.0,1.0,нет
100000003191430100,terminal,0.62,5,0.357214,"Наблюдаемый конечный узел: вход от 1 клиентов (180,000 KZT), исходящих нет; колено 2<4.",2,False,1,0,180000.0,0.0,1,0,1,0.0,0.0,False,0.0,0,False,1,0,0,0.420251,0.082073,0.153247,0.054048,0.079004,0.051879,0.0,0.85,1.0,1.0,нет
100000003192220100,terminal,0.62,55,0.320763,"Наблюдаемый конечный узел: вход от 1 клиентов (60,000 KZT), исходящих нет; колено 2<4.",2,False,1,0,60000.0,0.0,2,0,1,0.0,0.0,False,0.0,0,False,1,0,0,0.377369,0.082073,0.110365,0.054048,0.079004,0.051879,0.0,0.85,1.0,1.0,нет
100000003192309100,peripheral,0.6,2,0.279882,"Недостаточно признаков роли: 1 плательщиков, 1 получателей, колено 3.",3,False,1,1,17200.0,213000.0,1,1,1,0.0,0.0,False,0.0,0,False,1,1,0,0.373176,0.082073,0.043683,0.054048,0.079004,0.114368,0.0,0.75,1.0,1.0,нет
100000003194831100,peripheral,0.55,10,0.136323,"Граница обхода: колено 4, вход от 1 клиентов; исходящие не выгружены. У похожих узлов колен 1–3 выход есть в 29% случаев.",4,False,1,0,6265.0,0.0,1,0,1,0.0,0.0,True,0.287,0,False,1,0,1,0.279637,0.082073,0.012633,0.054048,0.079004,0.051879,0.0,0.75,0.65,1.0,нет
100000003199390100,peripheral,0.55,6,0.265008,"Граница обхода: колено 4, вход от 1 клиентов; исходящие не выгружены. У похожих узлов колен 1–3 выход есть в 29% случаев.",4,False,1,0,260000.0,0.0,1,0,3,0.0,0.0,True,0.287,0,False,1,0,0,0.543605,0.082073,0.16726,0.16339,0.079004,0.051879,0.0,0.75,0.65,1.0,нет
100000003200071100,peripheral,0.6,69,0.160169,"Недостаточно признаков роли: 0 плательщиков, 1 получателей, колено 0.",0,True,0,1,0.0,30000.0,0,1,1,0.0,0.0,False,0.0,0,False,0,1,0,0.251246,0.001913,0.001913,0.054048,0.079004,0.114368,0.0,0.75,1.0,0.85,нет
100000003204491100,peripheral,0.6,1,0.46448,"Недостаточно признаков роли: 1 плательщиков, 1 получателей, колено 3.",3,False,1,1,140000.0,100000.0,1,2,1,9.3734e-06,1.0,False,0.0,0,False,1,2,0,0.619306,0.082073,0.143995,0.054048,0.174822,0.114368,0.05,0.75,1.0,1.0,нет
100000003205210100,terminal,0.62,4,0.45972,"Наблюдаемый конечный узел: вход от 1 клиентов (137,563 KZT), исходящих нет; колено 1<4.",1,False,1,0,137563.0,0.0,1,0,4,0.0,0.0,False,0.0,0,False,1,0,0,0.540847,0.082073,0.142972,0.18492,0.079004,0.051879,0.0,0.85,1.0,1.0,нет
100000003207060100,peripheral,0.55,1,0.217754,"Граница обхода: колено 4, вход от 1 клиентов; исходящие не выгружены. У похожих узлов колен 1–3 выход есть в 29% случаев.",4,False,1,0,53000.0,0.0,1,0,2,0.0,0.0,True,0.287,0,False,1,0,0,0.446675,0.082073,0.105383,0.128336,0.079004,0.051879,0.0,0.75,0.65,1.0,нет
100000003213473100,distributor,0.765,1,0.703359,"Признаки распределения: 11 получателей против 1 плательщиков, исходящий поток 240,000 KZT.",3,False,1,11,57500.0,240000.0,2,12,2,4.09679e-05,1.0,False,0.0,3,True,1,2,1,0.703359,0.082073,0.108986,0.128336,0.187633,0.14633,0.05,1.0,1.0,1.0,возвратный поток с seed (3 цикл.)
100000003214786100,peripheral,0.55,1,0.169438,"Граница обхода: колено 4, вход от 1 клиентов; исходящие не выгружены. У похожих узлов колен 1–3 выход есть в 29% случаев.",4,False,1,0,5000.0,0.0,1,0,2,0.0,0.0,True,0.287,0,False,1,0,1,0.347565,0.082073,0.006272,0.128336,0.079004,0.051879,0.0,0.75,0.65,1.0,нет
100000003215448100,peripheral,0.6,7,0.466106,"Недостаточно признаков роли: 1 плательщиков, 2 получателей, колено 3.",3,False,1,2,91309.0,124000.0,1,4,1,1.85515e-05,1.0,False,0.0,0,False,1,1,0,0.621475,0.082073,0.126957,0.054048,0.178781,0.129615,0.05,0.75,1.0,1.0,нет
100000003216073100,peripheral,0.6,21,0.310976,"Недостаточно признаков роли: 1 плательщиков, 1 получателей, колено 3.",3,False,1,1,37001.0,70000.0,1,1,1,0.0,0.0,False,0.0,0,False,1,1,0,0.414635,0.082073,0.085142,0.054048,0.079004,0.114368,0.0,0.75,1.0,1.0,нет
100000003218308100,terminal,0.62,1,0.313844,"Наблюдаемый конечный узел: вход от 1 клиентов (11,165 KZT), исходящих нет; колено 3<4.",3,False,1,0,11165.0,0.0,1,0,2,0.0,0.0,False,0.0,0,False,1,0,0,0.369228,0.082073,0.027936,0.128336,0.079004,0.051879,0.0,0.85,1.0,1.0,нет
100000003219438100,terminal,0.62,35,0.29456,"Наблюдаемый конечный узел: вход от 1 клиентов (32,000 KZT), исходящих нет; колено 2<4.",2,False,1,0,32000.0,0.0,1,0,1,0.0,0.0,False,0.0,0,False,1,0,0,0.346541,0.082073,0.079537,0.054048,0.079004,0.051879,0.0,0.85,1.0,1.0,нет
100000003220685100,peripheral,0.55,6,0.279364,"Граница обхода: колено 4, вход от 1 клиентов; исходящие не выгружены. У похожих узлов колен 1–3 выход есть в 29% случаев.",4,False,1,0,1306000.0,0.0,2,0,3,0.0,0.0,True,0.287,0,False,1,0,0,0.573054,0.082073,0.196708,0.16339,0.079004,0.051879,0.0,0.75,0.65,1.0,нет
100000003221384100,terminal,0.62,16,0.478475,"Наблюдаемый конечный узел: вход от 1 клиентов (511,200 KZT), исходящих нет; колено 2<4.",2,False,1,0,511200.0,0.0,1,0,3,0.0,0.0,False,0.0,0,False,1,0,0,0.562911,0.082073,0.186566,0.16339,0.079004,0.051879,0.0,0.85,1.0,1.0,нет
100000003221510100,peripheral,0.6,1,0.435646,"Недостаточно признаков роли: 1 плательщиков, 2 получателей, колено 3.",3,False,1,2,24000.0,120000.0,1,3,2,1.85515e-05,0.0,False,0.0,0,False,1,1,0,0.580861,0.082073,0.062055,0.128336,0.178781,0.129615,0.0,0.75,1.0,1.0,нет
100000003230328100,peripheral,0.55,7,0.268933,"Граница обхода: колено 4, вход от 3 клиентов; исходящие не выгружены. У похожих узлов колен 1–3 выход есть в 73% случаев.",4,False,3,0,26572.0,0.0,3,0,3,0.0,0.0,True,0.732,0,False,1,0,1,0.551657,0.187189,0.070196,0.16339,0.079004,0.051879,0.0,0.75,0.65,1.0,плательщиков больше 99% узлов колена 4; продлить обход: скрытый выход ~73%
100000003230329100,peripheral,0.55,3,0.232847,"Граница обхода: колено 4, вход от 1 клиентов; исходящие не выгружены. У похожих узлов колен 1–3 выход есть в 29% случаев.",4,False,1,0,110000.0,0.0,1,0,2,0.0,0.0,True,0.287,0,False,1,0,0,0.477636,0.082073,0.136343,0.128336,0.079004,0.051879,0.0,0.75,0.65,1.0,нет
100000003232675100,peripheral,0.55,14,0.211096,"Граница обхода: колено 4, вход от 1 клиентов; исходящие не выгружены. У похожих узлов колен 1–3 выход есть в 29% случаев.",4,False,1,0,44000.0,0.0,2,0,2,0.0,0.0,True,0.287,0,False,1,0,0,0.433018,0.082073,0.091726,0.128336,0.079004,0.051879,0.0,0.75,0.65,1.0,нет
100000003235780100,terminal,0.66,1,0.462329,"Наблюдаемый конечный узел: вход от 2 клиентов (65,000 KZT), исходящих нет; колено 1<4.",1,False,2,0,65000.0,0.0,2,0,2,0.0,0.0,False,0.0,0,False,1,0,0,0.543917,0.171308,0.11339,0.128336,0.079004,0.051879,0.0,0.85,1.0,1.0,нет
100000003237045100,peripheral,0.6,5,0.378436,"Недостаточно признаков роли: 1 плательщиков, 1 получателей, колено 2.",2,False,1,1,340200.0,150000.0,2,1,1,0.0,0.0,False,0.0,1,False,1,1,0,0.504582,0.082073,0.175089,0.054048,0.079004,0.114368,0.0,0.75,1.0,1.0,возвратный поток (1 цикл.)
100000003239379100,terminal,0.62,13,0.33517,"Наблюдаемый конечный узел: вход от 1 клиентов (92,500 KZT), исходящих нет; колено 1<4.",1,False,1,0,92500.0,0.0,1,0,1,0.0,0.0,False,0.0,0,False,1,0,0,0.394317,0.082073,0.127313,0.054048,0.079004,0.051879,0.0,0.85,1.0,1.0,нет
100000003239859100,terminal,0.62,13,0.267676,"Наблюдаемый конечный узел: вход от 1 клиентов (18,600 KZT), исходящих нет; колено 1<4.",1,False,1,0,18600.0,0.0,1,0,1,0.0,0.0,False,0.0,0,False,1,0,0,0.314913,0.082073,0.047909,0.054048,0.079004,0.051879,0.0,0.85,1.0,1.0,нет
100000003241965100,terminal,0.62,8,0.258186,"Наблюдаемый конечный узел: вход от 1 клиентов (15,000 KZT), исходящих нет; колено 3<4.",3,False,1,0,15000.0,0.0,1,0,1,0.0,0.0,False,0.0,0,False,1,0,0,0.303748,0.082073,0.036744,0.054048,0.079004,0.051879,0.0,0.85,1.0,1.0,нет
100000003242289100,coordinator,0.6,17,0.933085,"Гипотеза координации: достижим из 3 seed, 3 плательщиков, мост 0.0003.",2,False,3,23,550791.0,2377741.0,8,26,3,0.0002533945,1.0,False,0.0,8,True,2,2,0,0.933085,0.187189,0.187722,0.16339,0.196352,0.148432,0.05,1.0,1.0,1.0,возвратный поток с seed (8 цикл.)
100000003242795100,terminal,0.62,6,0.436164,"Наблюдаемый конечный узел: вход от 1 клиентов (111,000 KZT), исходящих нет; колено 3<4.",3,False,1,0,111000.0,0.0,1,0,3,0.0,0.0,False,0.0,0,False,1,0,0,0.513134,0.082073,0.136788,0.16339,0.079004,0.051879,0.0,0.85,1.0,1.0,нет
100000003246024100,peripheral,0.6,7,0.477458,"Недостаточно признаков роли: 1 плательщиков, 1 получателей, колено 2.",2,False,1,1,25000.0,5000.0,1,1,2,0.0002689967,1.0,False,0.0,0,False,1,1,0,0.63661,0.082073,0.06508,0.128336,0.196753,0.114368,0.05,0.75,1.0,1.0,нет
100000003247600100,peripheral,0.55,4,0.183468,"Граница обхода: колено 4, вход от 1 клиентов; исходящие не выгружены. У похожих узлов колен 1–3 выход есть в 29% случаев.",4,False,1,0,58000.0,0.0,1,0,1,0.0,0.0,True,0.287,0,False,1,0,0,0.376346,0.082073,0.109342,0.054048,0.079004,0.051879,0.0,0.75,0.65,1.0,нет
100000003249054100,consolidator,0.835,4,0.785098,"Признаки консолидации: 7 плательщиков, 1 получателей, входящий поток 99,700 KZT.",2,False,7,1,99700.0,15000.0,11,1,3,1.85515e-05,0.0,False,0.0,0,False,2,1,7,0.785098,0.19831,0.130249,0.16339,0.178781,0.114368,0.0,1.0,1.0,1.0,7 входов у порога 5–10 тыс.
100000003252446100,peripheral,0.55,3,0.196307,"Граница обхода: колено 4, вход от 1 клиентов; исходящие не выгружены. У похожих узлов колен 1–3 выход есть в 29% случаев.",4,False,1,0,108600.0,0.0,1,0,1,0.0,0.0,True,0.287,0,False,1,0,0,0.40268,0.082073,0.135676,0.054048,0.079004,0.051879,0.0,0.75,0.65,1.0,нет
100000003254277100,transit,0.7859,1,0.608245,"Признаки транзита: отдал 91% видимого входа; 1→1 связей, быстрый выход 100%.",3,False,1,1,49200.0,44997.0,1,1,2,9.2757e-06,1.0,False,0.0,0,False,1,1,0,0.640258,0.082073,0.098665,0.128336,0.166815,0.114368,0.05,0.95,1.0,1.0,нет
100000003254723100,terminal,0.62,4,0.4815,"Наблюдаемый конечный узел: вход от 1 клиентов (269,850 KZT), исходящих нет; колено 2<4.",2,False,1,0,269850.0,0.0,6,0,4,0.0,0.0,False,0.0,0,False,1,0,2,0.56647,0.082073,0.168594,0.18492,0.079004,0.051879,0.0,0.85,1.0,1.0,нет
100000003265158100,transit,0.7751,13,0.829817,"Признаки транзита: отдал 106% видимого входа; 3→2 связей, быстрый выход 67%.",1,False,3,2,146100.4,154200.0,3,4,4,8.34817e-05,0.6666666666666666,False,0.0,0,False,1,1,0,0.873491,0.187189,0.145819,0.18492,0.192616,0.129615,0.033333,0.95,1.0,1.0,нет
100000003265658100,peripheral,0.6,74,0.120332,"Seed без исходящих в выборке; входящий поток неполон, структурная роль не установлена.",0,True,0,0,0.0,0.0,0,0,1,0.0,0.0,False,0.0,0,False,0,0,0,0.188757,0.001913,0.001913,0.054048,0.079004,0.051879,0.0,0.75,1.0,0.85,нет
100000003270419100,terminal,0.62,14,0.414876,"Наблюдаемый конечный узел: вход от 1 клиентов (150,000 KZT), исходящих нет; колено 3<4.",3,False,1,0,150000.0,0.0,1,0,2,0.0,0.0,False,0.0,0,False,1,0,0,0.488089,0.082073,0.146797,0.128336,0.079004,0.051879,0.0,0.85,1.0,1.0,нет
100000003271151100,terminal,0.62,7,0.346513,"Наблюдаемый конечный узел: вход от 1 клиентов (127,294 KZT), исходящих нет; колено 3<4.",3,False,1,0,127294.0,0.0,1,0,1,0.0,0.0,False,0.0,0,False,1,0,0,0.407662,0.082073,0.140658,0.054048,0.079004,0.051879,0.0,0.85,1.0,1.0,нет
100000003275398100,peripheral,0.6,26,0.376034,"Недостаточно признаков роли: 1 плательщиков, 1 получателей, колено 2.",2,False,1,1,300000.0,20000.0,1,1,1,0.0,0.0,False,0.0,0,False,1,1,0,0.501379,0.082073,0.171886,0.054048,0.079004,0.114368,0.0,0.75,1.0,1.0,нет
100000003278020100,terminal,0.62,1,0.359218,"Наблюдаемый конечный узел: вход от 1 клиентов (190,000 KZT), исходящих нет; колено 2<4.",2,False,1,0,190000.0,0.0,1,0,1,0.0,0.0,False,0.0,0,False,1,0,0,0.422609,0.082073,0.155605,0.054048,0.079004,0.051879,0.0,0.85,1.0,1.0,нет
100000003284932100,terminal,0.62,4,0.436202,"Наблюдаемый конечный узел: вход от 1 клиентов (69,925 KZT), исходящих нет; колено 1<4.",1,False,1,0,69925.0,0.0,1,0,4,0.0,0.0,False,0.0,0,False,1,0,0,0.513178,0.082073,0.115302,0.18492,0.079004,0.051879,0.0,0.85,1.0,1.0,нет
100000003286537100,terminal,0.66,3,0.521542,"Наблюдаемый конечный узел: вход от 2 клиентов (153,000 KZT), исходящих нет; колено 3<4.",3,False,2,0,153000.0,0.0,2,0,3,0.0,0.0,False,0.0,0,False,2,0,0,0.613579,0.171308,0.147998,0.16339,0.079004,0.051879,0.0,0.85,1.0,1.0,нет
100000003289281100,peripheral,0.55,1,0.173233,"Граница обхода: колено 4, вход от 1 клиентов; исходящие не выгружены. У похожих узлов колен 1–3 выход есть в 29% случаев.",4,False,1,0,40000.0,0.0,1,0,1,0.0,0.0,True,0.287,0,False,1,0,0,0.355349,0.082073,0.088345,0.054048,0.079004,0.051879,0.0,0.75,0.65,1.0,нет
100000003289405100,terminal,0.62,4,0.376762,"Наблюдаемый конечный узел: вход от 1 клиентов (355,000 KZT), исходящих нет; колено 2<4.",2,False,1,0,355000.0,0.0,1,0,1,0.0,0.0,False,0.0,0,False,1,0,0,0.44325,0.082073,0.176246,0.054048,0.079004,0.051879,0.0,0.85,1.0,1.0,нет
100000003292191100,terminal,0.62,22,0.343375,"Наблюдаемый конечный узел: вход от 1 клиентов (112,000 KZT), исходящих нет; колено 3<4.",3,False,1,0,112000.0,0.0,1,0,1,0.0,0.0,False,0.0,0,False,1,0,0,0.40397,0.082073,0.136966,0.054048,0.079004,0.051879,0.0,0.85,1.0,1.0,нет
100000003292979100,terminal,0.62,4,0.421606,"Наблюдаемый конечный узел: вход от 1 клиентов (48,950 KZT), исходящих нет; колено 2<4.",2,False,1,0,48950.0,0.0,1,0,4,0.0,0.0,False,0.0,0,False,1,0,0,0.496008,0.082073,0.098132,0.18492,0.079004,0.051879,0.0,0.85,1.0,1.0,нет
100000003293377100,terminal,0.62,6,0.405726,"Наблюдаемый конечный узел: вход от 1 клиентов (50,000 KZT), исходящих нет; колено 3<4.",3,False,1,0,50000.0,0.0,1,0,3,0.0,0.0,False,0.0,0,False,1,0,0,0.477324,0.082073,0.100979,0.16339,0.079004,0.051879,0.0,0.85,1.0,1.0,нет
100000003299365100,transit,0.85,4,0.635334,"Признаки транзита: отдал 100% видимого входа; 1→1 связей, быстрый выход 100%.",1,False,1,1,200000.0,200000.0,1,1,4,0.0,1.0,False,0.0,1,True,1,1,0,0.668772,0.082073,0.158407,0.18492,0.079004,0.114368,0.05,0.95,1.0,1.0,возвратный поток с seed (1 цикл.)
100000003321423100,terminal,0.62,34,0.450192,"Наблюдаемый конечный узел: вход от 1 клиентов (100,000 KZT), исходящих нет; колено 2<4.",2,False,1,0,100000.0,0.0,2,0,4,0.0,0.0,False,0.0,0,False,1,0,0,0.529637,0.082073,0.131762,0.18492,0.079004,0.051879,0.0,0.85,1.0,1.0,нет
100000003321895100,peripheral,0.6,63,0.379929,"Недостаточно признаков роли: 1 плательщиков, 2 получателей, колено 3.",3,False,1,2,24000.0,553830.0,1,3,1,1.85515e-05,0.0,False,0.0,0,False,1,1,0,0.506573,0.082073,0.062055,0.054048,0.178781,0.129615,0.0,0.75,1.0,1.0,нет
100000003336565100,terminal,0.62,2,0.262647,"Наблюдаемый конечный узел: вход от 1 клиентов (16,550 KZT), исходящих нет; колено 2<4.",2,False,1,0,16550.0,0.0,1,0,1,0.0,0.0,False,0.0,0,False,1,0,0,0.308997,0.082073,0.041993,0.054048,0.079004,0.051879,0.0,0.85,1.0,1.0,нет
100000003338583100,terminal,0.62,26,0.275276,"Наблюдаемый конечный узел: вход от 1 клиентов (21,765 KZT), исходящих нет; колено 3<4.",3,False,1,0,21765.0,0.0,1,0,1,0.0,0.0,False,0.0,0,False,1,0,0,0.323855,0.082073,0.056851,0.054048,0.079004,0.051879,0.0,0.85,1.0,1.0,нет
100000003345947100,peripheral,0.55,7,0.18915,"Граница обхода: колено 4, вход от 1 клиентов; исходящие не выгружены. У похожих узлов колен 1–3 выход есть в 29% случаев.",4,False,1,0,79500.0,0.0,6,0,1,0.0,0.0,True,0.287,0,False,1,0,1,0.388,0.082073,0.120996,0.054048,0.079004,0.051879,0.0,0.75,0.65,1.0,нет
100000003349739100,peripheral,0.6,75,0.120332,"Seed без исходящих в выборке; входящий поток неполон, структурная роль не установлена.",0,True,0,0,0.0,0.0,0,0,1,0.0,0.0,False,0.0,0,False,0,0,0,0.188757,0.001913,0.001913,0.054048,0.079004,0.051879,0.0,0.75,1.0,0.85,нет
100000003360542100,peripheral,0.6,12,0.589694,"Недостаточно признаков роли: 2 плательщиков, 2 получателей, колено 2.",2,False,2,2,317000.0,51800.0,3,5,9,0.0,0.6666666666666666,False,0.0,3,False,1,2,1,0.786258,0.171308,0.17331,0.199689,0.079004,0.129615,0.033333,0.75,1.0,1.0,возвратный поток (3 цикл.)
100000003366154100,peripheral,0.6,4,0.58155,"Недостаточно признаков роли: 1 плательщиков, 3 получателей, колено 1.",1,False,1,3,125000.0,289170.0,1,3,4,2.16434e-05,1.0,False,0.0,0,False,1,1,0,0.7754,0.082073,0.14008,0.18492,0.181673,0.136655,0.05,0.75,1.0,1.0,нет
100000003366471100,peripheral,0.6,7,0.573703,"Недостаточно признаков роли: 2 плательщиков, 1 получателей, колено 3.",3,False,2,1,329789.0,20000.0,5,1,2,9.2757e-06,0.2,False,0.0,0,False,2,1,0,0.764938,0.171308,0.17411,0.128336,0.166815,0.114368,0.01,0.75,1.0,1.0,нет
100000003370425100,peripheral,0.55,14,0.219315,"Граница обхода: колено 4, вход от 1 клиентов; исходящие не выгружены. У похожих узлов колен 1–3 выход есть в 29% случаев.",4,False,1,0,20000.0,0.0,1,0,4,0.0,0.0,True,0.287,0,False,1,0,0,0.449878,0.082073,0.052002,0.18492,0.079004,0.051879,0.0,0.75,0.65,1.0,нет
100000003377795100,terminal,0.62,11,0.239015,"Наблюдаемый конечный узел: вход от 1 клиентов (7,000 KZT), исходящих нет; колено 1<4.",1,False,1,0,7000.0,0.0,1,0,1,0.0,0.0,False,0.0,0,False,1,0,1,0.281194,0.082073,0.01419,0.054048,0.079004,0.051879,0.0,0.85,1.0,1.0,нет
100000003390036100,peripheral,0.6,12,0.644832,"Недостаточно признаков роли: 2 плательщиков, 2 получателей, колено 2.",2,False,2,2,231300.0,62000.0,4,2,9,2.78272e-05,0.25,False,0.0,2,False,1,1,1,0.859775,0.171308,0.163078,0.199689,0.183585,0.129615,0.0125,0.75,1.0,1.0,возвратный поток (2 цикл.)
100000003404627100,consolidator,0.65,41,0.7126,"Признаки консолидации: 4 плательщиков, 0 получателей, входящий поток 877,700 KZT.",1,False,4,0,877700.0,0.0,5,0,5,0.0,0.0,False,0.0,0,False,3,0,0,0.7126,0.193817,0.193772,0.194128,0.079004,0.051879,0.0,1.0,1.0,1.0,3 плательщиков в один день
100000003406094100,peripheral,0.6,5,0.490736,"Недостаточно признаков роли: 1 плательщиков, 3 получателей, колено 3.",3,False,1,3,70000.0,47000.0,4,3,2,1.85515e-05,0.25,False,0.0,1,False,1,2,0,0.654315,0.082073,0.11597,0.128336,0.178781,0.136655,0.0125,0.75,1.0,1.0,возвратный поток (1 цикл.)
100000003447411100,peripheral,0.55,7,0.214349,"Граница обхода: колено 4, вход от 1 клиентов; исходящие не выгружены. У похожих узлов колен 1–3 выход есть в 29% случаев.",4,False,1,0,302000.0,0.0,3,0,1,0.0,0.0,True,0.287,0,False,1,0,0,0.439691,0.082073,0.172687,0.054048,0.079004,0.051879,0.0,0.75,0.65,1.0,нет
100000003448713100,peripheral,0.55,7,0.212051,"Граница обхода: колено 4, вход от 1 клиентов; исходящие не выгружены. У похожих узлов колен 1–3 выход есть в 29% случаев.",4,False,1,0,266750.0,0.0,1,0,1,0.0,0.0,True,0.287,0,False,1,0,0,0.434976,0.082073,0.167972,0.054048,0.079004,0.051879,0.0,0.75,0.65,1.0,нет
100000003449074100,terminal,0.62,1,0.246464,"Наблюдаемый конечный узел: вход от 1 клиентов (10,000 KZT), исходящих нет; колено 1<4.",1,False,1,0,10000.0,0.0,1,0,1,0.0,0.0,False,0.0,0,False,1,0,0,0.289958,0.082073,0.022954,0.054048,0.079004,0.051879,0.0,0.85,1.0,1.0,нет
100000003457710100,peripheral,0.6,6,0.562867,"Недостаточно признаков роли: 1 плательщиков, 1 получателей, колено 3.",3,False,1,1,326555.0,1306000.0,1,2,3,9.2757e-06,1.0,False,0.0,0,False,1,1,0,0.750489,0.082073,0.173843,0.16339,0.166815,0.114368,0.05,0.75,1.0,1.0,нет
100000003470579100,peripheral,0.55,28,0.216171,"Граница обхода: колено 4, вход от 1 клиентов; исходящие не выгружены. У похожих узлов колен 1–3 выход есть в 29% случаев.",4,False,1,0,357000.0,0.0,2,0,1,0.0,0.0,True,0.287,0,False,1,0,1,0.443427,0.082073,0.176423,0.054048,0.079004,0.051879,0.0,0.75,0.65,1.0,нет
100000003476560100,terminal,0.62,4,0.424026,"Наблюдаемый конечный узел: вход от 1 клиентов (50,000 KZT), исходящих нет; колено 1<4.",1,False,1,0,50000.0,0.0,1,0,4,0.0,0.0,False,0.0,0,False,1,0,0,0.498855,0.082073,0.100979,0.18492,0.079004,0.051879,0.0,0.85,1.0,1.0,нет
100000003481025100,peripheral,0.55,1,0.139056,"Граница обхода: колено 4, вход от 1 клиентов; исходящие не выгружены. У похожих узлов колен 1–3 выход есть в 29% случаев.",4,False,1,0,9000.0,0.0,1,0,1,0.0,0.0,True,0.287,0,False,1,0,1,0.285242,0.082073,0.018238,0.054048,0.079004,0.051879,0.0,0.75,0.65,1.0,нет
100000003484058100,peripheral,0.6,15,0.415236,"Недостаточно признаков роли: 1 плательщиков, 1 получателей, колено 3.",3,False,1,1,110000.0,6000.0,1,1,1,9.2757e-06,0.0,False,0.0,0,False,1,1,0,0.553648,0.082073,0.136343,0.054048,0.166815,0.114368,0.0,0.75,1.0,1.0,нет
100000003486846100,peripheral,0.55,5,0.164688,"Граница обхода: колено 4, вход от 1 клиентов; исходящие не выгружены. У похожих узлов колен 1–3 выход есть в 29% случаев.",4,False,1,0,27000.0,0.0,2,0,1,0.0,0.0,True,0.287,0,False,1,0,1,0.337823,0.082073,0.070819,0.054048,0.079004,0.051879,0.0,0.75,0.65,1.0,нет
100000003486970100,terminal,0.62,6,0.444671,"Наблюдаемый конечный узел: вход от 1 клиентов (150,000 KZT), исходящих нет; колено 3<4.",3,False,1,0,150000.0,0.0,1,0,3,0.0,0.0,False,0.0,0,False,1,0,0,0.523143,0.082073,0.146797,0.16339,0.079004,0.051879,0.0,0.85,1.0,1.0,нет
100000003497735100,terminal,0.62,18,0.346021,"Наблюдаемый конечный узел: вход от 1 клиентов (125,000 KZT), исходящих нет; колено 3<4.",3,False,1,0,125000.0,0.0,1,0,1,0.0,0.0,False,0.0,0,False,1,0,0,0.407084,0.082073,0.14008,0.054048,0.079004,0.051879,0.0,0.85,1.0,1.0,нет
100000003500764100,peripheral,0.55,17,0.210663,"Граница обхода: колено 4, вход от 1 клиентов; исходящие не выгружены. У похожих узлов колен 1–3 выход есть в 29% случаев.",4,False,1,0,21000.0,0.0,1,0,3,0.0,0.0,True,0.287,0,False,1,0,0,0.432129,0.082073,0.055783,0.16339,0.079004,0.051879,0.0,0.75,0.65,1.0,нет
100000003509750100,transit,0.7645,9,0.574099,"Признаки транзита: отдал 95% видимого входа; 3→3 связей, быстрый выход 50%.",2,False,3,3,82290.0,78400.0,4,5,1,0.0,0.5,False,0.0,2,False,1,2,1,0.604315,0.187189,0.12242,0.054048,0.079004,0.136655,0.025,0.95,1.0,1.0,возвратный поток (2 цикл.)
100000003528285100,peripheral,0.6,4,0.602105,"Недостаточно признаков роли: 4 плательщиков, 4 получателей, колено 3.",3,False,4,4,118870.0,548000.0,5,6,2,2.38519e-05,0.4,False,0.0,0,False,1,2,1,0.802807,0.193817,0.138701,0.128336,0.181762,0.140191,0.02,0.75,1.0,1.0,нет
100000003557488100,peripheral,0.6,32,0.49918,"Недостаточно признаков роли: 1 плательщиков, 2 получателей, колено 3.",3,False,1,2,664992.0,138000.0,3,4,1,1.39136e-05,0.6666666666666666,False,0.0,1,False,1,3,0,0.665573,0.082073,0.190391,0.054048,0.176112,0.129615,0.033333,0.75,1.0,1.0,возвратный поток (1 цикл.)
100000003561031100,peripheral,0.6,7,0.343272,"Недостаточно признаков роли: 1 плательщиков, 1 получателей, колено 3.",3,False,1,1,13300.0,5000.0,1,1,1,9.3734e-06,0.0,False,0.0,0,False,1,1,0,0.457696,0.082073,0.032384,0.054048,0.174822,0.114368,0.0,0.75,1.0,1.0,нет
100000003567087100,terminal,0.62,2,0.321936,"Наблюдаемый конечный узел: вход от 1 клиентов (62,115 KZT), исходящих нет; колено 1<4.",1,False,1,0,62115.0,0.0,1,0,1,0.0,0.0,False,0.0,0,False,1,0,0,0.378748,0.082073,0.111744,0.054048,0.079004,0.051879,0.0,0.85,1.0,1.0,нет
100000003568904100,peripheral,0.55,14,0.214306,"Граница обхода: колено 4, вход от 1 клиентов; исходящие не выгружены. У похожих узлов колен 1–3 выход есть в 29% случаев.",4,False,1,0,49000.0,0.0,1,0,2,0.0,0.0,True,0.287,0,False,1,0,0,0.439602,0.082073,0.09831,0.128336,0.079004,0.051879,0.0,0.75,0.65,1.0,нет
100000003574895100,peripheral,0.6,1,0.459842,"Недостаточно признаков роли: 1 плательщиков, 1 получателей, колено 3.",3,False,1,1,27968.0,20000.0,1,1,2,9.2757e-06,1.0,False,0.0,0,False,1,1,0,0.613123,0.082073,0.07153,0.128336,0.166815,0.114368,0.05,0.75,1.0,1.0,нет
100000003581109100,terminal,0.62,1,0.367461,"Наблюдаемый конечный узел: вход от 1 клиентов (42,750 KZT), исходящих нет; колено 3<4.",3,False,1,0,42750.0,0.0,1,0,2,0.0,0.0,False,0.0,0,False,1,0,0,0.432306,0.082073,0.091014,0.128336,0.079004,0.051879,0.0,0.85,1.0,1.0,нет
100000003582677100,peripheral,0.6,4,0.448182,"Недостаточно признаков роли: 2 плательщиков, 4 получателей, колено 3.",3,False,2,4,29756.99,56000.0,2,5,1,3.7103e-06,0.0,False,0.0,0,False,1,2,1,0.597576,0.171308,0.073754,0.054048,0.158274,0.140191,0.0,0.75,1.0,1.0,нет
100000003589877100,peripheral,0.6,3,0.624113,"Недостаточно признаков роли: 2 плательщиков, 6 получателей, колено 1.",1,False,2,6,176000.0,416129.0,2,6,2,3.7103e-05,1.0,False,0.0,0,False,1,2,0,0.832151,0.171308,0.152402,0.128336,0.18661,0.143494,0.05,0.75,1.0,1.0,нет
100000003594472100,terminal,0.62,32,0.271155,"Наблюдаемый конечный узел: вход от 1 клиентов (20,000 KZT), исходящих нет; колено 3<4.",3,False,1,0,20000.0,0.0,1,0,1,0.0,0.0,False,0.0,0,False,1,0,0,0.319006,0.082073,0.052002,0.054048,0.079004,0.051879,0.0,0.85,1.0,1.0,нет
100000003603979100,terminal,0.62,26,0.354794,"Наблюдаемый конечный узел: вход от 1 клиентов (165,000 KZT), исходящих нет; колено 2<4.",2,False,1,0,165000.0,0.0,3,0,1,0.0,0.0,False,0.0,0,False,1,0,1,0.417404,0.082073,0.1504,0.054048,0.079004,0.051879,0.0,0.85,1.0,1.0,нет
100000003610172100,terminal,0.62,6,0.418468,"Наблюдаемый конечный узел: вход от 1 клиентов (70,000 KZT), исходящих нет; колено 3<4.",3,False,1,0,70000.0,0.0,1,0,3,0.0,0.0,False,0.0,0,False,1,0,0,0.492315,0.082073,0.11597,0.16339,0.079004,0.051879,0.0,0.85,1.0,1.0,нет
100000003616818100,peripheral,0.6,26,0.433218,"Недостаточно признаков роли: 3 плательщиков, 3 получателей, колено 1.",1,False,3,3,78000.0,240100.0,4,8,1,0.0,0.0,False,0.0,10,True,1,3,0,0.577625,0.187189,0.12073,0.054048,0.079004,0.136655,0.0,0.75,1.0,1.0,возвратный поток с seed (10 цикл.)
100000003617552100,terminal,0.62,30,0.282271,"Наблюдаемый конечный узел: вход от 1 клиентов (25,000 KZT), исходящих нет; колено 2<4.",2,False,1,0,25000.0,0.0,1,0,1,0.0,0.0,False,0.0,0,False,1,0,0,0.332084,0.082073,0.06508,0.054048,0.079004,0.051879,0.0,0.85,1.0,1.0,нет
100000003622955100,peripheral,0.55,12,0.184293,"Граница обхода: колено 4, вход от 1 клиентов; исходящие не выгружены. У похожих узлов колен 1–3 выход есть в 29% случаев.",4,False,1,0,15000.0,0.0,1,0,2,0.0,0.0,True,0.287,0,False,1,0,0,0.378036,0.082073,0.036744,0.128336,0.079004,0.051879,0.0,0.75,0.65,1.0,нет
100000003626268100,peripheral,0.55,7,0.133222,"Граница обхода: колено 4, вход от 1 клиентов; исходящие не выгружены. У похожих узлов колен 1–3 выход есть в 29% случаев.",4,False,1,0,5000.0,0.0,1,0,1,0.0,0.0,True,0.287,0,False,1,0,1,0.273276,0.082073,0.006272,0.054048,0.079004,0.051879,0.0,0.75,0.65,1.0,нет
100000003631015100,peripheral,0.55,42,0.248179,"Граница обхода: колено 4, вход от 1 клиентов; исходящие не выгружены. У похожих узлов колен 1–3 выход есть в 29% случаев.",4,False,1,0,266000.0,0.0,1,0,2,0.0,0.0,True,0.287,0,False,1,0,0,0.509086,0.082073,0.167794,0.128336,0.079004,0.051879,0.0,0.75,0.65,1.0,нет
100000003632533100,peripheral,0.55,6,0.194658,"Граница обхода: колено 4, вход от 1 клиентов; исходящие не выгружены. У похожих узлов колен 1–3 выход есть в 29% случаев.",4,False,1,0,10000.0,0.0,1,0,3,0.0,0.0,True,0.287,0,False,1,0,0,0.399299,0.082073,0.022954,0.16339,0.079004,0.051879,0.0,0.75,0.65,1.0,нет
100000003635170100,transit,0.7619,34,0.864708,"Признаки транзита: отдал 94% видимого входа; 3→4 связей, быстрый выход 54%.",1,False,3,4,268500.0,253500.0,13,10,5,0.000111309,0.5384615384615384,False,0.0,2,False,2,2,5,0.910219,0.187189,0.168327,0.194128,0.193461,0.140191,0.026923,0.95,1.0,1.0,возвратный поток (2 цикл.)
100000003635660100,terminal,0.62,1,0.331086,"Наблюдаемый конечный узел: вход от 1 клиентов (18,985 KZT), исходящих нет; колено 3<4.",3,False,1,0,18985.0,0.0,1,0,2,0.0,0.0,False,0.0,0,False,1,0,0,0.389513,0.082073,0.048221,0.128336,0.079004,0.051879,0.0,0.85,1.0,1.0,нет
100000003636627100,peripheral,0.6,9,0.337467,"Недостаточно признаков роли: 1 плательщиков, 1 получателей, колено 3.",3,False,1,1,77000.0,10000.0,8,1,1,0.0,0.0,False,0.0,1,False,1,1,6,0.449956,0.082073,0.120463,0.054048,0.079004,0.114368,0.0,0.75,1.0,1.0,возвратный поток (1 цикл.); 6 входов у порога 5–10 тыс.
100000003646145100,peripheral,0.55,33,0.133222,"Граница обхода: колено 4, вход от 1 клиентов; исходящие не выгружены. У похожих узлов колен 1–3 выход есть в 29% случаев.",4,False,1,0,5000.0,0.0,1,0,1,0.0,0.0,True,0.287,0,False,1,0,1,0.273276,0.082073,0.006272,0.054048,0.079004,0.051879,0.0,0.75,0.65,1.0,нет
100000003647799100,terminal,0.62,6,0.431891,"Наблюдаемый конечный узел: вход от 1 клиентов (100,000 KZT), исходящих нет; колено 3<4.",3,False,1,0,100000.0,0.0,1,0,3,0.0,0.0,False,0.0,0,False,1,0,0,0.508107,0.082073,0.131762,0.16339,0.079004,0.051879,0.0,0.85,1.0,1.0,нет
100000003650146100,terminal,0.62,5,0.31944,"Наблюдаемый конечный узел: вход от 1 клиентов (14,400 KZT), исходящих нет; колено 3<4.",3,False,1,0,14400.0,0.0,1,0,2,0.0,0.0,False,0.0,0,False,1,0,0,0.375812,0.082073,0.03452,0.128336,0.079004,0.051879,0.0,0.85,1.0,1.0,нет
100000003664994100,peripheral,0.55,43,0.215347,"Граница обхода: колено 4, вход от 1 клиентов; исходящие не выгружены. У похожих узлов колен 1–3 выход есть в 29% случаев.",4,False,1,0,338271.0,0.0,2,0,1,0.0,0.0,True,0.287,0,False,1,0,0,0.441737,0.082073,0.174733,0.054048,0.079004,0.051879,0.0,0.75,0.65,1.0,нет
100000003671721100,terminal,0.62,8,0.232285,"Наблюдаемый конечный узел: вход от 1 клиентов (5,000 KZT), исходящих нет; колено 3<4.",3,False,1,0,5000.0,0.0,1,0,1,0.0,0.0,False,0.0,0,False,1,0,1,0.273276,0.082073,0.006272,0.054048,0.079004,0.051879,0.0,0.85,1.0,1.0,нет
100000003677936100,peripheral,0.6,11,0.438356,"Недостаточно признаков роли: 1 плательщиков, 1 получателей, колено 3.",3,False,1,1,71000.0,13000.0,1,2,1,9.2757e-06,1.0,False,0.0,0,False,1,1,0,0.584475,0.082073,0.117171,0.054048,0.166815,0.114368,0.05,0.75,1.0,1.0,нет
100000003684369100,distributor,0.8675,4,0.844489,"Признаки распределения: 62 получателей против 24 плательщиков, исходящий поток 8,588,655 KZT.",0,True,24,62,3848436.0,8588655.0,58,67,7,0.0008496587,0.9655172413793104,False,0.0,1,True,6,6,0,0.993516,0.2,0.199822,0.197776,0.198043,0.1496,0.048276,1.0,1.0,0.85,возвратный поток с seed (1 цикл.); 6 плательщиков в один день; повтор одной суммы ×6; плательщиков больше 99% узлов колена 0
100000003692843100,peripheral,0.55,63,0.221007,"Граница обхода: колено 4, вход от 1 клиентов; исходящие не выгружены. У похожих узлов колен 1–3 выход есть в 29% случаев.",4,False,1,0,510000.0,0.0,2,0,1,0.0,0.0,True,0.287,0,False,1,0,0,0.453347,0.082073,0.186343,0.054048,0.079004,0.051879,0.0,0.75,0.65,1.0,нет
100000003696422100,peripheral,0.55,32,0.197608,"Граница обхода: колено 4, вход от 1 клиентов; исходящие не выгружены. У похожих узлов колен 1–3 выход есть в 29% случаев.",4,False,1,0,118000.0,0.0,2,0,1,0.0,0.0,True,0.287,0,False,1,0,0,0.405349,0.082073,0.138345,0.054048,0.079004,0.051879,0.0,0.75,0.65,1.0,нет
100000003701161100,peripheral,0.6,24,0.6871,"Недостаточно признаков роли: 4 плательщиков, 3 получателей, колено 1.",1,False,4,3,1527103.0,349000.0,13,7,3,0.0001205847,0.6153846153846154,False,0.0,4,False,2,3,0,0.916134,0.193817,0.197509,0.16339,0.193995,0.136655,0.030769,0.75,1.0,1.0,возвратный поток (4 цикл.)
100000003711830100,terminal,0.62,7,0.312785,"Наблюдаемый конечный узел: вход от 1 клиентов (50,000 KZT), исходящих нет; колено 3<4.",3,False,1,0,50000.0,0.0,1,0,1,0.0,0.0,False,0.0,0,False,1,0,0,0.367983,0.082073,0.100979,0.054048,0.079004,0.051879,0.0,0.85,1.0,1.0,нет
100000003713616100,terminal,0.62,5,0.324204,"Наблюдаемый конечный узел: вход от 1 клиентов (15,893 KZT), исходящих нет; колено 1<4.",1,False,1,0,15893.0,0.0,1,0,2,0.0,0.0,False,0.0,0,False,1,0,0,0.381417,0.082073,0.040125,0.128336,0.079004,0.051879,0.0,0.85,1.0,1.0,нет
100000003718221100,peripheral,0.6,24,0.624383,"Недостаточно признаков роли: 2 плательщиков, 4 получателей, колено 2.",2,False,2,4,350000.0,423500.0,6,8,2,2.78272e-05,0.6666666666666666,False,0.0,4,False,1,2,0,0.83251,0.171308,0.175756,0.128336,0.183585,0.140191,0.033333,0.75,1.0,1.0,возвратный поток (4 цикл.)
100000003718715100,peripheral,0.55,14,0.224889,"Граница обхода: колено 4, вход от 1 клиентов; исходящие не выгружены. У похожих узлов колен 1–3 выход есть в 29% случаев.",4,False,1,0,915000.0,0.0,3,0,1,0.0,0.0,True,0.287,0,False,1,0,0,0.46131,0.082073,0.194306,0.054048,0.079004,0.051879,0.0,0.75,0.65,1.0,нет
100000003724440100,terminal,0.66,4,0.499876,"Наблюдаемый конечный узел: вход от 2 клиентов (50,000 KZT), исходящих нет; колено 2<4.",2,False,2,0,50000.0,0.0,2,0,4,0.0,0.0,False,0.0,0,False,1,0,0,0.588089,0.171308,0.100979,0.18492,0.079004,0.051879,0.0,0.85,1.0,1.0,нет
100000003736419100,peripheral,0.6,1,0.450767,"Недостаточно признаков роли: 1 плательщиков, 1 получателей, колено 3.",3,False,1,1,23300.0,10000.0,1,1,2,9.2757e-06,1.0,False,0.0,0,False,1,1,0,0.601023,0.082073,0.059431,0.128336,0.166815,0.114368,0.05,0.75,1.0,1.0,нет
100000003739818100,terminal,0.62,4,0.430757,"Наблюдаемый конечный узел: вход от 1 клиентов (57,293 KZT), исходящих нет; колено 1<4.",1,False,1,0,57293.0,0.0,1,0,4,0.0,0.0,False,0.0,0,False,1,0,0,0.506773,0.082073,0.108897,0.18492,0.079004,0.051879,0.0,0.85,1.0,1.0,нет
100000003741418100,consolidator,0.85,6,0.828959,"Признаки консолидации: 9 плательщиков, 3 получателей, входящий поток 151,900 KZT.",2,False,9,3,151900.0,39920.0,13,3,3,2.46109e-05,0.0,False,0.0,1,False,2,1,9,0.828959,0.199199,0.147865,0.16339,0.181851,0.136655,0.0,1.0,1.0,1.0,возвратный поток (1 цикл.); 9 входов у порога 5–10 тыс.
100000003747133100,consolidator,0.6575,48,0.854615,"Признаки консолидации: 5 плательщиков, 2 получателей, входящий поток 237,068 KZT.",2,False,5,2,237068.0,250000.0,8,2,3,4.63787e-05,0.25,False,0.0,0,False,2,1,0,0.854615,0.196263,0.164324,0.16339,0.188523,0.129615,0.0125,1.0,1.0,1.0,нет
100000003760160100,terminal,0.62,6,0.434084,"Наблюдаемый конечный узел: вход от 1 клиентов (104,470 KZT), исходящих нет; колено 3<4.",3,False,1,0,104470.0,0.0,1,0,3,0.0,0.0,False,0.0,0,False,1,0,0,0.510687,0.082073,0.134342,0.16339,0.079004,0.051879,0.0,0.85,1.0,1.0,нет
100000003770083100,peripheral,0.6,76,0.120332,"Seed без исходящих в выборке; входящий поток неполон, структурная роль не установлена.",0,True,0,0,0.0,0.0,0,0,1,0.0,0.0,False,0.0,0,False,0,0,0,0.188757,0.001913,0.001913,0.054048,0.079004,0.051879,0.0,0.75,1.0,0.85,нет
100000003781406100,terminal,0.62,13,0.369389,"Наблюдаемый конечный узел: вход от 1 клиентов (45,000 KZT), исходящих нет; колено 3<4.",3,False,1,0,45000.0,0.0,2,0,2,0.0,0.0,False,0.0,0,False,1,0,0,0.434575,0.082073,0.093283,0.128336,0.079004,0.051879,0.0,0.85,1.0,1.0,нет
100000003782913100,peripheral,0.55,15,0.207388,"Граница обхода: колено 4, вход от 1 клиентов; исходящие не выгружены. У похожих узлов колен 1–3 выход есть в 29% случаев.",4,False,1,0,200000.0,0.0,1,0,1,0.0,0.0,True,0.287,0,False,1,0,0,0.425411,0.082073,0.158407,0.054048,0.079004,0.051879,0.0,0.75,0.65,1.0,нет
100000003786516100,peripheral,0.55,1,0.186526,"Граница обхода: колено 4, вход от 1 клиентов; исходящие не выгружены. У похожих узлов колен 1–3 выход есть в 29% случаев.",4,False,1,0,5000.0,0.0,1,0,3,0.0,0.0,True,0.287,0,False,1,0,1,0.382618,0.082073,0.006272,0.16339,0.079004,0.051879,0.0,0.75,0.65,1.0,нет
100000003792647100,peripheral,0.55,6,0.191406,"Граница обхода: колено 4, вход от 1 клиентов; исходящие не выгружены. У похожих узлов колен 1–3 выход есть в 29% случаев.",4,False,1,0,8000.0,0.0,1,0,3,0.0,0.0,True,0.287,0,False,1,0,1,0.392627,0.082073,0.016281,0.16339,0.079004,0.051879,0.0,0.75,0.65,1.0,нет
100000003795588100,terminal,0.62,1,0.379598,"Наблюдаемый конечный узел: вход от 1 клиентов (400,000 KZT), исходящих нет; колено 3<4.",3,False,1,0,400000.0,0.0,2,0,1,0.0,0.0,False,0.0,0,False,1,0,0,0.446586,0.082073,0.179582,0.054048,0.079004,0.051879,0.0,0.85,1.0,1.0,нет
100000003796063100,distributor,0.865,6,0.610376,"Признаки распределения: 15 получателей против 1 плательщиков, исходящий поток 959,150 KZT.",3,False,1,15,35000.0,959150.0,1,23,1,0.0001221784,1.0,False,0.0,9,True,1,2,0,0.610376,0.082073,0.082829,0.054048,0.194128,0.147298,0.05,1.0,1.0,1.0,возвратный поток с seed (9 цикл.)
100000003798151100,terminal,0.62,5,0.376346,"Наблюдаемый конечный узел: вход от 1 клиентов (350,000 KZT), исходящих нет; колено 2<4.",2,False,1,0,350000.0,0.0,3,0,1,0.0,0.0,False,0.0,0,False,1,0,0,0.44276,0.082073,0.175756,0.054048,0.079004,0.051879,0.0,0.85,1.0,1.0,нет
100000003809101100,peripheral,0.6,12,0.651882,"Недостаточно признаков роли: 2 плательщиков, 2 получателей, колено 1.",1,False,2,2,166050.0,55200.0,3,4,5,5.56545e-05,0.6666666666666666,False,0.0,1,False,1,1,0,0.869176,0.171308,0.150623,0.194128,0.190169,0.129615,0.033333,0.75,1.0,1.0,возвратный поток (1 цикл.)
100000003814002100,terminal,0.62,6,0.384098,"Наблюдаемый конечный узел: вход от 1 клиентов (30,000 KZT), исходящих нет; колено 3<4.",3,False,1,0,30000.0,0.0,1,0,3,0.0,0.0,False,0.0,0,False,1,0,0,0.451879,0.082073,0.075534,0.16339,0.079004,0.051879,0.0,0.85,1.0,1.0,нет
100000003819173100,peripheral,0.55,7,0.200991,"Граница обхода: колено 4, вход от 1 клиентов; исходящие не выгружены. У похожих узлов колен 1–3 выход есть в 29% случаев.",4,False,1,0,143777.0,0.0,1,0,1,0.0,0.0,True,0.287,0,False,1,0,0,0.412289,0.082073,0.145285,0.054048,0.079004,0.051879,0.0,0.75,0.65,1.0,нет
100000003823811100,peripheral,0.6,20,0.485298,"Недостаточно признаков роли: 1 плательщиков, 3 получателей, колено 2.",2,False,1,3,30000.0,66130.0,1,3,3,5.31159e-05,0.0,False,0.0,0,False,1,1,0,0.647064,0.082073,0.075534,0.16339,0.189413,0.136655,0.0,0.75,1.0,1.0,нет
100000003824464100,terminal,0.62,24,0.3616,"Наблюдаемый конечный узел: вход от 1 клиентов (200,000 KZT), исходящих нет; колено 2<4.",2,False,1,0,200000.0,0.0,1,0,1,0.0,0.0,False,0.0,0,False,1,0,0,0.425411,0.082073,0.158407,0.054048,0.079004,0.051879,0.0,0.85,1.0,1.0,нет
100000003831201100,terminal,0.62,1,0.366137,"Наблюдаемый конечный узел: вход от 1 клиентов (40,500 KZT), исходящих нет; колено 2<4.",2,False,1,0,40500.0,0.0,3,0,2,0.0,0.0,False,0.0,0,False,1,0,1,0.43075,0.082073,0.089457,0.128336,0.079004,0.051879,0.0,0.85,1.0,1.0,нет
100000003831324100,terminal,0.66,11,0.541847,"Наблюдаемый конечный узел: вход от 2 клиентов (300,000 KZT), исходящих нет; колено 1<4.",1,False,2,0,300000.0,0.0,2,0,3,0.0,0.0,False,0.0,0,False,1,0,0,0.637467,0.171308,0.171886,0.16339,0.079004,0.051879,0.0,0.85,1.0,1.0,нет
100000003832231100,terminal,0.62,4,0.408599,"Наблюдаемый конечный узел: вход от 1 клиентов (35,000 KZT), исходящих нет; колено 1<4.",1,False,1,0,35000.0,0.0,1,0,4,0.0,0.0,False,0.0,0,False,1,0,0,0.480705,0.082073,0.082829,0.18492,0.079004,0.051879,0.0,0.85,1.0,1.0,нет
100000003834495100,peripheral,0.6,1,0.546432,"Недостаточно признаков роли: 3 плательщиков, 1 получателей, колено 3.",3,False,3,1,602441.0,20000.0,5,1,2,0.0,0.6,False,0.0,0,False,2,1,0,0.728577,0.187189,0.18968,0.128336,0.079004,0.114368,0.03,0.75,1.0,1.0,нет
100000003835149100,peripheral,0.6,25,0.382932,"Недостаточно признаков роли: 1 плательщиков, 2 получателей, колено 1.",1,False,1,2,248500.0,4600440.0,1,13,1,0.0,0.0,False,0.0,0,False,1,1,0,0.510576,0.082073,0.165836,0.054048,0.079004,0.129615,0.0,0.75,1.0,1.0,нет
100000003838587100,peripheral,0.55,15,0.135868,"Граница обхода: колено 4, вход от 1 клиентов; исходящие не выгружены. У похожих узлов колен 1–3 выход есть в 29% случаев.",4,False,1,0,6000.0,0.0,1,0,1,0.0,0.0,True,0.287,0,False,1,0,1,0.278703,0.082073,0.011699,0.054048,0.079004,0.051879,0.0,0.75,0.65,1.0,нет
100000003843844100,peripheral,0.6,14,0.432685,"Недостаточно признаков роли: 1 плательщиков, 1 получателей, колено 3.",3,False,1,1,16680.0,238000.0,1,1,3,9.3734e-06,0.0,False,0.0,0,False,1,1,0,0.576913,0.082073,0.04226,0.16339,0.174822,0.114368,0.0,0.75,1.0,1.0,нет
100000003854444100,distributor,0.84,18,0.676913,"Признаки распределения: 14 получателей против 1 плательщиков, исходящий поток 2,322,909 KZT.",2,False,1,14,210000.0,2322909.0,4,14,1,0.0002178255,0.75,False,0.0,0,False,1,1,0,0.676913,0.082073,0.160231,0.054048,0.195996,0.147064,0.0375,1.0,1.0,1.0,нет
100000003865939100,terminal,0.62,70,0.330632,"Наблюдаемый конечный узел: вход от 1 клиентов (81,465 KZT), исходящих нет; колено 1<4.",1,False,1,0,81465.0,0.0,1,0,1,0.0,0.0,False,0.0,0,False,1,0,0,0.388979,0.082073,0.121975,0.054048,0.079004,0.051879,0.0,0.85,1.0,1.0,нет
100000003873332100,peripheral,0.6,18,0.399739,"Недостаточно признаков роли: 1 плательщиков, 4 получателей, колено 1.",1,False,1,4,23468.0,286000.0,1,8,1,0.0002827558,0.0,False,0.0,0,False,1,2,0,0.532985,0.082073,0.059698,0.054048,0.196975,0.140191,0.0,0.75,1.0,1.0,нет
100000003877908100,terminal,0.62,4,0.413288,"Наблюдаемый конечный узел: вход от 1 клиентов (40,000 KZT), исходящих нет; колено 1<4.",1,False,1,0,40000.0,0.0,1,0,4,0.0,0.0,False,0.0,0,False,1,0,0,0.486221,0.082073,0.088345,0.18492,0.079004,0.051879,0.0,0.85,1.0,1.0,нет
100000003880331100,distributor,0.89,7,0.661355,"Признаки распределения: 16 получателей против 1 плательщиков, исходящий поток 3,904,908 KZT.",3,False,1,16,100000.0,3904908.0,1,31,1,0.0002054972,1.0,False,0.0,3,False,1,12,0,0.661355,0.082073,0.131762,0.054048,0.195907,0.147565,0.05,1.0,1.0,1.0,возвратный поток (3 цикл.); повтор одной суммы ×12
100000003886323100,peripheral,0.6,5,0.526234,"Недостаточно признаков роли: 2 плательщиков, 1 получателей, колено 1.",1,False,2,1,78168.0,7650.0,6,1,2,9.2757e-06,0.0,False,0.0,1,False,1,1,5,0.701646,0.171308,0.120819,0.128336,0.166815,0.114368,0.0,0.75,1.0,1.0,возвратный поток (1 цикл.); 5 входов у порога 5–10 тыс.
100000003888197100,terminal,0.62,6,0.424329,"Наблюдаемый конечный узел: вход от 1 клиентов (83,167 KZT), исходящих нет; колено 3<4.",3,False,1,0,83167.0,0.0,1,0,3,0.0,0.0,False,0.0,0,False,1,0,0,0.49921,0.082073,0.122865,0.16339,0.079004,0.051879,0.0,0.85,1.0,1.0,нет
100000003888271100,peripheral,0.6,45,0.299458,"Недостаточно признаков роли: 1 плательщиков, 2 получателей, колено 1.",1,False,1,2,12177.0,25590.0,2,3,1,0.0,0.5,False,0.0,1,True,1,1,2,0.399277,0.082073,0.029537,0.054048,0.079004,0.129615,0.025,0.75,1.0,1.0,возвратный поток с seed (1 цикл.)
100000003888527100,terminal,0.62,43,0.291157,"Наблюдаемый конечный узел: вход от 1 клиентов (30,000 KZT), исходящих нет; колено 3<4.",3,False,1,0,30000.0,0.0,1,0,1,0.0,0.0,False,0.0,0,False,1,0,0,0.342538,0.082073,0.075534,0.054048,0.079004,0.051879,0.0,0.85,1.0,1.0,нет
100000003896956100,peripheral,0.6,5,0.42341,"Недостаточно признаков роли: 1 плательщиков, 1 получателей, колено 3.",3,False,1,1,10000.0,27000.0,1,2,2,9.2757e-06,1.0,False,0.0,0,False,1,1,0,0.564546,0.082073,0.022954,0.128336,0.166815,0.114368,0.05,0.75,1.0,1.0,нет
100000003899325100,terminal,0.62,7,0.314222,"Наблюдаемый конечный узел: вход от 1 клиентов (50,120 KZT), исходящих нет; колено 3<4.",3,False,1,0,50120.0,0.0,1,0,1,0.0,0.0,False,0.0,0,False,1,0,0,0.369673,0.082073,0.102669,0.054048,0.079004,0.051879,0.0,0.85,1.0,1.0,нет
100000003899899100,peripheral,0.6,5,0.564128,"Недостаточно признаков роли: 2 плательщиков, 1 получателей, колено 3.",3,False,2,1,218500.0,10000.0,5,1,2,9.2757e-06,0.2,False,0.0,0,False,1,1,3,0.752171,0.171308,0.161343,0.128336,0.166815,0.114368,0.01,0.75,1.0,1.0,3 входов у порога 5–10 тыс.
100000003900547100,terminal,0.62,5,0.342127,"Наблюдаемый конечный узел: вход от 1 клиентов (23,700 KZT), исходящих нет; колено 1<4.",1,False,1,0,23700.0,0.0,1,0,2,0.0,0.0,False,0.0,0,False,1,0,0,0.402502,0.082073,0.06121,0.128336,0.079004,0.051879,0.0,0.85,1.0,1.0,нет
100000003904497100,peripheral,0.55,3,0.17757,"Граница обхода: колено 4, вход от 1 клиентов; исходящие не выгружены. У похожих узлов колен 1–3 выход есть в 29% случаев.",4,False,1,0,10000.0,0.0,1,0,2,0.0,0.0,True,0.287,0,False,1,0,0,0.364246,0.082073,0.022954,0.128336,0.079004,0.051879,0.0,0.75,0.65,1.0,нет
100000003917461100,peripheral,0.6,13,0.434845,"Недостаточно признаков роли: 1 плательщиков, 2 получателей, колено 3.",3,False,1,2,10000.0,140000.0,1,5,2,9.2757e-06,1.0,False,0.0,1,False,1,1,0,0.579793,0.082073,0.022954,0.128336,0.166815,0.129615,0.05,0.75,1.0,1.0,возвратный поток (1 цикл.)
100000003920950100,terminal,0.62,11,0.374569,"Наблюдаемый конечный узел: вход от 1 клиентов (323,290 KZT), исходящих нет; колено 3<4.",3,False,1,0,323290.0,0.0,1,0,1,0.0,0.0,False,0.0,0,False,1,0,0,0.440669,0.082073,0.173665,0.054048,0.079004,0.051879,0.0,0.85,1.0,1.0,нет
100000003922499100,terminal,0.62,13,0.312785,"Наблюдаемый конечный узел: вход от 1 клиентов (50,000 KZT), исходящих нет; колено 2<4.",2,False,1,0,50000.0,0.0,1,0,1,0.0,0.0,False,0.0,0,False,1,0,0,0.367983,0.082073,0.100979,0.054048,0.079004,0.051879,0.0,0.85,1.0,1.0,нет
100000003923946100,peripheral,0.6,9,0.487183,"Недостаточно признаков роли: 1 плательщиков, 4 получателей, колено 1.",1,False,1,4,282000.0,675000.0,3,4,2,0.0,1.0,False,0.0,1,True,1,1,0,0.649577,0.082073,0.169973,0.128336,0.079004,0.140191,0.05,0.75,1.0,1.0,возвратный поток с seed (1 цикл.)
100000003927792100,terminal,0.62,16,0.347118,"Наблюдаемый конечный узел: вход от 1 клиентов (13,067 KZT), исходящих нет; колено 2<4.",2,False,1,0,13067.0,0.0,1,0,3,0.0,0.0,False,0.0,0,False,1,0,0,0.408374,0.082073,0.032028,0.16339,0.079004,0.051879,0.0,0.85,1.0,1.0,нет
100000003934614100,peripheral,0.6,35,0.364691,"Недостаточно признаков роли: 2 плательщиков, 1 получателей, колено 3.",3,False,2,1,17000.0,11500.0,2,2,1,0.0,0.5,False,0.0,4,False,1,1,1,0.486254,0.171308,0.042527,0.054048,0.079004,0.114368,0.025,0.75,1.0,1.0,возвратный поток (4 цикл.)
100000003942602100,transit,0.85,2,0.432275,"Признаки транзита: отдал 100% видимого входа; 1→1 связей, быстрый выход 100%.",1,False,1,1,30000.0,30000.0,1,1,1,0.0,1.0,False,0.0,1,True,1,1,0,0.455027,0.082073,0.075534,0.054048,0.079004,0.114368,0.05,0.95,1.0,1.0,возвратный поток с seed (1 цикл.)
100000003943247100,terminal,0.62,1,0.365192,"Наблюдаемый конечный узел: вход от 1 клиентов (40,000 KZT), исходящих нет; колено 3<4.",3,False,1,0,40000.0,0.0,1,0,2,0.0,0.0,False,0.0,0,False,1,0,0,0.429637,0.082073,0.088345,0.128336,0.079004,0.051879,0.0,0.85,1.0,1.0,нет
100000003943483100,terminal,0.62,13,0.309609,"Наблюдаемый конечный узел: вход от 1 клиентов (10,000 KZT), исходящих нет; колено 2<4.",2,False,1,0,10000.0,0.0,1,0,2,0.0,0.0,False,0.0,0,False,1,0,0,0.364246,0.082073,0.022954,0.128336,0.079004,0.051879,0.0,0.85,1.0,1.0,нет
100000003946524100,transit,0.6884,4,0.77571,"Признаки транзита: отдал 108% видимого входа; 2→2 связей, быстрый выход 0%.",1,False,2,2,133757.0,144750.0,2,2,4,4.63787e-05,0.0,False,0.0,1,False,1,1,0,0.816537,0.171308,0.142171,0.18492,0.188523,0.129615,0.0,0.95,1.0,1.0,возвратный поток (1 цикл.)
100000003950749100,peripheral,0.55,5,0.137082,"Граница обхода: колено 4, вход от 1 клиентов; исходящие не выгружены. У похожих узлов колен 1–3 выход есть в 29% случаев.",4,False,1,0,7000.0,0.0,1,0,1,0.0,0.0,True,0.287,0,False,1,0,1,0.281194,0.082073,0.01419,0.054048,0.079004,0.051879,0.0,0.75,0.65,1.0,нет
100000003951827100,peripheral,0.6,1,0.387203,"Недостаточно признаков роли: 1 плательщиков, 2 получателей, колено 3.",3,False,1,2,9000.0,17000.0,1,2,2,4.638e-07,0.0,False,0.0,0,False,1,1,1,0.51627,0.082073,0.018238,0.128336,0.158007,0.129615,0.0,0.75,1.0,1.0,нет
100000003962994100,terminal,0.62,39,0.246464,"Наблюдаемый конечный узел: вход от 1 клиентов (10,000 KZT), исходящих нет; колено 3<4.",3,False,1,0,10000.0,0.0,1,0,1,0.0,0.0,False,0.0,0,False,1,0,0,0.289958,0.082073,0.022954,0.054048,0.079004,0.051879,0.0,0.85,1.0,1.0,нет
100000003964910100,terminal,0.66,17,0.468303,"Наблюдаемый конечный узел: вход от 2 клиентов (1,000,000 KZT), исходящих нет; колено 3<4.",3,False,2,0,1000000.0,0.0,2,0,1,0.0,0.0,False,0.0,0,False,2,0,0,0.550945,0.171308,0.194706,0.054048,0.079004,0.051879,0.0,0.85,1.0,1.0,нет
100000003968044100,peripheral,0.6,7,0.451668,"Недостаточно признаков роли: 1 плательщиков, 3 получателей, колено 3.",3,False,1,3,40000.0,311000.0,1,4,2,9.2757e-06,0.0,False,0.0,2,False,1,1,0,0.602224,0.082073,0.088345,0.128336,0.166815,0.136655,0.0,0.75,1.0,1.0,возвратный поток (2 цикл.)
100000003970394100,terminal,0.62,13,0.332069,"Наблюдаемый конечный узел: вход от 1 клиентов (85,000 KZT), исходящих нет; колено 1<4.",1,False,1,0,85000.0,0.0,1,0,1,0.0,0.0,False,0.0,0,False,1,0,0,0.390669,0.082073,0.123665,0.054048,0.079004,0.051879,0.0,0.85,1.0,1.0,нет
100000003971049100,terminal,0.62,1,0.382056,"Наблюдаемый конечный узел: вход от 1 клиентов (55,900 KZT), исходящих нет; колено 2<4.",2,False,1,0,55900.0,0.0,7,0,2,0.0,0.0,False,0.0,0,False,1,0,4,0.449477,0.082073,0.108185,0.128336,0.079004,0.051879,0.0,0.85,1.0,1.0,4 входов у порога 5–10 тыс.
100000003975102100,peripheral,0.6,5,0.34194,"Недостаточно признаков роли: 1 плательщиков, 2 получателей, колено 0.",0,True,1,2,25650.0,88500.0,1,2,2,0.0,1.0,False,0.0,0,False,1,1,0,0.536377,0.082073,0.067349,0.128336,0.079004,0.129615,0.05,0.75,1.0,0.85,нет
100000003977183100,peripheral,0.6,9,0.4358,"Недостаточно признаков роли: 2 плательщиков, 4 получателей, колено 0.",0,True,2,4,123800.0,766000.0,2,6,2,0.0,0.5,False,0.0,1,True,1,1,0,0.683608,0.171308,0.139769,0.128336,0.079004,0.140191,0.025,0.75,1.0,0.85,возвратный поток с seed (1 цикл.)
100000003980083100,terminal,0.62,69,0.291157,"Наблюдаемый конечный узел: вход от 1 клиентов (30,000 KZT), исходящих нет; колено 1<4.",1,False,1,0,30000.0,0.0,1,0,1,0.0,0.0,False,0.0,0,False,1,0,0,0.342538,0.082073,0.075534,0.054048,0.079004,0.051879,0.0,0.85,1.0,1.0,нет
100000003985389100,peripheral,0.55,7,0.2716,"Граница обхода: колено 4, вход от 1 клиентов; исходящие не выгружены. У похожих узлов колен 1–3 выход есть в 29% случаев.",4,False,1,0,422698.0,0.0,16,0,3,0.0,0.0,True,0.287,0,False,1,0,5,0.557129,0.082073,0.180783,0.16339,0.079004,0.051879,0.0,0.75,0.65,1.0,нет
100000003986141100,terminal,0.62,17,0.234894,"Наблюдаемый конечный узел: вход от 1 клиентов (5,286 KZT), исходящих нет; колено 3<4.",3,False,1,0,5286.32,0.0,1,0,1,0.0,0.0,False,0.0,0,False,1,0,1,0.276346,0.082073,0.009342,0.054048,0.079004,0.051879,0.0,0.85,1.0,1.0,нет
100000003988112100,peripheral,0.6,20,0.462011,"Недостаточно признаков роли: 1 плательщиков, 1 получателей, колено 2.",2,False,1,1,92000.0,64000.0,2,5,3,0.0,1.0,False,0.0,1,False,1,2,0,0.616014,0.082073,0.12718,0.16339,0.079004,0.114368,0.05,0.75,1.0,1.0,возвратный поток (1 цикл.)
100000003989033100,peripheral,0.55,10,0.216648,"Граница обхода: колено 4, вход от 1 клиентов; исходящие не выгружены. У похожих узлов колен 1–3 выход есть в 29% случаев.",4,False,1,0,373400.0,0.0,13,0,1,0.0,0.0,True,0.287,0,False,1,0,1,0.444406,0.082073,0.177402,0.054048,0.079004,0.051879,0.0,0.75,0.65,1.0,нет
100000003996562100,terminal,0.62,1,0.240112,"Наблюдаемый конечный узел: вход от 1 клиентов (7,700 KZT), исходящих нет; колено 3<4.",3,False,1,0,7700.0,0.0,1,0,1,0.0,0.0,False,0.0,0,False,1,0,1,0.282484,0.082073,0.01548,0.054048,0.079004,0.051879,0.0,0.85,1.0,1.0,нет
100000004004621100,terminal,0.7,14,0.539805,"Наблюдаемый конечный узел: вход от 3 клиентов (75,389 KZT), исходящих нет; колено 1<4.",1,False,3,0,75389.0,0.0,3,0,7,0.0,0.0,False,0.0,0,False,2,0,0,0.635065,0.187189,0.119217,0.197776,0.079004,0.051879,0.0,0.85,1.0,1.0,нет
100000004005964100,peripheral,0.6,26,0.452558,"Недостаточно признаков роли: 3 плательщиков, 3 получателей, колено 1.",1,False,3,3,97900.0,72000.0,9,5,1,0.0,0.3333333333333333,False,0.0,12,True,1,3,3,0.60341,0.187189,0.129849,0.054048,0.079004,0.136655,0.016667,0.75,1.0,1.0,возвратный поток с seed (12 цикл.)
100000004006327100,peripheral,0.55,3,0.213959,"Граница обхода: колено 4, вход от 1 клиентов; исходящие не выгружены. У похожих узлов колен 1–3 выход есть в 29% случаев.",4,False,1,0,300000.0,0.0,3,0,1,0.0,0.0,True,0.287,0,False,1,0,0,0.43889,0.082073,0.171886,0.054048,0.079004,0.051879,0.0,0.75,0.65,1.0,нет
100000004007116100,peripheral,0.6,26,0.432142,"Недостаточно признаков роли: 3 плательщиков, 4 получателей, колено 0.",0,True,3,4,764704.0,148000.0,24,6,1,0.0,0.5,False,0.0,12,True,1,2,3,0.677869,0.187189,0.192438,0.054048,0.079004,0.140191,0.025,0.75,1.0,0.85,возвратный поток с seed (12 цикл.)
100000004007197100,terminal,0.62,26,0.249186,"Наблюдаемый конечный узел: вход от 1 клиентов (10,048 KZT), исходящих нет; колено 3<4.",3,False,1,0,10048.0,0.0,1,0,1,0.0,0.0,False,0.0,0,False,1,0,0,0.293161,0.082073,0.026157,0.054048,0.079004,0.051879,0.0,0.85,1.0,1.0,нет
100000004013952100,peripheral,0.55,1,0.135196,"Граница обхода: колено 4, вход от 1 клиентов; исходящие не выгружены. У похожих узлов колен 1–3 выход есть в 29% случаев.",4,False,1,0,5500.0,0.0,1,0,1,0.0,0.0,True,0.287,0,False,1,0,1,0.277324,0.082073,0.01032,0.054048,0.079004,0.051879,0.0,0.75,0.65,1.0,нет
100000004015047100,consolidator,0.925,9,0.901369,"Признаки консолидации: 9 плательщиков, 1 получателей, входящий поток 919,104 KZT.",1,False,9,1,919104.0,69195.0,18,7,8,2.78272e-05,0.2222222222222222,False,0.0,1,True,2,1,5,0.901369,0.199199,0.194395,0.19871,0.183585,0.114368,0.011111,1.0,1.0,1.0,возвратный поток с seed (1 цикл.); плательщиков больше 99% узлов колена 1
100000004017410100,peripheral,0.6,35,0.543213,"Недостаточно признаков роли: 2 плательщиков, 5 получателей, колено 3.",3,False,2,5,193650.0,1330915.0,6,11,1,2.78272e-05,0.3333333333333333,False,0.0,7,False,2,1,2,0.724285,0.171308,0.156584,0.054048,0.183585,0.142093,0.016667,0.75,1.0,1.0,возвратный поток (7 цикл.)
100000004019056100,peripheral,0.55,14,0.215607,"Граница обхода: колено 4, вход от 1 клиентов; исходящие не выгружены. У похожих узлов колен 1–3 выход есть в 29% случаев.",4,False,1,0,50000.0,0.0,1,0,2,0.0,0.0,True,0.287,0,False,1,0,0,0.442271,0.082073,0.100979,0.128336,0.079004,0.051879,0.0,0.75,0.65,1.0,нет
100000004019124100,peripheral,0.6,5,0.428164,"Seed без исходящих в выборке; входящий поток неполон, структурная роль не установлена.",0,True,3,0,193000.0,0.0,3,0,6,0.0,0.0,False,0.0,0,False,1,0,0,0.67163,0.187189,0.156495,0.197064,0.079004,0.051879,0.0,0.75,1.0,0.85,нет
100000004021459100,peripheral,0.6,77,0.120332,"Seed без исходящих в выборке; входящий поток неполон, структурная роль не установлена.",0,True,0,0,0.0,0.0,0,0,1,0.0,0.0,False,0.0,0,False,0,0,0,0.188757,0.001913,0.001913,0.054048,0.079004,0.051879,0.0,0.75,1.0,0.85,нет
100000004030553100,peripheral,0.55,21,0.1867,"Граница обхода: колено 4, вход от 1 клиентов; исходящие не выгружены. У похожих узлов колен 1–3 выход есть в 29% случаев.",4,False,1,0,70000.0,0.0,1,0,1,0.0,0.0,True,0.287,0,False,1,0,0,0.382974,0.082073,0.11597,0.054048,0.079004,0.051879,0.0,0.75,0.65,1.0,нет
100000004035925100,peripheral,0.55,65,0.225583,"Граница обхода: колено 4, вход от 1 клиентов; исходящие не выгружены. У похожих узлов колен 1–3 выход есть в 29% случаев.",4,False,1,0,1111588.0,0.0,2,0,1,0.0,0.0,True,0.287,0,False,1,0,0,0.462734,0.082073,0.19573,0.054048,0.079004,0.051879,0.0,0.75,0.65,1.0,нет
100000004041163100,peripheral,0.6,20,0.470773,"Недостаточно признаков роли: 1 плательщиков, 2 получателей, колено 0.",0,True,1,2,50000.0,866000.0,1,6,9,1.39136e-05,1.0,False,0.0,1,True,1,1,0,0.738468,0.082073,0.100979,0.199689,0.176112,0.129615,0.05,0.75,1.0,0.85,возвратный поток с seed (1 цикл.)
100000004041294100,peripheral,0.55,27,0.152458,"Граница обхода: колено 4, вход от 1 клиентов; исходящие не выгружены. У похожих узлов колен 1–3 выход есть в 29% случаев.",4,False,1,0,17800.0,0.0,2,0,1,0.0,0.0,True,0.287,0,False,1,0,1,0.312734,0.082073,0.04573,0.054048,0.079004,0.051879,0.0,0.75,0.65,1.0,нет
100000004047887100,peripheral,0.55,40,0.220291,"Граница обхода: колено 4, вход от 1 клиентов; исходящие не выгружены. У похожих узлов колен 1–3 выход есть в 29% случаев.",4,False,1,0,30000.0,0.0,1,0,3,0.0,0.0,True,0.287,0,False,1,0,0,0.451879,0.082073,0.075534,0.16339,0.079004,0.051879,0.0,0.75,0.65,1.0,нет
100000004049912100,peripheral,0.55,18,0.141354,"Граница обхода: колено 4, вход от 1 клиентов; исходящие не выгружены. У похожих узлов колен 1–3 выход есть в 29% случаев.",4,False,1,0,10000.0,0.0,1,0,1,0.0,0.0,True,0.287,0,False,1,0,0,0.289958,0.082073,0.022954,0.054048,0.079004,0.051879,0.0,0.75,0.65,1.0,нет
100000004058740100,terminal,0.62,2,0.291157,"Наблюдаемый конечный узел: вход от 1 клиентов (30,000 KZT), исходящих нет; колено 1<4.",1,False,1,0,30000.0,0.0,1,0,1,0.0,0.0,False,0.0,0,False,1,0,0,0.342538,0.082073,0.075534,0.054048,0.079004,0.051879,0.0,0.85,1.0,1.0,нет
100000004064431100,peripheral,0.6,26,0.335498,"Недостаточно признаков роли: 1 плательщиков, 1 получателей, колено 3.",3,False,1,1,26000.0,10000.0,1,1,1,0.0,1.0,False,0.0,0,False,1,1,0,0.447331,0.082073,0.067838,0.054048,0.079004,0.114368,0.05,0.75,1.0,1.0,нет
100000004066370100,peripheral,0.55,38,0.185442,"Граница обхода: колено 4, вход от 1 клиентов; исходящие не выгружены. У похожих узлов колен 1–3 выход есть в 29% случаев.",4,False,1,0,65000.0,0.0,2,0,1,0.0,0.0,True,0.287,0,False,1,0,0,0.380394,0.082073,0.11339,0.054048,0.079004,0.051879,0.0,0.75,0.65,1.0,нет
100000004066647100,terminal,0.62,18,0.314978,"Наблюдаемый конечный узел: вход от 1 клиентов (51,000 KZT), исходящих нет; колено 3<4.",3,False,1,0,51000.0,0.0,1,0,1,0.0,0.0,False,0.0,0,False,1,0,0,0.370563,0.082073,0.103559,0.054048,0.079004,0.051879,0.0,0.85,1.0,1.0,нет
100000004070318100,distributor,0.9325,1,0.879738,"Признаки распределения: 19 получателей против 4 плательщиков, исходящий поток 551,860 KZT.",1,False,4,19,207246.55,551860.0,6,37,2,0.0044283816,1.0,False,0.0,41,True,2,4,0,0.879738,0.193817,0.160053,0.128336,0.199466,0.148065,0.05,1.0,1.0,1.0,возвратный поток с seed (41 цикл.); повтор одной суммы ×4
100000004070530100,peripheral,0.55,40,0.208819,"Граница обхода: колено 4, вход от 1 клиентов; исходящие не выгружены. У похожих узлов колен 1–3 выход есть в 29% случаев.",4,False,1,0,20000.0,0.0,1,0,3,0.0,0.0,True,0.287,0,False,1,0,0,0.428347,0.082073,0.052002,0.16339,0.079004,0.051879,0.0,0.75,0.65,1.0,нет
100000004071070100,peripheral,0.6,1,0.444689,"Недостаточно признаков роли: 2 плательщиков, 1 получателей, колено 2.",2,False,2,1,41000.0,6000.0,5,1,2,0.0,0.2,False,0.0,1,False,1,1,4,0.592918,0.171308,0.089902,0.128336,0.079004,0.114368,0.01,0.75,1.0,1.0,возвратный поток (1 цикл.); 4 входов у порога 5–10 тыс.
100000004071080100,consolidator,0.8875,1,0.825979,"Признаки консолидации: 9 плательщиков, 2 получателей, входящий поток 238,600 KZT.",1,False,9,2,238600.0,46500.0,16,5,2,1.39136e-05,0.5625,False,0.0,1,False,2,2,5,0.825979,0.199199,0.164591,0.128336,0.176112,0.129615,0.028125,1.0,1.0,1.0,возвратный поток (1 цикл.); плательщиков больше 99% узлов колена 1
100000004071444100,peripheral,0.6,1,0.437289,"Недостаточно признаков роли: 1 плательщиков, 1 получателей, колено 3.",3,False,1,1,247350.0,100000.0,1,1,1,9.2757e-06,0.0,False,0.0,0,False,1,1,0,0.583052,0.082073,0.165747,0.054048,0.166815,0.114368,0.0,0.75,1.0,1.0,нет
100000004076740100,peripheral,0.6,35,0.561231,"Недостаточно признаков роли: 3 плательщиков, 6 получателей, колено 1.",1,False,3,6,93250.0,125000.0,5,10,1,0.0002038712,0.8,False,0.0,4,False,1,3,1,0.748307,0.187189,0.127758,0.054048,0.195819,0.143494,0.04,0.75,1.0,1.0,возвратный поток (4 цикл.)
100000004077081100,peripheral,0.6,4,0.559848,"Недостаточно признаков роли: 1 плательщиков, 4 получателей, колено 3.",3,False,1,4,140000.0,615000.0,1,6,3,9.2757e-06,1.0,False,0.0,0,False,1,1,0,0.746464,0.082073,0.143995,0.16339,0.166815,0.140191,0.05,0.75,1.0,1.0,нет
100000004094958100,transit,0.8308,50,0.442883,"Признаки транзита: отдал 103% видимого входа; 1→1 связей, быстрый выход 100%.",1,False,1,1,39000.0,40000.0,1,1,1,0.0,1.0,False,0.0,0,False,1,1,0,0.466192,0.082073,0.086699,0.054048,0.079004,0.114368,0.05,0.95,1.0,1.0,нет
100000004096559100,terminal,0.62,11,0.307416,"Наблюдаемый конечный узел: вход от 1 клиентов (46,200 KZT), исходящих нет; колено 3<4.",3,False,1,0,46200.0,0.0,1,0,1,0.0,0.0,False,0.0,0,False,1,0,0,0.361666,0.082073,0.094662,0.054048,0.079004,0.051879,0.0,0.85,1.0,1.0,нет
100000004097972100,peripheral,0.6,1,0.530697,"Недостаточно признаков роли: 1 плательщиков, 2 получателей, колено 3.",3,False,1,2,118878.0,10000.0,1,2,2,1.85515e-05,1.0,False,0.0,0,False,1,2,0,0.707596,0.082073,0.13879,0.128336,0.178781,0.129615,0.05,0.75,1.0,1.0,нет
100000004099450100,terminal,0.62,1,0.293312,"Наблюдаемый конечный узел: вход от 1 клиентов (31,000 KZT), исходящих нет; колено 3<4.",3,False,1,0,31000.0,0.0,1,0,1,0.0,0.0,False,0.0,0,False,1,0,0,0.345073,0.082073,0.078069,0.054048,0.079004,0.051879,0.0,0.85,1.0,1.0,нет
100000004105288100,terminal,0.66,4,0.562492,"Наблюдаемый конечный узел: вход от 2 клиентов (215,000 KZT), исходящих нет; колено 1<4.",1,False,2,0,215000.0,0.0,2,0,8,0.0,0.0,False,0.0,0,False,1,0,0,0.661755,0.171308,0.160854,0.19871,0.079004,0.051879,0.0,0.85,1.0,1.0,нет
100000004107228100,peripheral,0.55,4,0.169438,"Граница обхода: колено 4, вход от 1 клиентов; исходящие не выгружены. У похожих узлов колен 1–3 выход есть в 29% случаев.",4,False,1,0,5000.0,0.0,1,0,2,0.0,0.0,True,0.287,0,False,1,0,1,0.347565,0.082073,0.006272,0.128336,0.079004,0.051879,0.0,0.75,0.65,1.0,нет
100000004114962100,terminal,0.66,6,0.523584,"Наблюдаемый конечный узел: вход от 2 клиентов (165,000 KZT), исходящих нет; колено 3<4.",3,False,2,0,165000.0,0.0,2,0,3,0.0,0.0,False,0.0,0,False,1,0,0,0.615981,0.171308,0.1504,0.16339,0.079004,0.051879,0.0,0.85,1.0,1.0,нет
100000004130144100,terminal,0.62,11,0.3616,"Наблюдаемый конечный узел: вход от 1 клиентов (200,000 KZT), исходящих нет; колено 1<4.",1,False,1,0,200000.0,0.0,1,0,1,0.0,0.0,False,0.0,0,False,1,0,0,0.425411,0.082073,0.158407,0.054048,0.079004,0.051879,0.0,0.85,1.0,1.0,нет
100000004134060100,terminal,0.62,21,0.444445,"Наблюдаемый конечный узел: вход от 1 клиентов (88,179 KZT), исходящих нет; колено 2<4.",2,False,1,0,88179.0,0.0,1,0,4,0.0,0.0,False,0.0,0,False,1,0,0,0.522876,0.082073,0.125,0.18492,0.079004,0.051879,0.0,0.85,1.0,1.0,нет
100000004135268100,transit,0.7054,53,0.653167,"Признаки транзита: отдал 81% видимого входа; 2→3 связей, быстрый выход 100%.",1,False,2,3,1239000.0,1000200.0,3,4,1,0.0,1.0,False,0.0,3,True,1,1,0,0.687544,0.171308,0.19653,0.054048,0.079004,0.136655,0.05,0.95,1.0,1.0,возвратный поток с seed (3 цикл.)
100000004140487100,distributor,0.74,4,0.584308,"Признаки распределения: 10 получателей против 1 плательщиков, исходящий поток 262,600 KZT.",3,False,1,10,24510.0,262600.0,1,19,1,4.64788e-05,1.0,False,0.0,3,False,1,4,0,0.584308,0.082073,0.063167,0.054048,0.189057,0.145963,0.05,1.0,1.0,1.0,возвратный поток (3 цикл.); повтор одной суммы ×4
100000004140994100,terminal,0.62,2,0.26779,"Наблюдаемый конечный узел: вход от 1 клиентов (18,650 KZT), исходящих нет; колено 3<4.",3,False,1,0,18650.0,0.0,1,0,1,0.0,0.0,False,0.0,0,False,1,0,0,0.315047,0.082073,0.048043,0.054048,0.079004,0.051879,0.0,0.85,1.0,1.0,нет
100000004144536100,consolidator,0.65,26,0.529993,"Признаки консолидации: 4 плательщиков, 0 получателей, входящий поток 168,000 KZT.",1,False,4,0,168000.0,0.0,6,0,1,0.0,0.0,False,0.0,0,False,2,0,2,0.529993,0.193817,0.151246,0.054048,0.079004,0.051879,0.0,1.0,1.0,1.0,нет
100000004150593100,distributor,0.765,5,0.743794,"Признаки распределения: 11 получателей против 1 плательщиков, исходящий поток 871,165 KZT.",2,False,1,11,57000.0,871165.0,2,16,3,0.0001037338,1.0,False,0.0,1,True,1,1,0,0.743794,0.082073,0.108674,0.16339,0.193327,0.14633,0.05,1.0,1.0,1.0,возвратный поток с seed (1 цикл.)
100000004156082100,coordinator,0.77,16,0.953815,"Гипотеза координации: достижим из 4 seed, 5 плательщиков, мост 0.0002.",1,False,5,26,377366.11,2319556.0,7,29,4,0.0002394689,1.0,False,0.0,6,True,2,3,3,0.953815,0.196263,0.177669,0.18492,0.196263,0.148699,0.05,1.0,1.0,1.0,возвратный поток с seed (6 цикл.)
100000004158362100,terminal,0.62,1,0.314676,"Наблюдаемый конечный узел: вход от 1 клиентов (12,000 KZT), исходящих нет; колено 2<4.",2,False,1,0,12000.0,0.0,1,0,2,0.0,0.0,False,0.0,0,False,1,0,0,0.370207,0.082073,0.028915,0.128336,0.079004,0.051879,0.0,0.85,1.0,1.0,нет
100000004159526100,peripheral,0.6,15,0.669345,"Недостаточно признаков роли: 4 плательщиков, 4 получателей, колено 1.",1,False,4,4,275037.0,68000.0,4,6,3,4.63787e-05,0.75,False,0.0,1,False,2,2,0,0.89246,0.193817,0.169039,0.16339,0.188523,0.140191,0.0375,0.75,1.0,1.0,возвратный поток (1 цикл.)
100000004160650100,distributor,0.74,26,0.619362,"Признаки распределения: 10 получателей против 2 плательщиков, исходящий поток 1,489,827 KZT.",2,False,2,10,75100.0,1489827.0,4,40,1,0.0,1.0,False,0.0,12,True,1,12,1,0.619362,0.171308,0.119039,0.054048,0.079004,0.145963,0.05,1.0,1.0,1.0,возвратный поток с seed (12 цикл.); повтор одной суммы ×12
100000004167082100,peripheral,0.55,14,0.182167,"Граница обхода: колено 4, вход от 1 клиентов; исходящие не выгружены. У похожих узлов колен 1–3 выход есть в 29% случаев.",4,False,1,0,13300.0,0.0,1,0,2,0.0,0.0,True,0.287,0,False,1,0,0,0.373677,0.082073,0.032384,0.128336,0.079004,0.051879,0.0,0.75,0.65,1.0,нет
100000004174835100,peripheral,0.6,78,0.120332,"Seed без исходящих в выборке; входящий поток неполон, структурная роль не установлена.",0,True,0,0,0.0,0.0,0,0,1,0.0,0.0,False,0.0,0,False,0,0,0,0.188757,0.001913,0.001913,0.054048,0.079004,0.051879,0.0,0.75,1.0,0.85,нет
100000004177936100,peripheral,0.55,7,0.141354,"Граница обхода: колено 4, вход от 1 клиентов; исходящие не выгружены. У похожих узлов колен 1–3 выход есть в 29% случаев.",4,False,1,0,10000.0,0.0,1,0,1,0.0,0.0,True,0.287,0,False,1,0,0,0.289958,0.082073,0.022954,0.054048,0.079004,0.051879,0.0,0.75,0.65,1.0,нет
100000004180097100,peripheral,0.6,1,0.560271,"Недостаточно признаков роли: 3 плательщиков, 3 получателей, колено 1.",1,False,3,3,104854.0,47800.0,5,7,1,0.000148412,0.8,False,0.0,3,False,1,3,3,0.747028,0.187189,0.134431,0.054048,0.194706,0.136655,0.04,0.75,1.0,1.0,возвратный поток (3 цикл.); 3 входов у порога 5–10 тыс.
100000004183610100,peripheral,0.6,14,0.449166,"Недостаточно признаков роли: 1 плательщиков, 1 получателей, колено 3.",3,False,1,1,22000.0,915000.0,1,3,2,9.2757e-06,1.0,False,0.0,0,False,1,1,0,0.598888,0.082073,0.057295,0.128336,0.166815,0.114368,0.05,0.75,1.0,1.0,нет
100000004184158100,terminal,0.62,1,0.362772,"Наблюдаемый конечный узел: вход от 1 клиентов (203,805 KZT), исходящих нет; колено 3<4.",3,False,1,0,203805.0,0.0,1,0,1,0.0,0.0,False,0.0,0,False,1,0,0,0.42679,0.082073,0.159786,0.054048,0.079004,0.051879,0.0,0.85,1.0,1.0,нет
100000004185681100,terminal,0.62,4,0.246464,"Наблюдаемый конечный узел: вход от 1 клиентов (10,000 KZT), исходящих нет; колено 3<4.",3,False,1,0,10000.0,0.0,1,0,1,0.0,0.0,False,0.0,0,False,1,0,0,0.289958,0.082073,0.022954,0.054048,0.079004,0.051879,0.0,0.85,1.0,1.0,нет
100000004186824100,peripheral,0.6,5,0.50675,"Недостаточно признаков роли: 2 плательщиков, 1 получателей, колено 1.",1,False,2,1,451700.0,7000.0,7,1,2,0.0,0.0,False,0.0,0,False,1,1,1,0.675667,0.171308,0.182651,0.128336,0.079004,0.114368,0.0,0.75,1.0,1.0,нет
100000004188160100,peripheral,0.6,5,0.611465,"Недостаточно признаков роли: 2 плательщиков, 5 получателей, колено 1.",1,False,2,5,87862.0,133846.0,5,6,3,2.78272e-05,0.6,False,0.0,4,True,1,2,1,0.815287,0.171308,0.124911,0.16339,0.183585,0.142093,0.03,0.75,1.0,1.0,возвратный поток с seed (4 цикл.)
100000004192107100,terminal,0.62,4,0.345416,"Наблюдаемый конечный узел: вход от 1 клиентов (25,000 KZT), исходящих нет; колено 2<4.",2,False,1,0,25000.0,0.0,1,0,2,0.0,0.0,False,0.0,0,False,1,0,0,0.406372,0.082073,0.06508,0.128336,0.079004,0.051879,0.0,0.85,1.0,1.0,нет
100000004192865100,terminal,0.62,30,0.324129,"Наблюдаемый конечный узел: вход от 1 клиентов (66,666 KZT), исходящих нет; колено 2<4.",2,False,1,0,66666.0,0.0,1,0,1,0.0,0.0,False,0.0,0,False,1,0,0,0.381328,0.082073,0.114324,0.054048,0.079004,0.051879,0.0,0.85,1.0,1.0,нет
100000004193835100,peripheral,0.6,5,0.38647,"Недостаточно признаков роли: 1 плательщиков, 1 получателей, колено 0.",0,True,1,1,47000.0,5000.0,1,1,4,0.0,1.0,False,0.0,0,False,1,1,0,0.606228,0.082073,0.095863,0.18492,0.079004,0.114368,0.05,0.75,1.0,0.85,нет
100000004200745100,peripheral,0.55,13,0.235255,"Граница обхода: колено 4, вход от 1 клиентов; исходящие не выгружены. У похожих узлов колен 1–3 выход есть в 29% случаев.",4,False,1,0,130000.0,0.0,4,0,2,0.0,0.0,True,0.287,0,False,1,0,0,0.482573,0.082073,0.141281,0.128336,0.079004,0.051879,0.0,0.75,0.65,1.0,нет
100000004206046100,terminal,0.62,5,0.313768,"Наблюдаемый конечный узел: вход от 1 клиентов (11,075 KZT), исходящих нет; колено 1<4.",1,False,1,0,11075.0,0.0,1,0,2,0.0,0.0,False,0.0,0,False,1,0,0,0.369139,0.082073,0.027847,0.128336,0.079004,0.051879,0.0,0.85,1.0,1.0,нет
100000004209339100,peripheral,0.6,34,0.568252,"Недостаточно признаков роли: 1 плательщиков, 2 получателей, колено 2.",2,False,1,2,138500.0,238500.0,6,11,4,1.39136e-05,0.8333333333333334,False,0.0,1,False,1,2,3,0.75767,0.082073,0.143283,0.18492,0.176112,0.129615,0.041667,0.75,1.0,1.0,возвратный поток (1 цикл.); 3 входов у порога 5–10 тыс.
100000004213658100,terminal,0.62,2,0.283822,"Наблюдаемый конечный узел: вход от 1 клиентов (25,347 KZT), исходящих нет; колено 1<4.",1,False,1,0,25347.0,0.0,1,0,1,0.0,0.0,False,0.0,0,False,1,0,0,0.333908,0.082073,0.066904,0.054048,0.079004,0.051879,0.0,0.85,1.0,1.0,нет
100000004217419100,peripheral,0.6,7,0.564513,"Недостаточно признаков роли: 2 плательщиков, 1 получателей, колено 3.",3,False,2,1,118200.0,7700.0,3,1,2,9.2757e-06,0.6666666666666666,False,0.0,0,False,1,1,1,0.752684,0.171308,0.138523,0.128336,0.166815,0.114368,0.033333,0.75,1.0,1.0,нет
100000004218576100,terminal,0.62,2,0.284994,"Наблюдаемый конечный узел: вход от 1 клиентов (26,144 KZT), исходящих нет; колено 1<4.",1,False,1,0,26144.0,0.0,1,0,1,0.0,0.0,False,0.0,0,False,1,0,0,0.335287,0.082073,0.068283,0.054048,0.079004,0.051879,0.0,0.85,1.0,1.0,нет
100000004221668100,peripheral,0.6,9,0.57773,"Недостаточно признаков роли: 4 плательщиков, 3 получателей, колено 2.",2,False,4,3,1128300.0,731440.0,8,10,1,4.6379e-06,0.625,False,0.0,3,False,1,4,2,0.770307,0.193817,0.195996,0.054048,0.158541,0.136655,0.03125,0.75,1.0,1.0,возвратный поток (3 цикл.); повтор одной суммы ×4
100000004222274100,peripheral,0.55,1,0.149053,"Граница обхода: колено 4, вход от 1 клиентов; исходящие не выгружены. У похожих узлов колен 1–3 выход есть в 29% случаев.",4,False,1,0,15500.0,0.0,1,0,1,0.0,0.0,True,0.287,0,False,1,0,0,0.30575,0.082073,0.038746,0.054048,0.079004,0.051879,0.0,0.75,0.65,1.0,нет
100000004225615100,terminal,0.62,3,0.333997,"Наблюдаемый конечный узел: вход от 1 клиентов (90,000 KZT), исходящих нет; колено 2<4.",2,False,1,0,90000.0,0.0,2,0,1,0.0,0.0,False,0.0,0,False,1,0,0,0.392938,0.082073,0.125934,0.054048,0.079004,0.051879,0.0,0.85,1.0,1.0,нет
100000004226848100,terminal,0.62,4,0.484903,"Наблюдаемый конечный узел: вход от 1 клиентов (301,866 KZT), исходящих нет; колено 1<4.",1,False,1,0,301866.0,0.0,1,0,4,0.0,0.0,False,0.0,0,False,1,0,0,0.570474,0.082073,0.172598,0.18492,0.079004,0.051879,0.0,0.85,1.0,1.0,нет
100000004232712100,peripheral,0.55,6,0.198388,"Граница обхода: колено 4, вход от 1 клиентов; исходящие не выгружены. У похожих узлов колен 1–3 выход есть в 29% случаев.",4,False,1,0,12500.0,0.0,1,0,3,0.0,0.0,True,0.287,0,False,1,0,0,0.406951,0.082073,0.030605,0.16339,0.079004,0.051879,0.0,0.75,0.65,1.0,нет
100000004235471100,peripheral,0.55,6,0.258177,"Граница обхода: колено 4, вход от 1 клиентов; исходящие не выгружены. У похожих узлов колен 1–3 выход есть в 29% случаев.",4,False,1,0,180000.0,0.0,1,0,3,0.0,0.0,True,0.287,0,False,1,0,0,0.529593,0.082073,0.153247,0.16339,0.079004,0.051879,0.0,0.75,0.65,1.0,нет
100000004241142100,peripheral,0.55,1,0.201121,"Граница обхода: колено 4, вход от 1 клиентов; исходящие не выгружены. У похожих узлов колен 1–3 выход есть в 29% случаев.",4,False,1,0,27102.0,0.0,1,0,2,0.0,0.0,True,0.287,0,False,1,0,0,0.412556,0.082073,0.071263,0.128336,0.079004,0.051879,0.0,0.75,0.65,1.0,нет
100000004254434100,terminal,0.62,2,0.305299,"Наблюдаемый конечный узел: вход от 1 клиентов (44,445 KZT), исходящих нет; колено 1<4.",1,False,1,0,44445.0,0.0,2,0,1,0.0,0.0,False,0.0,0,False,1,0,0,0.359175,0.082073,0.092171,0.054048,0.079004,0.051879,0.0,0.85,1.0,1.0,нет
100000004257714100,terminal,0.62,2,0.315886,"Наблюдаемый конечный узел: вход от 1 клиентов (52,220 KZT), исходящих нет; колено 3<4.",3,False,1,0,52220.0,0.0,1,0,1,0.0,0.0,False,0.0,0,False,1,0,0,0.37163,0.082073,0.104626,0.054048,0.079004,0.051879,0.0,0.85,1.0,1.0,нет
100000004260869100,peripheral,0.55,5,0.141354,"Граница обхода: колено 4, вход от 1 клиентов; исходящие не выгружены. У похожих узлов колен 1–3 выход есть в 29% случаев.",4,False,1,0,10000.0,0.0,1,0,1,0.0,0.0,True,0.287,0,False,1,0,0,0.289958,0.082073,0.022954,0.054048,0.079004,0.051879,0.0,0.75,0.65,1.0,нет
100000004261340100,peripheral,0.55,1,0.214002,"Граница обхода: колено 4, вход от 1 клиентов; исходящие не выгружены. У похожих узлов колен 1–3 выход есть в 29% случаев.",4,False,1,0,48500.0,0.0,4,0,2,0.0,0.0,True,0.287,0,False,1,0,0,0.438979,0.082073,0.097687,0.128336,0.079004,0.051879,0.0,0.75,0.65,1.0,нет
100000004263867100,peripheral,0.55,19,0.139056,"Граница обхода: колено 4, вход от 1 клиентов; исходящие не выгружены. У похожих узлов колен 1–3 выход есть в 29% случаев.",4,False,1,0,9000.0,0.0,1,0,1,0.0,0.0,True,0.287,0,False,1,0,1,0.285242,0.082073,0.018238,0.054048,0.079004,0.051879,0.0,0.75,0.65,1.0,нет
100000004265639100,peripheral,0.55,7,0.141354,"Граница обхода: колено 4, вход от 1 клиентов; исходящие не выгружены. У похожих узлов колен 1–3 выход есть в 29% случаев.",4,False,1,0,10000.0,0.0,1,0,1,0.0,0.0,True,0.287,0,False,1,0,0,0.289958,0.082073,0.022954,0.054048,0.079004,0.051879,0.0,0.75,0.65,1.0,нет
100000004268036100,peripheral,0.55,19,0.135196,"Граница обхода: колено 4, вход от 1 клиентов; исходящие не выгружены. У похожих узлов колен 1–3 выход есть в 29% случаев.",4,False,1,0,5500.0,0.0,1,0,1,0.0,0.0,True,0.287,0,False,1,0,1,0.277324,0.082073,0.01032,0.054048,0.079004,0.051879,0.0,0.75,0.65,1.0,нет
100000004269433100,peripheral,0.6,16,0.160169,"Недостаточно признаков роли: 0 плательщиков, 1 получателей, колено 0.",0,True,0,1,0.0,1372000.0,0,67,1,0.0,0.0,False,0.0,0,False,0,13,0,0.251246,0.001913,0.001913,0.054048,0.079004,0.114368,0.0,0.75,1.0,0.85,повтор одной суммы ×13
100000004272302100,peripheral,0.55,48,0.141354,"Граница обхода: колено 4, вход от 1 клиентов; исходящие не выгружены. У похожих узлов колен 1–3 выход есть в 29% случаев.",4,False,1,0,10000.0,0.0,1,0,1,0.0,0.0,True,0.287,0,False,1,0,0,0.289958,0.082073,0.022954,0.054048,0.079004,0.051879,0.0,0.75,0.65,1.0,нет
100000004278574100,peripheral,0.6,6,0.443794,"Недостаточно признаков роли: 1 плательщиков, 1 получателей, колено 3.",3,False,1,1,25000.0,12500.0,1,1,3,9.2757e-06,0.0,False,0.0,0,False,1,1,0,0.591726,0.082073,0.06508,0.16339,0.166815,0.114368,0.0,0.75,1.0,1.0,нет
100000004285800100,peripheral,0.6,1,0.349978,"Недостаточно признаков роли: 1 плательщиков, 1 получателей, колено 2.",2,False,1,1,5000.0,15000.0,1,1,4,0.0,0.0,False,0.0,0,False,1,1,1,0.466637,0.082073,0.006272,0.18492,0.079004,0.114368,0.0,0.75,1.0,1.0,нет
100000004286573100,terminal,0.62,13,0.262723,"Наблюдаемый конечный узел: вход от 1 клиентов (16,590 KZT), исходящих нет; колено 1<4.",1,False,1,0,16590.0,0.0,1,0,1,0.0,0.0,False,0.0,0,False,1,0,0,0.309086,0.082073,0.042082,0.054048,0.079004,0.051879,0.0,0.85,1.0,1.0,нет
100000004291560100,terminal,0.62,1,0.372187,"Наблюдаемый конечный узел: вход от 1 клиентов (47,190 KZT), исходящих нет; колено 3<4.",3,False,1,0,47190.0,0.0,1,0,2,0.0,0.0,False,0.0,0,False,1,0,0,0.437867,0.082073,0.096575,0.128336,0.079004,0.051879,0.0,0.85,1.0,1.0,нет
100000004291663100,peripheral,0.55,1,0.198107,"Граница обхода: колено 4, вход от 1 клиентов; исходящие не выгружены. У похожих узлов колен 1–3 выход есть в 29% случаев.",4,False,1,0,25000.0,0.0,1,0,2,0.0,0.0,True,0.287,0,False,1,0,0,0.406372,0.082073,0.06508,0.128336,0.079004,0.051879,0.0,0.75,0.65,1.0,нет
100000004292885100,terminal,0.62,2,0.343488,"Наблюдаемый конечный узел: вход от 1 клиентов (112,700 KZT), исходящих нет; колено 3<4.",3,False,1,0,112700.0,0.0,1,0,1,0.0,0.0,False,0.0,0,False,1,0,0,0.404104,0.082073,0.1371,0.054048,0.079004,0.051879,0.0,0.85,1.0,1.0,нет
100000004299488100,consolidator,0.715,1,0.900693,"Признаки консолидации: 6 плательщиков, 2 получателей, входящий поток 1,749,000 KZT.",1,False,6,2,1749000.0,344999.0,22,14,3,9.2757e-06,0.9090909090909091,False,0.0,1,False,3,4,2,0.900693,0.197553,0.197865,0.16339,0.166815,0.129615,0.045455,1.0,1.0,1.0,возвратный поток (1 цикл.); 3 плательщиков в один день; повтор одной суммы ×4
100000004315838100,peripheral,0.6,4,0.560698,"Недостаточно признаков роли: 2 плательщиков, 1 получателей, колено 1.",1,False,2,1,50000.0,18000.0,2,1,5,9.2757e-06,0.0,False,0.0,0,False,1,1,0,0.747598,0.171308,0.100979,0.194128,0.166815,0.114368,0.0,0.75,1.0,1.0,нет
100000004318918100,terminal,0.62,12,0.447583,"Наблюдаемый конечный узел: вход от 1 клиентов (75,600 KZT), исходящих нет; колено 1<4.",1,False,1,0,75600.0,0.0,1,0,5,0.0,0.0,False,0.0,0,False,1,0,0,0.526568,0.082073,0.119484,0.194128,0.079004,0.051879,0.0,0.85,1.0,1.0,нет
100000004321983100,peripheral,0.6,9,0.27884,"Недостаточно признаков роли: 1 плательщиков, 2 получателей, колено 3.",3,False,1,2,10840.0,36200.0,1,3,1,0.0,0.0,False,0.0,1,False,1,1,0,0.371786,0.082073,0.027046,0.054048,0.079004,0.129615,0.0,0.75,1.0,1.0,возвратный поток (1 цикл.)
100000004325327100,transit,0.7747,1,0.690046,"Признаки транзита: отдал 99% видимого входа; 2→1 связей, быстрый выход 33%.",1,False,2,1,70817.0,70000.0,3,1,2,1.85515e-05,0.3333333333333333,False,0.0,0,False,1,1,1,0.726364,0.171308,0.116904,0.128336,0.178781,0.114368,0.016667,0.95,1.0,1.0,нет
100000004326224100,peripheral,0.55,6,0.237271,"Граница обхода: колено 4, вход от 1 клиентов; исходящие не выгружены. У похожих узлов колен 1–3 выход есть в 29% случаев.",4,False,1,0,60000.0,0.0,1,0,3,0.0,0.0,True,0.287,0,False,1,0,0,0.48671,0.082073,0.110365,0.16339,0.079004,0.051879,0.0,0.75,0.65,1.0,нет
100000004330371100,peripheral,0.6,5,0.591517,"Недостаточно признаков роли: 2 плательщиков, 2 получателей, колено 1.",1,False,2,2,264171.0,90681.0,12,6,2,9.2757e-06,0.5,False,0.0,2,True,2,1,3,0.78869,0.171308,0.167616,0.128336,0.166815,0.129615,0.025,0.75,1.0,1.0,возвратный поток с seed (2 цикл.)
100000004331458100,terminal,0.66,50,0.444104,"Наблюдаемый конечный узел: вход от 2 клиентов (250,000 KZT), исходящих нет; колено 2<4.",2,False,2,0,250000.0,0.0,2,0,1,0.0,0.0,False,0.0,0,False,1,0,0,0.522476,0.171308,0.166237,0.054048,0.079004,0.051879,0.0,0.85,1.0,1.0,нет
100000004336228100,terminal,0.62,7,0.315356,"Наблюдаемый конечный узел: вход от 1 клиентов (51,407 KZT), исходящих нет; колено 3<4.",3,False,1,0,51407.0,0.0,2,0,1,0.0,0.0,False,0.0,0,False,1,0,0,0.371008,0.082073,0.104004,0.054048,0.079004,0.051879,0.0,0.85,1.0,1.0,нет
100000004336312100,transit,0.6455,35,0.665358,"Признаки транзита: отдал 80% видимого входа; 3→2 связей, быстрый выход 43%.",2,False,3,2,90415.0,72650.0,7,3,1,2.08704e-05,0.42857142857142855,False,0.0,8,False,3,1,3,0.700377,0.187189,0.126512,0.054048,0.181584,0.129615,0.021429,0.95,1.0,1.0,возвратный поток (8 цикл.); 3 плательщиков в один день
100000004340038100,peripheral,0.6,14,0.409731,"Недостаточно признаков роли: 1 плательщиков, 1 получателей, колено 3.",3,False,1,1,9978.0,49000.0,1,1,3,9.2757e-06,0.0,False,0.0,0,False,1,1,1,0.546308,0.082073,0.019662,0.16339,0.166815,0.114368,0.0,0.75,1.0,1.0,нет
100000004350094100,peripheral,0.55,18,0.155515,"Граница обхода: колено 4, вход от 1 клиентов; исходящие не выгружены. У похожих узлов колен 1–3 выход есть в 29% случаев.",4,False,1,0,20000.0,0.0,1,0,1,0.0,0.0,True,0.287,0,False,1,0,0,0.319006,0.082073,0.052002,0.054048,0.079004,0.051879,0.0,0.75,0.65,1.0,нет
100000004351795100,coordinator,0.6,1,0.884742,"Гипотеза координации: достижим из 3 seed, 3 плательщиков, мост 0.0014.",1,False,3,14,118333.0,1715161.0,3,37,3,0.0013894118,1.0,False,0.0,16,True,1,3,0,0.884742,0.187189,0.138612,0.16339,0.198488,0.147064,0.05,1.0,1.0,1.0,возвратный поток с seed (16 цикл.)
100000004356593100,peripheral,0.6,4,0.444428,"Недостаточно признаков роли: 1 плательщиков, 1 получателей, колено 2.",2,False,1,1,50000.0,10000.0,1,1,2,9.2757e-06,0.0,False,0.0,0,False,1,1,0,0.592571,0.082073,0.100979,0.128336,0.166815,0.114368,0.0,0.75,1.0,1.0,нет
100000004358004100,distributor,0.765,4,0.240726,"Признаки распределения: 11 получателей против 0 плательщиков, исходящий поток 980,850 KZT.",0,True,0,11,0.0,980850.0,0,17,1,0.0,0.0,False,0.0,0,False,0,2,0,0.283207,0.001913,0.001913,0.054048,0.079004,0.14633,0.0,1.0,1.0,0.85,нет
100000004360785100,terminal,0.62,5,0.399373,"Наблюдаемый конечный узел: вход от 1 клиентов (94,705 KZT), исходящих нет; колено 1<4.",1,False,1,0,94705.0,0.0,1,0,2,0.0,0.0,False,0.0,0,False,1,0,0,0.469851,0.082073,0.128559,0.128336,0.079004,0.051879,0.0,0.85,1.0,1.0,нет
100000004368189100,peripheral,0.6,10,0.551215,"Недостаточно признаков роли: 1 плательщиков, 2 получателей, колено 3.",3,False,1,2,384600.0,28200.0,1,2,2,9.2757e-06,1.0,False,0.0,0,False,1,1,0,0.734953,0.082073,0.178114,0.128336,0.166815,0.129615,0.05,0.75,1.0,1.0,нет
100000004377043100,peripheral,0.55,29,0.135456,"Граница обхода: колено 4, вход от 1 клиентов; исходящие не выгружены. У похожих узлов колен 1–3 выход есть в 29% случаев.",4,False,1,0,5700.0,0.0,1,0,1,0.0,0.0,True,0.287,0,False,1,0,1,0.277858,0.082073,0.010854,0.054048,0.079004,0.051879,0.0,0.75,0.65,1.0,нет
100000004379306100,peripheral,0.55,7,0.148077,"Граница обхода: колено 4, вход от 1 клиентов; исходящие не выгружены. У похожих узлов колен 1–3 выход есть в 29% случаев.",4,False,1,0,15000.0,0.0,1,0,1,0.0,0.0,True,0.287,0,False,1,0,0,0.303748,0.082073,0.036744,0.054048,0.079004,0.051879,0.0,0.75,0.65,1.0,нет
100000004386258100,peripheral,0.6,13,0.616659,"Недостаточно признаков роли: 3 плательщиков, 3 получателей, колено 2.",2,False,3,3,61700.0,40000.0,3,3,3,5.56545e-05,0.6666666666666666,False,0.0,2,False,2,2,1,0.822212,0.187189,0.111477,0.16339,0.190169,0.136655,0.033333,0.75,1.0,1.0,возвратный поток (2 цикл.)
100000004386286100,peripheral,0.55,13,0.1813,"Граница обхода: колено 4, вход от 1 клиентов; исходящие не выгружены. У похожих узлов колен 1–3 выход есть в 29% случаев.",4,False,1,0,12500.0,0.0,1,0,2,0.0,0.0,True,0.287,0,False,1,0,0,0.371897,0.082073,0.030605,0.128336,0.079004,0.051879,0.0,0.75,0.65,1.0,нет
100000004386331100,transit,0.6562,13,0.530899,"Признаки транзита: отдал 88% видимого входа; 1→2 связей, быстрый выход 0%.",3,False,1,2,20000.0,17500.0,1,2,2,9.2757e-06,0.0,False,0.0,1,False,1,1,0,0.558841,0.082073,0.052002,0.128336,0.166815,0.129615,0.0,0.95,1.0,1.0,возвратный поток (1 цикл.)
100000004388209100,terminal,0.62,2,0.251077,"Наблюдаемый конечный узел: вход от 1 клиентов (11,800 KZT), исходящих нет; колено 1<4.",1,False,1,0,11800.0,0.0,1,0,1,0.0,0.0,False,0.0,0,False,1,0,0,0.295385,0.082073,0.028381,0.054048,0.079004,0.051879,0.0,0.85,1.0,1.0,нет
100000004388353100,terminal,0.66,12,0.519576,"Наблюдаемый конечный узел: вход от 2 клиентов (62,960 KZT), исходящих нет; колено 1<4.",1,False,2,0,62960.0,0.0,2,0,6,0.0,0.0,False,0.0,0,False,1,0,0,0.611266,0.171308,0.112011,0.197064,0.079004,0.051879,0.0,0.85,1.0,1.0,нет
100000004388983100,peripheral,0.6,66,0.169889,"Недостаточно признаков роли: 0 плательщиков, 2 получателей, колено 0.",0,True,0,2,0.0,450816.0,0,23,1,0.0,0.0,False,0.0,0,False,0,5,0,0.266492,0.001913,0.001913,0.054048,0.079004,0.129615,0.0,0.75,1.0,0.85,повтор одной суммы ×5
100000004390333100,distributor,0.7,1,0.795774,"Признаки распределения: 9 получателей против 2 плательщиков, исходящий поток 506,500 KZT.",1,False,2,9,64558.0,506500.0,2,14,2,4.0196e-05,1.0,False,0.0,16,True,1,4,0,0.795774,0.171308,0.112989,0.128336,0.187544,0.145596,0.05,1.0,1.0,1.0,возвратный поток с seed (16 цикл.); повтор одной суммы ×4
100000004394765100,peripheral,0.6,5,0.655161,"Недостаточно признаков роли: 3 плательщиков, 2 получателей, колено 1.",1,False,3,2,603844.0,82500.0,10,2,3,2.78272e-05,0.4,False,0.0,0,False,2,1,2,0.873548,0.187189,0.189769,0.16339,0.183585,0.129615,0.02,0.75,1.0,1.0,нет
100000004398811100,peripheral,0.6,4,0.437055,"Недостаточно признаков роли: 1 плательщиков, 3 получателей, колено 2.",2,False,1,3,426000.0,1040672.0,1,4,1,0.0,1.0,False,0.0,0,False,1,1,0,0.58274,0.082073,0.180961,0.054048,0.079004,0.136655,0.05,0.75,1.0,1.0,нет
100000004399686100,terminal,0.62,25,0.39113,"Наблюдаемый конечный узел: вход от 1 клиентов (806,000 KZT), исходящих нет; колено 3<4.",3,False,1,0,806000.0,0.0,2,0,1,0.0,0.0,False,0.0,0,False,1,0,0,0.460153,0.082073,0.193149,0.054048,0.079004,0.051879,0.0,0.85,1.0,1.0,нет
100000004400305100,distributor,0.94,1,0.886588,"Признаки распределения: 82 получателей против 7 плательщиков, исходящий поток 5,830,181 KZT.",2,False,7,82,222800.0,5830181.0,9,101,2,0.0008971036,1.0,False,0.0,42,True,2,7,2,0.886588,0.19831,0.162011,0.128336,0.198132,0.1498,0.05,1.0,1.0,1.0,возвратный поток с seed (42 цикл.); повтор одной суммы ×7
100000004400361100,terminal,0.62,5,0.357705,"Наблюдаемый конечный узел: вход от 1 клиентов (10,000 KZT), исходящих нет; колено 2<4.",2,False,1,0,10000.0,0.0,1,0,4,0.0,0.0,False,0.0,0,False,1,0,0,0.42083,0.082073,0.022954,0.18492,0.079004,0.051879,0.0,0.85,1.0,1.0,нет
100000004400480100,peripheral,0.55,10,0.157836,"Граница обхода: колено 4, вход от 1 клиентов; исходящие не выгружены. У похожих узлов колен 1–3 выход есть в 29% случаев.",4,False,1,0,21700.0,0.0,1,0,1,0.0,0.0,True,0.287,0,False,1,0,0,0.323766,0.082073,0.056762,0.054048,0.079004,0.051879,0.0,0.75,0.65,1.0,нет
100000004403548100,peripheral,0.55,7,0.133222,"Граница обхода: колено 4, вход от 1 клиентов; исходящие не выгружены. У похожих узлов колен 1–3 выход есть в 29% случаев.",4,False,1,0,5000.0,0.0,1,0,1,0.0,0.0,True,0.287,0,False,1,0,1,0.273276,0.082073,0.006272,0.054048,0.079004,0.051879,0.0,0.75,0.65,1.0,нет
100000004403641100,peripheral,0.55,10,0.20433,"Граница обхода: колено 4, вход от 1 клиентов; исходящие не выгружены. У похожих узлов колен 1–3 выход есть в 29% случаев.",4,False,1,0,171500.0,0.0,1,0,1,0.0,0.0,True,0.287,0,False,1,0,0,0.419139,0.082073,0.152135,0.054048,0.079004,0.051879,0.0,0.75,0.65,1.0,нет
100000004403675100,coordinator,0.66,20,0.88929,"Гипотеза координации: достижим из 3 seed, 4 плательщиков, мост 0.0012.",1,False,4,5,182980.0,264699.0,8,6,3,0.001215461,0.75,False,0.0,2,True,1,2,2,0.88929,0.193817,0.154181,0.16339,0.19831,0.142093,0.0375,1.0,1.0,1.0,возвратный поток с seed (2 цикл.)
100000004407753100,peripheral,0.6,29,0.390547,"Недостаточно признаков роли: 1 плательщиков, 1 получателей, колено 3.",3,False,1,1,250000.0,100000.0,4,1,1,0.0,0.5,False,0.0,1,False,1,1,0,0.52073,0.082073,0.166237,0.054048,0.079004,0.114368,0.025,0.75,1.0,1.0,возвратный поток (1 цикл.)
100000004408683100,terminal,0.66,5,0.48271,"Наблюдаемый конечный узел: вход от 2 клиентов (112,920 KZT), исходящих нет; колено 1<4.",1,False,2,0,112919.68,0.0,3,0,2,0.0,0.0,False,0.0,0,False,1,0,0,0.567894,0.171308,0.137367,0.128336,0.079004,0.051879,0.0,0.85,1.0,1.0,нет
100000004410489100,terminal,0.62,4,0.380695,"Наблюдаемый конечный узел: вход от 1 клиентов (54,000 KZT), исходящих нет; колено 2<4.",2,False,1,0,54000.0,0.0,1,0,2,0.0,0.0,False,0.0,0,False,1,0,0,0.447876,0.082073,0.106584,0.128336,0.079004,0.051879,0.0,0.85,1.0,1.0,нет
100000004417753100,terminal,0.66,4,0.49859,"Наблюдаемый конечный узел: вход от 2 клиентов (192,099 KZT), исходящих нет; колено 3<4.",3,False,2,0,192099.0,0.0,2,0,2,0.0,0.0,False,0.0,0,False,2,0,0,0.586577,0.171308,0.15605,0.128336,0.079004,0.051879,0.0,0.85,1.0,1.0,нет
100000004418967100,peripheral,0.55,3,0.194398,"Граница обхода: колено 4, вход от 1 клиентов; исходящие не выгружены. У похожих узлов колен 1–3 выход есть в 29% случаев.",4,False,1,0,100000.0,0.0,1,0,1,0.0,0.0,True,0.287,0,False,1,0,0,0.398766,0.082073,0.131762,0.054048,0.079004,0.051879,0.0,0.75,0.65,1.0,нет
100000004420041100,peripheral,0.6,13,0.440108,"Недостаточно признаков роли: 1 плательщиков, 7 получателей, колено 3.",3,False,1,7,69638.0,651830.0,1,11,1,6.45438e-05,0.0,False,0.0,0,False,1,2,0,0.58681,0.082073,0.115214,0.054048,0.191014,0.144462,0.0,0.75,1.0,1.0,нет
100000004424023100,peripheral,0.6,10,0.493772,"Недостаточно признаков роли: 1 плательщиков, 1 получателей, колено 2.",2,False,1,1,50000.0,100000.0,1,1,5,9.2757e-06,0.0,False,0.0,0,False,1,1,0,0.658363,0.082073,0.100979,0.194128,0.166815,0.114368,0.0,0.75,1.0,1.0,нет
100000004433250100,peripheral,0.55,1,0.174317,"Граница обхода: колено 4, вход от 1 клиентов; исходящие не выгружены. У похожих узлов колен 1–3 выход есть в 29% случаев.",4,False,1,0,8000.0,0.0,1,0,2,0.0,0.0,True,0.287,0,False,1,0,1,0.357573,0.082073,0.016281,0.128336,0.079004,0.051879,0.0,0.75,0.65,1.0,нет
100000004435304100,terminal,0.62,2,0.285901,"Наблюдаемый конечный узел: вход от 1 клиентов (26,200 KZT), исходящих нет; колено 2<4.",2,False,1,0,26200.0,0.0,1,0,1,0.0,0.0,False,0.0,0,False,1,0,0,0.336355,0.082073,0.069351,0.054048,0.079004,0.051879,0.0,0.85,1.0,1.0,нет
100000004441291100,terminal,0.62,4,0.382396,"Наблюдаемый конечный узел: вход от 1 клиентов (20,000 KZT), исходящих нет; колено 2<4.",2,False,1,0,20000.0,0.0,1,0,4,0.0,0.0,False,0.0,0,False,1,0,0,0.449878,0.082073,0.052002,0.18492,0.079004,0.051879,0.0,0.85,1.0,1.0,нет
100000004445291100,terminal,0.62,27,0.268811,"Наблюдаемый конечный узел: вход от 1 клиентов (19,500 KZT), исходящих нет; колено 3<4.",3,False,1,0,19500.0,0.0,2,0,1,0.0,0.0,False,0.0,0,False,1,0,1,0.316248,0.082073,0.049244,0.054048,0.079004,0.051879,0.0,0.85,1.0,1.0,нет
100000004449824100,peripheral,0.55,19,0.139056,"Граница обхода: колено 4, вход от 1 клиентов; исходящие не выгружены. У похожих узлов колен 1–3 выход есть в 29% случаев.",4,False,1,0,9000.0,0.0,1,0,1,0.0,0.0,True,0.287,0,False,1,0,1,0.285242,0.082073,0.018238,0.054048,0.079004,0.051879,0.0,0.75,0.65,1.0,нет
100000004450649100,peripheral,0.6,6,0.6092,"Недостаточно признаков роли: 2 плательщиков, 2 получателей, колено 3.",3,False,2,2,192528.0,46527.0,2,2,3,9.2757e-06,0.5,False,0.0,0,False,1,1,0,0.812266,0.171308,0.156139,0.16339,0.166815,0.129615,0.025,0.75,1.0,1.0,нет
100000004451012100,peripheral,0.6,18,0.437422,"Недостаточно признаков роли: 1 плательщиков, 3 получателей, колено 3.",3,False,1,3,91245.0,65740.0,1,3,1,2.78272e-05,0.0,False,0.0,0,False,1,1,0,0.58323,0.082073,0.126868,0.054048,0.183585,0.136655,0.0,0.75,1.0,1.0,нет
100000004456564100,terminal,0.62,15,0.339404,"Наблюдаемый конечный узел: вход от 1 клиентов (10,000 KZT), исходящих нет; колено 2<4.",2,False,1,0,10000.0,0.0,2,0,3,0.0,0.0,False,0.0,0,False,1,0,2,0.399299,0.082073,0.022954,0.16339,0.079004,0.051879,0.0,0.85,1.0,1.0,нет
100000004463277100,terminal,0.62,30,0.297358,"Наблюдаемый конечный узел: вход от 1 клиентов (35,000 KZT), исходящих нет; колено 2<4.",2,False,1,0,35000.0,0.0,1,0,1,0.0,0.0,False,0.0,0,False,1,0,0,0.349833,0.082073,0.082829,0.054048,0.079004,0.051879,0.0,0.85,1.0,1.0,нет
100000004467157100,peripheral,0.6,35,0.286121,"Недостаточно признаков роли: 1 плательщиков, 1 получателей, колено 2.",2,False,1,1,20000.0,7000.0,3,1,1,0.0,0.0,False,0.0,1,False,1,1,2,0.381495,0.082073,0.052002,0.054048,0.079004,0.114368,0.0,0.75,1.0,1.0,возвратный поток (1 цикл.)
100000004472936100,peripheral,0.55,14,0.169438,"Граница обхода: колено 4, вход от 1 клиентов; исходящие не выгружены. У похожих узлов колен 1–3 выход есть в 29% случаев.",4,False,1,0,5000.0,0.0,1,0,2,0.0,0.0,True,0.287,0,False,1,0,1,0.347565,0.082073,0.006272,0.128336,0.079004,0.051879,0.0,0.75,0.65,1.0,нет
100000004475818100,peripheral,0.6,6,0.408964,"Недостаточно признаков роли: 1 плательщиков, 3 получателей, колено 3.",3,False,1,3,13000.0,53989.0,1,3,1,6.18383e-05,1.0,False,0.0,1,False,1,1,0,0.545285,0.082073,0.031584,0.054048,0.190925,0.136655,0.05,0.75,1.0,1.0,возвратный поток (1 цикл.)
100000004479404100,peripheral,0.6,46,0.5999,"Недостаточно признаков роли: 2 плательщиков, 1 получателей, колено 2.",2,False,2,1,1492000.0,300000.0,8,2,2,4.63787e-05,0.0,False,0.0,1,False,1,1,2,0.799867,0.171308,0.197331,0.128336,0.188523,0.114368,0.0,0.75,1.0,1.0,возвратный поток (1 цикл.)
100000004480280100,peripheral,0.6,4,0.569498,"Недостаточно признаков роли: 1 плательщиков, 2 получателей, колено 1.",1,False,1,2,146694.0,295850.0,1,7,4,9.2757e-06,1.0,False,0.0,0,False,1,1,0,0.759331,0.082073,0.145907,0.18492,0.166815,0.129615,0.05,0.75,1.0,1.0,нет
100000004486525100,consolidator,0.83,1,0.773733,"Признаки консолидации: 8 плательщиков, 2 получателей, входящий поток 360,924 KZT.",2,False,8,2,360924.0,271045.0,21,3,3,0.0,0.5238095238095238,False,0.0,0,False,5,1,7,0.773733,0.198754,0.176779,0.16339,0.079004,0.129615,0.02619,1.0,1.0,1.0,5 плательщиков в один день
100000004488265100,terminal,0.62,7,0.300459,"Наблюдаемый конечный узел: вход от 1 клиентов (38,740 KZT), исходящих нет; колено 3<4.",3,False,1,0,38740.0,0.0,1,0,1,0.0,0.0,False,0.0,0,False,1,0,0,0.353481,0.082073,0.086477,0.054048,0.079004,0.051879,0.0,0.85,1.0,1.0,нет
100000004491749100,terminal,0.62,9,0.312785,"Наблюдаемый конечный узел: вход от 1 клиентов (50,000 KZT), исходящих нет; колено 3<4.",3,False,1,0,50000.0,0.0,1,0,1,0.0,0.0,False,0.0,0,False,1,0,0,0.367983,0.082073,0.100979,0.054048,0.079004,0.051879,0.0,0.85,1.0,1.0,нет
100000004491881100,terminal,0.62,2,0.263593,"Наблюдаемый конечный узел: вход от 1 клиентов (17,144 KZT), исходящих нет; колено 1<4.",1,False,1,0,17144.0,0.0,1,0,1,0.0,0.0,False,0.0,0,False,1,0,0,0.310109,0.082073,0.043105,0.054048,0.079004,0.051879,0.0,0.85,1.0,1.0,нет
100000004493586100,terminal,0.62,1,0.239809,"Наблюдаемый конечный узел: вход от 1 клиентов (7,500 KZT), исходящих нет; колено 3<4.",3,False,1,0,7500.0,0.0,1,0,1,0.0,0.0,False,0.0,0,False,1,0,1,0.282129,0.082073,0.015125,0.054048,0.079004,0.051879,0.0,0.85,1.0,1.0,нет
100000004494983100,terminal,0.62,2,0.297358,"Наблюдаемый конечный узел: вход от 1 клиентов (35,000 KZT), исходящих нет; колено 1<4.",1,False,1,0,35000.0,0.0,1,0,1,0.0,0.0,False,0.0,0,False,1,0,0,0.349833,0.082073,0.082829,0.054048,0.079004,0.051879,0.0,0.85,1.0,1.0,нет
100000004497606100,terminal,0.62,2,0.260114,"Наблюдаемый конечный узел: вход от 1 клиентов (15,534 KZT), исходящих нет; колено 1<4.",1,False,1,0,15534.0,0.0,1,0,1,0.0,0.0,False,0.0,0,False,1,0,0,0.306016,0.082073,0.039012,0.054048,0.079004,0.051879,0.0,0.85,1.0,1.0,нет
100000004500444100,peripheral,0.6,15,0.510911,"Недостаточно признаков роли: 2 плательщиков, 1 получателей, колено 3.",3,False,2,1,180000.0,74000.0,7,5,1,9.2757e-06,0.42857142857142855,False,0.0,0,False,1,2,0,0.681215,0.171308,0.153247,0.054048,0.166815,0.114368,0.021429,0.75,1.0,1.0,нет
100000004500781100,peripheral,0.55,15,0.187936,"Граница обхода: колено 4, вход от 1 клиентов; исходящие не выгружены. У похожих узлов колен 1–3 выход есть в 29% случаев.",4,False,1,0,74000.0,0.0,5,0,1,0.0,0.0,True,0.287,0,False,1,0,0,0.385509,0.082073,0.118505,0.054048,0.079004,0.051879,0.0,0.75,0.65,1.0,нет
100000004502048100,peripheral,0.55,18,0.146255,"Граница обхода: колено 4, вход от 1 клиентов; исходящие не выгружены. У похожих узлов колен 1–3 выход есть в 29% случаев.",4,False,1,0,13888.0,0.0,1,0,1,0.0,0.0,True,0.287,0,False,1,0,0,0.300011,0.082073,0.033007,0.054048,0.079004,0.051879,0.0,0.75,0.65,1.0,нет
100000004508696100,peripheral,0.6,39,0.38681,"Недостаточно признаков роли: 1 плательщиков, 3 получателей, колено 3.",3,False,1,3,7000.0,111000.0,1,4,1,1.85515e-05,1.0,False,0.0,1,False,1,1,1,0.515747,0.082073,0.01419,0.054048,0.178781,0.136655,0.05,0.75,1.0,1.0,возвратный поток (1 цикл.)
100000004509286100,terminal,0.62,4,0.413288,"Наблюдаемый конечный узел: вход от 1 клиентов (40,000 KZT), исходящих нет; колено 1<4.",1,False,1,0,40000.0,0.0,1,0,4,0.0,0.0,False,0.0,0,False,1,0,0,0.486221,0.082073,0.088345,0.18492,0.079004,0.051879,0.0,0.85,1.0,1.0,нет
100000004526651100,peripheral,0.55,3,0.205501,"Граница обхода: колено 4, вход от 1 клиентов; исходящие не выгружены. У похожих узлов колен 1–3 выход есть в 29% случаев.",4,False,1,0,33000.0,0.0,1,0,2,0.0,0.0,True,0.287,0,False,1,0,0,0.421541,0.082073,0.080249,0.128336,0.079004,0.051879,0.0,0.75,0.65,1.0,нет
100000004527381100,peripheral,0.6,16,0.388846,"Недостаточно признаков роли: 1 плательщиков, 1 получателей, колено 2.",2,False,1,1,119333.17,273866.11,1,1,1,0.0,1.0,False,0.0,0,False,1,1,0,0.518461,0.082073,0.138968,0.054048,0.079004,0.114368,0.05,0.75,1.0,1.0,нет
100000004539443100,terminal,0.66,4,0.460779,"Наблюдаемый конечный узел: вход от 2 клиентов (61,990 KZT), исходящих нет; колено 3<4.",3,False,2,0,61990.0,0.0,2,0,2,0.0,0.0,False,0.0,0,False,2,0,0,0.542093,0.171308,0.111566,0.128336,0.079004,0.051879,0.0,0.85,1.0,1.0,нет
100000004544958100,peripheral,0.6,12,0.561001,"Недостаточно признаков роли: 1 плательщиков, 2 получателей, колено 2.",2,False,1,2,168000.0,23200.0,3,2,4,9.2757e-06,0.6666666666666666,False,0.0,1,False,1,1,0,0.748002,0.082073,0.151246,0.18492,0.166815,0.129615,0.033333,0.75,1.0,1.0,возвратный поток (1 цикл.)
100000004549591100,peripheral,0.55,39,0.17809,"Граница обхода: колено 4, вход от 1 клиентов; исходящие не выгружены. У похожих узлов колен 1–3 выход есть в 29% случаев.",4,False,1,0,49000.0,0.0,1,0,1,0.0,0.0,True,0.287,0,False,1,0,0,0.365314,0.082073,0.09831,0.054048,0.079004,0.051879,0.0,0.75,0.65,1.0,нет
100000004552204100,peripheral,0.6,33,0.367985,"Недостаточно признаков роли: 1 плательщиков, 2 получателей, колено 3.",3,False,1,2,22500.0,10000.0,2,2,1,9.2757e-06,0.0,False,0.0,1,False,1,2,1,0.490647,0.082073,0.058096,0.054048,0.166815,0.129615,0.0,0.75,1.0,1.0,возвратный поток (1 цикл.)
100000004553349100,terminal,0.62,6,0.240263,"Наблюдаемый конечный узел: вход от 1 клиентов (7,755 KZT), исходящих нет; колено 3<4.",3,False,1,0,7755.0,0.0,1,0,1,0.0,0.0,False,0.0,0,False,1,0,1,0.282662,0.082073,0.015658,0.054048,0.079004,0.051879,0.0,0.85,1.0,1.0,нет
100000004559194100,terminal,0.62,5,0.434689,"Наблюдаемый конечный узел: вход от 1 клиентов (282,145 KZT), исходящих нет; колено 1<4.",1,False,1,0,282145.0,0.0,6,0,2,0.0,0.0,False,0.0,0,False,1,0,0,0.511399,0.082073,0.170107,0.128336,0.079004,0.051879,0.0,0.85,1.0,1.0,нет
100000004564736100,terminal,0.62,24,0.321331,"Наблюдаемый конечный узел: вход от 1 клиентов (15,000 KZT), исходящих нет; колено 3<4.",3,False,1,0,15000.0,0.0,2,0,2,0.0,0.0,False,0.0,0,False,1,0,1,0.378036,0.082073,0.036744,0.128336,0.079004,0.051879,0.0,0.85,1.0,1.0,нет
100000004569484100,peripheral,0.6,8,0.576963,"Недостаточно признаков роли: 2 плательщиков, 4 получателей, колено 3.",3,False,2,4,98312.0,156000.0,3,4,2,0.004232226,0.0,False,0.0,4,False,1,1,0,0.769284,0.171308,0.130071,0.128336,0.199377,0.140191,0.0,0.75,1.0,1.0,возвратный поток (4 цикл.)
100000004569637100,peripheral,0.55,7,0.135196,"Граница обхода: колено 4, вход от 1 клиентов; исходящие не выгружены. У похожих узлов колен 1–3 выход есть в 29% случаев.",4,False,1,0,5500.0,0.0,1,0,1,0.0,0.0,True,0.287,0,False,1,0,1,0.277324,0.082073,0.01032,0.054048,0.079004,0.051879,0.0,0.75,0.65,1.0,нет
100000004571634100,peripheral,0.55,12,0.155515,"Граница обхода: колено 4, вход от 1 клиентов; исходящие не выгружены. У похожих узлов колен 1–3 выход есть в 29% случаев.",4,False,1,0,20000.0,0.0,1,0,1,0.0,0.0,True,0.287,0,False,1,0,0,0.319006,0.082073,0.052002,0.054048,0.079004,0.051879,0.0,0.75,0.65,1.0,нет
100000004573782100,terminal,0.62,11,0.258186,"Наблюдаемый конечный узел: вход от 1 клиентов (15,000 KZT), исходящих нет; колено 2<4.",2,False,1,0,15000.0,0.0,1,0,1,0.0,0.0,False,0.0,0,False,1,0,0,0.303748,0.082073,0.036744,0.054048,0.079004,0.051879,0.0,0.85,1.0,1.0,нет
100000004580202100,peripheral,0.6,24,0.452302,"Недостаточно признаков роли: 1 плательщиков, 3 получателей, колено 2.",2,False,1,3,9000.0,45000.0,1,4,2,4.17409e-05,1.0,False,0.0,0,False,1,2,1,0.603069,0.082073,0.018238,0.128336,0.187767,0.136655,0.05,0.75,1.0,1.0,нет
100000004580254100,terminal,0.66,17,0.363528,"Наблюдаемый конечный узел: вход от 2 клиентов (27,940 KZT), исходящих нет; колено 3<4.",3,False,2,0,27940.0,0.0,2,0,1,0.0,0.0,False,0.0,0,False,1,0,0,0.42768,0.171308,0.071441,0.054048,0.079004,0.051879,0.0,0.85,1.0,1.0,нет
100000004584730100,peripheral,0.55,46,0.176898,"Граница обхода: колено 4, вход от 1 клиентов; исходящие не выгружены. У похожих узлов колен 1–3 выход есть в 29% случаев.",4,False,1,0,47000.0,0.0,1,0,1,0.0,0.0,True,0.287,0,False,1,0,0,0.362867,0.082073,0.095863,0.054048,0.079004,0.051879,0.0,0.75,0.65,1.0,нет
100000004586598100,peripheral,0.55,68,0.223934,"Граница обхода: колено 4, вход от 1 клиентов; исходящие не выгружены. У похожих узлов колен 1–3 выход есть в 29% случаев.",4,False,1,0,761255.0,0.0,4,0,1,0.0,0.0,True,0.287,0,False,1,0,0,0.459353,0.082073,0.192349,0.054048,0.079004,0.051879,0.0,0.75,0.65,1.0,нет
100000004587414100,terminal,0.66,6,0.554929,"Наблюдаемый конечный узел: вход от 2 клиентов (533,603 KZT), исходящих нет; колено 3<4.",3,False,2,0,533603.0,0.0,2,0,3,0.0,0.0,False,0.0,0,False,1,0,0,0.652858,0.171308,0.187278,0.16339,0.079004,0.051879,0.0,0.85,1.0,1.0,нет
100000004588479100,terminal,0.62,5,0.420018,"Наблюдаемый конечный узел: вход от 1 клиентов (177,633 KZT), исходящих нет; колено 1<4.",1,False,1,0,177633.0,0.0,2,0,2,0.0,0.0,False,0.0,0,False,1,0,0,0.494139,0.082073,0.152847,0.128336,0.079004,0.051879,0.0,0.85,1.0,1.0,нет
100000004591973100,peripheral,0.6,13,0.38591,"Недостаточно признаков роли: 1 плательщиков, 1 получателей, колено 3.",3,False,1,1,10000.0,100000.0,1,1,2,9.2757e-06,0.0,False,0.0,0,False,1,1,0,0.514546,0.082073,0.022954,0.128336,0.166815,0.114368,0.0,0.75,1.0,1.0,нет
100000004592467100,terminal,0.62,4,0.239015,"Наблюдаемый конечный узел: вход от 1 клиентов (7,000 KZT), исходящих нет; колено 2<4.",2,False,1,0,7000.0,0.0,1,0,1,0.0,0.0,False,0.0,0,False,1,0,1,0.281194,0.082073,0.01419,0.054048,0.079004,0.051879,0.0,0.85,1.0,1.0,нет
100000004596284100,peripheral,0.55,5,0.166987,"Граница обхода: колено 4, вход от 1 клиентов; исходящие не выгружены. У похожих узлов колен 1–3 выход есть в 29% случаев.",4,False,1,0,30000.0,0.0,1,0,1,0.0,0.0,True,0.287,0,False,1,0,0,0.342538,0.082073,0.075534,0.054048,0.079004,0.051879,0.0,0.75,0.65,1.0,нет
100000004601193100,peripheral,0.55,12,0.190191,"Граница обхода: колено 4, вход от 1 клиентов; исходящие не выгружены. У похожих узлов колен 1–3 выход есть в 29% случаев.",4,False,1,0,84000.0,0.0,3,0,1,0.0,0.0,True,0.287,0,False,1,0,0,0.390136,0.082073,0.123132,0.054048,0.079004,0.051879,0.0,0.75,0.65,1.0,нет
100000004603109100,peripheral,0.6,25,0.566145,"Недостаточно признаков роли: 3 плательщиков, 2 получателей, колено 3.",3,False,3,2,2730000.0,400000.0,8,2,2,0.0,0.625,False,0.0,6,False,2,1,0,0.75486,0.187189,0.199466,0.128336,0.079004,0.129615,0.03125,0.75,1.0,1.0,возвратный поток (6 цикл.)
100000004610802100,peripheral,0.55,61,0.210641,"Граница обхода: колено 4, вход от 1 клиентов; исходящие не выгружены. У похожих узлов колен 1–3 выход есть в 29% случаев.",4,False,1,0,241000.0,0.0,18,0,1,0.0,0.0,True,0.287,0,False,1,0,10,0.432084,0.082073,0.16508,0.054048,0.079004,0.051879,0.0,0.75,0.65,1.0,10 входов у порога 5–10 тыс.
100000004611571100,terminal,0.62,1,0.339556,"Наблюдаемый конечный узел: вход от 1 клиентов (22,550 KZT), исходящих нет; колено 3<4.",3,False,1,0,22550.0,0.0,1,0,2,0.0,0.0,False,0.0,0,False,1,0,0,0.399477,0.082073,0.058185,0.128336,0.079004,0.051879,0.0,0.85,1.0,1.0,нет
100000004613582100,peripheral,0.6,11,0.251824,"Недостаточно признаков роли: 1 плательщиков, 1 получателей, колено 3.",3,False,1,1,5000.0,9500.0,1,1,1,0.0,0.0,False,0.0,0,False,1,1,1,0.335765,0.082073,0.006272,0.054048,0.079004,0.114368,0.0,0.75,1.0,1.0,нет
100000004616845100,peripheral,0.55,58,0.156816,"Граница обхода: колено 4, вход от 1 клиентов; исходящие не выгружены. У похожих узлов колен 1–3 выход есть в 29% случаев.",4,False,1,0,20200.0,0.0,2,0,1,0.0,0.0,True,0.287,0,False,1,0,1,0.321675,0.082073,0.054671,0.054048,0.079004,0.051879,0.0,0.75,0.65,1.0,нет
100000004622227100,peripheral,0.6,1,0.383708,"Недостаточно признаков роли: 1 плательщиков, 3 получателей, колено 1.",1,False,1,3,24931.0,19000.0,1,3,1,1.08217e-05,0.0,False,0.0,0,False,1,2,0,0.51161,0.082073,0.063523,0.054048,0.175311,0.136655,0.0,0.75,1.0,1.0,нет
100000004629688100,peripheral,0.6,16,0.33383,"Недостаточно признаков роли: 1 плательщиков, 1 получателей, колено 3.",3,False,1,1,5000.0,15000.0,1,2,3,0.0,0.0,False,0.0,1,False,1,1,1,0.445107,0.082073,0.006272,0.16339,0.079004,0.114368,0.0,0.75,1.0,1.0,возвратный поток (1 цикл.)
100000004634420100,terminal,0.62,2,0.285296,"Наблюдаемый конечный узел: вход от 1 клиентов (26,150 KZT), исходящих нет; колено 3<4.",3,False,1,0,26150.0,0.0,1,0,1,0.0,0.0,False,0.0,0,False,1,0,0,0.335643,0.082073,0.068639,0.054048,0.079004,0.051879,0.0,0.85,1.0,1.0,нет
100000004635886100,terminal,0.62,5,0.340047,"Наблюдаемый конечный узел: вход от 1 клиентов (23,000 KZT), исходящих нет; колено 3<4.",3,False,1,0,23000.0,0.0,1,0,2,0.0,0.0,False,0.0,0,False,1,0,0,0.400056,0.082073,0.058763,0.128336,0.079004,0.051879,0.0,0.85,1.0,1.0,нет
100000004644615100,peripheral,0.6,10,0.37339,"Недостаточно признаков роли: 1 плательщиков, 2 получателей, колено 3.",3,False,1,2,50810.0,379665.0,1,14,1,0.0,1.0,False,0.0,0,False,1,2,0,0.497854,0.082073,0.103114,0.054048,0.079004,0.129615,0.05,0.75,1.0,1.0,нет
100000004652395100,peripheral,0.55,1,0.2999,"Граница обхода: колено 4, вход от 3 клиентов; исходящие не выгружены. У похожих узлов колен 1–3 выход есть в 73% случаев.",4,False,3,0,101528.0,0.0,5,0,3,0.0,0.0,True,0.732,0,False,3,0,1,0.61518,0.187189,0.133719,0.16339,0.079004,0.051879,0.0,0.75,0.65,1.0,3 плательщиков в один день; плательщиков больше 99% узлов колена 4; продлить обход: скрытый выход ~73%
100000004655046100,peripheral,0.55,8,0.160416,"Граница обхода: колено 4, вход от 1 клиентов; исходящие не выгружены. У похожих узлов колен 1–3 выход есть в 29% случаев.",4,False,1,0,24000.0,0.0,1,0,1,0.0,0.0,True,0.287,0,False,1,0,0,0.329059,0.082073,0.062055,0.054048,0.079004,0.051879,0.0,0.75,0.65,1.0,нет
100000004657034100,terminal,0.62,6,0.443045,"Наблюдаемый конечный узел: вход от 1 клиентов (141,250 KZT), исходящих нет; колено 3<4.",3,False,1,0,141250.0,0.0,1,0,3,0.0,0.0,False,0.0,0,False,1,0,0,0.52123,0.082073,0.144884,0.16339,0.079004,0.051879,0.0,0.85,1.0,1.0,нет
100000004659919100,peripheral,0.6,52,0.470952,"Недостаточно признаков роли: 1 плательщиков, 1 получателей, колено 3.",3,False,1,1,110000.0,39000.0,2,1,2,9.2757e-06,0.0,False,0.0,0,False,1,1,0,0.627936,0.082073,0.136343,0.128336,0.166815,0.114368,0.0,0.75,1.0,1.0,нет
100000004662806100,peripheral,0.6,13,0.59482,"Недостаточно признаков роли: 2 плательщиков, 2 получателей, колено 1.",1,False,2,2,106585.0,59900.0,2,3,2,1.85515e-05,1.0,False,0.0,0,False,1,1,1,0.793094,0.171308,0.135053,0.128336,0.178781,0.129615,0.05,0.75,1.0,1.0,нет
100000004664515100,terminal,0.62,1,0.299929,"Наблюдаемый конечный узел: вход от 1 клиентов (37,691 KZT), исходящих нет; колено 1<4.",1,False,1,0,37691.0,0.0,1,0,1,0.0,0.0,False,0.0,0,False,1,0,0,0.352858,0.082073,0.085854,0.054048,0.079004,0.051879,0.0,0.85,1.0,1.0,нет
100000004664905100,terminal,0.66,5,0.513866,"Наблюдаемый конечный узел: вход от 2 клиентов (329,020 KZT), исходящих нет; колено 1<4.",1,False,2,0,329020.0,0.0,4,0,2,0.0,0.0,False,0.0,0,False,1,0,0,0.604548,0.171308,0.174021,0.128336,0.079004,0.051879,0.0,0.85,1.0,1.0,нет
100000004666651100,terminal,0.62,67,0.492087,"Наблюдаемый конечный узел: вход от 1 клиентов (429,250 KZT), исходящих нет; колено 2<4.",2,False,1,0,429250.0,0.0,1,0,4,0.0,0.0,False,0.0,0,False,1,0,0,0.578926,0.082073,0.18105,0.18492,0.079004,0.051879,0.0,0.85,1.0,1.0,нет
100000004670388100,peripheral,0.6,51,0.474146,"Недостаточно признаков роли: 1 плательщиков, 2 получателей, колено 3.",3,False,1,2,160354.0,720000.0,1,4,1,9.2757e-06,1.0,False,0.0,1,False,1,1,0,0.632195,0.082073,0.149644,0.054048,0.166815,0.129615,0.05,0.75,1.0,1.0,возвратный поток (1 цикл.)
100000004671609100,terminal,0.62,10,0.338951,"Наблюдаемый конечный узел: вход от 1 клиентов (100,000 KZT), исходящих нет; колено 3<4.",3,False,1,0,100000.0,0.0,1,0,1,0.0,0.0,False,0.0,0,False,1,0,0,0.398766,0.082073,0.131762,0.054048,0.079004,0.051879,0.0,0.85,1.0,1.0,нет
100000004673335100,peripheral,0.55,31,0.18928,"Граница обхода: колено 4, вход от 1 клиентов; исходящие не выгружены. У похожих узлов колен 1–3 выход есть в 29% случаев.",4,False,1,0,80000.0,0.0,1,0,1,0.0,0.0,True,0.287,0,False,1,0,0,0.388267,0.082073,0.121263,0.054048,0.079004,0.051879,0.0,0.75,0.65,1.0,нет
100000004674178100,peripheral,0.55,27,0.155515,"Граница обхода: колено 4, вход от 1 клиентов; исходящие не выгружены. У похожих узлов колен 1–3 выход есть в 29% случаев.",4,False,1,0,20000.0,0.0,1,0,1,0.0,0.0,True,0.287,0,False,1,0,0,0.319006,0.082073,0.052002,0.054048,0.079004,0.051879,0.0,0.75,0.65,1.0,нет
100000004674389100,peripheral,0.55,12,0.148077,"Граница обхода: колено 4, вход от 1 клиентов; исходящие не выгружены. У похожих узлов колен 1–3 выход есть в 29% случаев.",4,False,1,0,15000.0,0.0,1,0,1,0.0,0.0,True,0.287,0,False,1,0,0,0.303748,0.082073,0.036744,0.054048,0.079004,0.051879,0.0,0.75,0.65,1.0,нет
100000004674412100,peripheral,0.55,12,0.176225,"Граница обхода: колено 4, вход от 1 клиентов; исходящие не выгружены. У похожих узлов колен 1–3 выход есть в 29% случаев.",4,False,1,0,46000.0,0.0,1,0,1,0.0,0.0,True,0.287,0,False,1,0,0,0.361488,0.082073,0.094484,0.054048,0.079004,0.051879,0.0,0.75,0.65,1.0,нет
100000004674799100,terminal,0.62,1,0.442289,"Наблюдаемый конечный узел: вход от 1 клиентов (140,000 KZT), исходящих нет; колено 2<4.",2,False,1,0,140000.0,0.0,5,0,3,0.0,0.0,False,0.0,0,False,1,0,0,0.52034,0.082073,0.143995,0.16339,0.079004,0.051879,0.0,0.85,1.0,1.0,нет
100000004676985100,transit,0.6301,1,0.542827,"Признаки транзита: отдал 84% видимого входа; 1→1 связей, быстрый выход 0%.",3,False,1,1,32260.0,27102.0,1,1,2,9.2757e-06,0.0,False,0.0,0,False,1,1,0,0.571397,0.082073,0.079804,0.128336,0.166815,0.114368,0.0,0.95,1.0,1.0,нет
100000004677680100,peripheral,0.6,12,0.596764,"Недостаточно признаков роли: 2 плательщиков, 1 получателей, колено 1.",1,False,2,1,63000.0,168000.0,2,3,5,1.85515e-05,0.5,False,0.0,1,False,1,1,0,0.795685,0.171308,0.1121,0.194128,0.178781,0.114368,0.025,0.75,1.0,1.0,возвратный поток (1 цикл.)
100000004679953100,peripheral,0.6,7,0.629215,"Недостаточно признаков роли: 3 плательщиков, 3 получателей, колено 1.",1,False,3,3,343538.0,34100.0,3,3,2,0.0001507309,0.3333333333333333,False,0.0,1,False,2,1,0,0.838953,0.187189,0.175178,0.128336,0.194929,0.136655,0.016667,0.75,1.0,1.0,возвратный поток (1 цикл.)
100000004687099100,terminal,0.62,11,0.291157,"Наблюдаемый конечный узел: вход от 1 клиентов (30,000 KZT), исходящих нет; колено 2<4.",2,False,1,0,30000.0,0.0,1,0,1,0.0,0.0,False,0.0,0,False,1,0,0,0.342538,0.082073,0.075534,0.054048,0.079004,0.051879,0.0,0.85,1.0,1.0,нет
100000004687282100,terminal,0.62,5,0.271155,"Наблюдаемый конечный узел: вход от 1 клиентов (20,000 KZT), исходящих нет; колено 2<4.",2,False,1,0,20000.0,0.0,1,0,1,0.0,0.0,False,0.0,0,False,1,0,0,0.319006,0.082073,0.052002,0.054048,0.079004,0.051879,0.0,0.85,1.0,1.0,нет
100000004689658100,peripheral,0.6,7,0.450234,"Недостаточно признаков роли: 1 плательщиков, 1 получателей, колено 3.",3,False,1,1,456100.0,7092.0,1,1,1,9.2757e-06,0.0,False,0.0,0,False,1,1,0,0.600311,0.082073,0.183007,0.054048,0.166815,0.114368,0.0,0.75,1.0,1.0,нет
100000004691350100,peripheral,0.55,51,0.145952,"Граница обхода: колено 4, вход от 1 клиентов; исходящие не выгружены. У похожих узлов колен 1–3 выход есть в 29% случаев.",4,False,1,0,13300.0,0.0,1,0,1,0.0,0.0,True,0.287,0,False,1,0,0,0.299388,0.082073,0.032384,0.054048,0.079004,0.051879,0.0,0.75,0.65,1.0,нет
100000004692798100,peripheral,0.6,13,0.447131,"Недостаточно признаков роли: 2 плательщиков, 1 получателей, колено 1.",1,False,2,1,240305.0,15000.0,4,2,1,0.0,0.25,False,0.0,1,False,1,1,2,0.596174,0.171308,0.164947,0.054048,0.079004,0.114368,0.0125,0.75,1.0,1.0,возвратный поток (1 цикл.)
100000004697956100,transit,0.75,9,0.334824,"Признаки транзита: отдал 100% видимого входа; 1→1 связей, быстрый выход 0%.",3,False,1,1,10000.0,10000.0,1,1,1,0.0,0.0,False,0.0,1,False,1,1,0,0.352447,0.082073,0.022954,0.054048,0.079004,0.114368,0.0,0.95,1.0,1.0,возвратный поток (1 цикл.)
100000004698193100,peripheral,0.6,9,0.462135,"Недостаточно признаков роли: 2 плательщиков, 3 получателей, колено 2.",2,False,2,3,222700.0,38000.0,15,5,1,0.0,0.26666666666666666,False,0.0,1,False,1,3,2,0.61618,0.171308,0.161833,0.054048,0.079004,0.136655,0.013333,0.75,1.0,1.0,возвратный поток (1 цикл.)
100000004707703100,transit,0.7927,5,0.787536,"Признаки транзита: отдал 97% видимого входа; 2→5 связей, быстрый выход 67%.",1,False,2,5,239300.0,231650.0,3,6,2,4.86977e-05,0.6666666666666666,False,0.0,0,False,1,2,1,0.828985,0.171308,0.16468,0.128336,0.189235,0.142093,0.033333,0.95,1.0,1.0,нет
100000004713684100,terminal,0.62,1,0.362885,"Наблюдаемый конечный узел: вход от 1 клиентов (37,500 KZT), исходящих нет; колено 3<4.",3,False,1,0,37500.0,0.0,1,0,2,0.0,0.0,False,0.0,0,False,1,0,0,0.426924,0.082073,0.085632,0.128336,0.079004,0.051879,0.0,0.85,1.0,1.0,нет
100000004714705100,peripheral,0.6,20,0.160169,"Недостаточно признаков роли: 0 плательщиков, 1 получателей, колено 0.",0,True,0,1,0.0,36550.0,0,1,1,0.0,0.0,False,0.0,0,False,0,1,0,0.251246,0.001913,0.001913,0.054048,0.079004,0.114368,0.0,0.75,1.0,0.85,нет
100000004715209100,peripheral,0.6,3,0.390822,"Недостаточно признаков роли: 1 плательщиков, 5 получателей, колено 3.",3,False,1,5,5000.0,350450.0,1,17,1,3.7103e-05,1.0,False,0.0,1,False,1,3,1,0.521097,0.082073,0.006272,0.054048,0.18661,0.142093,0.05,0.75,1.0,1.0,возвратный поток (1 цикл.)
100000004717647100,peripheral,0.6,46,0.515033,"Недостаточно признаков роли: 1 плательщиков, 5 получателей, колено 3.",3,False,1,5,300000.0,2240000.0,2,10,1,3.7103e-05,1.0,False,0.0,1,False,1,3,0,0.68671,0.082073,0.171886,0.054048,0.18661,0.142093,0.05,0.75,1.0,1.0,возвратный поток (1 цикл.)
100000004722630100,peripheral,0.55,51,0.215434,"Граница обхода: колено 4, вход от 1 клиентов; исходящие не выгружены. У похожих узлов колен 1–3 выход есть в 29% случаев.",4,False,1,0,340000.0,0.0,2,0,1,0.0,0.0,True,0.287,0,False,1,0,0,0.441915,0.082073,0.174911,0.054048,0.079004,0.051879,0.0,0.75,0.65,1.0,нет
100000004722765100,peripheral,0.6,48,0.501879,"Недостаточно признаков роли: 1 плательщиков, 3 получателей, колено 3.",3,False,1,3,230000.0,2284500.0,1,9,1,2.78272e-05,1.0,False,0.0,0,False,1,2,0,0.669173,0.082073,0.162811,0.054048,0.183585,0.136655,0.05,0.75,1.0,1.0,нет
100000004723755100,peripheral,0.6,4,0.160169,"Недостаточно признаков роли: 0 плательщиков, 1 получателей, колено 0.",0,True,0,1,0.0,95000.0,0,5,1,0.0,0.0,False,0.0,0,False,0,1,0,0.251246,0.001913,0.001913,0.054048,0.079004,0.114368,0.0,0.75,1.0,0.85,нет
100000004726132100,peripheral,0.6,1,0.444562,"Недостаточно признаков роли: 1 плательщиков, 1 получателей, колено 3.",3,False,1,1,349000.0,24000.0,1,2,1,9.2757e-06,0.0,False,0.0,0,False,1,1,0,0.592749,0.082073,0.175445,0.054048,0.166815,0.114368,0.0,0.75,1.0,1.0,нет
100000004732589100,terminal,0.62,12,0.364889,"Наблюдаемый конечный узел: вход от 1 клиентов (227,520 KZT), исходящих нет; колено 2<4.",2,False,1,0,227520.0,0.0,1,0,1,0.0,0.0,False,0.0,0,False,1,0,0,0.429282,0.082073,0.162278,0.054048,0.079004,0.051879,0.0,0.85,1.0,1.0,нет
100000004737477100,transit,0.6791,1,0.677354,"Признаки транзита: отдал 82% видимого входа; 2→1 связей, быстрый выход 67%.",1,False,2,1,49598.0,40500.0,3,3,2,9.2757e-06,0.6666666666666666,False,0.0,0,False,1,1,0,0.713004,0.171308,0.098843,0.128336,0.166815,0.114368,0.033333,0.95,1.0,1.0,нет
100000004737764100,terminal,0.62,4,0.387992,"Наблюдаемый конечный узел: вход от 1 клиентов (600,000 KZT), исходящих нет; колено 3<4.",3,False,1,0,600000.0,0.0,1,0,1,0.0,0.0,False,0.0,0,False,1,0,0,0.456461,0.082073,0.189457,0.054048,0.079004,0.051879,0.0,0.85,1.0,1.0,нет
100000004739664100,transit,0.625,2,0.340487,"Признаки транзита: отдал 83% видимого входа; 1→1 связей, быстрый выход 0%.",1,False,1,1,12000.0,10000.0,1,1,1,0.0,0.0,False,0.0,0,False,1,1,0,0.358407,0.082073,0.028915,0.054048,0.079004,0.114368,0.0,0.95,1.0,1.0,нет
100000004741837100,terminal,0.62,5,0.347269,"Наблюдаемый конечный узел: вход от 1 клиентов (25,596 KZT), исходящих нет; колено 1<4.",1,False,1,0,25596.0,0.0,1,0,2,0.0,0.0,False,0.0,0,False,1,0,0,0.408552,0.082073,0.06726,0.128336,0.079004,0.051879,0.0,0.85,1.0,1.0,нет
100000004744306100,peripheral,0.6,20,0.505141,"Недостаточно признаков роли: 1 плательщиков, 2 получателей, колено 1.",1,False,1,2,69000.0,92000.0,1,3,3,2.78272e-05,0.0,False,0.0,0,False,1,1,0,0.673521,0.082073,0.114858,0.16339,0.183585,0.129615,0.0,0.75,1.0,1.0,нет
100000004746397100,peripheral,0.6,6,0.450234,"Недостаточно признаков роли: 1 плательщиков, 1 получателей, колено 3.",3,False,1,1,219520.0,7500.0,1,1,3,0.0,0.0,False,0.0,0,False,1,1,0,0.600311,0.082073,0.161477,0.16339,0.079004,0.114368,0.0,0.75,1.0,1.0,нет
100000004747154100,peripheral,0.55,3,0.186006,"Граница обхода: колено 4, вход от 1 клиентов; исходящие не выгружены. У похожих узлов колен 1–3 выход есть в 29% случаев.",4,False,1,0,67000.0,0.0,1,0,1,0.0,0.0,True,0.287,0,False,1,0,0,0.38155,0.082073,0.114546,0.054048,0.079004,0.051879,0.0,0.75,0.65,1.0,нет
100000004750321100,terminal,0.66,8,0.483088,"Наблюдаемый конечный узел: вход от 2 клиентов (50,185 KZT), исходящих нет; колено 3<4.",3,False,2,0,50185.0,0.0,2,0,3,0.0,0.0,False,0.0,0,False,1,0,1,0.568339,0.171308,0.102758,0.16339,0.079004,0.051879,0.0,0.85,1.0,1.0,нет
100000004750897100,terminal,0.62,16,0.339404,"Наблюдаемый конечный узел: вход от 1 клиентов (10,000 KZT), исходящих нет; колено 3<4.",3,False,1,0,10000.0,0.0,1,0,3,0.0,0.0,False,0.0,0,False,1,0,0,0.399299,0.082073,0.022954,0.16339,0.079004,0.051879,0.0,0.85,1.0,1.0,нет
100000004756901100,terminal,0.62,5,0.464106,"Наблюдаемый конечный узел: вход от 1 клиентов (153,248 KZT), исходящих нет; колено 2<4.",2,False,1,0,153248.0,0.0,1,0,4,0.0,0.0,False,0.0,0,False,1,0,0,0.546008,0.082073,0.148132,0.18492,0.079004,0.051879,0.0,0.85,1.0,1.0,нет
100000004759121100,consolidator,0.715,1,0.883361,"Признаки консолидации: 6 плательщиков, 2 получателей, входящий поток 710,000 KZT.",1,False,6,2,710000.0,312000.0,10,6,3,3.7103e-05,0.3,False,0.0,1,False,1,2,1,0.883361,0.197553,0.191192,0.16339,0.18661,0.129615,0.015,1.0,1.0,1.0,возвратный поток (1 цикл.)
100000004765639100,peripheral,0.6,1,0.300759,"Недостаточно признаков роли: 1 плательщиков, 2 получателей, колено 2.",2,False,1,2,5000.0,11000.0,1,2,1,0.0,1.0,False,0.0,2,False,1,1,1,0.401012,0.082073,0.006272,0.054048,0.079004,0.129615,0.05,0.75,1.0,1.0,возвратный поток (2 цикл.)
100000004770073100,transit,0.8494,1,0.453321,"Признаки транзита: отдал 100% видимого входа; 1→1 связей, быстрый выход 100%.",3,False,1,1,5462.4,5466.97,1,1,1,9.2757e-06,1.0,False,0.0,0,False,1,1,1,0.47718,0.082073,0.009875,0.054048,0.166815,0.114368,0.05,0.95,1.0,1.0,нет
100000004777215100,peripheral,0.55,23,0.220183,"Граница обхода: колено 4, вход от 1 клиентов; исходящие не выгружены. У похожих узлов колен 1–3 выход есть в 29% случаев.",4,False,1,0,60000.0,0.0,1,0,2,0.0,0.0,True,0.287,0,False,1,0,0,0.451657,0.082073,0.110365,0.128336,0.079004,0.051879,0.0,0.75,0.65,1.0,нет
100000004779204100,peripheral,0.6,1,0.464313,"Недостаточно признаков роли: 1 плательщиков, 1 получателей, колено 3.",3,False,1,1,30450.0,20000.0,1,2,2,9.2757e-06,1.0,False,0.0,0,False,1,2,0,0.619084,0.082073,0.077491,0.128336,0.166815,0.114368,0.05,0.75,1.0,1.0,нет
100000004780083100,peripheral,0.55,61,0.139793,"Граница обхода: колено 4, вход от 1 клиентов; исходящие не выгружены. У похожих узлов колен 1–3 выход есть в 29% случаев.",4,False,1,0,9999.0,0.0,1,0,1,0.0,0.0,True,0.287,0,False,1,0,1,0.286755,0.082073,0.019751,0.054048,0.079004,0.051879,0.0,0.75,0.65,1.0,нет
100000004780327100,peripheral,0.55,19,0.14426,"Граница обхода: колено 4, вход от 1 клиентов; исходящие не выгружены. У похожих узлов колен 1–3 выход есть в 29% случаев.",4,False,1,0,12000.0,0.0,1,0,1,0.0,0.0,True,0.287,0,False,1,0,0,0.295919,0.082073,0.028915,0.054048,0.079004,0.051879,0.0,0.75,0.65,1.0,нет
100000004783447100,terminal,0.62,2,0.285901,"Наблюдаемый конечный узел: вход от 1 клиентов (26,200 KZT), исходящих нет; колено 1<4.",1,False,1,0,26200.0,0.0,1,0,1,0.0,0.0,False,0.0,0,False,1,0,0,0.336355,0.082073,0.069351,0.054048,0.079004,0.051879,0.0,0.85,1.0,1.0,нет
100000004784224100,peripheral,0.6,25,0.29206,"Недостаточно признаков роли: 1 плательщиков, 1 получателей, колено 1.",1,False,1,1,23500.0,100000.0,2,1,1,0.0,0.0,False,0.0,0,False,1,1,1,0.389413,0.082073,0.05992,0.054048,0.079004,0.114368,0.0,0.75,1.0,1.0,нет
100000004788983100,peripheral,0.55,1,0.200904,"Граница обхода: колено 4, вход от 1 клиентов; исходящие не выгружены. У похожих узлов колен 1–3 выход есть в 29% случаев.",4,False,1,0,27000.0,0.0,1,0,2,0.0,0.0,True,0.287,0,False,1,0,0,0.412111,0.082073,0.070819,0.128336,0.079004,0.051879,0.0,0.75,0.65,1.0,нет
100000004790991100,terminal,0.62,5,0.430152,"Наблюдаемый конечный узел: вход от 1 клиентов (239,413 KZT), исходящих нет; колено 1<4.",1,False,1,0,239413.0,0.0,4,0,2,0.0,0.0,False,0.0,0,False,1,0,0,0.506061,0.082073,0.164769,0.128336,0.079004,0.051879,0.0,0.85,1.0,1.0,нет
100000004791226100,peripheral,0.55,1,0.191731,"Граница обхода: колено 4, вход от 1 клиентов; исходящие не выгружены. У похожих узлов колен 1–3 выход есть в 29% случаев.",4,False,1,0,20000.0,0.0,1,0,2,0.0,0.0,True,0.287,0,False,1,0,0,0.393294,0.082073,0.052002,0.128336,0.079004,0.051879,0.0,0.75,0.65,1.0,нет
100000004792397100,terminal,0.62,2,0.327532,"Наблюдаемый конечный узел: вход от 1 клиентов (73,520 KZT), исходящих нет; колено 1<4.",1,False,1,0,73520.0,0.0,1,0,1,0.0,0.0,False,0.0,0,False,1,0,0,0.385331,0.082073,0.118327,0.054048,0.079004,0.051879,0.0,0.85,1.0,1.0,нет
100000004797167100,peripheral,0.55,21,0.168223,"Граница обхода: колено 4, вход от 1 клиентов; исходящие не выгружены. У похожих узлов колен 1–3 выход есть в 29% случаев.",4,False,1,0,31000.0,0.0,1,0,1,0.0,0.0,True,0.287,0,False,1,0,0,0.345073,0.082073,0.078069,0.054048,0.079004,0.051879,0.0,0.75,0.65,1.0,нет
100000004798515100,peripheral,0.55,13,0.207388,"Граница обхода: колено 4, вход от 1 клиентов; исходящие не выгружены. У похожих узлов колен 1–3 выход есть в 29% случаев.",4,False,1,0,200000.0,0.0,2,0,1,0.0,0.0,True,0.287,0,False,1,0,0,0.425411,0.082073,0.158407,0.054048,0.079004,0.051879,0.0,0.75,0.65,1.0,нет
100000004800452100,peripheral,0.55,6,0.189844,"Граница обхода: колено 4, вход от 1 клиентов; исходящие не выгружены. У похожих узлов колен 1–3 выход есть в 29% случаев.",4,False,1,0,6544.53,0.0,1,0,3,0.0,0.0,True,0.287,0,False,1,0,1,0.389424,0.082073,0.013078,0.16339,0.079004,0.051879,0.0,0.75,0.65,1.0,нет
100000004800648100,peripheral,0.55,13,0.199191,"Граница обхода: колено 4, вход от 1 клиентов; исходящие не выгружены. У похожих узлов колен 1–3 выход есть в 29% случаев.",4,False,1,0,131000.0,0.0,1,0,1,0.0,0.0,True,0.287,0,False,1,0,0,0.408597,0.082073,0.141593,0.054048,0.079004,0.051879,0.0,0.75,0.65,1.0,нет
100000004806903100,terminal,0.62,4,0.385761,"Наблюдаемый конечный узел: вход от 1 клиентов (18,000 KZT), исходящих нет; колено 2<4.",2,False,1,0,18000.0,0.0,1,0,5,0.0,0.0,False,0.0,0,False,1,0,0,0.453837,0.082073,0.046753,0.194128,0.079004,0.051879,0.0,0.85,1.0,1.0,нет
100000004813068100,peripheral,0.6,25,0.174377,"Недостаточно признаков роли: 0 плательщиков, 3 получателей, колено 0.",0,True,0,3,0.0,297000.0,0,5,1,0.0,0.0,False,0.0,0,False,0,1,0,0.273532,0.001913,0.001913,0.054048,0.079004,0.136655,0.0,0.75,1.0,0.85,нет
100000004816564100,peripheral,0.6,16,0.560331,"Недостаточно признаков роли: 1 плательщиков, 1 получателей, колено 2.",2,False,1,1,285480.0,5000.0,1,1,3,9.2757e-06,1.0,False,0.0,0,False,1,1,0,0.747109,0.082073,0.170463,0.16339,0.166815,0.114368,0.05,0.75,1.0,1.0,нет
100000004820260100,transit,0.7646,16,0.712458,"Признаки транзита: отдал 92% видимого входа; 1→3 связей, быстрый выход 75%.",2,False,1,3,234200.0,215350.0,12,10,3,9.2757e-06,0.75,False,0.0,2,False,1,1,1,0.749956,0.082073,0.163523,0.16339,0.166815,0.136655,0.0375,0.95,1.0,1.0,возвратный поток (2 цикл.)
100000004825069100,terminal,0.62,2,0.291157,"Наблюдаемый конечный узел: вход от 1 клиентов (30,000 KZT), исходящих нет; колено 2<4.",2,False,1,0,30000.0,0.0,4,0,1,0.0,0.0,False,0.0,0,False,1,0,3,0.342538,0.082073,0.075534,0.054048,0.079004,0.051879,0.0,0.85,1.0,1.0,3 входов у порога 5–10 тыс.
100000004840086100,peripheral,0.55,1,0.194398,"Граница обхода: колено 4, вход от 1 клиентов; исходящие не выгружены. У похожих узлов колен 1–3 выход есть в 29% случаев.",4,False,1,0,100000.0,0.0,2,0,1,0.0,0.0,True,0.287,0,False,1,0,0,0.398766,0.082073,0.131762,0.054048,0.079004,0.051879,0.0,0.75,0.65,1.0,нет
100000004841728100,terminal,0.62,2,0.31581,"Наблюдаемый конечный узел: вход от 1 клиентов (52,208 KZT), исходящих нет; колено 1<4.",1,False,1,0,52208.0,0.0,1,0,1,0.0,0.0,False,0.0,0,False,1,0,0,0.371541,0.082073,0.104537,0.054048,0.079004,0.051879,0.0,0.85,1.0,1.0,нет
100000004847758100,distributor,0.8275,4,0.841915,"Признаки распределения: 15 получателей против 4 плательщиков, исходящий поток 488,800 KZT.",1,False,4,15,115171.0,488800.0,4,23,2,0.0003559846,0.75,False,0.0,7,True,1,6,0,0.841915,0.193817,0.137811,0.128336,0.197153,0.147298,0.0375,1.0,1.0,1.0,возвратный поток с seed (7 цикл.); повтор одной суммы ×6
100000004848236100,peripheral,0.55,1,0.173753,"Граница обхода: колено 4, вход от 1 клиентов; исходящие не выгружены. У похожих узлов колен 1–3 выход есть в 29% случаев.",4,False,1,0,7500.0,0.0,1,0,2,0.0,0.0,True,0.287,0,False,1,0,1,0.356417,0.082073,0.015125,0.128336,0.079004,0.051879,0.0,0.75,0.65,1.0,нет
100000004850609100,peripheral,0.55,1,0.141354,"Граница обхода: колено 4, вход от 1 клиентов; исходящие не выгружены. У похожих узлов колен 1–3 выход есть в 29% случаев.",4,False,1,0,10000.0,0.0,1,0,1,0.0,0.0,True,0.287,0,False,1,0,0,0.289958,0.082073,0.022954,0.054048,0.079004,0.051879,0.0,0.75,0.65,1.0,нет
100000004856746100,peripheral,0.55,35,0.155515,"Граница обхода: колено 4, вход от 1 клиентов; исходящие не выгружены. У похожих узлов колен 1–3 выход есть в 29% случаев.",4,False,1,0,20000.0,0.0,1,0,1,0.0,0.0,True,0.287,0,False,1,0,0,0.319006,0.082073,0.052002,0.054048,0.079004,0.051879,0.0,0.75,0.65,1.0,нет
100000004877085100,peripheral,0.6,14,0.510587,"Недостаточно признаков роли: 1 плательщиков, 3 получателей, колено 3.",3,False,1,3,25000.0,95600.0,1,9,3,2.78272e-05,1.0,False,0.0,0,False,1,2,0,0.680783,0.082073,0.06508,0.16339,0.183585,0.136655,0.05,0.75,1.0,1.0,нет
100000004889043100,terminal,0.66,1,0.539124,"Наблюдаемый конечный узел: вход от 2 клиентов (272,000 KZT), исходящих нет; колено 3<4.",3,False,2,0,272000.0,0.0,4,0,3,0.0,0.0,False,0.0,0,False,2,0,2,0.634264,0.171308,0.168683,0.16339,0.079004,0.051879,0.0,0.85,1.0,1.0,нет
100000004890713100,peripheral,0.55,8,0.209925,"Граница обхода: колено 4, вход от 1 клиентов; исходящие не выгружены. У похожих узлов колен 1–3 выход есть в 29% случаев.",4,False,1,0,40485.0,0.0,1,0,2,0.0,0.0,True,0.287,0,False,1,0,0,0.430616,0.082073,0.089324,0.128336,0.079004,0.051879,0.0,0.75,0.65,1.0,нет
100000004891562100,peripheral,0.55,19,0.195526,"Граница обхода: колено 4, вход от 1 клиентов; исходящие не выгружены. У похожих узлов колен 1–3 выход есть в 29% случаев.",4,False,1,0,103400.0,0.0,1,0,1,0.0,0.0,True,0.287,0,False,1,0,0,0.401079,0.082073,0.134075,0.054048,0.079004,0.051879,0.0,0.75,0.65,1.0,нет
100000004892144100,peripheral,0.6,25,0.519762,"Недостаточно признаков роли: 2 плательщиков, 1 получателей, колено 3.",3,False,2,1,4500000.0,180300.0,7,1,2,0.0,0.0,False,0.0,4,False,2,1,0,0.693016,0.171308,0.2,0.128336,0.079004,0.114368,0.0,0.75,1.0,1.0,возвратный поток (4 цикл.)
100000004904960100,terminal,0.66,1,0.481651,"Наблюдаемый конечный узел: вход от 2 клиентов (32,000 KZT), исходящих нет; колено 2<4.",2,False,2,0,32000.0,0.0,2,0,4,0.0,0.0,False,0.0,0,False,1,0,0,0.566648,0.171308,0.079537,0.18492,0.079004,0.051879,0.0,0.85,1.0,1.0,нет
100000004905207100,terminal,0.62,15,0.471139,"Наблюдаемый конечный узел: вход от 1 клиентов (380,000 KZT), исходящих нет; колено 2<4.",2,False,1,0,380000.0,0.0,1,0,3,0.0,0.0,False,0.0,0,False,1,0,0,0.554282,0.082073,0.177936,0.16339,0.079004,0.051879,0.0,0.85,1.0,1.0,нет
100000004906181100,peripheral,0.6,37,0.572259,"Недостаточно признаков роли: 1 плательщиков, 7 получателей, колено 3.",3,False,1,7,100000.0,2473417.91,1,33,3,6.49302e-05,1.0,False,0.0,0,False,1,3,0,0.763012,0.082073,0.131762,0.16339,0.191326,0.144462,0.05,0.75,1.0,1.0,нет
100000004908173100,peripheral,0.55,3,0.157359,"Граница обхода: колено 4, вход от 1 клиентов; исходящие не выгружены. У похожих узлов колен 1–3 выход есть в 29% случаев.",4,False,1,0,21000.0,0.0,1,0,1,0.0,0.0,True,0.287,0,False,1,0,0,0.322787,0.082073,0.055783,0.054048,0.079004,0.051879,0.0,0.75,0.65,1.0,нет
100000004911971100,peripheral,0.55,37,0.223848,"Граница обхода: колено 4, вход от 1 клиентов; исходящие не выгружены. У похожих узлов колен 1–3 выход есть в 29% случаев.",4,False,1,0,35000.0,0.0,3,0,3,0.0,0.0,True,0.287,0,False,1,0,1,0.459175,0.082073,0.082829,0.16339,0.079004,0.051879,0.0,0.75,0.65,1.0,нет
100000004917367100,terminal,0.66,6,0.514169,"Наблюдаемый конечный узел: вход от 2 клиентов (120,000 KZT), исходящих нет; колено 3<4.",3,False,2,0,120000.0,0.0,2,0,3,0.0,0.0,False,0.0,0,False,1,0,0,0.604904,0.171308,0.139324,0.16339,0.079004,0.051879,0.0,0.85,1.0,1.0,нет
100000004921657100,peripheral,0.6,4,0.352947,"Недостаточно признаков роли: 1 плательщиков, 1 получателей, колено 3.",3,False,1,1,8300.0,22190.0,1,1,2,0.0,1.0,False,0.0,0,False,1,1,1,0.470596,0.082073,0.016815,0.128336,0.079004,0.114368,0.05,0.75,1.0,1.0,нет
100000004931931100,peripheral,0.6,1,0.414869,"Недостаточно признаков роли: 1 плательщиков, 1 получателей, колено 3.",3,False,1,1,23938.0,45000.0,1,1,2,9.2757e-06,0.0,False,0.0,0,False,1,1,0,0.553158,0.082073,0.061566,0.128336,0.166815,0.114368,0.0,0.75,1.0,1.0,нет
100000004948177100,terminal,0.7,5,0.533793,"Наблюдаемый конечный узел: вход от 3 клиентов (437,163 KZT), исходящих нет; колено 1<4.",1,False,3,0,437163.0,0.0,8,0,2,0.0,0.0,False,0.0,0,False,1,0,0,0.627992,0.187189,0.181584,0.128336,0.079004,0.051879,0.0,0.85,1.0,1.0,нет
100000004950490100,terminal,0.62,11,0.246464,"Наблюдаемый конечный узел: вход от 1 клиентов (10,000 KZT), исходящих нет; колено 2<4.",2,False,1,0,10000.0,0.0,1,0,1,0.0,0.0,False,0.0,0,False,1,0,0,0.289958,0.082073,0.022954,0.054048,0.079004,0.051879,0.0,0.85,1.0,1.0,нет
100000004959752100,terminal,0.62,4,0.387311,"Наблюдаемый конечный узел: вход от 1 клиентов (22,200 KZT), исходящих нет; колено 3<4.",3,False,1,0,22200.0,0.0,1,0,4,0.0,0.0,False,0.0,0,False,1,0,0,0.455661,0.082073,0.057785,0.18492,0.079004,0.051879,0.0,0.85,1.0,1.0,нет
100000004962193100,consolidator,0.88,1,0.687244,"Признаки консолидации: 8 плательщиков, 0 получателей, входящий поток 900,468 KZT.",2,False,8,0,900468.0,0.0,11,0,3,0.0,0.0,False,0.0,0,False,5,0,0,0.687244,0.198754,0.194217,0.16339,0.079004,0.051879,0.0,1.0,1.0,1.0,5 плательщиков в один день
100000004970752100,terminal,0.62,1,0.246464,"Наблюдаемый конечный узел: вход от 1 клиентов (10,000 KZT), исходящих нет; колено 3<4.",3,False,1,0,10000.0,0.0,1,0,1,0.0,0.0,False,0.0,0,False,1,0,0,0.289958,0.082073,0.022954,0.054048,0.079004,0.051879,0.0,0.85,1.0,1.0,нет
100000004971871100,peripheral,0.6,60,0.263441,"Недостаточно признаков роли: 1 плательщиков, 1 получателей, колено 0.",0,True,1,1,25400.0,5650.0,3,1,1,0.0,0.3333333333333333,False,0.0,1,True,1,1,2,0.413241,0.082073,0.067082,0.054048,0.079004,0.114368,0.016667,0.75,1.0,0.85,возвратный поток с seed (1 цикл.)
100000004975919100,peripheral,0.6,7,0.376827,"Недостаточно признаков роли: 1 плательщиков, 2 получателей, колено 3.",3,False,1,2,22351.0,15000.0,1,2,1,1.85515e-05,0.0,False,0.0,0,False,1,1,0,0.502435,0.082073,0.057918,0.054048,0.178781,0.129615,0.0,0.75,1.0,1.0,нет
100000004976946100,peripheral,0.55,42,0.247117,"Граница обхода: колено 4, вход от 1 клиентов; исходящие не выгружены. У похожих узлов колен 1–3 выход есть в 29% случаев.",4,False,1,0,246000.0,0.0,1,0,2,0.0,0.0,True,0.287,0,False,1,0,0,0.506906,0.082073,0.165614,0.128336,0.079004,0.051879,0.0,0.75,0.65,1.0,нет
100000004979264100,peripheral,0.55,3,0.172842,"Граница обхода: колено 4, вход от 1 клиентов; исходящие не выгружены. У похожих узлов колен 1–3 выход есть в 29% случаев.",4,False,1,0,39800.0,0.0,1,0,1,0.0,0.0,True,0.287,0,False,1,0,0,0.354548,0.082073,0.087544,0.054048,0.079004,0.051879,0.0,0.75,0.65,1.0,нет
100000004979283100,terminal,0.62,8,0.302727,"Наблюдаемый конечный узел: вход от 1 клиентов (40,132 KZT), исходящих нет; колено 3<4.",3,False,1,0,40132.0,0.0,1,0,1,0.0,0.0,False,0.0,0,False,1,0,0,0.35615,0.082073,0.089146,0.054048,0.079004,0.051879,0.0,0.85,1.0,1.0,нет
100000004979498100,peripheral,0.6,53,0.40903,"Недостаточно признаков роли: 1 плательщиков, 1 получателей, колено 2.",2,False,1,1,700000.0,200000.0,2,1,1,0.0,0.5,False,0.0,1,True,1,1,0,0.545374,0.082073,0.190881,0.054048,0.079004,0.114368,0.025,0.75,1.0,1.0,возвратный поток с seed (1 цикл.)
100000004981068100,peripheral,0.55,7,0.17757,"Граница обхода: колено 4, вход от 1 клиентов; исходящие не выгружены. У похожих узлов колен 1–3 выход есть в 29% случаев.",4,False,1,0,10000.0,0.0,1,0,2,0.0,0.0,True,0.287,0,False,1,0,0,0.364246,0.082073,0.022954,0.128336,0.079004,0.051879,0.0,0.75,0.65,1.0,нет
100000004984689100,terminal,0.62,7,0.316718,"Наблюдаемый конечный узел: вход от 1 клиентов (53,030 KZT), исходящих нет; колено 3<4.",3,False,1,0,53030.0,0.0,1,0,1,0.0,0.0,False,0.0,0,False,1,0,0,0.372609,0.082073,0.105605,0.054048,0.079004,0.051879,0.0,0.85,1.0,1.0,нет
100000004988240100,peripheral,0.55,1,0.191731,"Граница обхода: колено 4, вход от 1 клиентов; исходящие не выгружены. У похожих узлов колен 1–3 выход есть в 29% случаев.",4,False,1,0,20000.0,0.0,1,0,2,0.0,0.0,True,0.287,0,False,1,0,0,0.393294,0.082073,0.052002,0.128336,0.079004,0.051879,0.0,0.75,0.65,1.0,нет
100000004991593100,peripheral,0.55,7,0.228944,"Граница обхода: колено 4, вход от 1 клиентов; исходящие не выгружены. У похожих узлов колен 1–3 выход есть в 29% случаев.",4,False,1,0,45000.0,0.0,2,0,3,0.0,0.0,True,0.287,0,False,1,0,0,0.469629,0.082073,0.093283,0.16339,0.079004,0.051879,0.0,0.75,0.65,1.0,нет
100000004991812100,terminal,0.62,24,0.309609,"Наблюдаемый конечный узел: вход от 1 клиентов (10,000 KZT), исходящих нет; колено 3<4.",3,False,1,0,10000.0,0.0,1,0,2,0.0,0.0,False,0.0,0,False,1,0,0,0.364246,0.082073,0.022954,0.128336,0.079004,0.051879,0.0,0.85,1.0,1.0,нет
100000004993576100,terminal,0.62,16,0.448301,"Наблюдаемый конечный узел: вход от 1 клиентов (167,000 KZT), исходящих нет; колено 2<4.",2,False,1,0,167000.0,0.0,1,0,3,0.0,0.0,False,0.0,0,False,1,0,0,0.527413,0.082073,0.151068,0.16339,0.079004,0.051879,0.0,0.85,1.0,1.0,нет
100000004997515100,peripheral,0.6,3,0.670379,"Недостаточно признаков роли: 4 плательщиков, 4 получателей, колено 3.",3,False,4,4,395000.0,54500.0,4,4,5,3.7103e-05,0.0,False,0.0,0,False,1,1,0,0.893839,0.193817,0.179093,0.194128,0.18661,0.140191,0.0,0.75,1.0,1.0,нет
100000005008589100,terminal,0.62,1,0.304467,"Наблюдаемый конечный узел: вход от 1 клиентов (42,807 KZT), исходящих нет; колено 3<4.",3,False,1,0,42806.68,0.0,1,0,1,0.0,0.0,False,0.0,0,False,1,0,0,0.358196,0.082073,0.091192,0.054048,0.079004,0.051879,0.0,0.85,1.0,1.0,нет
100000005010159100,peripheral,0.55,7,0.137364,"Граница обхода: колено 4, вход от 1 клиентов; исходящие не выгружены. У похожих узлов колен 1–3 выход есть в 29% случаев.",4,False,1,0,7092.0,0.0,1,0,1,0.0,0.0,True,0.287,0,False,1,0,1,0.281773,0.082073,0.014769,0.054048,0.079004,0.051879,0.0,0.75,0.65,1.0,нет
100000005017150100,peripheral,0.6,79,0.120332,"Seed без исходящих в выборке; входящий поток неполон, структурная роль не установлена.",0,True,0,0,0.0,0.0,0,0,1,0.0,0.0,False,0.0,0,False,0,0,0,0.188757,0.001913,0.001913,0.054048,0.079004,0.051879,0.0,0.75,1.0,0.85,нет
100000005022552100,peripheral,0.6,5,0.426646,"Недостаточно признаков роли: 1 плательщиков, 1 получателей, колено 3.",3,False,1,1,241000.0,5000.0,3,1,2,0.0,0.0,False,0.0,0,False,1,1,0,0.568861,0.082073,0.16508,0.128336,0.079004,0.114368,0.0,0.75,1.0,1.0,нет
100000005022964100,terminal,0.62,4,0.382396,"Наблюдаемый конечный узел: вход от 1 клиентов (20,000 KZT), исходящих нет; колено 2<4.",2,False,1,0,20000.0,0.0,1,0,4,0.0,0.0,False,0.0,0,False,1,0,0,0.449878,0.082073,0.052002,0.18492,0.079004,0.051879,0.0,0.85,1.0,1.0,нет
100000005025629100,peripheral,0.55,6,0.187979,"Граница обхода: колено 4, вход от 1 клиентов; исходящие не выгружены. У похожих узлов колен 1–3 выход есть в 29% случаев.",4,False,1,0,5227.0,0.0,1,0,3,0.0,0.0,True,0.287,0,False,1,0,1,0.385598,0.082073,0.009253,0.16339,0.079004,0.051879,0.0,0.75,0.65,1.0,нет
100000005030592100,terminal,0.62,16,0.339404,"Наблюдаемый конечный узел: вход от 1 клиентов (10,000 KZT), исходящих нет; колено 2<4.",2,False,1,0,10000.0,0.0,1,0,3,0.0,0.0,False,0.0,0,False,1,0,0,0.399299,0.082073,0.022954,0.16339,0.079004,0.051879,0.0,0.85,1.0,1.0,нет
100000005031696100,peripheral,0.6,52,0.479618,"Недостаточно признаков роли: 1 плательщиков, 2 получателей, колено 2.",2,False,1,2,5000.0,115000.0,1,3,4,3.7103e-05,1.0,False,0.0,0,False,1,1,1,0.639491,0.082073,0.006272,0.18492,0.18661,0.129615,0.05,0.75,1.0,1.0,нет
100000005032294100,terminal,0.62,15,0.339404,"Наблюдаемый конечный узел: вход от 1 клиентов (10,000 KZT), исходящих нет; колено 2<4.",2,False,1,0,10000.0,0.0,1,0,3,0.0,0.0,False,0.0,0,False,1,0,0,0.399299,0.082073,0.022954,0.16339,0.079004,0.051879,0.0,0.85,1.0,1.0,нет
100000005034574100,terminal,0.62,66,0.369049,"Наблюдаемый конечный узел: вход от 1 клиентов (258,816 KZT), исходящих нет; колено 1<4.",1,False,1,0,258816.0,0.0,16,0,1,0.0,0.0,False,0.0,0,False,1,0,3,0.434175,0.082073,0.167171,0.054048,0.079004,0.051879,0.0,0.85,1.0,1.0,нет
100000005037490100,peripheral,0.6,14,0.445187,"Недостаточно признаков роли: 1 плательщиков, 2 получателей, колено 3.",3,False,1,2,15000.0,30000.0,1,3,2,9.2757e-06,1.0,False,0.0,1,False,1,1,0,0.593583,0.082073,0.036744,0.128336,0.166815,0.129615,0.05,0.75,1.0,1.0,возвратный поток (1 цикл.)
100000005041147100,peripheral,0.55,1,0.17757,"Граница обхода: колено 4, вход от 1 клиентов; исходящие не выгружены. У похожих узлов колен 1–3 выход есть в 29% случаев.",4,False,1,0,10000.0,0.0,1,0,2,0.0,0.0,True,0.287,0,False,1,0,0,0.364246,0.082073,0.022954,0.128336,0.079004,0.051879,0.0,0.75,0.65,1.0,нет
100000005041905100,peripheral,0.6,2,0.251824,"Недостаточно признаков роли: 1 плательщиков, 1 получателей, колено 3.",3,False,1,1,5000.0,1080351.0,1,5,1,0.0,0.0,False,0.0,1,False,1,1,1,0.335765,0.082073,0.006272,0.054048,0.079004,0.114368,0.0,0.75,1.0,1.0,возвратный поток (1 цикл.)
100000005042822100,peripheral,0.55,32,0.225084,"Граница обхода: колено 4, вход от 1 клиентов; исходящие не выгружены. У похожих узлов колен 1–3 выход есть в 29% случаев.",4,False,1,0,1000000.0,0.0,1,0,1,0.0,0.0,True,0.287,0,False,1,0,0,0.46171,0.082073,0.194706,0.054048,0.079004,0.051879,0.0,0.75,0.65,1.0,нет
100000005048668100,distributor,0.66,7,0.76577,"Признаки распределения: 8 получателей против 2 плательщиков, исходящий поток 159,400 KZT.",3,False,2,8,16668.0,159400.0,2,11,4,0.0003978752,0.5,False,0.0,2,False,1,3,1,0.76577,0.171308,0.042171,0.18492,0.197242,0.145129,0.025,1.0,1.0,1.0,возвратный поток (2 цикл.)
100000005049404100,peripheral,0.55,6,0.246835,"Граница обхода: колено 4, вход от 1 клиентов; исходящие не выгружены. У похожих узлов колен 1–3 выход есть в 29% случаев.",4,False,1,0,98000.0,0.0,2,0,3,0.0,0.0,True,0.287,0,False,1,0,1,0.506328,0.082073,0.129982,0.16339,0.079004,0.051879,0.0,0.75,0.65,1.0,нет
100000005052998100,peripheral,0.6,1,0.317182,"Недостаточно признаков роли: 1 плательщиков, 1 получателей, колено 3.",3,False,1,1,9500.0,28400.0,1,1,2,0.0,0.0,False,0.0,1,False,1,1,1,0.422909,0.082073,0.019128,0.128336,0.079004,0.114368,0.0,0.75,1.0,1.0,возвратный поток (1 цикл.)
100000005053653100,peripheral,0.6,14,0.5622,"Недостаточно признаков роли: 2 плательщиков, 1 получателей, колено 2.",2,False,2,1,63073.0,25000.0,2,1,4,9.2757e-06,0.0,False,0.0,0,False,1,1,0,0.7496,0.171308,0.112189,0.18492,0.166815,0.114368,0.0,0.75,1.0,1.0,нет
100000005055454100,terminal,0.62,30,0.237919,"Наблюдаемый конечный узел: вход от 1 клиентов (6,500 KZT), исходящих нет; колено 3<4.",3,False,1,0,6500.0,0.0,1,0,1,0.0,0.0,False,0.0,0,False,1,0,1,0.279904,0.082073,0.0129,0.054048,0.079004,0.051879,0.0,0.85,1.0,1.0,нет
100000005056870100,terminal,0.62,47,0.271155,"Наблюдаемый конечный узел: вход от 1 клиентов (20,000 KZT), исходящих нет; колено 1<4.",1,False,1,0,20000.0,0.0,1,0,1,0.0,0.0,False,0.0,0,False,1,0,0,0.319006,0.082073,0.052002,0.054048,0.079004,0.051879,0.0,0.85,1.0,1.0,нет
100000005059998100,terminal,0.62,1,0.266693,"Наблюдаемый конечный узел: вход от 1 клиентов (18,000 KZT), исходящих нет; колено 2<4.",2,False,1,0,18000.0,0.0,1,0,1,0.0,0.0,False,0.0,0,False,1,0,0,0.313757,0.082073,0.046753,0.054048,0.079004,0.051879,0.0,0.85,1.0,1.0,нет
100000005061890100,terminal,0.62,4,0.333997,"Наблюдаемый конечный узел: вход от 1 клиентов (90,000 KZT), исходящих нет; колено 3<4.",3,False,1,0,90000.0,0.0,1,0,1,0.0,0.0,False,0.0,0,False,1,0,0,0.392938,0.082073,0.125934,0.054048,0.079004,0.051879,0.0,0.85,1.0,1.0,нет
100000005074393100,peripheral,0.6,14,0.708802,"Недостаточно признаков роли: 4 плательщиков, 6 получателей, колено 1.",1,False,4,6,563026.0,685500.0,5,10,6,8.34817e-05,0.6,False,0.0,3,False,1,3,0,0.945069,0.193817,0.188078,0.197064,0.192616,0.143494,0.03,0.75,1.0,1.0,возвратный поток (3 цикл.)
100000005075949100,peripheral,0.55,48,0.227101,"Граница обхода: колено 4, вход от 1 клиентов; исходящие не выгружены. У похожих узлов колен 1–3 выход есть в 29% случаев.",4,False,1,0,2226000.0,0.0,7,0,1,0.0,0.0,True,0.287,0,False,1,0,0,0.465847,0.082073,0.198843,0.054048,0.079004,0.051879,0.0,0.75,0.65,1.0,нет
100000005077484100,peripheral,0.6,30,0.406153,"Недостаточно признаков роли: 1 плательщиков, 2 получателей, колено 2.",2,False,1,2,150000.0,13550.0,1,2,1,0.0,1.0,False,0.0,1,False,1,1,0,0.541537,0.082073,0.146797,0.054048,0.079004,0.129615,0.05,0.75,1.0,1.0,возвратный поток (1 цикл.)
100000005079473100,peripheral,0.55,7,0.172582,"Граница обхода: колено 4, вход от 1 клиентов; исходящие не выгружены. У похожих узлов колен 1–3 выход есть в 29% случаев.",4,False,1,0,39312.0,0.0,1,0,1,0.0,0.0,True,0.287,0,False,1,0,0,0.354015,0.082073,0.087011,0.054048,0.079004,0.051879,0.0,0.75,0.65,1.0,нет
100000005079754100,peripheral,0.6,4,0.561891,"Недостаточно признаков роли: 1 плательщиков, 2 получателей, колено 1.",1,False,1,2,70000.0,122000.0,1,2,4,3.7103e-05,1.0,False,0.0,0,False,1,1,0,0.749188,0.082073,0.11597,0.18492,0.18661,0.129615,0.05,0.75,1.0,1.0,нет
100000005082652100,terminal,0.62,11,0.291157,"Наблюдаемый конечный узел: вход от 1 клиентов (30,000 KZT), исходящих нет; колено 3<4.",3,False,1,0,30000.0,0.0,1,0,1,0.0,0.0,False,0.0,0,False,1,0,0,0.342538,0.082073,0.075534,0.054048,0.079004,0.051879,0.0,0.85,1.0,1.0,нет
100000005087431100,peripheral,0.6,80,0.120332,"Seed без исходящих в выборке; входящий поток неполон, структурная роль не установлена.",0,True,0,0,0.0,0.0,0,0,1,0.0,0.0,False,0.0,0,False,0,0,0,0.188757,0.001913,0.001913,0.054048,0.079004,0.051879,0.0,0.75,1.0,0.85,нет
100000005087923100,peripheral,0.55,9,0.155515,"Граница обхода: колено 4, вход от 1 клиентов; исходящие не выгружены. У похожих узлов колен 1–3 выход есть в 29% случаев.",4,False,1,0,20000.0,0.0,1,0,1,0.0,0.0,True,0.287,0,False,1,0,0,0.319006,0.082073,0.052002,0.054048,0.079004,0.051879,0.0,0.75,0.65,1.0,нет
100000005089460100,terminal,0.62,2,0.25259,"Наблюдаемый конечный узел: вход от 1 клиентов (12,300 KZT), исходящих нет; колено 3<4.",3,False,1,0,12300.0,0.0,1,0,1,0.0,0.0,False,0.0,0,False,1,0,0,0.297164,0.082073,0.03016,0.054048,0.079004,0.051879,0.0,0.85,1.0,1.0,нет
100000005092518100,terminal,0.62,2,0.284994,"Наблюдаемый конечный узел: вход от 1 клиентов (26,144 KZT), исходящих нет; колено 1<4.",1,False,1,0,26144.0,0.0,1,0,1,0.0,0.0,False,0.0,0,False,1,0,0,0.335287,0.082073,0.068283,0.054048,0.079004,0.051879,0.0,0.85,1.0,1.0,нет
100000005093521100,terminal,0.62,4,0.37075,"Наблюдаемый конечный узел: вход от 1 клиентов (15,200 KZT), исходящих нет; колено 1<4.",1,False,1,0,15200.0,0.0,1,0,4,0.0,0.0,False,0.0,0,False,1,0,0,0.436177,0.082073,0.038301,0.18492,0.079004,0.051879,0.0,0.85,1.0,1.0,нет
100000005100475100,terminal,0.62,9,0.302047,"Наблюдаемый конечный узел: вход от 1 клиентов (40,000 KZT), исходящих нет; колено 3<4.",3,False,1,0,40000.0,0.0,1,0,1,0.0,0.0,False,0.0,0,False,1,0,0,0.355349,0.082073,0.088345,0.054048,0.079004,0.051879,0.0,0.85,1.0,1.0,нет
100000005105153100,terminal,0.62,1,0.384098,"Наблюдаемый конечный узел: вход от 1 клиентов (30,000 KZT), исходящих нет; колено 2<4.",2,False,1,0,30000.0,0.0,1,0,3,0.0,0.0,False,0.0,0,False,1,0,0,0.451879,0.082073,0.075534,0.16339,0.079004,0.051879,0.0,0.85,1.0,1.0,нет
100000005124479100,peripheral,0.6,1,0.605763,"Недостаточно признаков роли: 2 плательщиков, 2 получателей, колено 1.",1,False,2,2,137753.0,22000.0,2,2,4,1.85515e-05,0.0,False,0.0,0,False,1,1,0,0.807685,0.171308,0.14306,0.18492,0.178781,0.129615,0.0,0.75,1.0,1.0,нет
100000005127767100,terminal,0.62,39,0.239015,"Наблюдаемый конечный узел: вход от 1 клиентов (7,000 KZT), исходящих нет; колено 3<4.",3,False,1,0,7000.0,0.0,1,0,1,0.0,0.0,False,0.0,0,False,1,0,1,0.281194,0.082073,0.01419,0.054048,0.079004,0.051879,0.0,0.85,1.0,1.0,нет
100000005133757100,terminal,0.66,7,0.510425,"Наблюдаемый конечный узел: вход от 2 клиентов (65,000 KZT), исходящих нет; колено 1<4.",1,False,2,0,65000.0,0.0,2,0,4,0.0,0.0,False,0.0,0,False,1,0,0,0.6005,0.171308,0.11339,0.18492,0.079004,0.051879,0.0,0.85,1.0,1.0,нет
100000005140601100,peripheral,0.6,7,0.500737,"Недостаточно признаков роли: 3 плательщиков, 2 получателей, колено 2.",2,False,3,2,52685.0,195300.0,4,5,1,9.2757e-06,0.5,False,0.0,2,False,2,3,2,0.667649,0.187189,0.104982,0.054048,0.166815,0.129615,0.025,0.75,1.0,1.0,возвратный поток (2 цикл.)
100000005142492100,peripheral,0.6,9,0.301835,"Недостаточно признаков роли: 1 плательщиков, 1 получателей, колено 3.",3,False,1,1,10000.0,57000.0,1,1,1,0.0,1.0,False,0.0,1,False,1,1,0,0.402447,0.082073,0.022954,0.054048,0.079004,0.114368,0.05,0.75,1.0,1.0,возвратный поток (1 цикл.)
100000005142589100,terminal,0.62,1,0.37593,"Наблюдаемый конечный узел: вход от 1 клиентов (50,000 KZT), исходящих нет; колено 2<4.",2,False,1,0,50000.0,0.0,2,0,2,0.0,0.0,False,0.0,0,False,1,0,0,0.442271,0.082073,0.100979,0.128336,0.079004,0.051879,0.0,0.85,1.0,1.0,нет
100000005146665100,peripheral,0.55,58,0.135196,"Граница обхода: колено 4, вход от 1 клиентов; исходящие не выгружены. У похожих узлов колен 1–3 выход есть в 29% случаев.",4,False,1,0,5500.0,0.0,1,0,1,0.0,0.0,True,0.287,0,False,1,0,1,0.277324,0.082073,0.01032,0.054048,0.079004,0.051879,0.0,0.75,0.65,1.0,нет
100000005168487100,peripheral,0.6,12,0.410331,"Недостаточно признаков роли: 1 плательщиков, 1 получателей, колено 2.",2,False,1,1,15000.0,103510.0,1,14,4,0.0,1.0,False,0.0,1,False,1,6,0,0.547109,0.082073,0.036744,0.18492,0.079004,0.114368,0.05,0.75,1.0,1.0,возвратный поток (1 цикл.); повтор одной суммы ×6
100000005171642100,transit,0.7758,9,0.681338,"Признаки транзита: отдал 98% видимого входа; 2→1 связей, быстрый выход 40%.",3,False,2,1,696800.0,683600.0,5,4,1,9.2757e-06,0.4,False,0.0,2,False,1,1,2,0.717198,0.171308,0.190658,0.054048,0.166815,0.114368,0.02,0.95,1.0,1.0,возвратный поток (2 цикл.)
100000005172860100,terminal,0.62,1,0.259622,"Наблюдаемый конечный узел: вход от 1 клиентов (15,209 KZT), исходящих нет; колено 3<4.",3,False,1,0,15209.2,0.0,1,0,1,0.0,0.0,False,0.0,0,False,1,0,0,0.305438,0.082073,0.038434,0.054048,0.079004,0.051879,0.0,0.85,1.0,1.0,нет
100000005175148100,peripheral,0.6,16,0.496108,"Недостаточно признаков роли: 2 плательщиков, 1 получателей, колено 2.",2,False,2,1,79000.0,15000.0,4,1,3,0.0,0.25,False,0.0,2,False,1,1,1,0.661477,0.171308,0.120907,0.16339,0.079004,0.114368,0.0125,0.75,1.0,1.0,возвратный поток (2 цикл.)
100000005182219100,terminal,0.66,6,0.487096,"Наблюдаемый конечный узел: вход от 2 клиентов (55,000 KZT), исходящих нет; колено 3<4.",3,False,2,0,55000.0,0.0,2,0,3,0.0,0.0,False,0.0,0,False,1,0,0,0.573054,0.171308,0.107473,0.16339,0.079004,0.051879,0.0,0.85,1.0,1.0,нет
100000005183943100,terminal,0.62,45,0.388937,"Наблюдаемый конечный узел: вход от 1 клиентов (680,900 KZT), исходящих нет; колено 1<4.",1,False,1,0,680900.0,0.0,9,0,1,0.0,0.0,False,0.0,0,False,1,0,2,0.457573,0.082073,0.190569,0.054048,0.079004,0.051879,0.0,0.85,1.0,1.0,нет
100000005186109100,terminal,0.62,16,0.325225,"Наблюдаемый конечный узел: вход от 1 клиентов (5,000 KZT), исходящих нет; колено 3<4.",3,False,1,0,5000.0,0.0,1,0,3,0.0,0.0,False,0.0,0,False,1,0,1,0.382618,0.082073,0.006272,0.16339,0.079004,0.051879,0.0,0.85,1.0,1.0,нет
100000005186131100,transit,0.85,1,0.536319,"Признаки транзита: отдал 100% видимого входа; 1→1 связей, быстрый выход 100%.",3,False,1,1,10000.0,10000.0,1,1,2,9.2757e-06,1.0,False,0.0,0,False,1,1,0,0.564546,0.082073,0.022954,0.128336,0.166815,0.114368,0.05,0.95,1.0,1.0,нет
100000005187208100,terminal,0.62,6,0.256068,"Наблюдаемый конечный узел: вход от 1 клиентов (14,160 KZT), исходящих нет; колено 3<4.",3,False,1,0,14160.0,0.0,1,0,1,0.0,0.0,False,0.0,0,False,1,0,0,0.301257,0.082073,0.034253,0.054048,0.079004,0.051879,0.0,0.85,1.0,1.0,нет
100000005189258100,peripheral,0.55,6,0.179392,"Граница обхода: колено 4, вход от 1 клиентов; исходящие не выгружены. У похожих узлов колен 1–3 выход есть в 29% случаев.",4,False,1,0,50000.0,0.0,1,0,1,0.0,0.0,True,0.287,0,False,1,0,0,0.367983,0.082073,0.100979,0.054048,0.079004,0.051879,0.0,0.75,0.65,1.0,нет
100000005198498100,terminal,0.62,2,0.288737,"Наблюдаемый конечный узел: вход от 1 клиентов (28,800 KZT), исходящих нет; колено 3<4.",3,False,1,0,28800.0,0.0,1,0,1,0.0,0.0,False,0.0,0,False,1,0,0,0.339691,0.082073,0.072687,0.054048,0.079004,0.051879,0.0,0.85,1.0,1.0,нет
100000005198906100,peripheral,0.6,6,0.516759,"Недостаточно признаков роли: 1 плательщиков, 1 получателей, колено 3.",3,False,1,1,227970.0,60000.0,1,1,3,9.2757e-06,0.0,False,0.0,0,False,1,1,0,0.689012,0.082073,0.162367,0.16339,0.166815,0.114368,0.0,0.75,1.0,1.0,нет
100000005203590100,terminal,0.62,9,0.333997,"Наблюдаемый конечный узел: вход от 1 клиентов (90,000 KZT), исходящих нет; колено 2<4.",2,False,1,0,90000.0,0.0,1,0,1,0.0,0.0,False,0.0,0,False,1,0,0,0.392938,0.082073,0.125934,0.054048,0.079004,0.051879,0.0,0.85,1.0,1.0,нет
100000005205745100,terminal,0.62,9,0.329838,"Наблюдаемый конечный узел: вход от 1 клиентов (6,000 KZT), исходящих нет; колено 2<4.",2,False,1,0,6000.0,0.0,1,0,3,0.0,0.0,False,0.0,0,False,1,0,1,0.388045,0.082073,0.011699,0.16339,0.079004,0.051879,0.0,0.85,1.0,1.0,нет
100000005209352100,peripheral,0.55,1,0.169438,"Граница обхода: колено 4, вход от 1 клиентов; исходящие не выгружены. У похожих узлов колен 1–3 выход есть в 29% случаев.",4,False,1,0,5000.0,0.0,1,0,2,0.0,0.0,True,0.287,0,False,1,0,1,0.347565,0.082073,0.006272,0.128336,0.079004,0.051879,0.0,0.75,0.65,1.0,нет
100000005222360100,peripheral,0.6,15,0.340036,"Недостаточно признаков роли: 1 плательщиков, 1 получателей, колено 3.",3,False,1,1,5000.0,27000.0,1,1,1,0.000259721,0.0,False,0.0,0,False,1,1,1,0.453381,0.082073,0.006272,0.054048,0.196619,0.114368,0.0,0.75,1.0,1.0,нет
100000005226217100,peripheral,0.55,3,0.188044,"Граница обхода: колено 4, вход от 1 клиентов; исходящие не выгружены. У похожих узлов колен 1–3 выход есть в 29% случаев.",4,False,1,0,17500.0,0.0,1,0,2,0.0,0.0,True,0.287,0,False,1,0,0,0.385732,0.082073,0.04444,0.128336,0.079004,0.051879,0.0,0.75,0.65,1.0,нет
100000005228059100,terminal,0.62,2,0.284616,"Наблюдаемый конечный узел: вход от 1 клиентов (26,000 KZT), исходящих нет; колено 1<4.",1,False,1,0,26000.0,0.0,1,0,1,0.0,0.0,False,0.0,0,False,1,0,0,0.334842,0.082073,0.067838,0.054048,0.079004,0.051879,0.0,0.85,1.0,1.0,нет
100000005233755100,peripheral,0.6,17,0.399288,"Недостаточно признаков роли: 1 плательщиков, 1 получателей, колено 3.",3,False,1,1,25000.0,5000.0,1,1,1,9.2757e-06,1.0,False,0.0,0,False,1,1,0,0.532384,0.082073,0.06508,0.054048,0.166815,0.114368,0.05,0.75,1.0,1.0,нет
100000005235389100,peripheral,0.6,81,0.120332,"Seed без исходящих в выборке; входящий поток неполон, структурная роль не установлена.",0,True,0,0,0.0,0.0,0,0,1,0.0,0.0,False,0.0,0,False,0,0,0,0.188757,0.001913,0.001913,0.054048,0.079004,0.051879,0.0,0.75,1.0,0.85,нет
100000005237935150,terminal,0.62,10,0.296526,"Наблюдаемый конечный узел: вход от 1 клиентов (34,508 KZT), исходящих нет; колено 2<4.",2,False,1,0,34508.0,0.0,1,0,1,0.0,0.0,False,0.0,0,False,1,0,0,0.348855,0.082073,0.081851,0.054048,0.079004,0.051879,0.0,0.85,1.0,1.0,нет
100000005241556100,terminal,0.62,21,0.338951,"Наблюдаемый конечный узел: вход от 1 клиентов (100,000 KZT), исходящих нет; колено 3<4.",3,False,1,0,100000.0,0.0,1,0,1,0.0,0.0,False,0.0,0,False,1,0,0,0.398766,0.082073,0.131762,0.054048,0.079004,0.051879,0.0,0.85,1.0,1.0,нет
100000005242320100,distributor,0.94,10,0.868728,"Признаки распределения: 21 получателей против 2 плательщиков, исходящий поток 8,936,295 KZT.",2,False,2,21,365700.0,8936295.0,2,29,2,0.0001159469,1.0,False,0.0,0,False,1,3,0,0.868728,0.171308,0.177046,0.128336,0.193772,0.148265,0.05,1.0,1.0,1.0,нет
100000005264874100,peripheral,0.6,38,0.315205,"Недостаточно признаков роли: 1 плательщиков, 2 получателей, колено 3.",3,False,1,2,30000.0,78000.0,1,3,1,0.0,0.0,False,0.0,1,False,1,1,0,0.420274,0.082073,0.075534,0.054048,0.079004,0.129615,0.0,0.75,1.0,1.0,возвратный поток (1 цикл.)
100000005264990100,peripheral,0.6,20,0.387683,"Недостаточно признаков роли: 1 плательщиков, 2 получателей, колено 0.",0,True,1,2,17070.0,122000.0,1,2,3,5.56545e-05,0.0,False,0.0,0,False,1,1,0,0.608129,0.082073,0.042883,0.16339,0.190169,0.129615,0.0,0.75,1.0,0.85,нет
100000005265073100,peripheral,0.6,20,0.379404,"Недостаточно признаков роли: 1 плательщиков, 1 получателей, колено 3.",3,False,1,1,5000.0,9000.0,1,1,2,9.3734e-06,0.0,False,0.0,0,False,1,1,1,0.505872,0.082073,0.006272,0.128336,0.174822,0.114368,0.0,0.75,1.0,1.0,нет
100000005268319100,peripheral,0.6,1,0.419248,"Недостаточно признаков роли: 1 плательщиков, 5 получателей, колено 3.",3,False,1,5,19712.8,91000.0,2,10,1,1.97883e-05,1.0,False,0.0,1,False,1,2,1,0.558997,0.082073,0.049466,0.054048,0.181317,0.142093,0.05,0.75,1.0,1.0,возвратный поток (1 цикл.)
100000005272139100,peripheral,0.55,5,0.203485,"Граница обхода: колено 4, вход от 1 клиентов; исходящие не выгружены. У похожих узлов колен 1–3 выход есть в 29% случаев.",4,False,1,0,165000.0,0.0,1,0,1,0.0,0.0,True,0.287,0,False,1,0,0,0.417404,0.082073,0.1504,0.054048,0.079004,0.051879,0.0,0.75,0.65,1.0,нет
100000005287097100,distributor,0.7,5,0.867304,"Признаки распределения: 9 получателей против 2 плательщиков, исходящий поток 697,300 KZT.",1,False,2,9,127173.0,697300.0,5,42,3,0.0002541555,1.0,False,0.0,6,True,1,6,1,0.867304,0.171308,0.140569,0.16339,0.196441,0.145596,0.05,1.0,1.0,1.0,возвратный поток с seed (6 цикл.); повтор одной суммы ×6
100000005293969100,peripheral,0.55,1,0.135022,"Граница обхода: колено 4, вход от 1 клиентов; исходящие не выгружены. У похожих узлов колен 1–3 выход есть в 29% случаев.",4,False,1,0,5466.97,0.0,1,0,1,0.0,0.0,True,0.287,0,False,1,0,1,0.276968,0.082073,0.009964,0.054048,0.079004,0.051879,0.0,0.75,0.65,1.0,нет
100000005308954100,peripheral,0.6,5,0.399188,"Недостаточно признаков роли: 1 плательщиков, 1 получателей, колено 3.",3,False,1,1,69020.0,30000.0,1,1,1,9.2757e-06,0.0,False,0.0,0,False,1,1,0,0.532251,0.082073,0.114947,0.054048,0.166815,0.114368,0.0,0.75,1.0,1.0,нет
100000005314565100,terminal,0.62,1,0.364095,"Наблюдаемый конечный узел: вход от 1 клиентов (218,500 KZT), исходящих нет; колено 3<4.",3,False,1,0,218500.0,0.0,3,0,1,0.0,0.0,False,0.0,0,False,1,0,0,0.428347,0.082073,0.161343,0.054048,0.079004,0.051879,0.0,0.85,1.0,1.0,нет
100000005316708100,peripheral,0.6,10,0.353005,"Недостаточно признаков роли: 1 плательщиков, 2 получателей, колено 1.",1,False,1,2,90000.0,257500.0,1,4,1,0.0,0.0,False,0.0,0,False,1,1,0,0.470674,0.082073,0.125934,0.054048,0.079004,0.129615,0.0,0.75,1.0,1.0,нет
100000005317181100,peripheral,0.6,1,0.477358,"Недостаточно признаков роли: 1 плательщиков, 1 получателей, колено 3.",3,False,1,1,141250.0,14500.0,1,1,2,9.2757e-06,0.0,False,0.0,0,False,1,1,0,0.636477,0.082073,0.144884,0.128336,0.166815,0.114368,0.0,0.75,1.0,1.0,нет
100000005326681100,terminal,0.62,16,0.386669,"Наблюдаемый конечный узел: вход от 1 клиентов (31,228 KZT), исходящих нет; колено 2<4.",2,False,1,0,31228.0,0.0,1,0,3,0.0,0.0,False,0.0,0,False,1,0,0,0.454904,0.082073,0.078559,0.16339,0.079004,0.051879,0.0,0.85,1.0,1.0,нет
100000005328215100,terminal,0.62,12,0.287149,"Наблюдаемый конечный узел: вход от 1 клиентов (27,000 KZT), исходящих нет; колено 2<4.",2,False,1,0,27000.0,0.0,1,0,1,0.0,0.0,False,0.0,0,False,1,0,0,0.337823,0.082073,0.070819,0.054048,0.079004,0.051879,0.0,0.85,1.0,1.0,нет
100000005339662100,peripheral,0.6,16,0.669312,"Недостаточно признаков роли: 4 плательщиков, 4 получателей, колено 1.",1,False,4,4,202939.0,295160.0,9,15,3,2.95278e-05,1.0,False,0.0,3,False,2,3,4,0.892415,0.193817,0.159609,0.16339,0.185409,0.140191,0.05,0.75,1.0,1.0,возвратный поток (3 цикл.)
100000005342513100,peripheral,0.6,2,0.388712,"Недостаточно признаков роли: 1 плательщиков, 1 получателей, колено 3.",3,False,1,1,235000.0,30000.0,2,1,1,0.0,0.5,False,0.0,1,False,1,1,0,0.518283,0.082073,0.16379,0.054048,0.079004,0.114368,0.025,0.75,1.0,1.0,возвратный поток (1 цикл.)
100000005357034100,terminal,0.62,1,0.30666,"Наблюдаемый конечный узел: вход от 1 клиентов (9,754 KZT), исходящих нет; колено 3<4.",3,False,1,0,9754.0,0.0,1,0,2,0.0,0.0,False,0.0,0,False,1,0,1,0.360776,0.082073,0.019484,0.128336,0.079004,0.051879,0.0,0.85,1.0,1.0,нет
100000005357705100,peripheral,0.6,7,0.463362,"Недостаточно признаков роли: 1 плательщиков, 4 получателей, колено 3.",3,False,1,4,52595.0,387080.0,1,5,1,3.7103e-05,1.0,False,0.0,0,False,1,1,0,0.617816,0.082073,0.104893,0.054048,0.18661,0.140191,0.05,0.75,1.0,1.0,нет
100000005360814100,peripheral,0.55,7,0.201077,"Граница обхода: колено 4, вход от 1 клиентов; исходящие не выгружены. У похожих узлов колен 1–3 выход есть в 29% случаев.",4,False,1,0,144000.0,0.0,3,0,1,0.0,0.0,True,0.287,0,False,1,0,0,0.412467,0.082073,0.145463,0.054048,0.079004,0.051879,0.0,0.75,0.65,1.0,нет
100000005362848100,terminal,0.62,8,0.289078,"Наблюдаемый конечный узел: вход от 1 клиентов (29,000 KZT), исходящих нет; колено 3<4.",3,False,1,0,29000.0,0.0,1,0,1,0.0,0.0,False,0.0,0,False,1,0,0,0.340091,0.082073,0.073087,0.054048,0.079004,0.051879,0.0,0.85,1.0,1.0,нет
100000005363908100,transit,0.85,50,0.4073,"Признаки транзита: отдал 100% видимого входа; 1→1 связей, быстрый выход 100%.",1,False,1,1,19500.0,19500.0,1,1,1,0.0,1.0,False,0.0,0,False,1,1,0,0.428737,0.082073,0.049244,0.054048,0.079004,0.114368,0.05,0.95,1.0,1.0,нет
100000005367180100,peripheral,0.55,7,0.137711,"Граница обхода: колено 4, вход от 1 клиентов; исходящие не выгружены. У похожих узлов колен 1–3 выход есть в 29% случаев.",4,False,1,0,7700.0,0.0,1,0,1,0.0,0.0,True,0.287,0,False,1,0,1,0.282484,0.082073,0.01548,0.054048,0.079004,0.051879,0.0,0.75,0.65,1.0,нет
100000005367284100,peripheral,0.6,1,0.451293,"Недостаточно признаков роли: 1 плательщиков, 2 получателей, колено 3.",3,False,1,2,13700.0,48300.0,1,5,2,1.85515e-05,1.0,False,0.0,0,False,1,2,0,0.601724,0.082073,0.032918,0.128336,0.178781,0.129615,0.05,0.75,1.0,1.0,нет
100000005367445100,transit,0.85,3,0.366477,"Признаки транзита: отдал 100% видимого входа; 1→1 связей, быстрый выход 100%.",3,False,1,1,5000.0,5000.0,1,1,1,0.0,1.0,False,0.0,1,False,1,1,1,0.385765,0.082073,0.006272,0.054048,0.079004,0.114368,0.05,0.95,1.0,1.0,возвратный поток (1 цикл.)
100000005370558100,peripheral,0.55,1,0.133222,"Граница обхода: колено 4, вход от 1 клиентов; исходящие не выгружены. У похожих узлов колен 1–3 выход есть в 29% случаев.",4,False,1,0,5000.0,0.0,1,0,1,0.0,0.0,True,0.287,0,False,1,0,1,0.273276,0.082073,0.006272,0.054048,0.079004,0.051879,0.0,0.75,0.65,1.0,нет
100000005370580100,peripheral,0.6,14,0.280019,"Seed без исходящих в выборке; входящий поток неполон, структурная роль не установлена.",0,True,1,0,24075.0,0.0,1,0,3,0.0,0.0,False,0.0,0,False,1,0,0,0.439246,0.082073,0.0629,0.16339,0.079004,0.051879,0.0,0.75,1.0,0.85,нет
100000005375968100,peripheral,0.6,1,0.540639,"Недостаточно признаков роли: 1 плательщиков, 2 получателей, колено 3.",3,False,1,2,170082.0,86000.0,1,4,2,1.85515e-05,1.0,False,0.0,0,False,1,1,0,0.720852,0.082073,0.152046,0.128336,0.178781,0.129615,0.05,0.75,1.0,1.0,нет
100000005382566100,consolidator,0.835,20,0.751553,"Признаки консолидации: 7 плательщиков, 1 получателей, входящий поток 393,066 KZT.",0,True,7,1,393066.0,50000.0,11,1,12,2.78272e-05,0.18181818181818182,False,0.0,1,True,2,1,2,0.88418,0.19831,0.178826,0.2,0.183585,0.114368,0.009091,1.0,1.0,0.85,возвратный поток с seed (1 цикл.)
100000005386383100,peripheral,0.6,20,0.477501,"Недостаточно признаков роли: 2 плательщиков, 1 получателей, колено 0.",0,True,2,1,37500.0,29000.0,2,1,5,2.78272e-05,0.0,False,0.0,0,False,2,1,0,0.749021,0.171308,0.085632,0.194128,0.183585,0.114368,0.0,0.75,1.0,0.85,нет
100000005392290100,peripheral,0.6,70,0.160169,"Недостаточно признаков роли: 0 плательщиков, 1 получателей, колено 0.",0,True,0,1,0.0,81465.0,0,1,1,0.0,0.0,False,0.0,0,False,0,1,0,0.251246,0.001913,0.001913,0.054048,0.079004,0.114368,0.0,0.75,1.0,0.85,нет
100000005394708100,peripheral,0.6,20,0.335498,"Недостаточно признаков роли: 1 плательщиков, 1 получателей, колено 1.",1,False,1,1,26000.0,65000.0,1,1,1,0.0,1.0,False,0.0,0,False,1,1,0,0.447331,0.082073,0.067838,0.054048,0.079004,0.114368,0.05,0.75,1.0,1.0,нет
100000005395727100,peripheral,0.6,16,0.280757,"Seed без исходящих в выборке; входящий поток неполон, структурная роль не установлена.",0,True,1,0,17000.0,0.0,1,0,4,0.0,0.0,False,0.0,0,False,1,0,0,0.440403,0.082073,0.042527,0.18492,0.079004,0.051879,0.0,0.75,1.0,0.85,нет
100000005402643100,peripheral,0.6,3,0.35268,"Недостаточно признаков роли: 1 плательщиков, 1 получателей, колено 2.",2,False,1,1,127800.0,90000.0,1,1,1,0.0,0.0,False,0.0,0,False,1,1,0,0.47024,0.082073,0.140747,0.054048,0.079004,0.114368,0.0,0.75,1.0,1.0,нет
100000005409156100,terminal,0.66,6,0.53799,"Наблюдаемый конечный узел: вход от 2 клиентов (260,080 KZT), исходящих нет; колено 3<4.",3,False,2,0,260080.0,0.0,2,0,3,0.0,0.0,False,0.0,0,False,1,0,0,0.632929,0.171308,0.167349,0.16339,0.079004,0.051879,0.0,0.85,1.0,1.0,нет
100000005409680100,peripheral,0.6,18,0.385201,"Seed без исходящих в выборке; входящий поток неполон, структурная роль не установлена.",0,True,2,0,55060.0,0.0,2,0,5,0.0,0.0,False,0.0,0,False,1,0,0,0.604237,0.171308,0.107918,0.194128,0.079004,0.051879,0.0,0.75,1.0,0.85,нет
100000005413948100,peripheral,0.6,3,0.433952,"Недостаточно признаков роли: 2 плательщиков, 1 получателей, колено 2.",2,False,2,1,28215.0,5000.0,2,1,1,9.2757e-06,0.0,False,0.0,1,False,1,1,1,0.578603,0.171308,0.072064,0.054048,0.166815,0.114368,0.0,0.75,1.0,1.0,возвратный поток (1 цикл.)
100000005417257100,peripheral,0.6,20,0.169889,"Недостаточно признаков роли: 0 плательщиков, 2 получателей, колено 0.",0,True,0,2,0.0,106000.0,0,2,1,0.0,0.0,False,0.0,0,False,0,1,0,0.266492,0.001913,0.001913,0.054048,0.079004,0.129615,0.0,0.75,1.0,0.85,нет
100000005432267100,terminal,0.66,4,0.563626,"Наблюдаемый конечный узел: вход от 2 клиентов (350,001 KZT), исходящих нет; колено 1<4.",1,False,2,0,350001.0,0.0,2,0,4,0.0,0.0,False,0.0,0,False,2,0,0,0.663089,0.171308,0.175979,0.18492,0.079004,0.051879,0.0,0.85,1.0,1.0,нет
100000005454368100,peripheral,0.6,14,0.359225,"Seed без исходящих в выборке; входящий поток неполон, структурная роль не установлена.",0,True,2,0,48600.0,0.0,2,0,3,0.0,0.0,False,0.0,0,False,1,0,0,0.56349,0.171308,0.097909,0.16339,0.079004,0.051879,0.0,0.75,1.0,0.85,нет
100000005456919100,peripheral,0.6,44,0.463218,"Недостаточно признаков роли: 2 плательщиков, 1 получателей, колено 1.",1,False,2,1,479950.0,5000.0,10,1,1,0.0,0.3,False,0.0,3,True,2,1,0,0.617625,0.171308,0.183897,0.054048,0.079004,0.114368,0.015,0.75,1.0,1.0,возвратный поток с seed (3 цикл.)
100000005473151100,peripheral,0.6,8,0.643389,"Недостаточно признаков роли: 3 плательщиков, 4 получателей, колено 1.",1,False,3,4,1220000.0,225000.0,4,6,2,0.0001020332,0.25,False,0.0,1,False,2,3,0,0.857851,0.187189,0.196441,0.128336,0.193194,0.140191,0.0125,0.75,1.0,1.0,возвратный поток (1 цикл.)
100000005474472100,terminal,0.62,25,0.338951,"Наблюдаемый конечный узел: вход от 1 клиентов (100,000 KZT), исходящих нет; колено 2<4.",2,False,1,0,100000.0,0.0,1,0,1,0.0,0.0,False,0.0,0,False,1,0,0,0.398766,0.082073,0.131762,0.054048,0.079004,0.051879,0.0,0.85,1.0,1.0,нет
100000005475379100,peripheral,0.6,12,0.443895,"Недостаточно признаков роли: 1 плательщиков, 3 получателей, колено 3.",3,False,1,3,108370.0,81000.0,1,3,1,2.78272e-05,0.0,False,0.0,0,False,1,1,0,0.591859,0.082073,0.135498,0.054048,0.183585,0.136655,0.0,0.75,1.0,1.0,нет
100000005480435100,peripheral,0.6,82,0.120332,"Seed без исходящих в выборке; входящий поток неполон, структурная роль не установлена.",0,True,0,0,0.0,0.0,0,0,1,0.0,0.0,False,0.0,0,False,0,0,0,0.188757,0.001913,0.001913,0.054048,0.079004,0.051879,0.0,0.75,1.0,0.85,нет
100000005481280100,peripheral,0.6,16,0.518227,"Недостаточно признаков роли: 1 плательщиков, 3 получателей, колено 2.",2,False,1,3,32700.0,50000.0,1,3,3,1.85515e-05,1.0,False,0.0,0,False,1,2,0,0.69097,0.082073,0.080071,0.16339,0.178781,0.136655,0.05,0.75,1.0,1.0,нет
100000005485830100,peripheral,0.6,47,0.177843,"Недостаточно признаков роли: 0 плательщиков, 5 получателей, колено 0.",0,True,0,5,0.0,275885.0,0,9,1,0.0,0.0,False,0.0,0,False,0,2,0,0.27897,0.001913,0.001913,0.054048,0.079004,0.142093,0.0,0.75,1.0,0.85,нет
100000005493505100,peripheral,0.6,14,0.400033,"Seed без исходящих в выборке; входящий поток неполон, структурная роль не установлена.",0,True,3,0,62020.0,0.0,3,0,7,0.0,0.0,False,0.0,0,False,1,0,0,0.627502,0.187189,0.111655,0.197776,0.079004,0.051879,0.0,0.75,1.0,0.85,нет
100000005495211100,peripheral,0.55,1,0.183252,"Граница обхода: колено 4, вход от 1 клиентов; исходящие не выгружены. У похожих узлов колен 1–3 выход есть в 29% случаев.",4,False,1,0,14500.0,0.0,1,0,2,0.0,0.0,True,0.287,0,False,1,0,0,0.375901,0.082073,0.034609,0.128336,0.079004,0.051879,0.0,0.75,0.65,1.0,нет
100000005495722100,peripheral,0.6,83,0.120332,"Seed без исходящих в выборке; входящий поток неполон, структурная роль не установлена.",0,True,0,0,0.0,0.0,0,0,1,0.0,0.0,False,0.0,0,False,0,0,0,0.188757,0.001913,0.001913,0.054048,0.079004,0.051879,0.0,0.75,1.0,0.85,нет
100000005496254100,terminal,0.62,1,0.253195,"Наблюдаемый конечный узел: вход от 1 клиентов (12,700 KZT), исходящих нет; колено 1<4.",1,False,1,0,12700.0,0.0,1,0,1,0.0,0.0,False,0.0,0,False,1,0,0,0.297876,0.082073,0.030872,0.054048,0.079004,0.051879,0.0,0.85,1.0,1.0,нет
100000005497148100,peripheral,0.55,6,0.21372,"Граница обхода: колено 4, вход от 1 клиентов; исходящие не выгружены. У похожих узлов колен 1–3 выход есть в 29% случаев.",4,False,1,0,24000.0,0.0,2,0,3,0.0,0.0,True,0.287,0,False,1,0,0,0.438401,0.082073,0.062055,0.16339,0.079004,0.051879,0.0,0.75,0.65,1.0,нет
100000005498992100,distributor,0.89,3,0.241775,"Признаки распределения: 16 получателей против 0 плательщиков, исходящий поток 2,262,868 KZT.",0,True,0,16,0.0,2262868.0,0,19,1,0.0,0.0,False,0.0,0,False,0,1,0,0.284442,0.001913,0.001913,0.054048,0.079004,0.147565,0.0,1.0,1.0,0.85,нет
100000005505655100,peripheral,0.6,27,0.535209,"Недостаточно признаков роли: 2 плательщиков, 1 получателей, колено 1.",1,False,2,1,33070.0,20000.0,2,1,2,0.0001298605,0.5,False,0.0,1,False,1,1,0,0.713612,0.171308,0.080338,0.128336,0.194262,0.114368,0.025,0.75,1.0,1.0,возвратный поток (1 цикл.)
100000005507142100,peripheral,0.6,38,0.42034,"Недостаточно признаков роли: 3 плательщиков, 3 получателей, колено 2.",2,False,3,3,51000.0,100000.0,3,4,1,0.0,0.0,False,0.0,2,False,1,2,0,0.560454,0.187189,0.103559,0.054048,0.079004,0.136655,0.0,0.75,1.0,1.0,возвратный поток (2 цикл.)
100000005514161100,consolidator,0.65,10,0.863835,"Признаки консолидации: 4 плательщиков, 1 получателей, входящий поток 401,500 KZT.",1,False,4,1,401500.0,50000.0,7,1,6,1.85515e-05,0.0,False,0.0,0,False,2,1,0,0.863835,0.193817,0.179804,0.197064,0.178781,0.114368,0.0,1.0,1.0,1.0,нет
100000005519347100,peripheral,0.6,5,0.43139,"Недостаточно признаков роли: 2 плательщиков, 1 получателей, колено 0.",0,True,2,1,73100.0,99000.0,2,1,5,0.0,0.0,False,0.0,0,False,1,1,0,0.67669,0.171308,0.117883,0.194128,0.079004,0.114368,0.0,0.75,1.0,0.85,нет
100000005519998100,transit,0.7853,35,0.710319,"Признаки транзита: отдал 103% видимого входа; 3→3 связей, быстрый выход 60%.",2,False,3,3,182000.0,188000.0,5,8,1,3.47841e-05,0.6,False,0.0,8,False,1,2,0,0.747705,0.187189,0.153959,0.054048,0.185854,0.136655,0.03,0.95,1.0,1.0,возвратный поток (8 цикл.)
100000005523088100,peripheral,0.6,20,0.384124,"Seed без исходящих в выборке; входящий поток неполон, структурная роль не установлена.",0,True,1,0,700000.0,0.0,2,0,8,0.0,0.0,False,0.0,0,False,1,0,0,0.602547,0.082073,0.190881,0.19871,0.079004,0.051879,0.0,0.75,1.0,0.85,нет
100000005527892100,coordinator,0.65,21,0.909201,"Гипотеза координации: достижим из 4 seed, 3 плательщиков, мост 0.0003.",1,False,3,8,220001.0,552419.0,3,8,4,0.0002690113,0.6666666666666666,False,0.0,0,False,1,3,0,0.909201,0.187189,0.161744,0.18492,0.196886,0.145129,0.033333,1.0,1.0,1.0,нет
100000005530114100,peripheral,0.6,17,0.439824,"Недостаточно признаков роли: 2 плательщиков, 1 получателей, колено 3.",3,False,2,1,136970.0,25000.0,2,1,1,0.0,0.5,False,0.0,0,False,1,1,0,0.586432,0.171308,0.142705,0.054048,0.079004,0.114368,0.025,0.75,1.0,1.0,нет
100000005532138100,terminal,0.62,11,0.283519,"Наблюдаемый конечный узел: вход от 1 клиентов (25,046 KZT), исходящих нет; колено 3<4.",3,False,1,0,25046.0,0.0,1,0,1,0.0,0.0,False,0.0,0,False,1,0,0,0.333552,0.082073,0.066548,0.054048,0.079004,0.051879,0.0,0.85,1.0,1.0,нет
100000005539201100,peripheral,0.6,5,0.448332,"Недостаточно признаков роли: 1 плательщиков, 1 получателей, колено 1.",1,False,1,1,45504.0,25000.0,1,1,2,1.85515e-05,0.0,False,0.0,0,False,1,1,0,0.597776,0.082073,0.094217,0.128336,0.178781,0.114368,0.0,0.75,1.0,1.0,нет
100000005539910100,peripheral,0.6,4,0.531898,"Недостаточно признаков роли: 1 плательщиков, 2 получателей, колено 2.",2,False,1,2,102000.0,22000.0,1,2,4,1.85515e-05,0.0,False,0.0,0,False,1,1,0,0.709197,0.082073,0.133808,0.18492,0.178781,0.129615,0.0,0.75,1.0,1.0,нет
100000005543136100,peripheral,0.6,14,0.160169,"Недостаточно признаков роли: 0 плательщиков, 1 получателей, колено 0.",0,True,0,1,0.0,10000.0,0,1,1,0.0,0.0,False,0.0,0,False,0,1,0,0.251246,0.001913,0.001913,0.054048,0.079004,0.114368,0.0,0.75,1.0,0.85,нет
100000005546031100,peripheral,0.6,50,0.436766,"Недостаточно признаков роли: 3 плательщиков, 1 получателей, колено 1.",1,False,3,1,66800.0,8000.0,6,1,1,0.0,0.6666666666666666,False,0.0,1,False,2,1,4,0.582355,0.187189,0.114413,0.054048,0.079004,0.114368,0.033333,0.75,1.0,1.0,возвратный поток (1 цикл.); 4 входов у порога 5–10 тыс.
100000005547096100,peripheral,0.6,50,0.270766,"Недостаточно признаков роли: 1 плательщиков, 2 получателей, колено 2.",2,False,1,2,8000.0,226300.0,1,3,1,0.0,0.0,False,0.0,1,False,1,1,1,0.361021,0.082073,0.016281,0.054048,0.079004,0.129615,0.0,0.75,1.0,1.0,возвратный поток (1 цикл.)
100000005550592100,peripheral,0.6,84,0.120332,"Seed без исходящих в выборке; входящий поток неполон, структурная роль не установлена.",0,True,0,0,0.0,0.0,0,0,1,0.0,0.0,False,0.0,0,False,0,0,0,0.188757,0.001913,0.001913,0.054048,0.079004,0.051879,0.0,0.75,1.0,0.85,нет
100000005553088100,peripheral,0.55,7,0.151829,"Граница обхода: колено 4, вход от 1 клиентов; исходящие не выгружены. У похожих узлов колен 1–3 выход есть в 29% случаев.",4,False,1,0,17500.0,0.0,1,0,1,0.0,0.0,True,0.287,0,False,1,0,0,0.311444,0.082073,0.04444,0.054048,0.079004,0.051879,0.0,0.75,0.65,1.0,нет
100000005560900100,peripheral,0.6,85,0.120332,"Seed без исходящих в выборке; входящий поток неполон, структурная роль не установлена.",0,True,0,0,0.0,0.0,0,0,1,0.0,0.0,False,0.0,0,False,0,0,0,0.188757,0.001913,0.001913,0.054048,0.079004,0.051879,0.0,0.75,1.0,0.85,нет
100000005561741100,terminal,0.62,8,0.345416,"Наблюдаемый конечный узел: вход от 1 клиентов (25,000 KZT), исходящих нет; колено 2<4.",2,False,1,0,25000.0,0.0,1,0,2,0.0,0.0,False,0.0,0,False,1,0,0,0.406372,0.082073,0.06508,0.128336,0.079004,0.051879,0.0,0.85,1.0,1.0,нет
100000005567828100,peripheral,0.55,8,0.22877,"Граница обхода: колено 4, вход от 1 клиентов; исходящие не выгружены. У похожих узлов колен 1–3 выход есть в 29% случаев.",4,False,1,0,94000.0,0.0,1,0,2,0.0,0.0,True,0.287,0,False,1,0,0,0.469273,0.082073,0.12798,0.128336,0.079004,0.051879,0.0,0.75,0.65,1.0,нет
100000005568407100,peripheral,0.6,86,0.120332,"Seed без исходящих в выборке; входящий поток неполон, структурная роль не установлена.",0,True,0,0,0.0,0.0,0,0,1,0.0,0.0,False,0.0,0,False,0,0,0,0.188757,0.001913,0.001913,0.054048,0.079004,0.051879,0.0,0.75,1.0,0.85,нет
100000005572303100,peripheral,0.6,5,0.493038,"Недостаточно признаков роли: 1 плательщиков, 1 получателей, колено 2.",2,False,1,1,75000.0,20000.0,1,1,3,1.85515e-05,0.0,False,0.0,0,False,1,1,0,0.657384,0.082073,0.118772,0.16339,0.178781,0.114368,0.0,0.75,1.0,1.0,нет
100000005578559100,distributor,0.94,8,0.835009,"Признаки распределения: 21 получателей против 2 плательщиков, исходящий поток 893,164 KZT.",2,False,2,21,131000.0,893163.67,2,23,2,0.0001623256,1.0,False,0.0,1,False,1,2,0,0.835009,0.171308,0.141593,0.128336,0.195507,0.148265,0.05,1.0,1.0,1.0,возвратный поток (1 цикл.)
100000005584222100,peripheral,0.6,1,0.542485,"Недостаточно признаков роли: 2 плательщиков, 2 получателей, колено 1.",1,False,2,2,192717.0,108587.0,6,3,1,1.85515e-05,0.6666666666666666,False,0.0,1,False,1,1,1,0.723313,0.171308,0.156228,0.054048,0.178781,0.129615,0.033333,0.75,1.0,1.0,возвратный поток (1 цикл.)
100000005588444100,terminal,0.62,11,0.25259,"Наблюдаемый конечный узел: вход от 1 клиентов (12,300 KZT), исходящих нет; колено 1<4.",1,False,1,0,12300.0,0.0,1,0,1,0.0,0.0,False,0.0,0,False,1,0,0,0.297164,0.082073,0.03016,0.054048,0.079004,0.051879,0.0,0.85,1.0,1.0,нет
100000005589319100,peripheral,0.55,4,0.163236,"Граница обхода: колено 4, вход от 1 клиентов; исходящие не выгружены. У похожих узлов колен 1–3 выход есть в 29% случаев.",4,False,1,0,26000.0,0.0,1,0,1,0.0,0.0,True,0.287,0,False,1,0,0,0.334842,0.082073,0.067838,0.054048,0.079004,0.051879,0.0,0.75,0.65,1.0,нет
100000005602999100,peripheral,0.6,34,0.475381,"Недостаточно признаков роли: 1 плательщиков, 2 получателей, колено 2.",2,False,1,2,5000.0,16000.0,1,3,4,1.87468e-05,1.0,False,0.0,1,False,1,2,1,0.633841,0.082073,0.006272,0.18492,0.180961,0.129615,0.05,0.75,1.0,1.0,возвратный поток (1 цикл.)
100000005608515100,terminal,0.62,11,0.322578,"Наблюдаемый конечный узел: вход от 1 клиентов (64,000 KZT), исходящих нет; колено 2<4.",2,False,1,0,64000.0,0.0,4,0,1,0.0,0.0,False,0.0,0,False,1,0,2,0.379504,0.082073,0.1125,0.054048,0.079004,0.051879,0.0,0.85,1.0,1.0,нет
100000005610717100,consolidator,0.65,1,0.864309,"Признаки консолидации: 4 плательщиков, 1 получателей, входящий поток 484,500 KZT.",3,False,4,1,484500.0,265200.0,6,7,3,9.2757e-06,0.8333333333333334,False,0.0,0,False,1,1,0,0.864309,0.193817,0.184253,0.16339,0.166815,0.114368,0.041667,1.0,1.0,1.0,нет
100000005612411100,distributor,0.62,4,0.875556,"Признаки распределения: 8 получателей против 3 плательщиков, исходящий поток 506,997 KZT.",1,False,3,8,115500.0,506997.0,4,8,3,7.4206e-05,1.0,False,0.0,0,False,2,1,0,0.875556,0.187189,0.1379,0.16339,0.191948,0.145129,0.05,1.0,1.0,1.0,нет
100000005614315100,terminal,0.62,5,0.382283,"Наблюдаемый конечный узел: вход от 1 клиентов (455,000 KZT), исходящих нет; колено 2<4.",2,False,1,0,455000.0,0.0,1,0,1,0.0,0.0,False,0.0,0,False,1,0,0,0.449744,0.082073,0.18274,0.054048,0.079004,0.051879,0.0,0.85,1.0,1.0,нет
100000005616568100,peripheral,0.55,6,0.274701,"Граница обхода: колено 4, вход от 1 клиентов; исходящие не выгружены. У похожих узлов колен 1–3 выход есть в 29% случаев.",4,False,1,0,530000.0,0.0,1,0,3,0.0,0.0,True,0.287,0,False,1,0,0,0.56349,0.082073,0.187144,0.16339,0.079004,0.051879,0.0,0.75,0.65,1.0,нет
100000005619339100,transit,0.6836,5,0.389551,"Признаки транзита: отдал 109% видимого входа; 1→1 связей, быстрый выход 0%.",2,False,1,1,5000.0,5442.6,1,1,2,0.0,0.0,False,0.0,0,False,1,1,1,0.410053,0.082073,0.006272,0.128336,0.079004,0.114368,0.0,0.95,1.0,1.0,нет
100000005620225100,terminal,0.66,1,0.387122,"Наблюдаемый конечный узел: вход от 2 клиентов (49,846 KZT), исходящих нет; колено 1<4.",1,False,2,0,49845.66,0.0,2,0,1,0.0,0.0,False,0.0,0,False,1,0,1,0.455438,0.171308,0.099199,0.054048,0.079004,0.051879,0.0,0.85,1.0,1.0,нет
100000005621418100,peripheral,0.55,28,0.166987,"Граница обхода: колено 4, вход от 1 клиентов; исходящие не выгружены. У похожих узлов колен 1–3 выход есть в 29% случаев.",4,False,1,0,30000.0,0.0,1,0,1,0.0,0.0,True,0.287,0,False,1,0,0,0.342538,0.082073,0.075534,0.054048,0.079004,0.051879,0.0,0.75,0.65,1.0,нет
100000005628518100,terminal,0.62,18,0.329347,"Наблюдаемый конечный узел: вход от 1 клиентов (77,000 KZT), исходящих нет; колено 3<4.",3,False,1,0,77000.0,0.0,3,0,1,0.0,0.0,False,0.0,0,False,1,0,0,0.387467,0.082073,0.120463,0.054048,0.079004,0.051879,0.0,0.85,1.0,1.0,нет
100000005634552100,peripheral,0.6,1,0.435988,"Недостаточно признаков роли: 1 плательщиков, 3 получателей, колено 1.",1,False,1,3,25850.0,1196000.0,1,4,2,9.2757e-06,0.0,False,0.0,0,False,1,1,0,0.581317,0.082073,0.067438,0.128336,0.166815,0.136655,0.0,0.75,1.0,1.0,нет
100000005636951100,peripheral,0.55,9,0.173233,"Граница обхода: колено 4, вход от 1 клиентов; исходящие не выгружены. У похожих узлов колен 1–3 выход есть в 29% случаев.",4,False,1,0,40000.0,0.0,1,0,1,0.0,0.0,True,0.287,0,False,1,0,0,0.355349,0.082073,0.088345,0.054048,0.079004,0.051879,0.0,0.75,0.65,1.0,нет
100000005660203100,peripheral,0.6,5,0.572634,"Недостаточно признаков роли: 1 плательщиков, 2 получателей, колено 2.",2,False,1,2,572899.0,41000.0,12,5,3,9.3734e-06,0.5,False,0.0,1,False,1,2,1,0.763512,0.082073,0.188612,0.16339,0.174822,0.129615,0.025,0.75,1.0,1.0,возвратный поток (1 цикл.)
100000005661528100,terminal,0.62,7,0.282271,"Наблюдаемый конечный узел: вход от 1 клиентов (25,000 KZT), исходящих нет; колено 3<4.",3,False,1,0,25000.0,0.0,1,0,1,0.0,0.0,False,0.0,0,False,1,0,0,0.332084,0.082073,0.06508,0.054048,0.079004,0.051879,0.0,0.85,1.0,1.0,нет
100000005661829100,transit,0.799,18,0.456733,"Признаки транзита: отдал 107% видимого входа; 1→2 связей, быстрый выход 100%.",3,False,1,2,37790.0,40362.0,1,4,1,0.0,1.0,False,0.0,0,False,1,1,0,0.480772,0.082073,0.086032,0.054048,0.079004,0.129615,0.05,0.95,1.0,1.0,нет
100000005664632100,terminal,0.62,67,0.471896,"Наблюдаемый конечный узел: вход от 1 клиентов (198,620 KZT), исходящих нет; колено 2<4.",2,False,1,0,198620.0,0.0,18,0,4,0.0,0.0,False,0.0,0,False,1,0,8,0.555171,0.082073,0.157295,0.18492,0.079004,0.051879,0.0,0.85,1.0,1.0,нет
100000005664922100,peripheral,0.6,25,0.373732,"Недостаточно признаков роли: 2 плательщиков, 3 получателей, колено 2.",2,False,2,3,22000.0,537000.0,2,4,1,0.0,0.0,False,0.0,1,False,1,1,1,0.49831,0.171308,0.057295,0.054048,0.079004,0.136655,0.0,0.75,1.0,1.0,возвратный поток (1 цикл.)
100000005665181100,distributor,0.6975,6,0.803261,"Признаки распределения: 11 получателей против 4 плательщиков, исходящий поток 181,915 KZT.",2,False,4,11,45498.0,181915.0,5,11,3,0.0001692824,0.2,False,0.0,1,False,2,1,4,0.803261,0.193817,0.094039,0.16339,0.195685,0.14633,0.01,1.0,1.0,1.0,возвратный поток (1 цикл.); 4 входов у порога 5–10 тыс.
100000005667841100,terminal,0.66,3,0.497456,"Наблюдаемый конечный узел: вход от 2 клиентов (186,000 KZT), исходящих нет; колено 3<4.",3,False,2,0,186000.0,0.0,2,0,2,0.0,0.0,False,0.0,0,False,2,0,0,0.585242,0.171308,0.154715,0.128336,0.079004,0.051879,0.0,0.85,1.0,1.0,нет
100000005668605100,peripheral,0.6,20,0.411206,"Seed без исходящих в выборке; входящий поток неполон, структурная роль не установлена.",0,True,3,0,94500.0,0.0,3,0,8,0.0,0.0,False,0.0,0,False,1,0,0,0.645029,0.187189,0.128247,0.19871,0.079004,0.051879,0.0,0.75,1.0,0.85,нет
100000005669845100,terminal,0.62,30,0.271155,"Наблюдаемый конечный узел: вход от 1 клиентов (20,000 KZT), исходящих нет; колено 1<4.",1,False,1,0,20000.0,0.0,1,0,1,0.0,0.0,False,0.0,0,False,1,0,0,0.319006,0.082073,0.052002,0.054048,0.079004,0.051879,0.0,0.85,1.0,1.0,нет
100000005674387100,terminal,0.62,2,0.285901,"Наблюдаемый конечный узел: вход от 1 клиентов (26,200 KZT), исходящих нет; колено 3<4.",3,False,1,0,26200.0,0.0,1,0,1,0.0,0.0,False,0.0,0,False,1,0,0,0.336355,0.082073,0.069351,0.054048,0.079004,0.051879,0.0,0.85,1.0,1.0,нет
100000005685783100,peripheral,0.55,2,0.163626,"Граница обхода: колено 4, вход от 1 клиентов; исходящие не выгружены. У похожих узлов колен 1–3 выход есть в 29% случаев.",4,False,1,0,26150.0,0.0,1,0,1,0.0,0.0,True,0.287,0,False,1,0,0,0.335643,0.082073,0.068639,0.054048,0.079004,0.051879,0.0,0.75,0.65,1.0,нет
100000005704413100,distributor,0.94,8,0.84395,"Признаки распределения: 32 получателей против 3 плательщиков, исходящий поток 1,363,593 KZT.",3,False,3,32,97834.67,1363593.0,4,35,2,0.0074113238,1.0,False,0.0,3,False,2,2,1,0.84395,0.187189,0.129715,0.128336,0.199644,0.149066,0.05,1.0,1.0,1.0,возвратный поток (3 цикл.)
100000005709551100,terminal,0.62,14,0.373662,"Наблюдаемый конечный узел: вход от 1 клиентов (24,560 KZT), исходящих нет; колено 3<4.",3,False,1,0,24560.0,0.0,1,0,3,0.0,0.0,False,0.0,0,False,1,0,0,0.439602,0.082073,0.063256,0.16339,0.079004,0.051879,0.0,0.85,1.0,1.0,нет
100000005711521100,peripheral,0.55,14,0.246531,"Граница обхода: колено 4, вход от 1 клиентов; исходящие не выгружены. У похожих узлов колен 1–3 выход есть в 29% случаев.",4,False,1,0,238000.0,0.0,1,0,2,0.0,0.0,True,0.287,0,False,1,0,0,0.505705,0.082073,0.164413,0.128336,0.079004,0.051879,0.0,0.75,0.65,1.0,нет
100000005723580100,peripheral,0.55,3,0.170544,"Граница обхода: колено 4, вход от 1 клиентов; исходящие не выгружены. У похожих узлов колен 1–3 выход есть в 29% случаев.",4,False,1,0,35000.0,0.0,1,0,1,0.0,0.0,True,0.287,0,False,1,0,0,0.349833,0.082073,0.082829,0.054048,0.079004,0.051879,0.0,0.75,0.65,1.0,нет
100000005730108100,terminal,0.62,1,0.303937,"Наблюдаемый конечный узел: вход от 1 клиентов (8,000 KZT), исходящих нет; колено 2<4.",2,False,1,0,8000.0,0.0,1,0,2,0.0,0.0,False,0.0,0,False,1,0,1,0.357573,0.082073,0.016281,0.128336,0.079004,0.051879,0.0,0.85,1.0,1.0,нет
100000005744674100,peripheral,0.6,20,0.160169,"Недостаточно признаков роли: 0 плательщиков, 1 получателей, колено 0.",0,True,0,1,0.0,50066.0,0,2,1,0.0,0.0,False,0.0,0,False,0,1,0,0.251246,0.001913,0.001913,0.054048,0.079004,0.114368,0.0,0.75,1.0,0.85,нет
100000005745873100,peripheral,0.55,42,0.245404,"Граница обхода: колено 4, вход от 1 клиентов; исходящие не выгружены. У похожих узлов колен 1–3 выход есть в 29% случаев.",4,False,1,0,223000.0,0.0,1,0,2,0.0,0.0,True,0.287,0,False,1,0,0,0.503392,0.082073,0.1621,0.128336,0.079004,0.051879,0.0,0.75,0.65,1.0,нет
100000005754335100,terminal,0.62,43,0.304996,"Наблюдаемый конечный узел: вход от 1 клиентов (44,037 KZT), исходящих нет; колено 3<4.",3,False,1,0,44037.0,0.0,1,0,1,0.0,0.0,False,0.0,0,False,1,0,0,0.358819,0.082073,0.091815,0.054048,0.079004,0.051879,0.0,0.85,1.0,1.0,нет
100000005756189100,peripheral,0.6,6,0.517527,"Недостаточно признаков роли: 1 плательщиков, 1 получателей, колено 3.",3,False,1,1,65000.0,49050.0,1,1,3,9.2757e-06,1.0,False,0.0,0,False,1,1,0,0.690036,0.082073,0.11339,0.16339,0.166815,0.114368,0.05,0.75,1.0,1.0,нет
100000005756535100,terminal,0.62,2,0.271155,"Наблюдаемый конечный узел: вход от 1 клиентов (20,000 KZT), исходящих нет; колено 3<4.",3,False,1,0,20000.0,0.0,1,0,1,0.0,0.0,False,0.0,0,False,1,0,0,0.319006,0.082073,0.052002,0.054048,0.079004,0.051879,0.0,0.85,1.0,1.0,нет
100000005767403100,peripheral,0.55,35,0.225496,"Граница обхода: колено 4, вход от 1 клиентов; исходящие не выгружены. У похожих узлов колен 1–3 выход есть в 29% случаев.",4,False,1,0,1100000.0,0.0,2,0,1,0.0,0.0,True,0.287,0,False,1,0,0,0.462556,0.082073,0.195552,0.054048,0.079004,0.051879,0.0,0.75,0.65,1.0,нет
100000005778283100,terminal,0.7,11,0.589073,"Наблюдаемый конечный узел: вход от 3 клиентов (615,760 KZT), исходящих нет; колено 1<4.",1,False,3,0,615760.0,0.0,3,0,4,0.0,0.0,False,0.0,0,False,1,0,0,0.693027,0.187189,0.190036,0.18492,0.079004,0.051879,0.0,0.85,1.0,1.0,нет
100000005782781100,peripheral,0.6,11,0.674628,"Недостаточно признаков роли: 6 плательщиков, 10 получателей, колено 2.",2,False,6,10,171888.0,1263597.0,10,10,3,0.0001580576,0.9,False,0.0,1,False,3,1,1,0.899504,0.197553,0.152224,0.16339,0.195374,0.145963,0.045,0.75,1.0,1.0,возвратный поток (1 цикл.); 3 плательщиков в один день
100000005782886100,peripheral,0.55,3,0.182753,"Граница обхода: колено 4, вход от 1 клиентов; исходящие не выгружены. У похожих узлов колен 1–3 выход есть в 29% случаев.",4,False,1,0,14000.0,0.0,1,0,2,0.0,0.0,True,0.287,0,False,1,0,0,0.374878,0.082073,0.033585,0.128336,0.079004,0.051879,0.0,0.75,0.65,1.0,нет
100000005783452100,peripheral,0.55,10,0.293069,"Граница обхода: колено 4, вход от 2 клиентов; исходящие не выгружены. У похожих узлов колен 1–3 выход есть в 57% случаев.",4,False,2,0,286500.0,0.0,2,0,2,0.0,0.0,True,0.57,0,False,2,0,0,0.601168,0.171308,0.170641,0.128336,0.079004,0.051879,0.0,0.75,0.65,1.0,продлить обход: скрытый выход ~57%
100000005799271100,terminal,0.62,12,0.417485,"Наблюдаемый конечный узел: вход от 1 клиентов (45,000 KZT), исходящих нет; колено 2<4.",2,False,1,0,45000.0,0.0,2,0,4,0.0,0.0,False,0.0,0,False,1,0,0,0.491159,0.082073,0.093283,0.18492,0.079004,0.051879,0.0,0.85,1.0,1.0,нет
100000005807278100,terminal,0.62,47,0.241322,"Наблюдаемый конечный узел: вход от 1 клиентов (8,385 KZT), исходящих нет; колено 1<4.",1,False,1,0,8385.0,0.0,1,0,1,0.0,0.0,False,0.0,0,False,1,0,1,0.283908,0.082073,0.016904,0.054048,0.079004,0.051879,0.0,0.85,1.0,1.0,нет
100000005809252100,terminal,0.62,6,0.375212,"Наблюдаемый конечный узел: вход от 1 клиентов (25,000 KZT), исходящих нет; колено 2<4.",2,False,1,0,25000.0,0.0,1,0,3,0.0,0.0,False,0.0,0,False,1,0,0,0.441426,0.082073,0.06508,0.16339,0.079004,0.051879,0.0,0.85,1.0,1.0,нет
100000005815602100,peripheral,0.6,5,0.407696,"Недостаточно признаков роли: 1 плательщиков, 1 получателей, колено 3.",3,False,1,1,20000.0,165000.0,1,1,2,9.2757e-06,0.0,False,0.0,0,False,1,1,0,0.543594,0.082073,0.052002,0.128336,0.166815,0.114368,0.0,0.75,1.0,1.0,нет
100000005820746100,peripheral,0.6,25,0.395919,"Недостаточно признаков роли: 1 плательщиков, 1 получателей, колено 3.",3,False,1,1,1989000.0,60000.0,2,1,1,0.0,0.0,False,0.0,1,False,1,1,0,0.527891,0.082073,0.198399,0.054048,0.079004,0.114368,0.0,0.75,1.0,1.0,возвратный поток (1 цикл.)
100000005830339100,consolidator,0.72,4,0.781139,"Признаки консолидации: 5 плательщиков, 1 получателей, входящий поток 476,341 KZT.",3,False,5,1,476341.0,339251.0,12,1,2,4.6379e-06,0.0,False,0.0,0,False,1,1,0,0.781139,0.196263,0.18363,0.128336,0.158541,0.114368,0.0,1.0,1.0,1.0,плательщиков больше 99% узлов колена 3
100000005834479100,peripheral,0.6,7,0.385468,"Недостаточно признаков роли: 1 плательщиков, 2 получателей, колено 2.",2,False,1,2,7500.0,14470.0,1,2,2,5.6869e-06,0.0,False,0.0,0,False,1,1,1,0.513957,0.082073,0.015125,0.128336,0.158808,0.129615,0.0,0.75,1.0,1.0,нет
100000005844459100,terminal,0.66,1,0.506455,"Наблюдаемый конечный узел: вход от 2 клиентов (243,400 KZT), исходящих нет; колено 1<4.",1,False,2,0,243400.0,0.0,2,0,2,0.0,0.0,False,0.0,0,False,1,0,0,0.59583,0.171308,0.165302,0.128336,0.079004,0.051879,0.0,0.85,1.0,1.0,нет
100000005847078100,terminal,0.62,2,0.262005,"Наблюдаемый конечный узел: вход от 1 клиентов (16,300 KZT), исходящих нет; колено 3<4.",3,False,1,0,16300.0,0.0,1,0,1,0.0,0.0,False,0.0,0,False,1,0,0,0.308241,0.082073,0.041237,0.054048,0.079004,0.051879,0.0,0.85,1.0,1.0,нет
100000005849100100,terminal,0.62,4,0.406633,"Наблюдаемый конечный узел: вход от 1 клиентов (33,300 KZT), исходящих нет; колено 2<4.",2,False,1,0,33300.0,0.0,1,0,4,0.0,0.0,False,0.0,0,False,1,0,0,0.478392,0.082073,0.080516,0.18492,0.079004,0.051879,0.0,0.85,1.0,1.0,нет
100000005849862100,peripheral,0.55,11,0.145561,"Граница обхода: колено 4, вход от 1 клиентов; исходящие не выгружены. У похожих узлов колен 1–3 выход есть в 29% случаев.",4,False,1,0,13000.0,0.0,2,0,1,0.0,0.0,True,0.287,0,False,1,0,2,0.298588,0.082073,0.031584,0.054048,0.079004,0.051879,0.0,0.75,0.65,1.0,нет
100000005852946100,terminal,0.62,4,0.390374,"Наблюдаемый конечный узел: вход от 1 клиентов (23,746 KZT), исходящих нет; колено 1<4.",1,False,1,0,23746.0,0.0,1,0,4,0.0,0.0,False,0.0,0,False,1,0,0,0.459264,0.082073,0.061388,0.18492,0.079004,0.051879,0.0,0.85,1.0,1.0,нет
100000005857058100,terminal,0.7,1,0.512543,"Наблюдаемый конечный узел: вход от 3 клиентов (80,222 KZT), исходящих нет; колено 3<4.",3,False,3,0,80222.0,0.0,3,0,3,0.0,0.0,False,0.0,0,False,1,0,1,0.602992,0.187189,0.12153,0.16339,0.079004,0.051879,0.0,0.85,1.0,1.0,нет
100000005873152100,transit,0.75,12,0.459153,"Признаки транзита: отдал 100% видимого входа; 1→1 связей, быстрый выход 0%.",3,False,1,1,10000.0,10000.0,1,1,4,0.0,0.0,False,0.0,2,False,1,1,0,0.483319,0.082073,0.022954,0.18492,0.079004,0.114368,0.0,0.95,1.0,1.0,возвратный поток (2 цикл.)
100000005877725100,terminal,0.62,2,0.325528,"Наблюдаемый конечный узел: вход от 1 клиентов (70,000 KZT), исходящих нет; колено 1<4.",1,False,1,0,70000.0,0.0,1,0,1,0.0,0.0,False,0.0,0,False,1,0,0,0.382974,0.082073,0.11597,0.054048,0.079004,0.051879,0.0,0.85,1.0,1.0,нет
100000005878334100,peripheral,0.55,21,0.224889,"Граница обхода: колено 4, вход от 1 клиентов; исходящие не выгружены. У похожих узлов колен 1–3 выход есть в 29% случаев.",4,False,1,0,76400.0,0.0,2,0,2,0.0,0.0,True,0.287,0,False,1,0,0,0.46131,0.082073,0.120018,0.128336,0.079004,0.051879,0.0,0.75,0.65,1.0,нет
100000005882013100,peripheral,0.6,14,0.538401,"Недостаточно признаков роли: 2 плательщиков, 1 получателей, колено 2.",2,False,2,1,135000.0,10000.0,3,1,5,0.0,0.3333333333333333,False,0.0,2,False,1,1,0,0.717868,0.171308,0.142393,0.194128,0.079004,0.114368,0.016667,0.75,1.0,1.0,возвратный поток (2 цикл.)
100000005888829100,peripheral,0.55,3,0.242845,"Граница обхода: колено 4, вход от 1 клиентов; исходящие не выгружены. У похожих узлов колен 1–3 выход есть в 29% случаев.",4,False,1,0,197000.0,0.0,1,0,2,0.0,0.0,True,0.287,0,False,1,0,0,0.498143,0.082073,0.156851,0.128336,0.079004,0.051879,0.0,0.75,0.65,1.0,нет
100000005893892100,terminal,0.62,6,0.433782,"Наблюдаемый конечный узел: вход от 1 клиентов (102,780 KZT), исходящих нет; колено 3<4.",3,False,1,0,102780.0,0.0,1,0,3,0.0,0.0,False,0.0,0,False,1,0,0,0.510331,0.082073,0.133986,0.16339,0.079004,0.051879,0.0,0.85,1.0,1.0,нет
100000005895525100,terminal,0.62,47,0.345379,"Наблюдаемый конечный узел: вход от 1 клиентов (120,000 KZT), исходящих нет; колено 1<4.",1,False,1,0,120000.0,0.0,3,0,1,0.0,0.0,False,0.0,0,False,1,0,0,0.406328,0.082073,0.139324,0.054048,0.079004,0.051879,0.0,0.85,1.0,1.0,нет
100000005897462100,terminal,0.62,12,0.456658,"Наблюдаемый конечный узел: вход от 1 клиентов (98,400 KZT), исходящих нет; колено 1<4.",1,False,1,0,98400.0,0.0,1,0,5,0.0,0.0,False,0.0,0,False,1,0,0,0.537244,0.082073,0.13016,0.194128,0.079004,0.051879,0.0,0.85,1.0,1.0,нет
100000005901606100,terminal,0.62,2,0.29819,"Наблюдаемый конечный узел: вход от 1 клиентов (35,660 KZT), исходящих нет; колено 1<4.",1,False,1,0,35660.0,0.0,1,0,1,0.0,0.0,False,0.0,0,False,1,0,0,0.350812,0.082073,0.083808,0.054048,0.079004,0.051879,0.0,0.85,1.0,1.0,нет
100000005904580100,terminal,0.66,13,0.402776,"Наблюдаемый конечный узел: вход от 2 клиентов (72,000 KZT), исходящих нет; колено 2<4.",2,False,2,0,72000.0,0.0,2,0,1,0.0,0.0,False,0.0,0,False,2,0,0,0.473855,0.171308,0.117616,0.054048,0.079004,0.051879,0.0,0.85,1.0,1.0,нет
100000005910114100,coordinator,0.65,1,0.943216,"Гипотеза координации: достижим из 4 seed, 3 плательщиков, мост 0.0035.",3,False,3,19,326144.0,1469993.0,3,56,4,0.0034833743,1.0,False,0.0,18,True,1,5,0,0.943216,0.187189,0.173754,0.18492,0.199288,0.148065,0.05,1.0,1.0,1.0,возвратный поток с seed (18 цикл.); повтор одной суммы ×5
100000005910895100,peripheral,0.55,34,0.134502,"Граница обхода: колено 4, вход от 1 клиентов; исходящие не выгружены. У похожих узлов колен 1–3 выход есть в 29% случаев.",4,False,1,0,5100.0,0.0,1,0,1,0.0,0.0,True,0.287,0,False,1,0,1,0.275901,0.082073,0.008897,0.054048,0.079004,0.051879,0.0,0.75,0.65,1.0,нет
100000005911352100,peripheral,0.6,39,0.440458,"Недостаточно признаков роли: 2 плательщиков, 3 получателей, колено 2.",2,False,2,3,15000.0,24000.0,2,3,1,4.63787e-05,0.0,False,0.0,1,False,1,2,2,0.587278,0.171308,0.036744,0.054048,0.188523,0.136655,0.0,0.75,1.0,1.0,возвратный поток (1 цикл.)
100000005931985100,terminal,0.62,10,0.328779,"Наблюдаемый конечный узел: вход от 1 клиентов (76,000 KZT), исходящих нет; колено 2<4.",2,False,1,0,76000.0,0.0,1,0,1,0.0,0.0,False,0.0,0,False,1,0,0,0.386799,0.082073,0.119795,0.054048,0.079004,0.051879,0.0,0.85,1.0,1.0,нет
100000005932987100,terminal,0.62,35,0.282271,"Наблюдаемый конечный узел: вход от 1 клиентов (25,000 KZT), исходящих нет; колено 2<4.",2,False,1,0,25000.0,0.0,3,0,1,0.0,0.0,False,0.0,0,False,1,0,1,0.332084,0.082073,0.06508,0.054048,0.079004,0.051879,0.0,0.85,1.0,1.0,нет
100000005933757100,distributor,0.94,15,0.916515,"Признаки распределения: 34 получателей против 4 плательщиков, исходящий поток 3,002,628 KZT.",2,False,4,34,1246000.0,3002628.0,6,46,2,0.0013963309,1.0,False,0.0,3,False,2,8,0,0.916515,0.193817,0.196619,0.128336,0.198577,0.149166,0.05,1.0,1.0,1.0,возвратный поток (3 цикл.); повтор одной суммы ×8
100000005939154100,terminal,0.62,5,0.368595,"Наблюдаемый конечный узел: вход от 1 клиентов (22,000 KZT), исходящих нет; колено 2<4.",2,False,1,0,22000.0,0.0,2,0,3,0.0,0.0,False,0.0,0,False,1,0,1,0.433641,0.082073,0.057295,0.16339,0.079004,0.051879,0.0,0.85,1.0,1.0,нет
100000005940652100,terminal,0.62,41,0.352676,"Наблюдаемый конечный узел: вход от 1 клиентов (8,395 KZT), исходящих нет; колено 1<4.",1,False,1,0,8395.0,0.0,1,0,4,0.0,0.0,False,0.0,0,False,1,0,1,0.414913,0.082073,0.017037,0.18492,0.079004,0.051879,0.0,0.85,1.0,1.0,нет
100000005941908100,terminal,0.62,15,0.309609,"Наблюдаемый конечный узел: вход от 1 клиентов (10,000 KZT), исходящих нет; колено 3<4.",3,False,1,0,10000.0,0.0,1,0,2,0.0,0.0,False,0.0,0,False,1,0,0,0.364246,0.082073,0.022954,0.128336,0.079004,0.051879,0.0,0.85,1.0,1.0,нет
100000005942793100,consolidator,0.65,1,0.595563,"Признаки консолидации: 4 плательщиков, 0 получателей, входящий поток 55,000 KZT.",2,False,4,0,55000.0,0.0,4,0,3,0.0,0.0,False,0.0,0,False,2,0,1,0.595563,0.193817,0.107473,0.16339,0.079004,0.051879,0.0,1.0,1.0,1.0,нет
100000005958064100,peripheral,0.6,15,0.394709,"Недостаточно признаков роли: 1 плательщиков, 2 получателей, колено 1.",1,False,1,2,5746.0,163986.84,1,3,2,1.08217e-05,0.0,False,0.0,0,False,1,1,1,0.526279,0.082073,0.010943,0.128336,0.175311,0.129615,0.0,0.75,1.0,1.0,нет
100000005961971100,terminal,0.62,2,0.309231,"Наблюдаемый конечный узел: вход от 1 клиентов (47,353 KZT), исходящих нет; колено 1<4.",1,False,1,0,47353.0,0.0,1,0,1,0.0,0.0,False,0.0,0,False,1,0,0,0.363801,0.082073,0.096797,0.054048,0.079004,0.051879,0.0,0.85,1.0,1.0,нет
100000005974542100,terminal,0.62,24,0.399109,"Наблюдаемый конечный узел: вход от 1 клиентов (94,500 KZT), исходящих нет; колено 3<4.",3,False,1,0,94500.0,0.0,3,0,2,0.0,0.0,False,0.0,0,False,1,0,1,0.46954,0.082073,0.128247,0.128336,0.079004,0.051879,0.0,0.85,1.0,1.0,нет
100000005979037100,peripheral,0.55,7,0.184249,"Граница обхода: колено 4, вход от 1 клиентов; исходящие не выгружены. У похожих узлов колен 1–3 выход есть в 29% случаев.",4,False,1,0,60300.0,0.0,1,0,1,0.0,0.0,True,0.287,0,False,1,0,0,0.377947,0.082073,0.110943,0.054048,0.079004,0.051879,0.0,0.75,0.65,1.0,нет
100000005995391100,terminal,0.62,2,0.264084,"Наблюдаемый конечный узел: вход от 1 клиентов (17,200 KZT), исходящих нет; колено 3<4.",3,False,1,0,17200.0,0.0,1,0,1,0.0,0.0,False,0.0,0,False,1,0,0,0.310687,0.082073,0.043683,0.054048,0.079004,0.051879,0.0,0.85,1.0,1.0,нет
100000005996909100,terminal,0.62,16,0.298871,"Наблюдаемый конечный узел: вход от 1 клиентов (5,500 KZT), исходящих нет; колено 3<4.",3,False,1,0,5500.0,0.0,1,0,2,0.0,0.0,False,0.0,0,False,1,0,1,0.351613,0.082073,0.01032,0.128336,0.079004,0.051879,0.0,0.85,1.0,1.0,нет
100000006008169100,terminal,0.62,13,0.325528,"Наблюдаемый конечный узел: вход от 1 клиентов (70,000 KZT), исходящих нет; колено 1<4.",1,False,1,0,70000.0,0.0,1,0,1,0.0,0.0,False,0.0,0,False,1,0,0,0.382974,0.082073,0.11597,0.054048,0.079004,0.051879,0.0,0.85,1.0,1.0,нет
100000006020215100,transit,0.655,14,0.607178,"Признаки транзита: отдал 113% видимого входа; 1→2 связей, быстрый выход 0%.",3,False,1,2,30000.0,33800.0,1,2,3,4.63787e-05,0.0,False,0.0,0,False,1,1,0,0.639135,0.082073,0.075534,0.16339,0.188523,0.129615,0.0,0.95,1.0,1.0,нет
100000006030946100,terminal,0.62,2,0.327305,"Наблюдаемый конечный узел: вход от 1 клиентов (73,289 KZT), исходящих нет; колено 1<4.",1,False,1,0,73289.0,0.0,1,0,1,0.0,0.0,False,0.0,0,False,1,0,0,0.385065,0.082073,0.11806,0.054048,0.079004,0.051879,0.0,0.85,1.0,1.0,нет
100000006048193100,terminal,0.62,1,0.366931,"Наблюдаемый конечный узел: вход от 1 клиентов (41,559 KZT), исходящих нет; колено 3<4.",3,False,1,0,41559.0,0.0,1,0,2,0.0,0.0,False,0.0,0,False,1,0,0,0.431684,0.082073,0.090391,0.128336,0.079004,0.051879,0.0,0.85,1.0,1.0,нет
100000006069103100,transit,0.6817,55,0.789976,"Признаки транзита: отдал 118% видимого входа; 3→3 связей, быстрый выход 67%.",1,False,3,3,228818.0,270000.0,3,4,2,2.78272e-05,0.6666666666666666,False,0.0,1,False,1,1,1,0.831554,0.187189,0.162456,0.128336,0.183585,0.136655,0.033333,0.95,1.0,1.0,возвратный поток (1 цикл.)
100000006100920100,terminal,0.62,1,0.338951,"Наблюдаемый конечный узел: вход от 1 клиентов (100,000 KZT), исходящих нет; колено 3<4.",3,False,1,0,100000.0,0.0,1,0,1,0.0,0.0,False,0.0,0,False,1,0,0,0.398766,0.082073,0.131762,0.054048,0.079004,0.051879,0.0,0.85,1.0,1.0,нет
100000006111439100,transit,0.6249,6,0.636369,"Признаки транзита: отдал 117% видимого входа; 3→4 связей, быстрый выход 0%.",3,False,3,4,20570.0,24000.0,3,4,2,8.8256e-06,0.0,False,0.0,1,False,1,3,3,0.669862,0.187189,0.055071,0.128336,0.159075,0.140191,0.0,0.95,1.0,1.0,возвратный поток (1 цикл.); 3 входов у порога 5–10 тыс.
100000006111442100,terminal,0.62,3,0.322578,"Наблюдаемый конечный узел: вход от 1 клиентов (64,000 KZT), исходящих нет; колено 3<4.",3,False,1,0,64000.0,0.0,1,0,1,0.0,0.0,False,0.0,0,False,1,0,0,0.379504,0.082073,0.1125,0.054048,0.079004,0.051879,0.0,0.85,1.0,1.0,нет
100000006122699100,terminal,0.66,5,0.446108,"Наблюдаемый конечный узел: вход от 2 клиентов (45,865 KZT), исходящих нет; колено 2<4.",2,False,2,0,45865.0,0.0,2,0,2,0.0,0.0,False,0.0,0,False,2,0,0,0.524833,0.171308,0.094306,0.128336,0.079004,0.051879,0.0,0.85,1.0,1.0,нет
100000006126743100,terminal,0.62,6,0.411246,"Наблюдаемый конечный узел: вход от 1 клиентов (55,000 KZT), исходящих нет; колено 3<4.",3,False,1,0,55000.0,0.0,1,0,3,0.0,0.0,False,0.0,0,False,1,0,0,0.483819,0.082073,0.107473,0.16339,0.079004,0.051879,0.0,0.85,1.0,1.0,нет
100000006161893100,terminal,0.62,5,0.255501,"Наблюдаемый конечный узел: вход от 1 клиентов (14,000 KZT), исходящих нет; колено 2<4.",2,False,1,0,14000.0,0.0,1,0,1,0.0,0.0,False,0.0,0,False,1,0,0,0.300589,0.082073,0.033585,0.054048,0.079004,0.051879,0.0,0.85,1.0,1.0,нет
100000006165886100,peripheral,0.6,1,0.504348,"Недостаточно признаков роли: 2 плательщиков, 1 получателей, колено 3.",3,False,2,1,184481.0,75000.0,2,1,2,0.0,0.5,False,0.0,0,False,1,1,0,0.672464,0.171308,0.154448,0.128336,0.079004,0.114368,0.025,0.75,1.0,1.0,нет
100000006169033100,peripheral,0.6,43,0.4124,"Недостаточно признаков роли: 1 плательщиков, 3 получателей, колено 3.",3,False,1,3,49000.0,1140271.0,1,10,1,1.85515e-05,0.0,False,0.0,1,False,1,2,0,0.549867,0.082073,0.09831,0.054048,0.178781,0.136655,0.0,0.75,1.0,1.0,возвратный поток (1 цикл.)
100000006171671100,peripheral,0.55,1,0.17757,"Граница обхода: колено 4, вход от 1 клиентов; исходящие не выгружены. У похожих узлов колен 1–3 выход есть в 29% случаев.",4,False,1,0,10000.0,0.0,1,0,2,0.0,0.0,True,0.287,0,False,1,0,0,0.364246,0.082073,0.022954,0.128336,0.079004,0.051879,0.0,0.75,0.65,1.0,нет
100000006177176100,terminal,0.62,5,0.305223,"Наблюдаемый конечный узел: вход от 1 клиентов (8,911 KZT), исходящих нет; колено 1<4.",1,False,1,0,8911.0,0.0,1,0,2,0.0,0.0,False,0.0,0,False,1,0,1,0.359086,0.082073,0.017794,0.128336,0.079004,0.051879,0.0,0.85,1.0,1.0,нет
100000006209210100,terminal,0.62,11,0.365192,"Наблюдаемый конечный узел: вход от 1 клиентов (229,111 KZT), исходящих нет; колено 3<4.",3,False,1,0,229111.0,0.0,1,0,1,0.0,0.0,False,0.0,0,False,1,0,0,0.429637,0.082073,0.162633,0.054048,0.079004,0.051879,0.0,0.85,1.0,1.0,нет
100000006225798100,peripheral,0.6,17,0.637892,"Недостаточно признаков роли: 3 плательщиков, 2 получателей, колено 3.",3,False,3,2,722000.0,26300.0,4,2,3,1.85515e-05,0.0,False,0.0,0,False,1,1,0,0.850523,0.187189,0.191548,0.16339,0.178781,0.129615,0.0,0.75,1.0,1.0,нет
100000006232642100,peripheral,0.55,43,0.219337,"Граница обхода: колено 4, вход от 1 клиентов; исходящие не выгружены. У похожих узлов колен 1–3 выход есть в 29% случаев.",4,False,1,0,456000.0,0.0,4,0,1,0.0,0.0,True,0.287,0,False,1,0,0,0.449922,0.082073,0.182918,0.054048,0.079004,0.051879,0.0,0.75,0.65,1.0,нет
100000006232815100,peripheral,0.6,30,0.322897,"Недостаточно признаков роли: 1 плательщиков, 5 получателей, колено 0.",0,True,1,5,160000.0,296500.0,2,5,1,0.0,0.0,False,0.0,1,True,1,2,0,0.506506,0.082073,0.149288,0.054048,0.079004,0.142093,0.0,0.75,1.0,0.85,возвратный поток с seed (1 цикл.)
100000006240939100,peripheral,0.6,9,0.417379,"Недостаточно признаков роли: 1 плательщиков, 5 получателей, колено 2.",2,False,1,5,160000.0,778015.0,1,5,1,0.0,1.0,False,0.0,0,False,1,1,0,0.556506,0.082073,0.149288,0.054048,0.079004,0.142093,0.05,0.75,1.0,1.0,нет
100000006248077100,terminal,0.62,5,0.424026,"Наблюдаемый конечный узел: вход от 1 клиентов (50,000 KZT), исходящих нет; колено 2<4.",2,False,1,0,50000.0,0.0,1,0,4,0.0,0.0,False,0.0,0,False,1,0,0,0.498855,0.082073,0.100979,0.18492,0.079004,0.051879,0.0,0.85,1.0,1.0,нет
100000006249740100,peripheral,0.6,54,0.174377,"Недостаточно признаков роли: 0 плательщиков, 3 получателей, колено 0.",0,True,0,3,0.0,93007.0,0,5,1,0.0,0.0,False,0.0,0,False,0,2,0,0.273532,0.001913,0.001913,0.054048,0.079004,0.136655,0.0,0.75,1.0,0.85,нет
100000006257675100,peripheral,0.55,23,0.1867,"Граница обхода: колено 4, вход от 1 клиентов; исходящие не выгружены. У похожих узлов колен 1–3 выход есть в 29% случаев.",4,False,1,0,70000.0,0.0,2,0,1,0.0,0.0,True,0.287,0,False,1,0,0,0.382974,0.082073,0.11597,0.054048,0.079004,0.051879,0.0,0.75,0.65,1.0,нет
100000006274203100,peripheral,0.6,18,0.652027,"Недостаточно признаков роли: 2 плательщиков, 3 получателей, колено 3.",3,False,2,3,3417512.0,72000.0,41,3,4,1.23677e-05,0.024390243902439025,False,0.0,1,False,1,1,0,0.869369,0.171308,0.199733,0.18492,0.175534,0.136655,0.00122,0.75,1.0,1.0,возвратный поток (1 цикл.)
100000006288612100,peripheral,0.55,13,0.168071,"Граница обхода: колено 4, вход от 1 клиентов; исходящие не выгружены. У похожих узлов колен 1–3 выход есть в 29% случаев.",4,False,1,0,30805.0,0.0,3,0,1,0.0,0.0,True,0.287,0,False,1,0,1,0.344762,0.082073,0.077758,0.054048,0.079004,0.051879,0.0,0.75,0.65,1.0,нет
100000006308406100,peripheral,0.55,23,0.205371,"Граница обхода: колено 4, вход от 1 клиентов; исходящие не выгружены. У похожих узлов колен 1–3 выход есть в 29% случаев.",4,False,1,0,183000.0,0.0,2,0,1,0.0,0.0,True,0.287,0,False,1,0,0,0.421274,0.082073,0.15427,0.054048,0.079004,0.051879,0.0,0.75,0.65,1.0,нет
100000006326645100,terminal,0.62,2,0.28367,"Наблюдаемый конечный узел: вход от 1 клиентов (25,264 KZT), исходящих нет; колено 1<4.",1,False,1,0,25264.0,0.0,1,0,1,0.0,0.0,False,0.0,0,False,1,0,0,0.33373,0.082073,0.066726,0.054048,0.079004,0.051879,0.0,0.85,1.0,1.0,нет
100000006351075100,peripheral,0.55,42,0.209448,"Граница обхода: колено 4, вход от 1 клиентов; исходящие не выгружены. У похожих узлов колен 1–3 выход есть в 29% случаев.",4,False,1,0,40000.0,0.0,2,0,2,0.0,0.0,True,0.287,0,False,1,0,0,0.429637,0.082073,0.088345,0.128336,0.079004,0.051879,0.0,0.75,0.65,1.0,нет
100000006369769100,terminal,0.62,2,0.302047,"Наблюдаемый конечный узел: вход от 1 клиентов (40,000 KZT), исходящих нет; колено 1<4.",1,False,1,0,40000.0,0.0,1,0,1,0.0,0.0,False,0.0,0,False,1,0,0,0.355349,0.082073,0.088345,0.054048,0.079004,0.051879,0.0,0.85,1.0,1.0,нет
100000006381453100,peripheral,0.55,3,0.17564,"Граница обхода: колено 4, вход от 1 клиентов; исходящие не выгружены. У похожих узлов колен 1–3 выход есть в 29% случаев.",4,False,1,0,45000.0,0.0,1,0,1,0.0,0.0,True,0.287,0,False,1,0,0,0.360287,0.082073,0.093283,0.054048,0.079004,0.051879,0.0,0.75,0.65,1.0,нет
100000006385877100,peripheral,0.6,3,0.364357,"Недостаточно признаков роли: 1 плательщиков, 1 получателей, колено 2.",2,False,1,1,53706.62,36602.93,5,5,1,0.0,1.0,False,0.0,1,False,1,2,2,0.48581,0.082073,0.106317,0.054048,0.079004,0.114368,0.05,0.75,1.0,1.0,возвратный поток (1 цикл.)
100000006412162100,peripheral,0.55,19,0.148077,"Граница обхода: колено 4, вход от 1 клиентов; исходящие не выгружены. У похожих узлов колен 1–3 выход есть в 29% случаев.",4,False,1,0,15000.0,0.0,2,0,1,0.0,0.0,True,0.287,0,False,1,0,1,0.303748,0.082073,0.036744,0.054048,0.079004,0.051879,0.0,0.75,0.65,1.0,нет
100000006416061100,peripheral,0.55,1,0.166987,"Граница обхода: колено 4, вход от 1 клиентов; исходящие не выгружены. У похожих узлов колен 1–3 выход есть в 29% случаев.",4,False,1,0,30000.0,0.0,1,0,1,0.0,0.0,True,0.287,0,False,1,0,0,0.342538,0.082073,0.075534,0.054048,0.079004,0.051879,0.0,0.75,0.65,1.0,нет
100000006424479100,peripheral,0.6,14,0.581242,"Недостаточно признаков роли: 1 плательщиков, 2 получателей, колено 2.",2,False,1,2,500000.0,220000.0,2,3,5,2.78272e-05,0.0,False,0.0,0,False,1,1,0,0.774989,0.082073,0.185587,0.194128,0.183585,0.129615,0.0,0.75,1.0,1.0,нет
100000006443391100,peripheral,0.6,3,0.441456,"Недостаточно признаков роли: 3 плательщиков, 2 получателей, колено 1.",1,False,3,2,86775.93,60041.71,7,6,1,0.0,0.2857142857142857,False,0.0,2,False,1,1,3,0.588607,0.187189,0.124466,0.054048,0.079004,0.129615,0.014286,0.75,1.0,1.0,возвратный поток (2 цикл.)
100000006444163100,terminal,0.62,1,0.237314,"Наблюдаемый конечный узел: вход от 1 клиентов (6,026 KZT), исходящих нет; колено 3<4.",3,False,1,0,6026.0,0.0,1,0,1,0.0,0.0,False,0.0,0,False,1,0,1,0.279193,0.082073,0.012189,0.054048,0.079004,0.051879,0.0,0.85,1.0,1.0,нет
100000006445501100,terminal,0.62,12,0.453746,"Наблюдаемый конечный узел: вход от 1 клиентов (91,000 KZT), исходящих нет; колено 1<4.",1,False,1,0,91000.0,0.0,1,0,5,0.0,0.0,False,0.0,0,False,1,0,0,0.533819,0.082073,0.126735,0.194128,0.079004,0.051879,0.0,0.85,1.0,1.0,нет
100000006446271100,terminal,0.66,4,0.517118,"Наблюдаемый конечный узел: вход от 2 клиентов (80,000 KZT), исходящих нет; колено 1<4.",1,False,2,0,80000.0,0.0,2,0,4,0.0,0.0,False,0.0,0,False,2,0,0,0.608374,0.171308,0.121263,0.18492,0.079004,0.051879,0.0,0.85,1.0,1.0,нет
100000006471232100,terminal,0.62,2,0.303937,"Наблюдаемый конечный узел: вход от 1 клиентов (41,800 KZT), исходящих нет; колено 3<4.",3,False,1,0,41800.0,0.0,1,0,1,0.0,0.0,False,0.0,0,False,1,0,0,0.357573,0.082073,0.090569,0.054048,0.079004,0.051879,0.0,0.85,1.0,1.0,нет
100000006476758100,terminal,0.62,12,0.29785,"Наблюдаемый конечный узел: вход от 1 клиентов (5,200 KZT), исходящих нет; колено 3<4.",3,False,1,0,5200.0,0.0,1,0,2,0.0,0.0,False,0.0,0,False,1,0,1,0.350411,0.082073,0.009119,0.128336,0.079004,0.051879,0.0,0.85,1.0,1.0,нет
100000006490557100,terminal,0.62,11,0.232285,"Наблюдаемый конечный узел: вход от 1 клиентов (5,000 KZT), исходящих нет; колено 2<4.",2,False,1,0,5000.0,0.0,1,0,1,0.0,0.0,False,0.0,0,False,1,0,1,0.273276,0.082073,0.006272,0.054048,0.079004,0.051879,0.0,0.85,1.0,1.0,нет
100000006490615100,peripheral,0.55,14,0.210489,"Граница обхода: колено 4, вход от 1 клиентов; исходящие не выгружены. У похожих узлов колен 1–3 выход есть в 29% случаев.",4,False,1,0,41600.0,0.0,6,0,2,0.0,0.0,True,0.287,0,False,1,0,5,0.431773,0.082073,0.09048,0.128336,0.079004,0.051879,0.0,0.75,0.65,1.0,5 входов у порога 5–10 тыс.
100000006491272100,terminal,0.62,2,0.285901,"Наблюдаемый конечный узел: вход от 1 клиентов (26,200 KZT), исходящих нет; колено 3<4.",3,False,1,0,26200.0,0.0,1,0,1,0.0,0.0,False,0.0,0,False,1,0,0,0.336355,0.082073,0.069351,0.054048,0.079004,0.051879,0.0,0.85,1.0,1.0,нет
100000006491963100,peripheral,0.55,19,0.150007,"Граница обхода: колено 4, вход от 1 клиентов; исходящие не выгружены. У похожих узлов колен 1–3 выход есть в 29% случаев.",4,False,1,0,16000.0,0.0,3,0,1,0.0,0.0,True,0.287,0,False,1,0,3,0.307707,0.082073,0.040703,0.054048,0.079004,0.051879,0.0,0.75,0.65,1.0,3 входов у порога 5–10 тыс.
100000006492770100,peripheral,0.6,1,0.532573,"Недостаточно признаков роли: 1 плательщиков, 1 получателей, колено 3.",3,False,1,1,269000.0,20000.0,1,1,2,9.2757e-06,1.0,False,0.0,0,False,1,1,0,0.710098,0.082073,0.168505,0.128336,0.166815,0.114368,0.05,0.75,1.0,1.0,нет
100000006512787100,peripheral,0.55,1,0.191731,"Граница обхода: колено 4, вход от 1 клиентов; исходящие не выгружены. У похожих узлов колен 1–3 выход есть в 29% случаев.",4,False,1,0,20000.0,0.0,2,0,2,0.0,0.0,True,0.287,0,False,1,0,0,0.393294,0.082073,0.052002,0.128336,0.079004,0.051879,0.0,0.75,0.65,1.0,нет
100000006518161100,transit,0.8479,5,0.859849,"Признаки транзита: отдал 100% видимого входа; 3→2 связей, быстрый выход 100%.",1,False,3,2,594200.0,595899.0,13,13,3,3.24651e-05,1.0,False,0.0,1,False,2,3,4,0.905105,0.187189,0.189146,0.16339,0.185765,0.129615,0.05,0.95,1.0,1.0,возвратный поток (1 цикл.)
100000006522972100,terminal,0.62,6,0.243364,"Наблюдаемый конечный узел: вход от 1 клиентов (9,515 KZT), исходящих нет; колено 3<4.",3,False,1,0,9515.0,0.0,1,0,1,0.0,0.0,False,0.0,0,False,1,0,1,0.28631,0.082073,0.019306,0.054048,0.079004,0.051879,0.0,0.85,1.0,1.0,нет
100000006523053100,terminal,0.62,4,0.351353,"Наблюдаемый конечный узел: вход от 1 клиентов (5,000 KZT), исходящих нет; колено 2<4.",2,False,1,0,5000.0,0.0,1,0,5,0.0,0.0,False,0.0,0,False,1,0,1,0.413356,0.082073,0.006272,0.194128,0.079004,0.051879,0.0,0.85,1.0,1.0,нет
100000006527156100,peripheral,0.55,48,0.177787,"Граница обхода: колено 4, вход от 1 клиентов; исходящие не выгружены. У похожих узлов колен 1–3 выход есть в 29% случаев.",4,False,1,0,48500.0,0.0,1,0,1,0.0,0.0,True,0.287,0,False,1,0,0,0.364691,0.082073,0.097687,0.054048,0.079004,0.051879,0.0,0.75,0.65,1.0,нет
100000006530134100,terminal,0.66,6,0.519538,"Наблюдаемый конечный узел: вход от 2 клиентов (144,663 KZT), исходящих нет; колено 3<4.",3,False,2,0,144663.0,0.0,2,0,3,0.0,0.0,False,0.0,0,False,1,0,0,0.611221,0.171308,0.145641,0.16339,0.079004,0.051879,0.0,0.85,1.0,1.0,нет
100000006532229100,terminal,0.62,3,0.434311,"Наблюдаемый конечный узел: вход от 1 клиентов (105,000 KZT), исходящих нет; колено 3<4.",3,False,1,0,105000.0,0.0,1,0,3,0.0,0.0,False,0.0,0,False,1,0,0,0.510954,0.082073,0.134609,0.16339,0.079004,0.051879,0.0,0.85,1.0,1.0,нет
100000006534886100,peripheral,0.6,5,0.357698,"Недостаточно признаков роли: 1 плательщиков, 1 получателей, колено 2.",2,False,1,1,71700.0,167500.0,5,8,1,0.0,0.6,False,0.0,1,False,1,2,2,0.476931,0.082073,0.117438,0.054048,0.079004,0.114368,0.03,0.75,1.0,1.0,возвратный поток (1 цикл.)
100000006557763100,terminal,0.62,4,0.357705,"Наблюдаемый конечный узел: вход от 1 клиентов (10,000 KZT), исходящих нет; колено 2<4.",2,False,1,0,10000.0,0.0,1,0,4,0.0,0.0,False,0.0,0,False,1,0,0,0.42083,0.082073,0.022954,0.18492,0.079004,0.051879,0.0,0.85,1.0,1.0,нет
100000006562026100,terminal,0.66,54,0.466904,"Наблюдаемый конечный узел: вход от 2 клиентов (75,000 KZT), исходящих нет; колено 1<4.",1,False,2,0,75000.0,0.0,6,0,2,0.0,0.0,False,0.0,0,False,1,0,3,0.549299,0.171308,0.118772,0.128336,0.079004,0.051879,0.0,0.85,1.0,1.0,3 входов у порога 5–10 тыс.
100000006564102100,terminal,0.62,4,0.458813,"Наблюдаемый конечный узел: вход от 1 клиентов (233,235 KZT), исходящих нет; колено 2<4.",2,False,1,0,233235.0,0.0,1,0,3,0.0,0.0,False,0.0,0,False,1,0,0,0.53978,0.082073,0.163434,0.16339,0.079004,0.051879,0.0,0.85,1.0,1.0,нет
100000006567935100,terminal,0.62,31,0.45454,"Наблюдаемый конечный узел: вход от 1 клиентов (200,000 KZT), исходящих нет; колено 2<4.",2,False,1,0,200000.0,0.0,1,0,3,0.0,0.0,False,0.0,0,False,1,0,0,0.534753,0.082073,0.158407,0.16339,0.079004,0.051879,0.0,0.85,1.0,1.0,нет
100000006573438100,terminal,0.62,43,0.232285,"Наблюдаемый конечный узел: вход от 1 клиентов (5,000 KZT), исходящих нет; колено 3<4.",3,False,1,0,5000.0,0.0,1,0,1,0.0,0.0,False,0.0,0,False,1,0,1,0.273276,0.082073,0.006272,0.054048,0.079004,0.051879,0.0,0.85,1.0,1.0,нет
100000006579678100,peripheral,0.6,5,0.612203,"Недостаточно признаков роли: 2 плательщиков, 6 получателей, колено 1.",1,False,2,6,192930.0,1668800.0,2,15,2,6.66308e-05,0.5,False,0.0,2,True,1,2,0,0.81627,0.171308,0.156406,0.128336,0.191726,0.143494,0.025,0.75,1.0,1.0,возвратный поток с seed (2 цикл.)
100000006595426100,terminal,0.62,1,0.331767,"Наблюдаемый конечный узел: вход от 1 клиентов (84,800 KZT), исходящих нет; колено 2<4.",2,False,1,0,84800.0,0.0,3,0,1,0.0,0.0,False,0.0,0,False,1,0,0,0.390314,0.082073,0.12331,0.054048,0.079004,0.051879,0.0,0.85,1.0,1.0,нет
100000006612238100,peripheral,0.6,2,0.396586,"Недостаточно признаков роли: 1 плательщиков, 1 получателей, колено 2.",2,False,1,1,160000.0,25000.0,1,1,1,0.0,1.0,False,0.0,1,False,1,1,0,0.528781,0.082073,0.149288,0.054048,0.079004,0.114368,0.05,0.75,1.0,1.0,возвратный поток (1 цикл.)
100000006638021100,peripheral,0.55,49,0.296929,"Граница обхода: колено 4, вход от 2 клиентов; исходящие не выгружены. У похожих узлов колен 1–3 выход есть в 57% случаев.",4,False,2,0,388500.0,0.0,2,0,2,0.0,0.0,True,0.57,0,False,2,0,0,0.609086,0.171308,0.178559,0.128336,0.079004,0.051879,0.0,0.75,0.65,1.0,продлить обход: скрытый выход ~57%
100000006641671100,transit,0.7477,7,0.499722,"Признаки транзита: отдал 114% видимого входа; 2→1 связей, быстрый выход 100%.",3,False,2,1,22000.0,25000.0,2,3,1,0.0,1.0,False,0.0,0,False,1,1,1,0.526023,0.171308,0.057295,0.054048,0.079004,0.114368,0.05,0.95,1.0,1.0,нет
100000006656003100,peripheral,0.6,2,0.323621,"Недостаточно признаков роли: 1 плательщиков, 1 получателей, колено 1.",1,False,1,1,20000.0,9000.0,1,1,1,0.0,1.0,False,0.0,1,True,1,1,0,0.431495,0.082073,0.052002,0.054048,0.079004,0.114368,0.05,0.75,1.0,1.0,возвратный поток с seed (1 цикл.)
100000006658598100,terminal,0.62,5,0.305601,"Наблюдаемый конечный узел: вход от 1 клиентов (9,000 KZT), исходящих нет; колено 1<4.",1,False,1,0,9000.0,0.0,1,0,2,0.0,0.0,False,0.0,0,False,1,0,1,0.359531,0.082073,0.018238,0.128336,0.079004,0.051879,0.0,0.85,1.0,1.0,нет
100000006664478100,transit,0.7485,9,0.461269,"Признаки транзита: отдал 109% видимого входа; 1→2 связей, быстрый выход 67%.",3,False,1,2,55000.0,60000.0,3,2,1,0.0,0.6666666666666666,False,0.0,0,False,1,1,0,0.485546,0.082073,0.107473,0.054048,0.079004,0.129615,0.033333,0.95,1.0,1.0,нет
100000006679055100,terminal,0.62,4,0.375212,"Наблюдаемый конечный узел: вход от 1 клиентов (25,000 KZT), исходящих нет; колено 2<4.",2,False,1,0,25000.0,0.0,1,0,3,0.0,0.0,False,0.0,0,False,1,0,0,0.441426,0.082073,0.06508,0.16339,0.079004,0.051879,0.0,0.85,1.0,1.0,нет
100000006684930100,terminal,0.62,14,0.365532,"Наблюдаемый конечный узел: вход от 1 клиентов (10,000 KZT), исходящих нет; колено 2<4.",2,False,1,0,10000.0,0.0,1,0,5,0.0,0.0,False,0.0,0,False,1,0,0,0.430038,0.082073,0.022954,0.194128,0.079004,0.051879,0.0,0.85,1.0,1.0,нет
100000006687202100,terminal,0.62,1,0.312785,"Наблюдаемый конечный узел: вход от 1 клиентов (50,000 KZT), исходящих нет; колено 1<4.",1,False,1,0,50000.0,0.0,1,0,1,0.0,0.0,False,0.0,0,False,1,0,0,0.367983,0.082073,0.100979,0.054048,0.079004,0.051879,0.0,0.85,1.0,1.0,нет
100000006689603100,peripheral,0.55,7,0.217711,"Граница обхода: колено 4, вход от 1 клиентов; исходящие не выгружены. У похожих узлов колен 1–3 выход есть в 29% случаев.",4,False,1,0,400000.0,0.0,2,0,1,0.0,0.0,True,0.287,0,False,1,0,0,0.446586,0.082073,0.179582,0.054048,0.079004,0.051879,0.0,0.75,0.65,1.0,нет
100000006693788100,peripheral,0.55,1,0.143263,"Граница обхода: колено 4, вход от 1 клиентов; исходящие не выгружены. У похожих узлов колен 1–3 выход есть в 29% случаев.",4,False,1,0,10764.0,0.0,1,0,1,0.0,0.0,True,0.287,0,False,1,0,0,0.293872,0.082073,0.026868,0.054048,0.079004,0.051879,0.0,0.75,0.65,1.0,нет
100000006701983100,terminal,0.62,2,0.287149,"Наблюдаемый конечный узел: вход от 1 клиентов (27,000 KZT), исходящих нет; колено 3<4.",3,False,1,0,27000.0,0.0,1,0,1,0.0,0.0,False,0.0,0,False,1,0,0,0.337823,0.082073,0.070819,0.054048,0.079004,0.051879,0.0,0.85,1.0,1.0,нет
100000006704530100,transit,0.7125,28,0.606893,"Признаки транзита: отдал 95% видимого входа; 1→3 связей, быстрый выход 0%.",3,False,1,3,450500.0,428000.0,1,5,1,2.78272e-05,0.0,False,0.0,0,False,1,1,0,0.638835,0.082073,0.182473,0.054048,0.183585,0.136655,0.0,0.95,1.0,1.0,нет
100000006706519100,peripheral,0.55,1,0.207475,"Граница обхода: колено 4, вход от 1 клиентов; исходящие не выгружены. У похожих узлов колен 1–3 выход есть в 29% случаев.",4,False,1,0,36000.0,0.0,3,0,2,0.0,0.0,True,0.287,0,False,1,0,1,0.425589,0.082073,0.084297,0.128336,0.079004,0.051879,0.0,0.75,0.65,1.0,нет
100000006707582100,distributor,0.84,12,0.684786,"Признаки распределения: 14 получателей против 2 плательщиков, исходящий поток 961,138 KZT.",1,False,2,14,39520.0,961138.0,2,15,1,0.0076849584,0.5,False,0.0,1,False,1,2,0,0.684786,0.171308,0.087367,0.054048,0.2,0.147064,0.025,1.0,1.0,1.0,возвратный поток (1 цикл.)
100000006710485100,terminal,0.62,2,0.271155,"Наблюдаемый конечный узел: вход от 1 клиентов (20,000 KZT), исходящих нет; колено 3<4.",3,False,1,0,20000.0,0.0,1,0,1,0.0,0.0,False,0.0,0,False,1,0,0,0.319006,0.082073,0.052002,0.054048,0.079004,0.051879,0.0,0.85,1.0,1.0,нет
100000006714366100,peripheral,0.6,14,0.458474,"Недостаточно признаков роли: 1 плательщиков, 1 получателей, колено 3.",3,False,1,1,10500.0,5000.0,1,1,3,9.3734e-06,1.0,False,0.0,0,False,1,1,0,0.611299,0.082073,0.026646,0.16339,0.174822,0.114368,0.05,0.75,1.0,1.0,нет
100000006734214100,peripheral,0.6,6,0.659813,"Недостаточно признаков роли: 5 плательщиков, 3 получателей, колено 3.",3,False,5,3,610000.0,36000.0,10,4,3,2.78272e-05,0.2,False,0.0,0,False,2,1,0,0.879751,0.196263,0.189858,0.16339,0.183585,0.136655,0.01,0.75,1.0,1.0,плательщиков больше 99% узлов колена 3
100000006734554100,peripheral,0.6,30,0.278414,"Недостаточно признаков роли: 1 плательщиков, 1 получателей, колено 1.",1,False,1,1,16500.0,25000.0,1,1,1,0.0,0.0,False,0.0,0,False,1,1,0,0.371219,0.082073,0.041726,0.054048,0.079004,0.114368,0.0,0.75,1.0,1.0,нет
100000006735545100,peripheral,0.55,7,0.186526,"Граница обхода: колено 4, вход от 1 клиентов; исходящие не выгружены. У похожих узлов колен 1–3 выход есть в 29% случаев.",4,False,1,0,5000.0,0.0,1,0,3,0.0,0.0,True,0.287,0,False,1,0,1,0.382618,0.082073,0.006272,0.16339,0.079004,0.051879,0.0,0.75,0.65,1.0,нет
100000006745291100,terminal,0.62,12,0.45023,"Наблюдаемый конечный узел: вход от 1 клиентов (82,534 KZT), исходящих нет; колено 1<4.",1,False,1,0,82534.0,0.0,1,0,5,0.0,0.0,False,0.0,0,False,1,0,0,0.529682,0.082073,0.122598,0.194128,0.079004,0.051879,0.0,0.85,1.0,1.0,нет
100000006746688100,terminal,0.62,2,0.30337,"Наблюдаемый конечный узел: вход от 1 клиентов (41,000 KZT), исходящих нет; колено 3<4.",3,False,1,0,41000.0,0.0,1,0,1,0.0,0.0,False,0.0,0,False,1,0,0,0.356906,0.082073,0.089902,0.054048,0.079004,0.051879,0.0,0.85,1.0,1.0,нет
100000006755850100,terminal,0.62,6,0.505321,"Наблюдаемый конечный узел: вход от 1 клиентов (443,476 KZT), исходящих нет; колено 2<4.",2,False,1,0,443475.8,0.0,3,0,9,0.0,0.0,False,0.0,0,False,1,0,0,0.594495,0.082073,0.181851,0.199689,0.079004,0.051879,0.0,0.85,1.0,1.0,нет
100000006756956100,peripheral,0.55,1,0.251519,"Граница обхода: колено 4, вход от 1 клиентов; исходящие не выгружены. У похожих узлов колен 1–3 выход есть в 29% случаев.",4,False,1,0,121200.0,0.0,9,0,3,0.0,0.0,True,0.287,0,False,1,0,6,0.515936,0.082073,0.139591,0.16339,0.079004,0.051879,0.0,0.75,0.65,1.0,6 входов у порога 5–10 тыс.
100000006787636100,terminal,0.62,55,0.271155,"Наблюдаемый конечный узел: вход от 1 клиентов (20,000 KZT), исходящих нет; колено 2<4.",2,False,1,0,20000.0,0.0,1,0,1,0.0,0.0,False,0.0,0,False,1,0,0,0.319006,0.082073,0.052002,0.054048,0.079004,0.051879,0.0,0.85,1.0,1.0,нет
100000006788200100,peripheral,0.6,9,0.638367,"Недостаточно признаков роли: 4 плательщиков, 3 получателей, колено 1.",1,False,4,3,272155.8,64500.0,4,4,3,4.63787e-05,0.0,False,0.0,0,False,1,1,0,0.851157,0.193817,0.168772,0.16339,0.188523,0.136655,0.0,0.75,1.0,1.0,нет
100000006789108100,terminal,0.62,12,0.418808,"Наблюдаемый конечный узел: вход от 1 клиентов (37,500 KZT), исходящих нет; колено 1<4.",1,False,1,0,37500.0,0.0,1,0,5,0.0,0.0,False,0.0,0,False,1,0,0,0.492716,0.082073,0.085632,0.194128,0.079004,0.051879,0.0,0.85,1.0,1.0,нет
100000006831291100,peripheral,0.6,54,0.160169,"Недостаточно признаков роли: 0 плательщиков, 1 получателей, колено 0.",0,True,0,1,0.0,15000.0,0,3,1,0.0,0.0,False,0.0,0,False,0,3,0,0.251246,0.001913,0.001913,0.054048,0.079004,0.114368,0.0,0.75,1.0,0.85,нет
100000006844004100,terminal,0.62,1,0.27384,"Наблюдаемый конечный узел: вход от 1 клиентов (20,600 KZT), исходящих нет; колено 3<4.",3,False,1,0,20600.0,0.0,1,0,1,0.0,0.0,False,0.0,0,False,1,0,0,0.322164,0.082073,0.05516,0.054048,0.079004,0.051879,0.0,0.85,1.0,1.0,нет
100000006844768100,peripheral,0.6,1,0.557874,"Недостаточно признаков роли: 1 плательщиков, 2 получателей, колено 2.",2,False,1,2,282000.0,188000.0,5,5,3,1.85515e-05,0.4,False,0.0,1,False,1,2,0,0.743832,0.082073,0.169973,0.16339,0.178781,0.129615,0.02,0.75,1.0,1.0,возвратный поток (1 цикл.)
100000006852430100,terminal,0.62,12,0.422174,"Наблюдаемый конечный узел: вход от 1 клиентов (37,000 KZT), исходящих нет; колено 2<4.",2,False,1,0,37000.0,0.0,1,0,8,0.0,0.0,False,0.0,0,False,1,0,0,0.496675,0.082073,0.085009,0.19871,0.079004,0.051879,0.0,0.85,1.0,1.0,нет
100000006866783100,distributor,0.94,1,0.830206,"Признаки распределения: 67 получателей против 13 плательщиков, исходящий поток 3,948,037 KZT.",0,True,13,67,838812.0,3948037.0,31,90,4,0.0025393538,1.0,False,0.0,93,True,5,9,0,0.976713,0.199689,0.193505,0.18492,0.198932,0.149666,0.05,1.0,1.0,0.85,возвратный поток с seed (93 цикл.); 5 плательщиков в один день; повтор одной суммы ×9
100000006866831100,peripheral,0.55,1,0.150506,"Граница обхода: колено 4, вход от 1 клиентов; исходящие не выгружены. У похожих узлов колен 1–3 выход есть в 29% случаев.",4,False,1,0,16500.0,0.0,1,0,1,0.0,0.0,True,0.287,0,False,1,0,0,0.30873,0.082073,0.041726,0.054048,0.079004,0.051879,0.0,0.75,0.65,1.0,нет
100000006882208100,terminal,0.62,5,0.329838,"Наблюдаемый конечный узел: вход от 1 клиентов (18,000 KZT), исходящих нет; колено 3<4.",3,False,1,0,18000.0,0.0,1,0,2,0.0,0.0,False,0.0,0,False,1,0,0,0.388045,0.082073,0.046753,0.128336,0.079004,0.051879,0.0,0.85,1.0,1.0,нет
100000006888238100,peripheral,0.6,60,0.341837,"Недостаточно признаков роли: 1 плательщиков, 1 получателей, колено 2.",2,False,1,1,18000.0,30000.0,1,1,1,4.6379e-06,0.0,False,0.0,0,False,1,1,0,0.455783,0.082073,0.046753,0.054048,0.158541,0.114368,0.0,0.75,1.0,1.0,нет
100000006889963100,consolidator,0.65,6,0.921931,"Признаки консолидации: 4 плательщиков, 1 получателей, входящий поток 1,431,000 KZT.",1,False,4,1,1431000.0,443475.8,6,3,9,9.2757e-06,1.0,False,0.0,0,False,4,1,0,0.921931,0.193817,0.197242,0.199689,0.166815,0.114368,0.05,1.0,1.0,1.0,4 плательщиков в один день
100000006894637100,terminal,0.62,1,0.316264,"Наблюдаемый конечный узел: вход от 1 клиентов (52,831 KZT), исходящих нет; колено 3<4.",3,False,1,0,52831.0,0.0,1,0,1,0.0,0.0,False,0.0,0,False,1,0,0,0.372075,0.082073,0.105071,0.054048,0.079004,0.051879,0.0,0.85,1.0,1.0,нет
100000006901046100,peripheral,0.6,5,0.361799,"Недостаточно признаков роли: 1 плательщиков, 1 получателей, колено 2.",2,False,1,1,75800.0,5500.0,3,1,1,0.0,0.6666666666666666,False,0.0,1,False,1,1,0,0.482399,0.082073,0.119573,0.054048,0.079004,0.114368,0.033333,0.75,1.0,1.0,возвратный поток (1 цикл.)
100000006903193100,peripheral,0.55,1,0.175271,"Граница обхода: колено 4, вход от 1 клиентов; исходящие не выгружены. У похожих узлов колен 1–3 выход есть в 29% случаев.",4,False,1,0,9000.0,0.0,1,0,2,0.0,0.0,True,0.287,0,False,1,0,1,0.359531,0.082073,0.018238,0.128336,0.079004,0.051879,0.0,0.75,0.65,1.0,нет
100000006912294100,peripheral,0.6,3,0.268097,"Недостаточно признаков роли: 1 плательщиков, 2 получателей, колено 2.",2,False,1,2,6335.09,30000.0,1,2,1,0.0,0.0,False,0.0,1,False,1,1,1,0.357462,0.082073,0.012722,0.054048,0.079004,0.129615,0.0,0.75,1.0,1.0,возвратный поток (1 цикл.)
100000006918814100,peripheral,0.55,4,0.155515,"Граница обхода: колено 4, вход от 1 клиентов; исходящие не выгружены. У похожих узлов колен 1–3 выход есть в 29% случаев.",4,False,1,0,20000.0,0.0,2,0,1,0.0,0.0,True,0.287,0,False,1,0,0,0.319006,0.082073,0.052002,0.054048,0.079004,0.051879,0.0,0.75,0.65,1.0,нет
100000006919124100,terminal,0.62,1,0.345416,"Наблюдаемый конечный узел: вход от 1 клиентов (25,000 KZT), исходящих нет; колено 3<4.",3,False,1,0,25000.0,0.0,1,0,2,0.0,0.0,False,0.0,0,False,1,0,0,0.406372,0.082073,0.06508,0.128336,0.079004,0.051879,0.0,0.85,1.0,1.0,нет
100000006952718100,terminal,0.62,5,0.389845,"Наблюдаемый конечный узел: вход от 1 клиентов (71,489 KZT), исходящих нет; колено 1<4.",1,False,1,0,71489.0,0.0,1,0,2,0.0,0.0,False,0.0,0,False,1,0,0,0.458641,0.082073,0.117349,0.128336,0.079004,0.051879,0.0,0.85,1.0,1.0,нет
100000006965162100,terminal,0.62,29,0.246464,"Наблюдаемый конечный узел: вход от 1 клиентов (10,000 KZT), исходящих нет; колено 3<4.",3,False,1,0,10000.0,0.0,1,0,1,0.0,0.0,False,0.0,0,False,1,0,0,0.289958,0.082073,0.022954,0.054048,0.079004,0.051879,0.0,0.85,1.0,1.0,нет
100000006967370100,peripheral,0.6,17,0.410798,"Недостаточно признаков роли: 1 плательщиков, 1 получателей, колено 3.",3,False,1,1,33225.0,13526.27,1,1,1,9.2757e-06,1.0,False,0.0,0,False,1,1,0,0.547731,0.082073,0.080427,0.054048,0.166815,0.114368,0.05,0.75,1.0,1.0,нет
100000006972210100,terminal,0.7,3,0.595312,"Наблюдаемый конечный узел: вход от 3 клиентов (488,775 KZT), исходящих нет; колено 1<4.",1,False,3,0,488775.0,0.0,4,0,7,0.0,0.0,False,0.0,0,False,1,0,0,0.700367,0.187189,0.18452,0.197776,0.079004,0.051879,0.0,0.85,1.0,1.0,нет
100000006977207100,distributor,0.865,21,0.542716,"Признаки распределения: 15 получателей против 1 плательщиков, исходящий поток 4,157,018 KZT.",2,False,1,15,414000.0,4157018.0,1,15,1,0.0,0.0,False,0.0,0,False,1,1,0,0.542716,0.082073,0.180294,0.054048,0.079004,0.147298,0.0,1.0,1.0,1.0,нет
100000006989106100,terminal,0.62,11,0.322578,"Наблюдаемый конечный узел: вход от 1 клиентов (64,000 KZT), исходящих нет; колено 2<4.",2,False,1,0,64000.0,0.0,2,0,1,0.0,0.0,False,0.0,0,False,1,0,0,0.379504,0.082073,0.1125,0.054048,0.079004,0.051879,0.0,0.85,1.0,1.0,нет
100000006989232100,terminal,0.62,1,0.275957,"Наблюдаемый конечный узел: вход от 1 клиентов (22,194 KZT), исходящих нет; колено 3<4.",3,False,1,0,22194.0,0.0,1,0,1,0.0,0.0,False,0.0,0,False,1,0,0,0.324655,0.082073,0.057651,0.054048,0.079004,0.051879,0.0,0.85,1.0,1.0,нет
100000006994985100,peripheral,0.6,9,0.50575,"Недостаточно признаков роли: 1 плательщиков, 1 получателей, колено 2.",2,False,1,1,48500.0,10200.0,2,2,3,9.2757e-06,1.0,False,0.0,0,False,1,1,0,0.674333,0.082073,0.097687,0.16339,0.166815,0.114368,0.05,0.75,1.0,1.0,нет
100000007005380100,terminal,0.62,6,0.243061,"Наблюдаемый конечный узел: вход от 1 клиентов (9,400 KZT), исходящих нет; колено 3<4.",3,False,1,0,9400.0,0.0,1,0,1,0.0,0.0,False,0.0,0,False,1,0,1,0.285954,0.082073,0.01895,0.054048,0.079004,0.051879,0.0,0.85,1.0,1.0,нет
100000007018630100,peripheral,0.6,62,0.160169,"Недостаточно признаков роли: 0 плательщиков, 1 получателей, колено 0.",0,True,0,1,0.0,200000.0,0,5,1,0.0,0.0,False,0.0,0,False,0,2,0,0.251246,0.001913,0.001913,0.054048,0.079004,0.114368,0.0,0.75,1.0,0.85,нет
100000007020162100,terminal,0.62,15,0.332598,"Наблюдаемый конечный узел: вход от 1 клиентов (86,395 KZT), исходящих нет; колено 3<4.",3,False,1,0,86395.0,0.0,1,0,1,0.0,0.0,False,0.0,0,False,1,0,0,0.391292,0.082073,0.124288,0.054048,0.079004,0.051879,0.0,0.85,1.0,1.0,нет
100000007022818100,terminal,0.62,2,0.264084,"Наблюдаемый конечный узел: вход от 1 клиентов (17,200 KZT), исходящих нет; колено 3<4.",3,False,1,0,17200.0,0.0,1,0,1,0.0,0.0,False,0.0,0,False,1,0,0,0.310687,0.082073,0.043683,0.054048,0.079004,0.051879,0.0,0.85,1.0,1.0,нет
100000007034089100,peripheral,0.55,3,0.286477,"Граница обхода: колено 4, вход от 2 клиентов; исходящие не выгружены. У похожих узлов колен 1–3 выход есть в 57% случаев.",4,False,2,0,198000.0,0.0,2,0,2,0.0,0.0,True,0.57,0,False,2,0,1,0.587645,0.171308,0.157117,0.128336,0.079004,0.051879,0.0,0.75,0.65,1.0,продлить обход: скрытый выход ~57%
100000007042175100,peripheral,0.55,1,0.220183,"Граница обхода: колено 4, вход от 1 клиентов; исходящие не выгружены. У похожих узлов колен 1–3 выход есть в 29% случаев.",4,False,1,0,60000.0,0.0,1,0,2,0.0,0.0,True,0.287,0,False,1,0,0,0.451657,0.082073,0.110365,0.128336,0.079004,0.051879,0.0,0.75,0.65,1.0,нет
100000007055802100,consolidator,0.79,1,0.802891,"Признаки консолидации: 6 плательщиков, 1 получателей, входящий поток 2,024,999 KZT.",1,False,6,1,2024999.0,605000.0,34,7,3,0.0,1.0,False,0.0,1,False,4,1,2,0.802891,0.197553,0.198577,0.16339,0.079004,0.114368,0.05,1.0,1.0,1.0,возвратный поток (1 цикл.); 4 плательщиков в один день
100000007071852100,peripheral,0.55,7,0.242758,"Граница обхода: колено 4, вход от 1 клиентов; исходящие не выгружены. У похожих узлов колен 1–3 выход есть в 29% случаев.",4,False,1,0,195000.0,0.0,1,0,2,0.0,0.0,True,0.287,0,False,1,0,0,0.497965,0.082073,0.156673,0.128336,0.079004,0.051879,0.0,0.75,0.65,1.0,нет
100000007129492100,peripheral,0.6,12,0.58462,"Недостаточно признаков роли: 2 плательщиков, 1 получателей, колено 1.",1,False,2,1,50990.0,37000.0,2,1,8,9.2757e-06,0.5,False,0.0,0,False,1,1,0,0.779493,0.171308,0.103292,0.19871,0.166815,0.114368,0.025,0.75,1.0,1.0,нет
100000007131370100,transit,0.75,16,0.48865,"Признаки транзита: отдал 100% видимого входа; 1→1 связей, быстрый выход 0%.",3,False,1,1,30000.0,30000.0,1,1,3,0.0,0.0,False,0.0,1,False,1,1,0,0.514368,0.082073,0.075534,0.16339,0.079004,0.114368,0.0,0.95,1.0,1.0,возвратный поток (1 цикл.)
100000007138613100,peripheral,0.6,1,0.640428,"Недостаточно признаков роли: 3 плательщиков, 2 получателей, колено 3.",3,False,3,2,1002000.0,179000.0,3,2,3,1.85515e-05,0.0,False,0.0,0,False,1,1,0,0.853903,0.187189,0.194929,0.16339,0.178781,0.129615,0.0,0.75,1.0,1.0,нет
100000007140834100,terminal,0.62,9,0.2493,"Наблюдаемый конечный узел: вход от 1 клиентов (10,200 KZT), исходящих нет; колено 3<4.",3,False,1,0,10200.0,0.0,2,0,1,0.0,0.0,False,0.0,0,False,1,0,2,0.293294,0.082073,0.02629,0.054048,0.079004,0.051879,0.0,0.85,1.0,1.0,нет
100000007153161100,peripheral,0.55,1,0.21153,"Граница обхода: колено 4, вход от 1 клиентов; исходящие не выгружены. У похожих узлов колен 1–3 выход есть в 29% случаев.",4,False,1,0,44997.0,0.0,1,0,2,0.0,0.0,True,0.287,0,False,1,0,0,0.433908,0.082073,0.092616,0.128336,0.079004,0.051879,0.0,0.75,0.65,1.0,нет
100000007170072100,transit,0.8462,7,0.594965,"Признаки транзита: отдал 100% видимого входа; 1→2 связей, быстрый выход 100%.",3,False,1,2,100000.0,99500.0,1,9,1,1.85515e-05,1.0,False,0.0,0,False,1,3,0,0.626279,0.082073,0.131762,0.054048,0.178781,0.129615,0.05,0.95,1.0,1.0,нет
100000007173936100,terminal,0.62,31,0.339404,"Наблюдаемый конечный узел: вход от 1 клиентов (10,000 KZT), исходящих нет; колено 2<4.",2,False,1,0,10000.0,0.0,1,0,3,0.0,0.0,False,0.0,0,False,1,0,0,0.399299,0.082073,0.022954,0.16339,0.079004,0.051879,0.0,0.85,1.0,1.0,нет
100000007175718100,terminal,0.62,47,0.271155,"Наблюдаемый конечный узел: вход от 1 клиентов (20,000 KZT), исходящих нет; колено 1<4.",1,False,1,0,20000.0,0.0,1,0,1,0.0,0.0,False,0.0,0,False,1,0,0,0.319006,0.082073,0.052002,0.054048,0.079004,0.051879,0.0,0.85,1.0,1.0,нет
100000007181706100,terminal,0.66,4,0.543737,"Наблюдаемый конечный узел: вход от 2 клиентов (176,272 KZT), исходящих нет; колено 1<4.",1,False,2,0,176272.0,0.0,2,0,4,0.0,0.0,False,0.0,0,False,2,0,0,0.639691,0.171308,0.15258,0.18492,0.079004,0.051879,0.0,0.85,1.0,1.0,нет
100000007197866100,peripheral,0.6,7,0.38948,"Недостаточно признаков роли: 1 плательщиков, 1 получателей, колено 3.",3,False,1,1,20000.0,15000.0,1,1,1,9.2757e-06,1.0,False,0.0,0,False,1,1,0,0.519306,0.082073,0.052002,0.054048,0.166815,0.114368,0.05,0.75,1.0,1.0,нет
100000007229557100,terminal,0.7,22,0.592325,"Наблюдаемый конечный узел: вход от 3 клиентов (878,000 KZT), исходящих нет; колено 3<4.",3,False,3,0,878000.0,0.0,3,0,4,0.0,0.0,False,0.0,0,False,3,0,0,0.696853,0.187189,0.193861,0.18492,0.079004,0.051879,0.0,0.85,1.0,1.0,3 плательщиков в один день
100000007242833100,peripheral,0.6,13,0.533941,"Недостаточно признаков роли: 1 плательщиков, 1 получателей, колено 2.",2,False,1,1,107500.0,45000.0,3,2,3,9.2757e-06,1.0,False,0.0,0,False,1,2,0,0.711922,0.082073,0.135276,0.16339,0.166815,0.114368,0.05,0.75,1.0,1.0,нет
100000007267915100,peripheral,0.6,17,0.368383,"Недостаточно признаков роли: 2 плательщиков, 1 получателей, колено 3.",3,False,2,1,21000.0,10000.0,3,1,1,0.0,0.3333333333333333,False,0.0,0,False,1,1,2,0.491177,0.171308,0.055783,0.054048,0.079004,0.114368,0.016667,0.75,1.0,1.0,нет
100000007274584100,terminal,0.62,4,0.411435,"Наблюдаемый конечный узел: вход от 1 клиентов (38,000 KZT), исходящих нет; колено 1<4.",1,False,1,0,38000.0,0.0,1,0,4,0.0,0.0,False,0.0,0,False,1,0,0,0.484041,0.082073,0.086165,0.18492,0.079004,0.051879,0.0,0.85,1.0,1.0,нет
100000007281639100,terminal,0.66,5,0.532696,"Наблюдаемый конечный узел: вход от 2 клиентов (216,770 KZT), исходящих нет; колено 1<4.",1,False,2,0,216770.0,0.0,4,0,3,0.0,0.0,False,0.0,0,False,1,0,1,0.626702,0.171308,0.161121,0.16339,0.079004,0.051879,0.0,0.85,1.0,1.0,нет
100000007283257100,terminal,0.62,66,0.35952,"Наблюдаемый конечный узел: вход от 1 клиентов (192,000 KZT), исходящих нет; колено 1<4.",1,False,1,0,192000.0,0.0,7,0,1,0.0,0.0,False,0.0,0,False,1,0,0,0.422965,0.082073,0.155961,0.054048,0.079004,0.051879,0.0,0.85,1.0,1.0,нет
100000007289427100,terminal,0.62,4,0.25259,"Наблюдаемый конечный узел: вход от 1 клиентов (12,300 KZT), исходящих нет; колено 2<4.",2,False,1,0,12300.0,0.0,1,0,1,0.0,0.0,False,0.0,0,False,1,0,0,0.297164,0.082073,0.03016,0.054048,0.079004,0.051879,0.0,0.85,1.0,1.0,нет
100000007303047100,terminal,0.62,2,0.315961,"Наблюдаемый конечный узел: вход от 1 клиентов (52,250 KZT), исходящих нет; колено 3<4.",3,False,1,0,52250.0,0.0,1,0,1,0.0,0.0,False,0.0,0,False,1,0,0,0.371719,0.082073,0.104715,0.054048,0.079004,0.051879,0.0,0.85,1.0,1.0,нет
100000007311010100,peripheral,0.6,4,0.562667,"Недостаточно признаков роли: 2 плательщиков, 1 получателей, колено 1.",1,False,2,1,64480.0,20000.0,2,1,4,9.2757e-06,0.0,False,0.0,0,False,1,1,0,0.750222,0.171308,0.112811,0.18492,0.166815,0.114368,0.0,0.75,1.0,1.0,нет
100000007322059100,peripheral,0.6,33,0.462444,"Недостаточно признаков роли: 2 плательщиков, 1 получателей, колено 2.",2,False,2,1,29000.0,22500.0,2,2,1,1.85515e-05,0.5,False,0.0,1,False,1,1,1,0.616593,0.171308,0.073087,0.054048,0.178781,0.114368,0.025,0.75,1.0,1.0,возвратный поток (1 цикл.)
100000007330432100,peripheral,0.55,71,0.222286,"Граница обхода: колено 4, вход от 1 клиентов; исходящие не выгружены. У похожих узлов колен 1–3 выход есть в 29% случаев.",4,False,1,0,584900.0,0.0,1,0,1,0.0,0.0,True,0.287,0,False,1,0,0,0.455972,0.082073,0.188968,0.054048,0.079004,0.051879,0.0,0.75,0.65,1.0,нет
100000007333038100,peripheral,0.6,10,0.357743,"Недостаточно признаков роли: 1 плательщиков, 2 получателей, колено 3.",3,False,1,2,17500.0,34994.0,1,2,1,9.2757e-06,0.0,False,0.0,0,False,1,1,0,0.476991,0.082073,0.04444,0.054048,0.166815,0.129615,0.0,0.75,1.0,1.0,нет
100000007334196100,terminal,0.62,12,0.471328,"Наблюдаемый конечный узел: вход от 1 клиентов (150,002 KZT), исходящих нет; колено 1<4.",1,False,1,0,150002.0,0.0,1,0,5,0.0,0.0,False,0.0,0,False,1,0,0,0.554504,0.082073,0.14742,0.194128,0.079004,0.051879,0.0,0.85,1.0,1.0,нет
100000007337374100,terminal,0.62,2,0.271155,"Наблюдаемый конечный узел: вход от 1 клиентов (20,000 KZT), исходящих нет; колено 2<4.",2,False,1,0,20000.0,0.0,2,0,1,0.0,0.0,False,0.0,0,False,1,0,0,0.319006,0.082073,0.052002,0.054048,0.079004,0.051879,0.0,0.85,1.0,1.0,нет
100000007347733100,terminal,0.62,54,0.277091,"Наблюдаемый конечный узел: вход от 1 клиентов (23,007 KZT), исходящих нет; колено 1<4.",1,False,1,0,23007.0,0.0,1,0,1,0.0,0.0,False,0.0,0,False,1,0,0,0.32599,0.082073,0.058986,0.054048,0.079004,0.051879,0.0,0.85,1.0,1.0,нет
100000007357489100,peripheral,0.55,3,0.283007,"Граница обхода: колено 4, вход от 2 клиентов; исходящие не выгружены. У похожих узлов колен 1–3 выход есть в 57% случаев.",4,False,2,0,164500.0,0.0,2,0,2,0.0,0.0,True,0.57,0,False,2,0,0,0.580527,0.171308,0.15,0.128336,0.079004,0.051879,0.0,0.75,0.65,1.0,продлить обход: скрытый выход ~57%
100000007381662100,peripheral,0.55,1,0.17976,"Граница обхода: колено 4, вход от 1 клиентов; исходящие не выгружены. У похожих узлов колен 1–3 выход есть в 29% случаев.",4,False,1,0,11000.0,0.0,1,0,2,0.0,0.0,True,0.287,0,False,1,0,0,0.368739,0.082073,0.027447,0.128336,0.079004,0.051879,0.0,0.75,0.65,1.0,нет
100000007382152100,terminal,0.62,1,0.299551,"Наблюдаемый конечный узел: вход от 1 клиентов (5,860 KZT), исходящих нет; колено 2<4.",2,False,1,0,5860.0,0.0,1,0,2,0.0,0.0,False,0.0,0,False,1,0,1,0.352413,0.082073,0.011121,0.128336,0.079004,0.051879,0.0,0.85,1.0,1.0,нет
100000007382543100,peripheral,0.6,29,0.567668,"Недостаточно признаков роли: 3 плательщиков, 5 получателей, колено 2.",2,False,3,5,218000.0,427000.0,3,8,1,0.0001692824,0.3333333333333333,False,0.0,2,False,1,2,1,0.756891,0.187189,0.16121,0.054048,0.195685,0.142093,0.016667,0.75,1.0,1.0,возвратный поток (2 цикл.)
100000007390016100,peripheral,0.6,72,0.483407,"Недостаточно признаков роли: 1 плательщиков, 1 получателей, колено 3.",3,False,1,1,511000.0,346500.0,13,14,3,0.0,0.38461538461538464,False,0.0,1,False,1,4,0,0.644542,0.082073,0.186477,0.16339,0.079004,0.114368,0.019231,0.75,1.0,1.0,возвратный поток (1 цикл.); повтор одной суммы ×4
100000007392365100,peripheral,0.6,42,0.422601,"Недостаточно признаков роли: 1 плательщиков, 6 получателей, колено 3.",3,False,1,6,9613.0,1765600.0,1,9,2,5.56545e-05,0.0,False,0.0,0,False,1,2,1,0.563468,0.082073,0.019395,0.128336,0.190169,0.143494,0.0,0.75,1.0,1.0,нет
100000007442518100,peripheral,0.6,31,0.699855,"Недостаточно признаков роли: 5 плательщиков, 9 получателей, колено 1.",1,False,5,9,510000.0,4419999.0,8,12,4,0.0001530499,0.5,False,0.0,1,False,1,3,1,0.933141,0.196263,0.186343,0.18492,0.195018,0.145596,0.025,0.75,1.0,1.0,возвратный поток (1 цикл.)
100000007472293100,peripheral,0.6,49,0.427146,"Недостаточно признаков роли: 1 плательщиков, 3 получателей, колено 3.",3,False,1,3,5000.0,345900.0,1,3,3,1.9711e-05,0.0,False,0.0,0,False,1,1,1,0.569528,0.082073,0.006272,0.16339,0.181139,0.136655,0.0,0.75,1.0,1.0,нет
100000007484343100,terminal,0.66,1,0.425766,"Наблюдаемый конечный узел: вход от 2 клиентов (26,757 KZT), исходящих нет; колено 3<4.",3,False,2,0,26757.0,0.0,2,0,2,0.0,0.0,False,0.0,0,False,2,0,0,0.500901,0.171308,0.070374,0.128336,0.079004,0.051879,0.0,0.85,1.0,1.0,нет
100000007487729100,terminal,0.62,1,0.282271,"Наблюдаемый конечный узел: вход от 1 клиентов (25,000 KZT), исходящих нет; колено 3<4.",3,False,1,0,25000.0,0.0,1,0,1,0.0,0.0,False,0.0,0,False,1,0,0,0.332084,0.082073,0.06508,0.054048,0.079004,0.051879,0.0,0.85,1.0,1.0,нет
100000007507343100,terminal,0.62,53,0.37767,"Наблюдаемый конечный узел: вход от 1 клиентов (370,000 KZT), исходящих нет; колено 1<4.",1,False,1,0,370000.0,0.0,1,0,1,0.0,0.0,False,0.0,0,False,1,0,0,0.444317,0.082073,0.177313,0.054048,0.079004,0.051879,0.0,0.85,1.0,1.0,нет
100000007510567100,peripheral,0.55,8,0.217234,"Граница обхода: колено 4, вход от 1 клиентов; исходящие не выгружены. У похожих узлов колен 1–3 выход есть в 29% случаев.",4,False,1,0,52000.0,0.0,1,0,2,0.0,0.0,True,0.287,0,False,1,0,0,0.445607,0.082073,0.104315,0.128336,0.079004,0.051879,0.0,0.75,0.65,1.0,нет
100000007510875100,terminal,0.62,3,0.232285,"Наблюдаемый конечный узел: вход от 1 клиентов (5,000 KZT), исходящих нет; колено 3<4.",3,False,1,0,5000.0,0.0,1,0,1,0.0,0.0,False,0.0,0,False,1,0,1,0.273276,0.082073,0.006272,0.054048,0.079004,0.051879,0.0,0.85,1.0,1.0,нет
100000007511163100,peripheral,0.6,5,0.57014,"Недостаточно признаков роли: 2 плательщиков, 3 получателей, колено 1.",1,False,2,3,63666.0,82052.0,2,3,2,3.7103e-05,0.5,False,0.0,1,False,1,1,0,0.760187,0.171308,0.112278,0.128336,0.18661,0.136655,0.025,0.75,1.0,1.0,возвратный поток (1 цикл.)
100000007511780100,peripheral,0.55,1,0.202574,"Граница обхода: колено 4, вход от 1 клиентов; исходящие не выгружены. У похожих узлов колен 1–3 выход есть в 29% случаев.",4,False,1,0,155000.0,0.0,2,0,1,0.0,0.0,True,0.287,0,False,1,0,1,0.415536,0.082073,0.148532,0.054048,0.079004,0.051879,0.0,0.75,0.65,1.0,нет
100000007534354100,peripheral,0.6,10,0.339569,"Недостаточно признаков роли: 1 плательщиков, 3 получателей, колено 2.",2,False,1,3,50000.0,147810.0,1,3,1,0.0,0.0,False,0.0,0,False,1,1,0,0.452758,0.082073,0.100979,0.054048,0.079004,0.136655,0.0,0.75,1.0,1.0,нет
100000007536804100,peripheral,0.6,11,0.394876,"Недостаточно признаков роли: 1 плательщиков, 2 получателей, колено 1.",1,False,1,2,100000.0,55000.0,1,2,1,0.0,1.0,False,0.0,0,False,1,1,0,0.526501,0.082073,0.131762,0.054048,0.079004,0.129615,0.05,0.75,1.0,1.0,нет
100000007539296100,peripheral,0.55,6,0.176225,"Граница обхода: колено 4, вход от 1 клиентов; исходящие не выгружены. У похожих узлов колен 1–3 выход есть в 29% случаев.",4,False,1,0,46000.0,0.0,2,0,1,0.0,0.0,True,0.287,0,False,1,0,0,0.361488,0.082073,0.094484,0.054048,0.079004,0.051879,0.0,0.75,0.65,1.0,нет
100000007544358100,transit,0.736,5,0.740434,"Признаки транзита: отдал 109% видимого входа; 2→1 связей, быстрый выход 50%.",1,False,2,1,322500.0,350000.0,2,3,2,9.2757e-06,0.5,False,0.0,0,False,1,2,0,0.779404,0.171308,0.173577,0.128336,0.166815,0.114368,0.025,0.95,1.0,1.0,нет
100000007591246100,peripheral,0.6,14,0.325056,"Недостаточно признаков роли: 1 плательщиков, 1 получателей, колено 3.",3,False,1,1,12190.0,120000.0,1,1,2,0.0,0.0,False,0.0,0,False,1,1,0,0.433407,0.082073,0.029626,0.128336,0.079004,0.114368,0.0,0.75,1.0,1.0,нет
100000007593823100,coordinator,0.65,1,0.813527,"Гипотеза координации: достижим из 4 seed, 3 плательщиков, мост 0.0002.",3,False,3,13,25000.0,162900.0,3,21,4,0.0002284156,0.6666666666666666,False,0.0,4,False,1,10,1,0.813527,0.187189,0.06508,0.18492,0.196174,0.146831,0.033333,1.0,1.0,1.0,возвратный поток (4 цикл.); повтор одной суммы ×10
100000007594394100,consolidator,0.79,18,0.901557,"Признаки консолидации: 6 плательщиков, 1 получателей, входящий поток 395,385 KZT.",2,False,6,1,395385.0,3376312.0,6,40,4,1.23677e-05,1.0,False,0.0,1,False,2,4,1,0.901557,0.197553,0.179181,0.18492,0.175534,0.114368,0.05,1.0,1.0,1.0,возвратный поток (1 цикл.); повтор одной суммы ×4
100000007597382100,terminal,0.62,6,0.353848,"Наблюдаемый конечный узел: вход от 1 клиентов (15,700 KZT), исходящих нет; колено 3<4.",3,False,1,0,15700.0,0.0,1,0,3,0.0,0.0,False,0.0,0,False,1,0,0,0.416292,0.082073,0.039947,0.16339,0.079004,0.051879,0.0,0.85,1.0,1.0,нет
100000007617808100,terminal,0.62,5,0.493183,"Наблюдаемый конечный узел: вход от 1 клиентов (450,000 KZT), исходящих нет; колено 2<4.",2,False,1,0,450000.0,0.0,1,0,4,0.0,0.0,False,0.0,0,False,1,0,0,0.580216,0.082073,0.18234,0.18492,0.079004,0.051879,0.0,0.85,1.0,1.0,нет
100000007618425100,terminal,0.62,17,0.300988,"Наблюдаемый конечный узел: вход от 1 клиентов (39,348 KZT), исходящих нет; колено 3<4.",3,False,1,0,39348.0,0.0,1,0,1,0.0,0.0,False,0.0,0,False,1,0,0,0.354104,0.082073,0.0871,0.054048,0.079004,0.051879,0.0,0.85,1.0,1.0,нет
100000007629096100,consolidator,0.65,1,0.785863,"Признаки консолидации: 4 плательщиков, 1 получателей, входящий поток 1,075,170 KZT.",2,False,4,1,1075170.0,765205.0,5,5,3,0.0,0.8,False,0.0,1,False,2,1,0,0.785863,0.193817,0.195285,0.16339,0.079004,0.114368,0.04,1.0,1.0,1.0,возвратный поток (1 цикл.)
100000007629121100,terminal,0.62,4,0.400319,"Наблюдаемый конечный узел: вход от 1 клиентов (29,000 KZT), исходящих нет; колено 2<4.",2,False,1,0,29000.0,0.0,1,0,4,0.0,0.0,False,0.0,0,False,1,0,0,0.470963,0.082073,0.073087,0.18492,0.079004,0.051879,0.0,0.85,1.0,1.0,нет
100000007631637100,terminal,0.62,2,0.259774,"Наблюдаемый конечный узел: вход от 1 клиентов (15,341 KZT), исходящих нет; колено 1<4.",1,False,1,0,15341.0,0.0,1,0,1,0.0,0.0,False,0.0,0,False,1,0,0,0.305616,0.082073,0.038612,0.054048,0.079004,0.051879,0.0,0.85,1.0,1.0,нет
100000007639767100,distributor,0.665,1,0.817671,"Признаки распределения: 10 получателей против 4 плательщиков, исходящий поток 822,244 KZT.",1,False,4,10,90913.0,822244.0,4,13,2,0.0007911263,0.5,False,0.0,60,True,1,3,0,0.817671,0.193817,0.126601,0.128336,0.197954,0.145963,0.025,1.0,1.0,1.0,возвратный поток с seed (60 цикл.)
100000007641183100,terminal,0.62,5,0.351126,"Наблюдаемый конечный узел: вход от 1 клиентов (28,000 KZT), исходящих нет; колено 1<4.",1,False,1,0,28000.0,0.0,1,0,2,0.0,0.0,False,0.0,0,False,1,0,0,0.413089,0.082073,0.071797,0.128336,0.079004,0.051879,0.0,0.85,1.0,1.0,нет
100000007641801100,terminal,0.62,11,0.3616,"Наблюдаемый конечный узел: вход от 1 клиентов (200,000 KZT), исходящих нет; колено 1<4.",1,False,1,0,200000.0,0.0,1,0,1,0.0,0.0,False,0.0,0,False,1,0,0,0.425411,0.082073,0.158407,0.054048,0.079004,0.051879,0.0,0.85,1.0,1.0,нет
100000007647294100,terminal,0.62,36,0.378426,"Наблюдаемый конечный узел: вход от 1 клиентов (385,000 KZT), исходящих нет; колено 3<4.",3,False,1,0,385000.0,0.0,1,0,1,0.0,0.0,False,0.0,0,False,1,0,0,0.445207,0.082073,0.178203,0.054048,0.079004,0.051879,0.0,0.85,1.0,1.0,нет
100000007648946100,peripheral,0.6,14,0.343472,"Недостаточно признаков роли: 1 плательщиков, 1 получателей, колено 1.",1,False,1,1,19550.0,25000.0,1,1,1,5.797e-07,0.0,False,0.0,0,False,1,1,0,0.457963,0.082073,0.049377,0.054048,0.158096,0.114368,0.0,0.75,1.0,1.0,нет
100000007653003100,terminal,0.62,17,0.338951,"Наблюдаемый конечный узел: вход от 1 клиентов (100,000 KZT), исходящих нет; колено 3<4.",3,False,1,0,100000.0,0.0,1,0,1,0.0,0.0,False,0.0,0,False,1,0,0,0.398766,0.082073,0.131762,0.054048,0.079004,0.051879,0.0,0.85,1.0,1.0,нет
100000007653094100,peripheral,0.55,14,0.213807,"Граница обхода: колено 4, вход от 1 клиентов; исходящие не выгружены. У похожих узлов колен 1–3 выход есть в 29% случаев.",4,False,1,0,16000.0,0.0,1,0,4,0.0,0.0,True,0.287,0,False,1,0,0,0.438579,0.082073,0.040703,0.18492,0.079004,0.051879,0.0,0.75,0.65,1.0,нет
100000007689942100,peripheral,0.6,18,0.329118,"Недостаточно признаков роли: 1 плательщиков, 2 получателей, колено 3.",3,False,1,2,5000.0,25000.0,1,2,1,9.2757e-06,0.0,False,0.0,1,False,1,1,1,0.438823,0.082073,0.006272,0.054048,0.166815,0.129615,0.0,0.75,1.0,1.0,возвратный поток (1 цикл.)
100000007731977100,peripheral,0.55,1,0.215607,"Граница обхода: колено 4, вход от 1 клиентов; исходящие не выгружены. У похожих узлов колен 1–3 выход есть в 29% случаев.",4,False,1,0,50000.0,0.0,1,0,2,0.0,0.0,True,0.287,0,False,1,0,0,0.442271,0.082073,0.100979,0.128336,0.079004,0.051879,0.0,0.75,0.65,1.0,нет
100000007737775100,terminal,0.62,34,0.300043,"Наблюдаемый конечный узел: вход от 1 клиентов (6,000 KZT), исходящих нет; колено 3<4.",3,False,1,0,6000.0,0.0,1,0,2,0.0,0.0,False,0.0,0,False,1,0,1,0.352992,0.082073,0.011699,0.128336,0.079004,0.051879,0.0,0.85,1.0,1.0,нет
100000007745062100,peripheral,0.55,13,0.230614,"Граница обхода: колено 4, вход от 1 клиентов; исходящие не выгружены. У похожих узлов колен 1–3 выход есть в 29% случаев.",4,False,1,0,100000.0,0.0,1,0,2,0.0,0.0,True,0.287,0,False,1,0,0,0.473054,0.082073,0.131762,0.128336,0.079004,0.051879,0.0,0.75,0.65,1.0,нет
100000007747786100,distributor,0.94,11,0.242938,"Признаки распределения: 31 получателей против 0 плательщиков, исходящий поток 4,238,009 KZT.",0,True,0,31,0.0,4238009.4,0,35,1,0.0,0.0,False,0.0,0,False,0,4,0,0.28581,0.001913,0.001913,0.054048,0.079004,0.148932,0.0,1.0,1.0,0.85,повтор одной суммы ×4
100000007749092100,peripheral,0.6,5,0.258597,"Недостаточно признаков роли: 1 плательщиков, 1 получателей, колено 2.",2,False,1,1,7650.0,70375.0,1,5,1,0.0,0.0,False,0.0,1,False,1,1,1,0.344795,0.082073,0.015302,0.054048,0.079004,0.114368,0.0,0.75,1.0,1.0,возвратный поток (1 цикл.)
100000007749747100,peripheral,0.55,3,0.179392,"Граница обхода: колено 4, вход от 1 клиентов; исходящие не выгружены. У похожих узлов колен 1–3 выход есть в 29% случаев.",4,False,1,0,50000.0,0.0,1,0,1,0.0,0.0,True,0.287,0,False,1,0,0,0.367983,0.082073,0.100979,0.054048,0.079004,0.051879,0.0,0.75,0.65,1.0,нет
100000007754369100,terminal,0.62,1,0.331086,"Наблюдаемый конечный узел: вход от 1 клиентов (82,424 KZT), исходящих нет; колено 3<4.",3,False,1,0,82424.0,0.0,1,0,1,0.0,0.0,False,0.0,0,False,1,0,0,0.389513,0.082073,0.122509,0.054048,0.079004,0.051879,0.0,0.85,1.0,1.0,нет
100000007777377100,peripheral,0.6,5,0.594344,"Недостаточно признаков роли: 1 плательщиков, 2 получателей, колено 2.",2,False,1,2,456290.0,10000.0,7,2,4,6.49302e-05,0.42857142857142855,False,0.0,0,False,1,2,0,0.792458,0.082073,0.183096,0.18492,0.191326,0.129615,0.021429,0.75,1.0,1.0,нет
100000007793871100,terminal,0.62,12,0.377556,"Наблюдаемый конечный узел: вход от 1 клиентов (26,000 KZT), исходящих нет; колено 3<4.",3,False,1,0,26000.0,0.0,3,0,3,0.0,0.0,False,0.0,0,False,1,0,1,0.444184,0.082073,0.067838,0.16339,0.079004,0.051879,0.0,0.85,1.0,1.0,нет
100000007797290100,peripheral,0.6,1,0.467516,"Недостаточно признаков роли: 1 плательщиков, 1 получателей, колено 2.",2,False,1,1,100000.0,20000.0,1,1,2,9.2757e-06,0.0,False,0.0,0,False,1,1,0,0.623354,0.082073,0.131762,0.128336,0.166815,0.114368,0.0,0.75,1.0,1.0,нет
100000007811950100,peripheral,0.55,27,0.179392,"Граница обхода: колено 4, вход от 1 клиентов; исходящие не выгружены. У похожих узлов колен 1–3 выход есть в 29% случаев.",4,False,1,0,50000.0,0.0,1,0,1,0.0,0.0,True,0.287,0,False,1,0,0,0.367983,0.082073,0.100979,0.054048,0.079004,0.051879,0.0,0.75,0.65,1.0,нет
100000007841978100,peripheral,0.55,6,0.272294,"Граница обхода: колено 4, вход от 1 клиентов; исходящие не выгружены. У похожих узлов колен 1–3 выход есть в 29% случаев.",4,False,1,0,449000.0,0.0,1,0,3,0.0,0.0,True,0.287,0,False,1,0,0,0.558552,0.082073,0.182206,0.16339,0.079004,0.051879,0.0,0.75,0.65,1.0,нет
100000007861311100,terminal,0.62,11,0.306244,"Наблюдаемый конечный узел: вход от 1 клиентов (45,000 KZT), исходящих нет; колено 2<4.",2,False,1,0,45000.0,0.0,1,0,1,0.0,0.0,False,0.0,0,False,1,0,0,0.360287,0.082073,0.093283,0.054048,0.079004,0.051879,0.0,0.85,1.0,1.0,нет
100000007863304100,terminal,0.62,6,0.375212,"Наблюдаемый конечный узел: вход от 1 клиентов (25,000 KZT), исходящих нет; колено 3<4.",3,False,1,0,25000.0,0.0,1,0,3,0.0,0.0,False,0.0,0,False,1,0,0,0.441426,0.082073,0.06508,0.16339,0.079004,0.051879,0.0,0.85,1.0,1.0,нет
100000007864477100,peripheral,0.6,1,0.566061,"Недостаточно признаков роли: 2 плательщиков, 6 получателей, колено 3.",3,False,2,6,76000.0,203500.0,2,10,2,9.2757e-06,0.5,False,0.0,0,False,1,5,1,0.754749,0.171308,0.119795,0.128336,0.166815,0.143494,0.025,0.75,1.0,1.0,повтор одной суммы ×5
100000007865484100,peripheral,0.55,42,0.258458,"Граница обхода: колено 4, вход от 1 клиентов; исходящие не выгружены. У похожих узлов колен 1–3 выход есть в 29% случаев.",4,False,1,0,584600.0,0.0,2,0,2,0.0,0.0,True,0.287,0,False,1,0,0,0.530171,0.082073,0.188879,0.128336,0.079004,0.051879,0.0,0.75,0.65,1.0,нет
100000007867364100,peripheral,0.55,18,0.17436,"Граница обхода: колено 4, вход от 1 клиентов; исходящие не выгружены. У похожих узлов колен 1–3 выход есть в 29% случаев.",4,False,1,0,41852.0,0.0,1,0,1,0.0,0.0,True,0.287,0,False,1,0,0,0.357662,0.082073,0.090658,0.054048,0.079004,0.051879,0.0,0.75,0.65,1.0,нет
100000007898453100,peripheral,0.6,4,0.507643,"Недостаточно признаков роли: 1 плательщиков, 2 получателей, колено 2.",2,False,1,2,24750.0,320000.0,1,2,4,9.2757e-06,1.0,False,0.0,1,False,1,1,0,0.676857,0.082073,0.063434,0.18492,0.166815,0.129615,0.05,0.75,1.0,1.0,возвратный поток (1 цикл.)
100000007908818100,peripheral,0.6,4,0.698679,"Недостаточно признаков роли: 4 плательщиков, 6 получателей, колено 1.",1,False,4,6,727475.0,302000.0,4,13,8,6.49302e-05,0.25,False,0.0,0,False,2,6,0,0.931573,0.193817,0.191726,0.19871,0.191326,0.143494,0.0125,0.75,1.0,1.0,повтор одной суммы ×6
100000007930878100,terminal,0.62,45,0.232285,"Наблюдаемый конечный узел: вход от 1 клиентов (5,000 KZT), исходящих нет; колено 2<4.",2,False,1,0,5000.0,0.0,1,0,1,0.0,0.0,False,0.0,0,False,1,0,1,0.273276,0.082073,0.006272,0.054048,0.079004,0.051879,0.0,0.85,1.0,1.0,нет
100000007938486100,terminal,0.62,2,0.301102,"Наблюдаемый конечный узел: вход от 1 клиентов (39,500 KZT), исходящих нет; колено 1<4.",1,False,1,0,39500.0,0.0,1,0,1,0.0,0.0,False,0.0,0,False,1,0,0,0.354237,0.082073,0.087233,0.054048,0.079004,0.051879,0.0,0.85,1.0,1.0,нет
100000007939160100,peripheral,0.6,45,0.40315,"Недостаточно признаков роли: 1 плательщиков, 2 получателей, колено 1.",1,False,1,2,795000.0,14300.0,2,2,1,0.0,0.0,False,0.0,1,True,1,1,0,0.537533,0.082073,0.192794,0.054048,0.079004,0.129615,0.0,0.75,1.0,1.0,возвратный поток с seed (1 цикл.)
100000007953156100,peripheral,0.6,15,0.430049,"Недостаточно признаков роли: 1 плательщиков, 1 получателей, колено 2.",2,False,1,1,18000.0,10000.0,1,1,3,9.2757e-06,0.0,False,0.0,0,False,1,1,0,0.573399,0.082073,0.046753,0.16339,0.166815,0.114368,0.0,0.75,1.0,1.0,нет
100000007960337100,peripheral,0.55,7,0.224238,"Граница обхода: колено 4, вход от 1 клиентов; исходящие не выгружены. У похожих узлов колен 1–3 выход есть в 29% случаев.",4,False,1,0,35500.0,0.0,1,0,3,0.0,0.0,True,0.287,0,False,1,0,0,0.459976,0.082073,0.08363,0.16339,0.079004,0.051879,0.0,0.75,0.65,1.0,нет
100000007982728100,distributor,0.69,9,0.239705,"Признаки распределения: 8 получателей против 0 плательщиков, исходящий поток 1,804,384 KZT.",0,True,0,8,0.0,1804384.0,0,12,1,0.0,0.0,False,0.0,0,False,0,1,0,0.282006,0.001913,0.001913,0.054048,0.079004,0.145129,0.0,1.0,1.0,0.85,нет
100000007982908100,terminal,0.62,2,0.293501,"Наблюдаемый конечный узел: вход от 1 клиентов (31,080 KZT), исходящих нет; колено 2<4.",2,False,1,0,31080.0,0.0,1,0,1,0.0,0.0,False,0.0,0,False,1,0,0,0.345296,0.082073,0.078292,0.054048,0.079004,0.051879,0.0,0.85,1.0,1.0,нет
100000007988344100,peripheral,0.55,1,0.191731,"Граница обхода: колено 4, вход от 1 клиентов; исходящие не выгружены. У похожих узлов колен 1–3 выход есть в 29% случаев.",4,False,1,0,20000.0,0.0,3,0,2,0.0,0.0,True,0.287,0,False,1,0,3,0.393294,0.082073,0.052002,0.128336,0.079004,0.051879,0.0,0.75,0.65,1.0,3 входов у порога 5–10 тыс.
100000007997939100,peripheral,0.55,3,0.181777,"Граница обхода: колено 4, вход от 1 клиентов; исходящие не выгружены. У похожих узлов колен 1–3 выход есть в 29% случаев.",4,False,1,0,13000.0,0.0,1,0,2,0.0,0.0,True,0.287,0,False,1,0,0,0.372876,0.082073,0.031584,0.128336,0.079004,0.051879,0.0,0.75,0.65,1.0,нет
100000007998965100,consolidator,0.72,12,0.845869,"Признаки консолидации: 5 плательщиков, 1 получателей, входящий поток 278,000 KZT.",2,False,5,1,278000.0,26000.0,7,3,4,9.2757e-06,0.2857142857142857,False,0.0,0,False,2,2,0,0.845869,0.196263,0.169217,0.18492,0.166815,0.114368,0.014286,1.0,1.0,1.0,нет
100000007999728100,terminal,0.62,15,0.277394,"Наблюдаемый конечный узел: вход от 1 клиентов (23,250 KZT), исходящих нет; колено 3<4.",3,False,1,0,23250.0,0.0,1,0,1,0.0,0.0,False,0.0,0,False,1,0,0,0.326346,0.082073,0.059342,0.054048,0.079004,0.051879,0.0,0.85,1.0,1.0,нет
100000008002020100,peripheral,0.6,13,0.335932,"Недостаточно признаков роли: 1 плательщиков, 1 получателей, колено 1.",1,False,1,1,73860.0,17000.0,1,1,1,0.0,0.0,False,0.0,0,False,1,1,0,0.447909,0.082073,0.118416,0.054048,0.079004,0.114368,0.0,0.75,1.0,1.0,нет
100000008003034100,peripheral,0.6,14,0.468767,"Недостаточно признаков роли: 1 плательщиков, 4 получателей, колено 1.",1,False,1,4,12201.0,135000.0,1,4,2,0.000148412,1.0,False,0.0,0,False,1,1,0,0.625022,0.082073,0.029715,0.128336,0.194706,0.140191,0.05,0.75,1.0,1.0,нет
100000008008463100,terminal,0.62,9,0.317625,"Наблюдаемый конечный узел: вход от 1 клиентов (54,180 KZT), исходящих нет; колено 2<4.",2,False,1,0,54180.0,0.0,1,0,1,0.0,0.0,False,0.0,0,False,1,0,0,0.373677,0.082073,0.106673,0.054048,0.079004,0.051879,0.0,0.85,1.0,1.0,нет
100000008011159100,peripheral,0.6,43,0.631492,"Недостаточно признаков роли: 3 плательщиков, 5 получателей, колено 2.",2,False,3,5,363000.0,153037.0,6,5,2,6.02924e-05,0.3333333333333333,False,0.0,1,False,1,1,1,0.841989,0.187189,0.176868,0.128336,0.190836,0.142093,0.016667,0.75,1.0,1.0,возвратный поток (1 цикл.)
100000008011573100,terminal,0.62,17,0.258186,"Наблюдаемый конечный узел: вход от 1 клиентов (15,000 KZT), исходящих нет; колено 3<4.",3,False,1,0,15000.0,0.0,1,0,1,0.0,0.0,False,0.0,0,False,1,0,0,0.303748,0.082073,0.036744,0.054048,0.079004,0.051879,0.0,0.85,1.0,1.0,нет
100000008027922100,peripheral,0.55,24,0.1867,"Граница обхода: колено 4, вход от 1 клиентов; исходящие не выгружены. У похожих узлов колен 1–3 выход есть в 29% случаев.",4,False,1,0,70000.0,0.0,1,0,1,0.0,0.0,True,0.287,0,False,1,0,0,0.382974,0.082073,0.11597,0.054048,0.079004,0.051879,0.0,0.75,0.65,1.0,нет
100000008028628100,terminal,0.62,2,0.31944,"Наблюдаемый конечный узел: вход от 1 клиентов (57,224 KZT), исходящих нет; колено 1<4.",1,False,1,0,57224.0,0.0,1,0,1,0.0,0.0,False,0.0,0,False,1,0,0,0.375812,0.082073,0.108808,0.054048,0.079004,0.051879,0.0,0.85,1.0,1.0,нет
100000008029279100,terminal,0.62,7,0.263101,"Наблюдаемый конечный узел: вход от 1 клиентов (17,000 KZT), исходящих нет; колено 3<4.",3,False,1,0,17000.0,0.0,1,0,1,0.0,0.0,False,0.0,0,False,1,0,0,0.309531,0.082073,0.042527,0.054048,0.079004,0.051879,0.0,0.85,1.0,1.0,нет
100000008038077100,terminal,0.62,6,0.477265,"Наблюдаемый конечный узел: вход от 1 клиентов (499,850 KZT), исходящих нет; колено 3<4.",3,False,1,0,499850.0,0.0,2,0,3,0.0,0.0,False,0.0,0,False,1,0,0,0.561488,0.082073,0.185142,0.16339,0.079004,0.051879,0.0,0.85,1.0,1.0,нет
100000008042075100,terminal,0.62,25,0.232285,"Наблюдаемый конечный узел: вход от 1 клиентов (5,000 KZT), исходящих нет; колено 3<4.",3,False,1,0,5000.0,0.0,1,0,1,0.0,0.0,False,0.0,0,False,1,0,1,0.273276,0.082073,0.006272,0.054048,0.079004,0.051879,0.0,0.85,1.0,1.0,нет
100000008043184100,terminal,0.62,17,0.314525,"Наблюдаемый конечный узел: вход от 1 клиентов (50,564 KZT), исходящих нет; колено 3<4.",3,False,1,0,50564.0,0.0,1,0,1,0.0,0.0,False,0.0,0,False,1,0,0,0.370029,0.082073,0.103025,0.054048,0.079004,0.051879,0.0,0.85,1.0,1.0,нет
100000008050986100,peripheral,0.55,6,0.246314,"Граница обхода: колено 4, вход от 1 клиентов; исходящие не выгружены. У похожих узлов колен 1–3 выход есть в 29% случаев.",4,False,1,0,95000.0,0.0,2,0,3,0.0,0.0,True,0.287,0,False,1,0,0,0.50526,0.082073,0.128915,0.16339,0.079004,0.051879,0.0,0.75,0.65,1.0,нет
100000008055972100,terminal,0.62,2,0.288321,"Наблюдаемый конечный узел: вход от 1 клиентов (28,300 KZT), исходящих нет; колено 3<4.",3,False,1,0,28300.0,0.0,1,0,1,0.0,0.0,False,0.0,0,False,1,0,0,0.339202,0.082073,0.072198,0.054048,0.079004,0.051879,0.0,0.85,1.0,1.0,нет
100000008060273100,terminal,0.62,4,0.369427,"Наблюдаемый конечный узел: вход от 1 клиентов (10,000 KZT), исходящих нет; колено 2<4.",2,False,1,0,10000.0,0.0,2,0,8,0.0,0.0,False,0.0,0,False,1,0,2,0.43462,0.082073,0.022954,0.19871,0.079004,0.051879,0.0,0.85,1.0,1.0,нет
100000008066326100,terminal,0.62,1,0.268622,"Наблюдаемый конечный узел: вход от 1 клиентов (19,320 KZT), исходящих нет; колено 1<4.",1,False,1,0,19320.0,0.0,1,0,1,0.0,0.0,False,0.0,0,False,1,0,0,0.316025,0.082073,0.049021,0.054048,0.079004,0.051879,0.0,0.85,1.0,1.0,нет
100000008070101100,terminal,0.62,3,0.402096,"Наблюдаемый конечный узел: вход от 1 клиентов (100,000 KZT), исходящих нет; колено 3<4.",3,False,1,0,100000.0,0.0,1,0,2,0.0,0.0,False,0.0,0,False,1,0,0,0.473054,0.082073,0.131762,0.128336,0.079004,0.051879,0.0,0.85,1.0,1.0,нет
100000008071620100,terminal,0.62,1,0.308172,"Наблюдаемый конечный узел: вход от 1 клиентов (46,968 KZT), исходящих нет; колено 1<4.",1,False,1,0,46968.0,0.0,1,0,1,0.0,0.0,False,0.0,0,False,1,0,0,0.362556,0.082073,0.095552,0.054048,0.079004,0.051879,0.0,0.85,1.0,1.0,нет
100000008071749100,peripheral,0.55,8,0.197391,"Граница обхода: колено 4, вход от 1 клиентов; исходящие не выгружены. У похожих узлов колен 1–3 выход есть в 29% случаев.",4,False,1,0,24943.0,0.0,1,0,2,0.0,0.0,True,0.287,0,False,1,0,0,0.404904,0.082073,0.063612,0.128336,0.079004,0.051879,0.0,0.75,0.65,1.0,нет
100000008074304100,peripheral,0.55,6,0.1885,"Граница обхода: колено 4, вход от 1 клиентов; исходящие не выгружены. У похожих узлов колен 1–3 выход есть в 29% случаев.",4,False,1,0,5500.0,0.0,1,0,3,0.0,0.0,True,0.287,0,False,1,0,1,0.386666,0.082073,0.01032,0.16339,0.079004,0.051879,0.0,0.75,0.65,1.0,нет
100000008077552100,terminal,0.62,7,0.36349,"Наблюдаемый конечный узел: вход от 1 клиентов (214,000 KZT), исходящих нет; колено 3<4.",3,False,1,0,214000.0,0.0,1,0,1,0.0,0.0,False,0.0,0,False,1,0,0,0.427636,0.082073,0.160632,0.054048,0.079004,0.051879,0.0,0.85,1.0,1.0,нет
100000008086440100,transit,0.7057,1,0.698903,"Признаки транзита: отдал 81% видимого входа; 1→5 связей, быстрый выход 100%.",3,False,1,5,199733.0,161300.0,1,6,2,1.23677e-05,1.0,False,0.0,5,False,1,1,0,0.735687,0.082073,0.157651,0.128336,0.175534,0.142093,0.05,0.95,1.0,1.0,возвратный поток (5 цикл.)
100000008088082100,peripheral,0.6,14,0.460109,"Недостаточно признаков роли: 1 плательщиков, 1 получателей, колено 3.",3,False,1,1,39138.0,50000.0,1,1,3,9.2757e-06,0.0,False,0.0,0,False,1,1,0,0.613479,0.082073,0.086833,0.16339,0.166815,0.114368,0.0,0.75,1.0,1.0,нет
100000008094734100,consolidator,0.65,1,0.673766,"Признаки консолидации: 4 плательщиков, 0 получателей, входящий поток 236,249 KZT.",1,False,4,0,236249.0,0.0,4,0,4,0.0,0.0,False,0.0,0,False,1,0,1,0.673766,0.193817,0.164146,0.18492,0.079004,0.051879,0.0,1.0,1.0,1.0,нет
100000008097580100,terminal,0.66,7,0.37041,"Наблюдаемый конечный узел: вход от 2 клиентов (32,000 KZT), исходящих нет; колено 3<4.",3,False,2,0,32000.0,0.0,4,0,1,0.0,0.0,False,0.0,0,False,1,0,3,0.435776,0.171308,0.079537,0.054048,0.079004,0.051879,0.0,0.85,1.0,1.0,3 входов у порога 5–10 тыс.
100000008104567100,peripheral,0.6,8,0.581005,"Недостаточно признаков роли: 3 плательщиков, 3 получателей, колено 2.",2,False,3,3,53550.0,40000.0,3,4,2,0.0074298753,0.3333333333333333,False,0.0,1,False,1,1,1,0.774674,0.187189,0.106005,0.128336,0.199822,0.136655,0.016667,0.75,1.0,1.0,возвратный поток (1 цикл.)
100000008106997100,peripheral,0.6,1,0.51716,"Недостаточно признаков роли: 2 плательщиков, 1 получателей, колено 2.",2,False,2,1,35600.0,20600.0,2,1,2,9.2757e-06,0.5,False,0.0,0,False,1,1,0,0.689546,0.171308,0.083719,0.128336,0.166815,0.114368,0.025,0.75,1.0,1.0,нет
100000008111003100,consolidator,0.79,1,0.848295,"Признаки консолидации: 6 плательщиков, 1 получателей, входящий поток 222,716 KZT.",2,False,6,1,222716.0,35000.0,9,1,3,0.0001314541,0.3333333333333333,False,0.0,9,True,2,1,0,0.848295,0.197553,0.161922,0.16339,0.194395,0.114368,0.016667,1.0,1.0,1.0,возвратный поток с seed (9 цикл.)
100000008116374100,terminal,0.62,5,0.356949,"Наблюдаемый конечный узел: вход от 1 клиентов (31,284 KZT), исходящих нет; колено 1<4.",1,False,1,0,31284.0,0.0,1,0,2,0.0,0.0,False,0.0,0,False,1,0,0,0.41994,0.082073,0.078648,0.128336,0.079004,0.051879,0.0,0.85,1.0,1.0,нет
100000008117324100,peripheral,0.6,87,0.120332,"Seed без исходящих в выборке; входящий поток неполон, структурная роль не установлена.",0,True,0,0,0.0,0.0,0,0,1,0.0,0.0,False,0.0,0,False,0,0,0,0.188757,0.001913,0.001913,0.054048,0.079004,0.051879,0.0,0.75,1.0,0.85,нет
100000008121806100,peripheral,0.6,7,0.478709,"Недостаточно признаков роли: 1 плательщиков, 4 получателей, колено 3.",3,False,1,4,67000.0,248509.0,1,6,1,0.0004440381,1.0,False,0.0,1,False,1,1,0,0.638278,0.082073,0.114546,0.054048,0.19742,0.140191,0.05,0.75,1.0,1.0,возвратный поток (1 цикл.)
100000008129393100,terminal,0.62,54,0.246464,"Наблюдаемый конечный узел: вход от 1 клиентов (10,000 KZT), исходящих нет; колено 1<4.",1,False,1,0,10000.0,0.0,1,0,1,0.0,0.0,False,0.0,0,False,1,0,0,0.289958,0.082073,0.022954,0.054048,0.079004,0.051879,0.0,0.85,1.0,1.0,нет
100000008130868100,peripheral,0.55,10,0.158616,"Граница обхода: колено 4, вход от 1 клиентов; исходящие не выгружены. У похожих узлов колен 1–3 выход есть в 29% случаев.",4,False,1,0,22782.0,0.0,1,0,1,0.0,0.0,True,0.287,0,False,1,0,0,0.325367,0.082073,0.058363,0.054048,0.079004,0.051879,0.0,0.75,0.65,1.0,нет
100000008136608100,peripheral,0.55,8,0.204179,"Граница обхода: колено 4, вход от 1 клиентов; исходящие не выгружены. У похожих узлов колен 1–3 выход есть в 29% случаев.",4,False,1,0,170000.0,0.0,1,0,1,0.0,0.0,True,0.287,0,False,1,0,0,0.418828,0.082073,0.151824,0.054048,0.079004,0.051879,0.0,0.75,0.65,1.0,нет
100000008137435100,peripheral,0.6,24,0.55642,"Недостаточно признаков роли: 2 плательщиков, 6 получателей, колено 1.",1,False,2,6,93906.0,1419700.0,2,7,1,0.0001576877,1.0,False,0.0,1,True,2,2,0,0.741893,0.171308,0.127847,0.054048,0.195196,0.143494,0.05,0.75,1.0,1.0,возвратный поток с seed (1 цикл.)
100000008141170100,terminal,0.62,5,0.250283,"Наблюдаемый конечный узел: вход от 1 клиентов (11,000 KZT), исходящих нет; колено 2<4.",2,False,1,0,11000.0,0.0,1,0,1,0.0,0.0,False,0.0,0,False,1,0,0,0.294451,0.082073,0.027447,0.054048,0.079004,0.051879,0.0,0.85,1.0,1.0,нет
100000008144528100,consolidator,0.72,5,0.707173,"Признаки консолидации: 5 плательщиков, 0 получателей, входящий поток 1,068,203 KZT.",2,False,5,0,1068202.6,0.0,13,0,4,0.0,0.0,False,0.0,0,False,2,0,3,0.707173,0.196263,0.195107,0.18492,0.079004,0.051879,0.0,1.0,1.0,1.0,нет
100000008151098100,peripheral,0.55,28,0.166987,"Граница обхода: колено 4, вход от 1 клиентов; исходящие не выгружены. У похожих узлов колен 1–3 выход есть в 29% случаев.",4,False,1,0,30000.0,0.0,1,0,1,0.0,0.0,True,0.287,0,False,1,0,0,0.342538,0.082073,0.075534,0.054048,0.079004,0.051879,0.0,0.75,0.65,1.0,нет
100000008165763100,transit,0.7651,4,0.926856,"Признаки транзита: отдал 109% видимого входа; 15→17 связей, быстрый выход 81%.",1,False,15,17,1165815.0,1267858.0,26,17,6,0.0001328751,0.8076923076923077,False,0.0,0,False,4,2,1,0.975638,0.199822,0.196085,0.197064,0.194484,0.147798,0.040385,0.95,1.0,1.0,4 плательщиков в один день; плательщиков больше 99% узлов колена 1
100000008168850100,peripheral,0.55,6,0.259066,"Граница обхода: колено 4, вход от 1 клиентов; исходящие не выгружены. У похожих узлов колен 1–3 выход есть в 29% случаев.",4,False,1,0,187910.0,0.0,2,0,3,0.0,0.0,True,0.287,0,False,1,0,0,0.531417,0.082073,0.155071,0.16339,0.079004,0.051879,0.0,0.75,0.65,1.0,нет
100000008169544100,peripheral,0.6,5,0.55134,"Недостаточно признаков роли: 1 плательщиков, 4 получателей, колено 1.",1,False,1,4,137104.0,42800.0,2,7,2,6.52394e-05,1.0,False,0.0,3,True,1,3,0,0.73512,0.082073,0.142883,0.128336,0.191637,0.140191,0.05,0.75,1.0,1.0,возвратный поток с seed (3 цикл.)
100000008172352100,peripheral,0.6,33,0.621769,"Недостаточно признаков роли: 3 плательщиков, 7 получателей, колено 1.",1,False,3,7,90265.0,289510.0,3,8,2,8.34817e-05,1.0,False,0.0,0,False,2,1,0,0.829026,0.187189,0.126423,0.128336,0.192616,0.144462,0.05,0.75,1.0,1.0,нет
100000008172721100,peripheral,0.55,7,0.203983,"Граница обхода: колено 4, вход от 1 клиентов; исходящие не выгружены. У похожих узлов колен 1–3 выход есть в 29% случаев.",4,False,1,0,168335.0,0.0,1,0,1,0.0,0.0,True,0.287,0,False,1,0,0,0.418427,0.082073,0.151423,0.054048,0.079004,0.051879,0.0,0.75,0.65,1.0,нет
100000008173359100,terminal,0.62,5,0.300686,"Наблюдаемый конечный узел: вход от 1 клиентов (6,110 KZT), исходящих нет; колено 1<4.",1,False,1,0,6110.0,0.0,1,0,2,0.0,0.0,False,0.0,0,False,1,0,1,0.353748,0.082073,0.012456,0.128336,0.079004,0.051879,0.0,0.85,1.0,1.0,нет
100000008174521100,terminal,0.62,5,0.423875,"Наблюдаемый конечный узел: вход от 1 клиентов (82,110 KZT), исходящих нет; колено 2<4.",2,False,1,0,82110.0,0.0,1,0,3,0.0,0.0,False,0.0,0,False,1,0,0,0.498677,0.082073,0.122331,0.16339,0.079004,0.051879,0.0,0.85,1.0,1.0,нет
100000008175078100,peripheral,0.55,37,0.280101,"Граница обхода: колено 4, вход от 1 клиентов; исходящие не выгружены. У похожих узлов колен 1–3 выход есть в 29% случаев.",4,False,1,0,1846711.0,0.0,15,0,3,0.0,0.0,True,0.287,0,False,1,0,0,0.574566,0.082073,0.198221,0.16339,0.079004,0.051879,0.0,0.75,0.65,1.0,нет
100000008183752100,peripheral,0.55,22,0.200362,"Граница обхода: колено 4, вход от 1 клиентов; исходящие не выгружены. У похожих узлов колен 1–3 выход есть в 29% случаев.",4,False,1,0,140000.0,0.0,1,0,1,0.0,0.0,True,0.287,0,False,1,0,0,0.410999,0.082073,0.143995,0.054048,0.079004,0.051879,0.0,0.75,0.65,1.0,нет
100000008188026100,peripheral,0.6,16,0.563117,"Недостаточно признаков роли: 2 плательщиков, 4 получателей, колено 1.",1,False,2,4,86468.0,337983.17,5,4,2,3.7103e-05,0.0,False,0.0,0,False,1,1,1,0.750823,0.171308,0.124377,0.128336,0.18661,0.140191,0.0,0.75,1.0,1.0,нет
100000008190411100,peripheral,0.55,3,0.206803,"Граница обхода: колено 4, вход от 1 клиентов; исходящие не выгружены. У похожих узлов колен 1–3 выход есть в 29% случаев.",4,False,1,0,198450.0,0.0,12,0,1,0.0,0.0,True,0.287,0,False,1,0,7,0.42421,0.082073,0.157206,0.054048,0.079004,0.051879,0.0,0.75,0.65,1.0,7 входов у порога 5–10 тыс.
100000008190442100,terminal,0.62,2,0.253799,"Наблюдаемый конечный узел: вход от 1 клиентов (13,000 KZT), исходящих нет; колено 3<4.",3,False,1,0,13000.0,0.0,1,0,1,0.0,0.0,False,0.0,0,False,1,0,0,0.298588,0.082073,0.031584,0.054048,0.079004,0.051879,0.0,0.85,1.0,1.0,нет
100000008192264100,transit,0.7344,6,0.69006,"Признаки транзита: отдал 115% видимого входа; 1→1 связей, быстрый выход 100%.",3,False,1,1,162810.0,187910.0,1,2,3,9.2757e-06,1.0,False,0.0,0,False,1,1,0,0.726379,0.082073,0.149733,0.16339,0.166815,0.114368,0.05,0.95,1.0,1.0,нет
100000008193258100,peripheral,0.6,17,0.402057,"Недостаточно признаков роли: 1 плательщиков, 1 получателей, колено 3.",3,False,1,1,75000.0,30000.0,2,1,1,9.2757e-06,0.0,False,0.0,0,False,1,1,0,0.536077,0.082073,0.118772,0.054048,0.166815,0.114368,0.0,0.75,1.0,1.0,нет
100000008193577100,peripheral,0.6,44,0.477388,"Недостаточно признаков роли: 2 плательщиков, 5 получателей, колено 1.",1,False,2,5,154300.0,480180.0,6,16,1,0.0,0.8333333333333334,False,0.0,9,True,1,1,2,0.636518,0.171308,0.148399,0.054048,0.079004,0.142093,0.041667,0.75,1.0,1.0,возвратный поток с seed (9 цикл.)
100000008200810100,terminal,0.62,10,0.446108,"Наблюдаемый конечный узел: вход от 1 клиентов (475,000 KZT), исходящих нет; колено 3<4.",3,False,1,0,475000.0,0.0,1,0,2,0.0,0.0,False,0.0,0,False,1,0,0,0.524833,0.082073,0.183541,0.128336,0.079004,0.051879,0.0,0.85,1.0,1.0,нет
100000008205000100,peripheral,0.6,88,0.120332,"Seed без исходящих в выборке; входящий поток неполон, структурная роль не установлена.",0,True,0,0,0.0,0.0,0,0,1,0.0,0.0,False,0.0,0,False,0,0,0,0.188757,0.001913,0.001913,0.054048,0.079004,0.051879,0.0,0.75,1.0,0.85,нет
100000008205937100,terminal,0.62,14,0.416426,"Наблюдаемый конечный узел: вход от 1 клиентов (35,000 KZT), исходящих нет; колено 2<4.",2,False,1,0,35000.0,0.0,3,0,5,0.0,0.0,False,0.0,0,False,1,0,1,0.489913,0.082073,0.082829,0.194128,0.079004,0.051879,0.0,0.85,1.0,1.0,нет
100000008213966100,peripheral,0.6,29,0.608422,"Недостаточно признаков роли: 3 плательщиков, 1 получателей, колено 2.",2,False,3,1,187004.0,436900.0,7,8,2,2.78272e-05,0.8571428571428571,False,0.0,1,False,1,1,0,0.811229,0.187189,0.154893,0.128336,0.183585,0.114368,0.042857,0.75,1.0,1.0,возвратный поток (1 цикл.)
100000008219168100,terminal,0.62,11,0.316869,"Наблюдаемый конечный узел: вход от 1 клиентов (53,200 KZT), исходящих нет; колено 1<4.",1,False,1,0,53200.0,0.0,2,0,1,0.0,0.0,False,0.0,0,False,1,0,0,0.372787,0.082073,0.105783,0.054048,0.079004,0.051879,0.0,0.85,1.0,1.0,нет
100000008221543100,terminal,0.66,17,0.46214,"Наблюдаемый конечный узел: вход от 2 клиентов (542,000 KZT), исходящих нет; колено 1<4.",1,False,2,0,542000.0,0.0,2,0,1,0.0,0.0,False,0.0,0,False,1,0,0,0.543694,0.171308,0.187456,0.054048,0.079004,0.051879,0.0,0.85,1.0,1.0,нет
100000008221765100,peripheral,0.55,6,0.25603,"Граница обхода: колено 4, вход от 1 клиентов; исходящие не выгружены. У похожих узлов колен 1–3 выход есть в 29% случаев.",4,False,1,0,156354.0,0.0,1,0,3,0.0,0.0,True,0.287,0,False,1,0,0,0.525189,0.082073,0.148843,0.16339,0.079004,0.051879,0.0,0.75,0.65,1.0,нет
100000008223661100,peripheral,0.6,3,0.547662,"Недостаточно признаков роли: 2 плательщиков, 5 получателей, колено 3.",3,False,2,5,202000.0,262580.0,2,5,2,0.0,1.0,False,0.0,0,False,2,1,0,0.730216,0.171308,0.159475,0.128336,0.079004,0.142093,0.05,0.75,1.0,1.0,нет
100000008223756100,terminal,0.66,7,0.514093,"Наблюдаемый конечный узел: вход от 2 клиентов (331,682 KZT), исходящих нет; колено 3<4.",3,False,2,0,331682.0,0.0,2,0,2,0.0,0.0,False,0.0,0,False,1,0,0,0.604815,0.171308,0.174288,0.128336,0.079004,0.051879,0.0,0.85,1.0,1.0,нет
100000008229700100,peripheral,0.6,13,0.29206,"Недостаточно признаков роли: 1 плательщиков, 1 получателей, колено 1.",1,False,1,1,23500.0,7200.0,1,1,1,0.0,0.0,False,0.0,0,False,1,1,0,0.389413,0.082073,0.05992,0.054048,0.079004,0.114368,0.0,0.75,1.0,1.0,нет
100000008232832100,peripheral,0.6,41,0.47619,"Недостаточно признаков роли: 1 плательщиков, 1 получателей, колено 1.",1,False,1,1,337000.0,138000.0,2,1,4,0.0,0.0,False,0.0,0,False,1,1,0,0.63492,0.082073,0.174555,0.18492,0.079004,0.114368,0.0,0.75,1.0,1.0,нет
100000008237827100,terminal,0.62,4,0.413893,"Наблюдаемый конечный узел: вход от 1 клиентов (40,001 KZT), исходящих нет; колено 1<4.",1,False,1,0,40001.0,0.0,1,0,4,0.0,0.0,False,0.0,0,False,1,0,0,0.486933,0.082073,0.089057,0.18492,0.079004,0.051879,0.0,0.85,1.0,1.0,нет
100000008238112100,terminal,0.62,6,0.452158,"Наблюдаемый конечный узел: вход от 1 клиентов (190,000 KZT), исходящих нет; колено 3<4.",3,False,1,0,190000.0,0.0,1,0,3,0.0,0.0,False,0.0,0,False,1,0,0,0.531951,0.082073,0.155605,0.16339,0.079004,0.051879,0.0,0.85,1.0,1.0,нет
100000008238989100,terminal,0.62,24,0.3616,"Наблюдаемый конечный узел: вход от 1 клиентов (200,000 KZT), исходящих нет; колено 2<4.",2,False,1,0,200000.0,0.0,2,0,1,0.0,0.0,False,0.0,0,False,1,0,0,0.425411,0.082073,0.158407,0.054048,0.079004,0.051879,0.0,0.85,1.0,1.0,нет
100000008244300100,consolidator,0.72,6,0.604415,"Признаки консолидации: 5 плательщиков, 0 получателей, входящий поток 65,430 KZT.",1,False,5,0,65430.0,0.0,6,0,3,0.0,0.0,False,0.0,0,False,1,0,5,0.604415,0.196263,0.113879,0.16339,0.079004,0.051879,0.0,1.0,1.0,1.0,5 входов у порога 5–10 тыс.
100000008251939100,peripheral,0.55,8,0.211227,"Граница обхода: колено 4, вход от 1 клиентов; исходящие не выгружены. У похожих узлов колен 1–3 выход есть в 29% случаев.",4,False,1,0,44360.0,0.0,1,0,2,0.0,0.0,True,0.287,0,False,1,0,0,0.433285,0.082073,0.091993,0.128336,0.079004,0.051879,0.0,0.75,0.65,1.0,нет
100000008254069100,peripheral,0.6,20,0.50399,"Недостаточно признаков роли: 1 плательщиков, 5 получателей, колено 2.",2,False,1,5,10200.0,107500.0,2,6,4,3.7103e-05,1.0,False,0.0,1,False,1,2,2,0.671986,0.082073,0.02629,0.18492,0.18661,0.142093,0.05,0.75,1.0,1.0,возвратный поток (1 цикл.)
100000008254576100,peripheral,0.6,36,0.325189,"Недостаточно признаков роли: 1 плательщиков, 1 получателей, колено 3.",3,False,1,1,8000.0,60000.0,1,1,1,9.2757e-06,0.0,False,0.0,0,False,1,1,1,0.433585,0.082073,0.016281,0.054048,0.166815,0.114368,0.0,0.75,1.0,1.0,нет
100000008255655100,peripheral,0.55,17,0.134935,"Граница обхода: колено 4, вход от 1 клиентов; исходящие не выгружены. У похожих узлов колен 1–3 выход есть в 29% случаев.",4,False,1,0,5400.0,0.0,1,0,1,0.0,0.0,True,0.287,0,False,1,0,1,0.27679,0.082073,0.009786,0.054048,0.079004,0.051879,0.0,0.75,0.65,1.0,нет
100000008258083100,peripheral,0.6,31,0.670223,"Недостаточно признаков роли: 2 плательщиков, 2 получателей, колено 2.",2,False,2,2,3149500.0,2045650.0,13,6,3,3.74936e-05,0.8461538461538461,False,0.0,2,False,1,1,4,0.893631,0.171308,0.199644,0.16339,0.187367,0.129615,0.042308,0.75,1.0,1.0,возвратный поток (2 цикл.)
100000008258458100,peripheral,0.6,65,0.463003,"Недостаточно признаков роли: 1 плательщиков, 2 получателей, колено 3.",3,False,1,2,19000.0,1557988.0,1,4,2,1.85515e-05,1.0,False,0.0,0,False,1,1,0,0.617338,0.082073,0.048532,0.128336,0.178781,0.129615,0.05,0.75,1.0,1.0,нет
100000008259451100,terminal,0.62,15,0.318306,"Наблюдаемый конечный узел: вход от 1 клиентов (55,000 KZT), исходящих нет; колено 3<4.",3,False,1,0,55000.0,0.0,1,0,1,0.0,0.0,False,0.0,0,False,1,0,0,0.374477,0.082073,0.107473,0.054048,0.079004,0.051879,0.0,0.85,1.0,1.0,нет
100000008279405100,terminal,0.62,7,0.366099,"Наблюдаемый конечный узел: вход от 1 клиентов (234,738 KZT), исходящих нет; колено 3<4.",3,False,1,0,234738.0,0.0,2,0,1,0.0,0.0,False,0.0,0,False,1,0,0,0.430705,0.082073,0.163701,0.054048,0.079004,0.051879,0.0,0.85,1.0,1.0,нет
100000008283183100,terminal,0.62,2,0.289078,"Наблюдаемый конечный узел: вход от 1 клиентов (29,000 KZT), исходящих нет; колено 2<4.",2,False,1,0,29000.0,0.0,1,0,1,0.0,0.0,False,0.0,0,False,1,0,0,0.340091,0.082073,0.073087,0.054048,0.079004,0.051879,0.0,0.85,1.0,1.0,нет
100000008289539100,terminal,0.62,16,0.34984,"Наблюдаемый конечный узел: вход от 1 клиентов (14,912 KZT), исходящих нет; колено 2<4.",2,False,1,0,14912.0,0.0,1,0,3,0.0,0.0,False,0.0,0,False,1,0,0,0.411577,0.082073,0.035231,0.16339,0.079004,0.051879,0.0,0.85,1.0,1.0,нет
100000008293431100,peripheral,0.6,1,0.372006,"Недостаточно признаков роли: 1 плательщиков, 5 получателей, колено 3.",3,False,1,5,15000.0,297000.0,1,7,1,1.92728e-05,0.0,False,0.0,1,False,1,1,0,0.496008,0.082073,0.036744,0.054048,0.18105,0.142093,0.0,0.75,1.0,1.0,возвратный поток (1 цикл.)
100000008295429100,terminal,0.62,6,0.469551,"Наблюдаемый конечный узел: вход от 1 клиентов (352,000 KZT), исходящих нет; колено 3<4.",3,False,1,0,352000.0,0.0,1,0,3,0.0,0.0,False,0.0,0,False,1,0,0,0.552413,0.082073,0.176068,0.16339,0.079004,0.051879,0.0,0.85,1.0,1.0,нет
100000008297199100,terminal,0.62,1,0.367309,"Наблюдаемый конечный узел: вход от 1 клиентов (42,268 KZT), исходящих нет; колено 3<4.",3,False,1,0,42268.0,0.0,1,0,2,0.0,0.0,False,0.0,0,False,1,0,0,0.432129,0.082073,0.090836,0.128336,0.079004,0.051879,0.0,0.85,1.0,1.0,нет
100000008304115100,terminal,0.62,13,0.314978,"Наблюдаемый конечный узел: вход от 1 клиентов (51,000 KZT), исходящих нет; колено 1<4.",1,False,1,0,51000.0,0.0,1,0,1,0.0,0.0,False,0.0,0,False,1,0,0,0.370563,0.082073,0.103559,0.054048,0.079004,0.051879,0.0,0.85,1.0,1.0,нет
100000008304139100,distributor,0.94,4,0.875222,"Признаки распределения: 24 получателей против 4 плательщиков, исходящий поток 1,692,997 KZT.",1,False,4,24,189329.75,1692997.0,4,43,2,0.00305171,1.0,False,0.0,22,True,1,3,0,0.875222,0.193817,0.155338,0.128336,0.199199,0.148532,0.05,1.0,1.0,1.0,возвратный поток с seed (22 цикл.)
100000008306857100,terminal,0.62,10,0.409166,"Наблюдаемый конечный узел: вход от 1 клиентов (125,000 KZT), исходящих нет; колено 3<4.",3,False,1,0,125000.0,0.0,1,0,2,0.0,0.0,False,0.0,0,False,1,0,0,0.481372,0.082073,0.14008,0.128336,0.079004,0.051879,0.0,0.85,1.0,1.0,нет
100000008308418100,peripheral,0.55,1,0.215607,"Граница обхода: колено 4, вход от 1 клиентов; исходящие не выгружены. У похожих узлов колен 1–3 выход есть в 29% случаев.",4,False,1,0,50000.0,0.0,1,0,2,0.0,0.0,True,0.287,0,False,1,0,0,0.442271,0.082073,0.100979,0.128336,0.079004,0.051879,0.0,0.75,0.65,1.0,нет
100000008309514100,terminal,0.62,2,0.264084,"Наблюдаемый конечный узел: вход от 1 клиентов (17,200 KZT), исходящих нет; колено 3<4.",3,False,1,0,17200.0,0.0,1,0,1,0.0,0.0,False,0.0,0,False,1,0,0,0.310687,0.082073,0.043683,0.054048,0.079004,0.051879,0.0,0.85,1.0,1.0,нет
100000008314203100,peripheral,0.6,41,0.499081,"Недостаточно признаков роли: 2 плательщиков, 2 получателей, колено 0.",0,True,2,2,382076.0,327000.0,10,13,4,0.0,0.8,False,0.0,4,True,1,5,0,0.782871,0.171308,0.178025,0.18492,0.079004,0.129615,0.04,0.75,1.0,0.85,возвратный поток с seed (4 цикл.); повтор одной суммы ×5
100000008314863100,terminal,0.62,4,0.314676,"Наблюдаемый конечный узел: вход от 1 клиентов (12,000 KZT), исходящих нет; колено 3<4.",3,False,1,0,12000.0,0.0,1,0,2,0.0,0.0,False,0.0,0,False,1,0,0,0.370207,0.082073,0.028915,0.128336,0.079004,0.051879,0.0,0.85,1.0,1.0,нет
100000008321975100,peripheral,0.55,23,0.171845,"Граница обхода: колено 4, вход от 1 клиентов; исходящие не выгружены. У похожих узлов колен 1–3 выход есть в 29% случаев.",4,False,1,0,5900.0,0.0,1,0,2,0.0,0.0,True,0.287,0,False,1,0,1,0.352502,0.082073,0.01121,0.128336,0.079004,0.051879,0.0,0.75,0.65,1.0,нет
100000008324800100,transit,0.8044,72,0.814073,"Признаки транзита: отдал 97% видимого входа; 3→1 связей, быстрый выход 76%.",2,False,3,1,526500.0,511000.0,17,13,3,9.2757e-06,0.7647058823529411,False,0.0,1,False,2,5,2,0.856919,0.187189,0.186922,0.16339,0.166815,0.114368,0.038235,0.95,1.0,1.0,возвратный поток (1 цикл.); повтор одной суммы ×5
100000008327791100,peripheral,0.55,17,0.143545,"Граница обхода: колено 4, вход от 1 клиентов; исходящие не выгружены. У похожих узлов колен 1–3 выход есть в 29% случаев.",4,False,1,0,11000.0,0.0,1,0,1,0.0,0.0,True,0.287,0,False,1,0,0,0.294451,0.082073,0.027447,0.054048,0.079004,0.051879,0.0,0.75,0.65,1.0,нет
100000008331280100,peripheral,0.55,28,0.173992,"Граница обхода: колено 4, вход от 1 клиентов; исходящие не выгружены. У похожих узлов колен 1–3 выход есть в 29% случаев.",4,False,1,0,41000.0,0.0,2,0,1,0.0,0.0,True,0.287,0,False,1,0,0,0.356906,0.082073,0.089902,0.054048,0.079004,0.051879,0.0,0.75,0.65,1.0,нет
100000008332511100,terminal,0.62,10,0.450192,"Наблюдаемый конечный узел: вход от 1 клиентов (100,000 KZT), исходящих нет; колено 3<4.",3,False,1,0,100000.0,0.0,1,0,4,0.0,0.0,False,0.0,0,False,1,0,0,0.529637,0.082073,0.131762,0.18492,0.079004,0.051879,0.0,0.85,1.0,1.0,нет
100000008333492100,peripheral,0.55,49,0.208668,"Граница обхода: колено 4, вход от 1 клиентов; исходящие не выгружены. У похожих узлов колен 1–3 выход есть в 29% случаев.",4,False,1,0,216400.0,0.0,1,0,1,0.0,0.0,True,0.287,0,False,1,0,0,0.428036,0.082073,0.161032,0.054048,0.079004,0.051879,0.0,0.75,0.65,1.0,нет
100000008335401100,terminal,0.62,8,0.414876,"Наблюдаемый конечный узел: вход от 1 клиентов (150,000 KZT), исходящих нет; колено 2<4.",2,False,1,0,150000.0,0.0,3,0,2,0.0,0.0,False,0.0,0,False,1,0,0,0.488089,0.082073,0.146797,0.128336,0.079004,0.051879,0.0,0.85,1.0,1.0,нет
100000008336318100,peripheral,0.55,3,0.204179,"Граница обхода: колено 4, вход от 1 клиентов; исходящие не выгружены. У похожих узлов колен 1–3 выход есть в 29% случаев.",4,False,1,0,170000.0,0.0,1,0,1,0.0,0.0,True,0.287,0,False,1,0,0,0.418828,0.082073,0.151824,0.054048,0.079004,0.051879,0.0,0.75,0.65,1.0,нет
100000008337304100,peripheral,0.55,7,0.195873,"Граница обхода: колено 4, вход от 1 клиентов; исходящие не выгружены. У похожих узлов колен 1–3 выход есть в 29% случаев.",4,False,1,0,105465.0,0.0,2,0,1,0.0,0.0,True,0.287,0,False,1,0,0,0.40179,0.082073,0.134786,0.054048,0.079004,0.051879,0.0,0.75,0.65,1.0,нет
100000008343415100,peripheral,0.55,21,0.230614,"Граница обхода: колено 4, вход от 1 клиентов; исходящие не выгружены. У похожих узлов колен 1–3 выход есть в 29% случаев.",4,False,1,0,100000.0,0.0,3,0,2,0.0,0.0,True,0.287,0,False,1,0,0,0.473054,0.082073,0.131762,0.128336,0.079004,0.051879,0.0,0.75,0.65,1.0,нет
100000008343874100,peripheral,0.6,21,0.621177,"Недостаточно признаков роли: 2 плательщиков, 2 получателей, колено 3.",3,False,2,2,283535.0,176400.0,2,5,2,1.85515e-05,1.0,False,0.0,0,False,1,1,0,0.828236,0.171308,0.170196,0.128336,0.178781,0.129615,0.05,0.75,1.0,1.0,нет
100000008346837100,coordinator,0.93,14,0.961321,"Гипотеза координации: достижим из 6 seed, 9 плательщиков, мост 0.0063.",2,False,9,25,254359.0,1258643.0,12,26,6,0.0063202365,1.0,False,0.0,7,True,4,2,5,0.961321,0.199199,0.166904,0.197064,0.199555,0.148599,0.05,1.0,1.0,1.0,возвратный поток с seed (7 цикл.); 4 плательщиков в один день
100000008349675100,peripheral,0.6,11,0.356083,"Недостаточно признаков роли: 1 плательщиков, 1 получателей, колено 1.",1,False,1,1,46520.0,36650.0,1,2,1,0.0,1.0,False,0.0,0,False,1,1,0,0.474778,0.082073,0.095285,0.054048,0.079004,0.114368,0.05,0.75,1.0,1.0,нет
100000008349740100,peripheral,0.55,37,0.240004,"Граница обхода: колено 4, вход от 1 клиентов; исходящие не выгружены. У похожих узлов колен 1–3 выход есть в 29% случаев.",4,False,1,0,70000.0,0.0,2,0,3,0.0,0.0,True,0.287,0,False,1,0,0,0.492315,0.082073,0.11597,0.16339,0.079004,0.051879,0.0,0.75,0.65,1.0,нет
100000008352542100,terminal,0.62,4,0.425614,"Наблюдаемый конечный узел: вход от 1 клиентов (50,220 KZT), исходящих нет; колено 2<4.",2,False,1,0,50220.0,0.0,1,0,4,0.0,0.0,False,0.0,0,False,1,0,0,0.500723,0.082073,0.102847,0.18492,0.079004,0.051879,0.0,0.85,1.0,1.0,нет
100000008356606100,terminal,0.66,14,0.431589,"Наблюдаемый конечный узел: вход от 2 клиентов (168,500 KZT), исходящих нет; колено 2<4.",2,False,2,0,168500.0,0.0,2,0,1,0.0,0.0,False,0.0,0,False,1,0,0,0.507751,0.171308,0.151512,0.054048,0.079004,0.051879,0.0,0.85,1.0,1.0,нет
100000008376089100,terminal,0.62,31,0.440928,"Наблюдаемый конечный узел: вход от 1 клиентов (135,000 KZT), исходящих нет; колено 2<4.",2,False,1,0,135000.0,0.0,1,0,3,0.0,0.0,False,0.0,0,False,1,0,0,0.518739,0.082073,0.142393,0.16339,0.079004,0.051879,0.0,0.85,1.0,1.0,нет
100000008376785100,peripheral,0.55,6,0.263229,"Граница обхода: колено 4, вход от 1 клиентов; исходящие не выгружены. У похожих узлов колен 1–3 выход есть в 29% случаев.",4,False,1,0,234250.0,0.0,2,0,3,0.0,0.0,True,0.287,0,False,1,0,0,0.539958,0.082073,0.163612,0.16339,0.079004,0.051879,0.0,0.75,0.65,1.0,нет
100000008379273100,transit,0.7083,8,0.687081,"Признаки транзита: отдал 106% видимого входа; 2→4 связей, быстрый выход 0%.",3,False,2,4,36000.0,38000.0,2,4,2,0.0029657556,0.0,False,0.0,0,False,1,1,0,0.723243,0.171308,0.084297,0.128336,0.19911,0.140191,0.0,0.95,1.0,1.0,нет
100000008383405100,terminal,0.62,25,0.282271,"Наблюдаемый конечный узел: вход от 1 клиентов (25,000 KZT), исходящих нет; колено 1<4.",1,False,1,0,25000.0,0.0,2,0,1,0.0,0.0,False,0.0,0,False,1,0,1,0.332084,0.082073,0.06508,0.054048,0.079004,0.051879,0.0,0.85,1.0,1.0,нет
100000008388049100,terminal,0.62,10,0.447394,"Наблюдаемый конечный узел: вход от 1 клиентов (496,400 KZT), исходящих нет; колено 3<4.",3,False,1,0,496400.0,0.0,1,0,2,0.0,0.0,False,0.0,0,False,1,0,0,0.526346,0.082073,0.185053,0.128336,0.079004,0.051879,0.0,0.85,1.0,1.0,нет
100000008389800100,peripheral,0.6,5,0.586705,"Недостаточно признаков роли: 3 плательщиков, 7 получателей, колено 2.",2,False,3,7,189000.0,401620.0,3,8,1,6.49302e-05,1.0,False,0.0,2,False,1,1,0,0.782273,0.187189,0.155249,0.054048,0.191326,0.144462,0.05,0.75,1.0,1.0,возвратный поток (2 цикл.)
100000008405209100,terminal,0.62,17,0.317776,"Наблюдаемый конечный узел: вход от 1 клиентов (54,400 KZT), исходящих нет; колено 3<4.",3,False,1,0,54400.0,0.0,1,0,1,0.0,0.0,False,0.0,0,False,1,0,0,0.373855,0.082073,0.106851,0.054048,0.079004,0.051879,0.0,0.85,1.0,1.0,нет
100000008406609100,terminal,0.62,20,0.296073,"Наблюдаемый конечный узел: вход от 1 клиентов (34,000 KZT), исходящих нет; колено 2<4.",2,False,1,0,34000.0,0.0,1,0,1,0.0,0.0,False,0.0,0,False,1,0,0,0.348321,0.082073,0.081317,0.054048,0.079004,0.051879,0.0,0.85,1.0,1.0,нет
100000008413748100,distributor,0.94,17,0.75843,"Признаки распределения: 18 получателей против 2 плательщиков, исходящий поток 1,377,320 KZT.",2,False,2,18,26480.0,1377320.22,2,21,2,5.62403e-05,1.0,False,0.0,6,True,2,3,0,0.75843,0.171308,0.070107,0.128336,0.190747,0.147931,0.05,1.0,1.0,1.0,возвратный поток с seed (6 цикл.)
100000008416433100,terminal,0.62,15,0.271155,"Наблюдаемый конечный узел: вход от 1 клиентов (20,000 KZT), исходящих нет; колено 3<4.",3,False,1,0,20000.0,0.0,1,0,1,0.0,0.0,False,0.0,0,False,1,0,0,0.319006,0.082073,0.052002,0.054048,0.079004,0.051879,0.0,0.85,1.0,1.0,нет
100000008417029100,terminal,0.62,3,0.402096,"Наблюдаемый конечный узел: вход от 1 клиентов (100,000 KZT), исходящих нет; колено 3<4.",3,False,1,0,100000.0,0.0,1,0,2,0.0,0.0,False,0.0,0,False,1,0,0,0.473054,0.082073,0.131762,0.128336,0.079004,0.051879,0.0,0.85,1.0,1.0,нет
100000008417359100,peripheral,0.6,17,0.344565,"Недостаточно признаков роли: 1 плательщиков, 2 получателей, колено 3.",3,False,1,2,40810.0,110760.0,2,3,1,0.0,0.5,False,0.0,1,False,1,1,0,0.459419,0.082073,0.08968,0.054048,0.079004,0.129615,0.025,0.75,1.0,1.0,возвратный поток (1 цикл.)
100000008418835100,peripheral,0.6,16,0.423288,"Недостаточно признаков роли: 1 плательщиков, 4 получателей, колено 0.",0,True,1,4,1372000.0,186179.0,67,6,2,0.0,0.746268656716418,False,0.0,0,False,1,1,15,0.663982,0.082073,0.197064,0.128336,0.079004,0.140191,0.037313,0.75,1.0,0.85,нет
100000008418934100,terminal,0.62,3,0.377065,"Наблюдаемый конечный узел: вход от 1 клиентов (360,000 KZT), исходящих нет; колено 2<4.",2,False,1,0,360000.0,0.0,1,0,1,0.0,0.0,False,0.0,0,False,1,0,0,0.443605,0.082073,0.176601,0.054048,0.079004,0.051879,0.0,0.85,1.0,1.0,нет
100000008422226100,terminal,0.62,1,0.396046,"Наблюдаемый конечный узел: вход от 1 клиентов (87,450 KZT), исходящих нет; колено 3<4.",3,False,1,0,87450.0,0.0,1,0,2,0.0,0.0,False,0.0,0,False,1,0,0,0.465936,0.082073,0.124644,0.128336,0.079004,0.051879,0.0,0.85,1.0,1.0,нет
100000008427027100,terminal,0.62,4,0.436202,"Наблюдаемый конечный узел: вход от 1 клиентов (300,000 KZT), исходящих нет; колено 3<4.",3,False,1,0,300000.0,0.0,1,0,2,0.0,0.0,False,0.0,0,False,1,0,0,0.513178,0.082073,0.171886,0.128336,0.079004,0.051879,0.0,0.85,1.0,1.0,нет
100000008430691100,peripheral,0.6,71,0.400915,"Недостаточно признаков роли: 1 плательщиков, 2 получателей, колено 3.",3,False,1,2,20000.0,604900.0,1,2,1,9.2757e-06,1.0,False,0.0,1,False,1,1,0,0.534553,0.082073,0.052002,0.054048,0.166815,0.129615,0.05,0.75,1.0,1.0,возвратный поток (1 цикл.)
100000008432942100,terminal,0.62,1,0.368746,"Наблюдаемый конечный узел: вход от 1 клиентов (44,542 KZT), исходящих нет; колено 3<4.",3,False,1,0,44542.0,0.0,2,0,2,0.0,0.0,False,0.0,0,False,1,0,0,0.433819,0.082073,0.092527,0.128336,0.079004,0.051879,0.0,0.85,1.0,1.0,нет
100000008436257100,terminal,0.66,17,0.373208,"Наблюдаемый конечный узел: вход от 2 клиентов (35,000 KZT), исходящих нет; колено 3<4.",3,False,2,0,35000.0,0.0,2,0,1,0.0,0.0,False,0.0,0,False,2,0,1,0.439068,0.171308,0.082829,0.054048,0.079004,0.051879,0.0,0.85,1.0,1.0,нет
100000008438656100,peripheral,0.6,4,0.594662,"Недостаточно признаков роли: 2 плательщиков, 1 получателей, колено 1.",1,False,2,1,80000.0,5000.0,2,1,5,9.2757e-06,0.5,False,0.0,0,False,1,1,0,0.792883,0.171308,0.121263,0.194128,0.166815,0.114368,0.025,0.75,1.0,1.0,нет
100000008443341100,peripheral,0.6,13,0.4877,"Недостаточно признаков роли: 2 плательщиков, 3 получателей, колено 1.",1,False,2,3,34500.0,50000.0,2,4,1,2.07169e-05,0.5,False,0.0,3,True,1,2,0,0.650267,0.171308,0.081762,0.054048,0.181495,0.136655,0.025,0.75,1.0,1.0,возвратный поток с seed (3 цикл.)
100000008454065100,terminal,0.62,15,0.280305,"Наблюдаемый конечный узел: вход от 1 клиентов (24,050 KZT), исходящих нет; колено 3<4.",3,False,1,0,24050.0,0.0,1,0,1,0.0,0.0,False,0.0,0,False,1,0,0,0.329771,0.082073,0.062767,0.054048,0.079004,0.051879,0.0,0.85,1.0,1.0,нет
100000008459449100,terminal,0.62,1,0.380392,"Наблюдаемый конечный узел: вход от 1 клиентов (53,700 KZT), исходящих нет; колено 3<4.",3,False,1,0,53700.0,0.0,1,0,2,0.0,0.0,False,0.0,0,False,1,0,0,0.44752,0.082073,0.106228,0.128336,0.079004,0.051879,0.0,0.85,1.0,1.0,нет
100000008460102100,distributor,0.94,19,0.579226,"Признаки распределения: 31 получателей против 1 плательщиков, исходящий поток 476,570 KZT.",3,False,1,31,17500.0,476570.0,1,34,1,0.0074252375,1.0,False,0.0,0,False,1,3,0,0.579226,0.082073,0.04444,0.054048,0.199733,0.148932,0.05,1.0,1.0,1.0,нет
100000008461217100,peripheral,0.55,52,0.152956,"Граница обхода: колено 4, вход от 1 клиентов; исходящие не выгружены. У похожих узлов колен 1–3 выход есть в 29% случаев.",4,False,1,0,18000.0,0.0,1,0,1,0.0,0.0,True,0.287,0,False,1,0,0,0.313757,0.082073,0.046753,0.054048,0.079004,0.051879,0.0,0.75,0.65,1.0,нет
100000008461532100,distributor,0.66,28,0.877291,"Признаки распределения: 8 получателей против 2 плательщиков, исходящий поток 2,530,090 KZT.",2,False,2,8,565300.0,2530090.0,2,9,2,0.0001298605,1.0,False,0.0,1,False,1,2,1,0.877291,0.171308,0.188256,0.128336,0.194262,0.145129,0.05,1.0,1.0,1.0,возвратный поток (1 цикл.)
100000008463968100,terminal,0.62,2,0.246464,"Наблюдаемый конечный узел: вход от 1 клиентов (10,000 KZT), исходящих нет; колено 3<4.",3,False,1,0,10000.0,0.0,1,0,1,0.0,0.0,False,0.0,0,False,1,0,0,0.289958,0.082073,0.022954,0.054048,0.079004,0.051879,0.0,0.85,1.0,1.0,нет
100000008465789100,distributor,0.89,3,0.717004,"Признаки распределения: 16 получателей против 1 плательщиков, исходящий поток 1,858,100 KZT.",3,False,1,16,30099.0,1858100.0,1,17,3,0.0002689967,1.0,False,0.0,2,False,1,5,0,0.717004,0.082073,0.077224,0.16339,0.196753,0.147565,0.05,1.0,1.0,1.0,возвратный поток (2 цикл.); повтор одной суммы ×5
100000008466579100,distributor,0.915,3,0.777513,"Признаки распределения: 17 получателей против 2 плательщиков, исходящий поток 1,933,000 KZT.",2,False,2,17,36952.0,1933000.0,2,20,2,0.0001576877,1.0,False,0.0,1,False,1,3,1,0.777513,0.171308,0.084875,0.128336,0.195196,0.147798,0.05,1.0,1.0,1.0,возвратный поток (1 цикл.)
100000008468762100,terminal,0.66,22,0.494998,"Наблюдаемый конечный узел: вход от 2 клиентов (170,000 KZT), исходящих нет; колено 3<4.",3,False,2,0,170000.0,0.0,2,0,2,0.0,0.0,False,0.0,0,False,2,0,0,0.582351,0.171308,0.151824,0.128336,0.079004,0.051879,0.0,0.85,1.0,1.0,нет
100000008469048100,peripheral,0.55,1,0.265225,"Граница обхода: колено 4, вход от 1 клиентов; исходящие не выгружены. У похожих узлов колен 1–3 выход есть в 29% случаев.",4,False,1,0,265200.0,0.0,7,0,3,0.0,0.0,True,0.287,0,False,1,0,1,0.54405,0.082073,0.167705,0.16339,0.079004,0.051879,0.0,0.75,0.65,1.0,нет
100000008470470100,terminal,0.62,2,0.295468,"Наблюдаемый конечный узел: вход от 1 клиентов (33,547 KZT), исходящих нет; колено 1<4.",1,False,1,0,33547.0,0.0,1,0,1,0.0,0.0,False,0.0,0,False,1,0,0,0.347609,0.082073,0.080605,0.054048,0.079004,0.051879,0.0,0.85,1.0,1.0,нет
100000008471634100,peripheral,0.55,27,0.155515,"Граница обхода: колено 4, вход от 1 клиентов; исходящие не выгружены. У похожих узлов колен 1–3 выход есть в 29% случаев.",4,False,1,0,20000.0,0.0,1,0,1,0.0,0.0,True,0.287,0,False,1,0,0,0.319006,0.082073,0.052002,0.054048,0.079004,0.051879,0.0,0.75,0.65,1.0,нет
100000008472324100,terminal,0.62,6,0.455788,"Наблюдаемый конечный узел: вход от 1 клиентов (205,200 KZT), исходящих нет; колено 3<4.",3,False,1,0,205200.0,0.0,1,0,3,0.0,0.0,False,0.0,0,False,1,0,0,0.536221,0.082073,0.159875,0.16339,0.079004,0.051879,0.0,0.85,1.0,1.0,нет
100000008473207100,terminal,0.62,4,0.48547,"Наблюдаемый конечный узел: вход от 1 клиентов (202,000 KZT), исходящих нет; колено 2<4.",2,False,1,0,202000.0,0.0,4,0,8,0.0,0.0,False,0.0,0,False,1,0,0,0.571141,0.082073,0.159475,0.19871,0.079004,0.051879,0.0,0.85,1.0,1.0,нет
100000008473765100,terminal,0.62,7,0.291157,"Наблюдаемый конечный узел: вход от 1 клиентов (30,000 KZT), исходящих нет; колено 3<4.",3,False,1,0,30000.0,0.0,1,0,1,0.0,0.0,False,0.0,0,False,1,0,0,0.342538,0.082073,0.075534,0.054048,0.079004,0.051879,0.0,0.85,1.0,1.0,нет
100000008474308100,peripheral,0.6,13,0.272309,"Недостаточно признаков роли: 1 плательщиков, 1 получателей, колено 2.",2,False,1,1,14000.0,10000.0,2,1,1,0.0,0.0,False,0.0,1,False,1,1,2,0.363078,0.082073,0.033585,0.054048,0.079004,0.114368,0.0,0.75,1.0,1.0,возвратный поток (1 цикл.)
100000008474391100,terminal,0.62,24,0.3343,"Наблюдаемый конечный узел: вход от 1 клиентов (20,000 KZT), исходящих нет; колено 3<4.",3,False,1,0,20000.0,0.0,1,0,2,0.0,0.0,False,0.0,0,False,1,0,0,0.393294,0.082073,0.052002,0.128336,0.079004,0.051879,0.0,0.85,1.0,1.0,нет
100000008477350100,coordinator,0.78,1,0.949978,"Гипотеза координации: достижим из 3 seed, 11 плательщиков, мост 0.0006.",2,False,11,39,610100.0,3374866.0,14,44,3,0.0005710401,1.0,False,0.0,34,True,2,1,0,0.949978,0.199555,0.189947,0.16339,0.197687,0.149399,0.05,1.0,1.0,1.0,возвратный поток с seed (34 цикл.); плательщиков больше 99% узлов колена 2
100000008478414100,terminal,0.62,2,0.246464,"Наблюдаемый конечный узел: вход от 1 клиентов (10,000 KZT), исходящих нет; колено 2<4.",2,False,1,0,10000.0,0.0,1,0,1,0.0,0.0,False,0.0,0,False,1,0,0,0.289958,0.082073,0.022954,0.054048,0.079004,0.051879,0.0,0.85,1.0,1.0,нет
100000008486520100,peripheral,0.6,5,0.431684,"Недостаточно признаков роли: 1 плательщиков, 1 получателей, колено 1.",1,False,1,1,35720.0,14000.0,2,1,2,9.2757e-06,0.0,False,0.0,0,False,1,1,1,0.575578,0.082073,0.083986,0.128336,0.166815,0.114368,0.0,0.75,1.0,1.0,нет
100000008488166100,terminal,0.62,2,0.236028,"Наблюдаемый конечный узел: вход от 1 клиентов (5,600 KZT), исходящих нет; колено 3<4.",3,False,1,0,5600.0,0.0,1,0,1,0.0,0.0,False,0.0,0,False,1,0,1,0.27768,0.082073,0.010676,0.054048,0.079004,0.051879,0.0,0.85,1.0,1.0,нет
100000008489604100,terminal,0.62,2,0.250283,"Наблюдаемый конечный узел: вход от 1 клиентов (11,000 KZT), исходящих нет; колено 3<4.",3,False,1,0,11000.0,0.0,1,0,1,0.0,0.0,False,0.0,0,False,1,0,0,0.294451,0.082073,0.027447,0.054048,0.079004,0.051879,0.0,0.85,1.0,1.0,нет
100000008489922100,coordinator,0.6,3,0.913812,"Гипотеза координации: достижим из 3 seed, 3 плательщиков, мост 0.0003.",3,False,3,36,262010.0,3789900.0,5,41,3,0.0002566055,1.0,False,0.0,2,False,2,5,0,0.913812,0.187189,0.167438,0.16339,0.19653,0.149266,0.05,1.0,1.0,1.0,возвратный поток (2 цикл.); повтор одной суммы ×5
100000008490127100,peripheral,0.6,6,0.570399,"Недостаточно признаков роли: 1 плательщиков, 6 получателей, колено 3.",3,False,1,6,431755.0,923000.0,2,9,3,5.56545e-05,0.0,False,0.0,0,False,1,1,0,0.760532,0.082073,0.181406,0.16339,0.190169,0.143494,0.0,0.75,1.0,1.0,нет
100000008491390100,terminal,0.62,1,0.361751,"Наблюдаемый конечный узел: вход от 1 клиентов (36,000 KZT), исходящих нет; колено 3<4.",3,False,1,0,36000.0,0.0,1,0,2,0.0,0.0,False,0.0,0,False,1,0,0,0.425589,0.082073,0.084297,0.128336,0.079004,0.051879,0.0,0.85,1.0,1.0,нет
100000008493007100,transit,0.85,2,0.425725,"Признаки транзита: отдал 100% видимого входа; 1→1 связей, быстрый выход 100%.",3,False,1,1,26150.0,26150.0,1,1,1,0.0,1.0,False,0.0,0,False,1,1,0,0.448132,0.082073,0.068639,0.054048,0.079004,0.114368,0.05,0.95,1.0,1.0,нет
100000008497298100,terminal,0.62,3,0.387992,"Наблюдаемый конечный узел: вход от 1 клиентов (600,000 KZT), исходящих нет; колено 2<4.",2,False,1,0,600000.0,0.0,1,0,1,0.0,0.0,False,0.0,0,False,1,0,0,0.456461,0.082073,0.189457,0.054048,0.079004,0.051879,0.0,0.85,1.0,1.0,нет
100000008501413100,transit,0.835,34,0.529304,"Признаки транзита: отдал 102% видимого входа; 1→1 связей, быстрый выход 100%.",3,False,1,1,5000.0,5100.0,1,1,2,1.39136e-05,1.0,False,0.0,0,False,1,1,1,0.557162,0.082073,0.006272,0.128336,0.176112,0.114368,0.05,0.95,1.0,1.0,нет
100000008502995100,terminal,0.62,1,0.282271,"Наблюдаемый конечный узел: вход от 1 клиентов (25,000 KZT), исходящих нет; колено 3<4.",3,False,1,0,25000.0,0.0,2,0,1,0.0,0.0,False,0.0,0,False,1,0,0,0.332084,0.082073,0.06508,0.054048,0.079004,0.051879,0.0,0.85,1.0,1.0,нет
100000008503177100,terminal,0.62,7,0.29577,"Наблюдаемый конечный узел: вход от 1 клиентов (33,951 KZT), исходящих нет; колено 3<4.",3,False,1,0,33951.0,0.0,1,0,1,0.0,0.0,False,0.0,0,False,1,0,0,0.347965,0.082073,0.080961,0.054048,0.079004,0.051879,0.0,0.85,1.0,1.0,нет
100000008507703100,terminal,0.62,2,0.288548,"Наблюдаемый конечный узел: вход от 1 клиентов (28,500 KZT), исходящих нет; колено 3<4.",3,False,1,0,28500.0,0.0,1,0,1,0.0,0.0,False,0.0,0,False,1,0,0,0.339468,0.082073,0.072464,0.054048,0.079004,0.051879,0.0,0.85,1.0,1.0,нет
100000008512552100,peripheral,0.6,17,0.662848,"Недостаточно признаков роли: 4 плательщиков, 6 получателей, колено 2.",2,False,4,6,394360.0,1302275.0,9,11,2,4.80912e-05,1.0,False,0.0,2,False,2,1,1,0.883797,0.193817,0.179004,0.128336,0.189146,0.143494,0.05,0.75,1.0,1.0,возвратный поток (2 цикл.)
100000008512827100,distributor,0.69,10,0.888816,"Признаки распределения: 10 получателей против 3 плательщиков, исходящий поток 1,944,500 KZT.",2,False,3,10,107949.0,1944500.0,3,10,5,9.10183e-05,0.6666666666666666,False,0.0,0,False,1,1,0,0.888816,0.187189,0.135409,0.194128,0.192794,0.145963,0.033333,1.0,1.0,1.0,нет
100000008513251100,peripheral,0.6,89,0.120332,"Seed без исходящих в выборке; входящий поток неполон, структурная роль не установлена.",0,True,0,0,0.0,0.0,0,0,1,0.0,0.0,False,0.0,0,False,0,0,0,0.188757,0.001913,0.001913,0.054048,0.079004,0.051879,0.0,0.75,1.0,0.85,нет
100000008514970100,peripheral,0.6,21,0.418005,"Недостаточно признаков роли: 1 плательщиков, 1 получателей, колено 3.",3,False,1,1,379966.0,31000.0,1,1,1,0.0,1.0,False,0.0,0,False,1,1,0,0.55734,0.082073,0.177847,0.054048,0.079004,0.114368,0.05,0.75,1.0,1.0,нет
100000008516839100,peripheral,0.6,20,0.415346,"Seed без исходящих в выборке; входящий поток неполон, структурная роль не установлена.",0,True,3,0,155000.0,0.0,4,0,4,0.0,0.0,False,0.0,0,False,2,0,0,0.651524,0.187189,0.148532,0.18492,0.079004,0.051879,0.0,0.75,1.0,0.85,нет
100000008517061100,peripheral,0.55,15,0.226754,"Граница обхода: колено 4, вход от 1 клиентов; исходящие не выгружены. У похожих узлов колен 1–3 выход есть в 29% случаев.",4,False,1,0,1844000.0,0.0,4,0,1,0.0,0.0,True,0.287,0,False,1,0,0,0.465136,0.082073,0.198132,0.054048,0.079004,0.051879,0.0,0.75,0.65,1.0,нет
100000008517538100,distributor,0.915,3,0.85496,"Признаки распределения: 17 получателей против 3 плательщиков, исходящий поток 1,439,000 KZT.",3,False,3,17,155500.0,1439000.0,6,18,2,9.1757e-05,1.0,False,0.0,0,False,1,3,1,0.85496,0.187189,0.148754,0.128336,0.192883,0.147798,0.05,1.0,1.0,1.0,нет
100000008522127100,peripheral,0.6,64,0.160169,"Недостаточно признаков роли: 0 плательщиков, 1 получателей, колено 0.",0,True,0,1,0.0,145000.0,0,3,1,0.0,0.0,False,0.0,0,False,0,1,0,0.251246,0.001913,0.001913,0.054048,0.079004,0.114368,0.0,0.75,1.0,0.85,нет
100000008524903100,peripheral,0.55,1,0.184293,"Граница обхода: колено 4, вход от 1 клиентов; исходящие не выгружены. У похожих узлов колен 1–3 выход есть в 29% случаев.",4,False,1,0,15000.0,0.0,1,0,2,0.0,0.0,True,0.287,0,False,1,0,0,0.378036,0.082073,0.036744,0.128336,0.079004,0.051879,0.0,0.75,0.65,1.0,нет
100000008525136100,peripheral,0.55,1,0.200123,"Граница обхода: колено 4, вход от 1 клиентов; исходящие не выгружены. У похожих узлов колен 1–3 выход есть в 29% случаев.",4,False,1,0,14100.0,0.0,1,0,3,0.0,0.0,True,0.287,0,False,1,0,0,0.410509,0.082073,0.034164,0.16339,0.079004,0.051879,0.0,0.75,0.65,1.0,нет
100000008531133100,peripheral,0.6,5,0.416003,"Недостаточно признаков роли: 1 плательщиков, 3 получателей, колено 2.",2,False,1,3,25000.0,158271.68,1,3,1,9.2757e-06,1.0,False,0.0,0,False,1,1,0,0.554671,0.082073,0.06508,0.054048,0.166815,0.136655,0.05,0.75,1.0,1.0,нет
100000008531186100,terminal,0.62,4,0.438962,"Наблюдаемый конечный узел: вход от 1 клиентов (125,000 KZT), исходящих нет; колено 2<4.",2,False,1,0,125000.0,0.0,1,0,3,0.0,0.0,False,0.0,0,False,1,0,0,0.516426,0.082073,0.14008,0.16339,0.079004,0.051879,0.0,0.85,1.0,1.0,нет
100000008532050100,terminal,0.62,6,0.475299,"Наблюдаемый конечный узел: вход от 1 клиентов (455,156 KZT), исходящих нет; колено 3<4.",3,False,1,0,455156.0,0.0,1,0,3,0.0,0.0,False,0.0,0,False,1,0,0,0.559175,0.082073,0.182829,0.16339,0.079004,0.051879,0.0,0.85,1.0,1.0,нет
100000008536546100,terminal,0.66,22,0.507249,"Наблюдаемый конечный узел: вход от 2 клиентов (250,000 KZT), исходящих нет; колено 3<4.",3,False,2,0,250000.0,0.0,2,0,2,0.0,0.0,False,0.0,0,False,2,0,0,0.596764,0.171308,0.166237,0.128336,0.079004,0.051879,0.0,0.85,1.0,1.0,нет
100000008537380100,terminal,0.62,2,0.240792,"Наблюдаемый конечный узел: вход от 1 клиентов (8,000 KZT), исходящих нет; колено 3<4.",3,False,1,0,8000.0,0.0,1,0,1,0.0,0.0,False,0.0,0,False,1,0,1,0.283285,0.082073,0.016281,0.054048,0.079004,0.051879,0.0,0.85,1.0,1.0,нет
100000008545727100,peripheral,0.6,8,0.502205,"Недостаточно признаков роли: 1 плательщиков, 6 получателей, колено 2.",2,False,1,6,30000.0,1866500.0,1,7,2,5.56545e-05,1.0,False,0.0,1,False,1,1,0,0.669606,0.082073,0.075534,0.128336,0.190169,0.143494,0.05,0.75,1.0,1.0,возвратный поток (1 цикл.)
100000008546855100,consolidator,0.715,18,0.84167,"Признаки консолидации: 6 плательщиков, 2 получателей, входящий поток 71,790 KZT.",2,False,6,2,71790.0,10000.0,8,2,3,2.78272e-05,1.0,False,0.0,2,False,5,2,5,0.84167,0.197553,0.117527,0.16339,0.183585,0.129615,0.05,1.0,1.0,1.0,возвратный поток (2 цикл.); 5 плательщиков в один день; 5 входов у порога 5–10 тыс.
100000008547295100,terminal,0.62,9,0.258186,"Наблюдаемый конечный узел: вход от 1 клиентов (15,000 KZT), исходящих нет; колено 3<4.",3,False,1,0,15000.0,0.0,1,0,1,0.0,0.0,False,0.0,0,False,1,0,0,0.303748,0.082073,0.036744,0.054048,0.079004,0.051879,0.0,0.85,1.0,1.0,нет
100000008547844100,coordinator,0.6,3,0.89891,"Гипотеза координации: достижим из 3 seed, 3 плательщиков, мост 0.0004.",2,False,3,19,177600.0,2042199.0,3,21,3,0.0004472462,1.0,False,0.0,4,False,1,2,1,0.89891,0.187189,0.152758,0.16339,0.197509,0.148065,0.05,1.0,1.0,1.0,возвратный поток (4 цикл.)
100000008547948100,coordinator,0.78,3,0.917382,"Гипотеза координации: достижим из 3 seed, 6 плательщиков, мост 0.0004.",2,False,6,26,212665.0,5185600.0,7,31,3,0.0004162109,1.0,False,0.0,5,False,4,2,1,0.917382,0.197553,0.160409,0.16339,0.197331,0.148699,0.05,1.0,1.0,1.0,возвратный поток (5 цикл.); 4 плательщиков в один день
100000008548853100,terminal,0.62,2,0.255501,"Наблюдаемый конечный узел: вход от 1 клиентов (14,000 KZT), исходящих нет; колено 3<4.",3,False,1,0,14000.0,0.0,1,0,1,0.0,0.0,False,0.0,0,False,1,0,0,0.300589,0.082073,0.033585,0.054048,0.079004,0.051879,0.0,0.85,1.0,1.0,нет
100000008551752100,peripheral,0.55,42,0.254165,"Граница обхода: колено 4, вход от 1 клиентов; исходящие не выгружены. У похожих узлов колен 1–3 выход есть в 29% случаев.",4,False,1,0,406000.0,0.0,2,0,2,0.0,0.0,True,0.287,0,False,1,0,0,0.521363,0.082073,0.180071,0.128336,0.079004,0.051879,0.0,0.75,0.65,1.0,нет
100000008554390100,peripheral,0.55,19,0.146537,"Граница обхода: колено 4, вход от 1 клиентов; исходящие не выгружены. У похожих узлов колен 1–3 выход есть в 29% случаев.",4,False,1,0,14000.0,0.0,1,0,1,0.0,0.0,True,0.287,0,False,1,0,0,0.300589,0.082073,0.033585,0.054048,0.079004,0.051879,0.0,0.75,0.65,1.0,нет
100000008555233100,terminal,0.62,22,0.381451,"Наблюдаемый конечный узел: вход от 1 клиентов (440,600 KZT), исходящих нет; колено 3<4.",3,False,1,0,440600.0,0.0,1,0,1,0.0,0.0,False,0.0,0,False,1,0,0,0.448766,0.082073,0.181762,0.054048,0.079004,0.051879,0.0,0.85,1.0,1.0,нет
100000008555918100,peripheral,0.6,4,0.539171,"Недостаточно признаков роли: 1 плательщиков, 2 получателей, колено 1.",1,False,1,2,139211.0,43300.0,1,2,4,1.85515e-05,0.0,False,0.0,0,False,1,1,0,0.718895,0.082073,0.143505,0.18492,0.178781,0.129615,0.0,0.75,1.0,1.0,нет
100000008556318100,terminal,0.66,4,0.552396,"Наблюдаемый конечный узел: вход от 2 клиентов (180,132 KZT), исходящих нет; колено 1<4.",1,False,2,0,180132.0,0.0,2,0,5,0.0,0.0,False,0.0,0,False,1,0,0,0.649878,0.171308,0.153559,0.194128,0.079004,0.051879,0.0,0.85,1.0,1.0,нет
100000008557672100,terminal,0.62,2,0.310743,"Наблюдаемый конечный узел: вход от 1 клиентов (49,125 KZT), исходящих нет; колено 2<4.",2,False,1,0,49125.0,0.0,1,0,1,0.0,0.0,False,0.0,0,False,1,0,0,0.365581,0.082073,0.098577,0.054048,0.079004,0.051879,0.0,0.85,1.0,1.0,нет
100000008560263100,peripheral,0.55,6,0.247702,"Граница обхода: колено 4, вход от 1 клиентов; исходящие не выгружены. У похожих узлов колен 1–3 выход есть в 29% случаев.",4,False,1,0,100000.0,0.0,1,0,3,0.0,0.0,True,0.287,0,False,1,0,0,0.508107,0.082073,0.131762,0.16339,0.079004,0.051879,0.0,0.75,0.65,1.0,нет
100000008560717100,consolidator,0.835,6,0.829893,"Признаки консолидации: 7 плательщиков, 1 получателей, входящий поток 529,000 KZT.",1,False,7,1,529000.0,25000.0,9,1,3,9.2757e-06,0.0,False,0.0,0,False,2,1,0,0.829893,0.19831,0.187011,0.16339,0.166815,0.114368,0.0,1.0,1.0,1.0,плательщиков больше 99% узлов колена 1
100000008561016100,transit,0.8292,3,0.589524,"Признаки транзита: отдал 103% видимого входа; 1→1 связей, быстрый выход 100%.",3,False,1,1,180000.0,185000.0,2,4,1,9.2757e-06,1.0,False,0.0,0,False,1,1,0,0.620552,0.082073,0.153247,0.054048,0.166815,0.114368,0.05,0.95,1.0,1.0,нет
100000008566737100,terminal,0.66,1,0.552434,"Наблюдаемый конечный узел: вход от 2 клиентов (230,000 KZT), исходящих нет; колено 1<4.",1,False,2,0,230000.0,0.0,2,0,4,0.0,0.0,False,0.0,0,False,2,0,0,0.649922,0.171308,0.162811,0.18492,0.079004,0.051879,0.0,0.85,1.0,1.0,нет
100000008568512100,terminal,0.62,6,0.453822,"Наблюдаемый конечный узел: вход от 1 клиентов (199,640 KZT), исходящих нет; колено 3<4.",3,False,1,0,199640.0,0.0,1,0,3,0.0,0.0,False,0.0,0,False,1,0,0,0.533908,0.082073,0.157562,0.16339,0.079004,0.051879,0.0,0.85,1.0,1.0,нет
100000008571243100,terminal,0.62,8,0.347874,"Наблюдаемый конечный узел: вход от 1 клиентов (134,000 KZT), исходящих нет; колено 3<4.",3,False,1,0,134000.0,0.0,1,0,1,0.0,0.0,False,0.0,0,False,1,0,0,0.409264,0.082073,0.14226,0.054048,0.079004,0.051879,0.0,0.85,1.0,1.0,нет
100000008571433100,peripheral,0.6,53,0.420578,"Недостаточно признаков роли: 2 плательщиков, 2 получателей, колено 0.",0,True,2,2,350000.0,1434000.0,2,3,1,0.0,1.0,False,0.0,2,True,1,1,0,0.659731,0.171308,0.175756,0.054048,0.079004,0.129615,0.05,0.75,1.0,0.85,возвратный поток с seed (2 цикл.)
100000008571443100,terminal,0.66,14,0.492125,"Наблюдаемый конечный узел: вход от 2 клиентов (65,000 KZT), исходящих нет; колено 2<4.",2,False,2,0,65000.0,0.0,2,0,3,0.0,0.0,False,0.0,0,False,1,0,0,0.57897,0.171308,0.11339,0.16339,0.079004,0.051879,0.0,0.85,1.0,1.0,нет
100000008575624100,peripheral,0.6,50,0.174377,"Недостаточно признаков роли: 0 плательщиков, 3 получателей, колено 0.",0,True,0,3,0.0,89500.0,0,5,1,0.0,0.0,False,0.0,0,False,0,1,0,0.273532,0.001913,0.001913,0.054048,0.079004,0.136655,0.0,0.75,1.0,0.85,нет
100000008576243100,terminal,0.66,1,0.500027,"Наблюдаемый конечный узел: вход от 2 клиентов (82,920 KZT), исходящих нет; колено 3<4.",3,False,2,0,82920.0,0.0,4,0,3,0.0,0.0,False,0.0,0,False,2,0,2,0.588267,0.171308,0.122687,0.16339,0.079004,0.051879,0.0,0.85,1.0,1.0,нет
100000008576528100,terminal,0.62,6,0.380921,"Наблюдаемый конечный узел: вход от 1 клиентов (28,000 KZT), исходящих нет; колено 3<4.",3,False,1,0,28000.0,0.0,1,0,3,0.0,0.0,False,0.0,0,False,1,0,0,0.448143,0.082073,0.071797,0.16339,0.079004,0.051879,0.0,0.85,1.0,1.0,нет
100000008579978100,peripheral,0.6,6,0.493472,"Недостаточно признаков роли: 1 плательщиков, 1 получателей, колено 3.",3,False,1,1,34000.0,77000.0,1,6,3,9.2757e-06,1.0,False,0.0,0,False,1,2,0,0.657963,0.082073,0.081317,0.16339,0.166815,0.114368,0.05,0.75,1.0,1.0,нет
100000008582730100,transit,0.85,18,0.366477,"Признаки транзита: отдал 100% видимого входа; 1→1 связей, быстрый выход 100%.",3,False,1,1,5000.0,5000.0,1,1,1,0.0,1.0,False,0.0,1,False,1,1,1,0.385765,0.082073,0.006272,0.054048,0.079004,0.114368,0.05,0.95,1.0,1.0,возвратный поток (1 цикл.)
100000008583360100,peripheral,0.6,8,0.415936,"Недостаточно признаков роли: 1 плательщиков, 1 получателей, колено 3.",3,False,1,1,112843.0,170000.0,1,1,1,9.2757e-06,0.0,False,0.0,0,False,1,1,0,0.554582,0.082073,0.137278,0.054048,0.166815,0.114368,0.0,0.75,1.0,1.0,нет
100000008583971100,peripheral,0.55,1,0.260367,"Граница обхода: колено 4, вход от 2 клиентов; исходящие не выгружены. У похожих узлов колен 1–3 выход есть в 57% случаев.",4,False,2,0,51000.0,0.0,2,0,2,0.0,0.0,True,0.57,0,False,1,0,0,0.534086,0.171308,0.103559,0.128336,0.079004,0.051879,0.0,0.75,0.65,1.0,продлить обход: скрытый выход ~57%
100000008586731100,terminal,0.62,13,0.251531,"Наблюдаемый конечный узел: вход от 1 клиентов (12,000 KZT), исходящих нет; колено 1<4.",1,False,1,0,12000.0,0.0,1,0,1,0.0,0.0,False,0.0,0,False,1,0,0,0.295919,0.082073,0.028915,0.054048,0.079004,0.051879,0.0,0.85,1.0,1.0,нет
100000008587459100,peripheral,0.6,1,0.4965,"Недостаточно признаков роли: 2 плательщиков, 2 получателей, колено 2.",2,False,2,2,181507.0,686500.0,2,4,2,0.0,0.0,False,0.0,3,True,1,1,0,0.662,0.171308,0.153737,0.128336,0.079004,0.129615,0.0,0.75,1.0,1.0,возвратный поток с seed (3 цикл.)
100000008588665100,peripheral,0.55,1,0.198107,"Граница обхода: колено 4, вход от 1 клиентов; исходящие не выгружены. У похожих узлов колен 1–3 выход есть в 29% случаев.",4,False,1,0,25000.0,0.0,1,0,2,0.0,0.0,True,0.287,0,False,1,0,0,0.406372,0.082073,0.06508,0.128336,0.079004,0.051879,0.0,0.75,0.65,1.0,нет
100000008595687100,peripheral,0.6,5,0.424878,"Недостаточно признаков роли: 1 плательщиков, 1 получателей, колено 3.",3,False,1,1,64395.0,10400.0,1,1,2,0.0,1.0,False,0.0,1,True,1,1,0,0.566504,0.082073,0.112722,0.128336,0.079004,0.114368,0.05,0.75,1.0,1.0,возвратный поток с seed (1 цикл.)
100000008596924100,terminal,0.62,9,0.338951,"Наблюдаемый конечный узел: вход от 1 клиентов (100,000 KZT), исходящих нет; колено 3<4.",3,False,1,0,100000.0,0.0,1,0,1,0.0,0.0,False,0.0,0,False,1,0,0,0.398766,0.082073,0.131762,0.054048,0.079004,0.051879,0.0,0.85,1.0,1.0,нет
100000008598972100,terminal,0.62,21,0.345379,"Наблюдаемый конечный узел: вход от 1 клиентов (120,000 KZT), исходящих нет; колено 3<4.",3,False,1,0,120000.0,0.0,1,0,1,0.0,0.0,False,0.0,0,False,1,0,0,0.406328,0.082073,0.139324,0.054048,0.079004,0.051879,0.0,0.85,1.0,1.0,нет
100000008599354100,peripheral,0.6,1,0.417338,"Недостаточно признаков роли: 1 плательщиков, 1 получателей, колено 3.",3,False,1,1,177000.0,38200.0,1,2,2,0.0,0.0,False,0.0,0,False,1,1,0,0.55645,0.082073,0.152669,0.128336,0.079004,0.114368,0.0,0.75,1.0,1.0,нет
100000008601794100,peripheral,0.6,57,0.39675,"Недостаточно признаков роли: 2 плательщиков, 1 получателей, колено 0.",0,True,2,1,494400.0,871400.0,8,13,1,0.0,0.375,False,0.0,2,True,1,2,2,0.622353,0.171308,0.184875,0.054048,0.079004,0.114368,0.01875,0.75,1.0,0.85,возвратный поток с seed (2 цикл.)
100000008603331100,peripheral,0.6,3,0.524291,"Недостаточно признаков роли: 2 плательщиков, 6 получателей, колено 2.",2,False,2,6,39500.0,741774.0,3,6,1,9.27575e-05,1.0,False,0.0,1,False,1,1,2,0.699055,0.171308,0.087233,0.054048,0.192972,0.143494,0.05,0.75,1.0,1.0,возвратный поток (1 цикл.)
100000008603629100,coordinator,0.83,7,0.981072,"Гипотеза координации: достижим из 4 seed, 19 плательщиков, мост 0.0018.",2,False,19,61,1817300.0,4986156.0,45,74,4,0.0018067641,1.0,False,0.0,73,True,4,4,1,0.981072,0.199911,0.198043,0.18492,0.198665,0.149533,0.05,1.0,1.0,1.0,возвратный поток с seed (73 цикл.); 4 плательщиков в один день; повтор одной суммы ×4; плательщиков больше 99% узлов колена 2
100000008612257100,terminal,0.62,17,0.243212,"Наблюдаемый конечный узел: вход от 1 клиентов (9,500 KZT), исходящих нет; колено 3<4.",3,False,1,0,9500.0,0.0,1,0,1,0.0,0.0,False,0.0,0,False,1,0,1,0.286132,0.082073,0.019128,0.054048,0.079004,0.051879,0.0,0.85,1.0,1.0,нет
100000008619159100,peripheral,0.55,65,0.218903,"Граница обхода: колено 4, вход от 1 клиентов; исходящие не выгружены. У похожих узлов колен 1–3 выход есть в 29% случаев.",4,False,1,0,446400.0,0.0,2,0,1,0.0,0.0,True,0.287,0,False,1,0,0,0.449032,0.082073,0.182028,0.054048,0.079004,0.051879,0.0,0.75,0.65,1.0,нет
100000008619857100,peripheral,0.6,1,0.406586,"Недостаточно признаков роли: 1 плательщиков, 2 получателей, колено 3.",3,False,1,2,29000.0,13000.0,1,2,2,0.0,1.0,False,0.0,0,False,1,1,0,0.542115,0.082073,0.073087,0.128336,0.079004,0.129615,0.05,0.75,1.0,1.0,нет
100000008620570100,peripheral,0.6,7,0.626515,"Недостаточно признаков роли: 2 плательщиков, 2 получателей, колено 3.",3,False,2,2,145000.0,31800.0,2,2,4,1.85515e-05,0.5,False,0.0,0,False,1,1,0,0.835354,0.171308,0.14573,0.18492,0.178781,0.129615,0.025,0.75,1.0,1.0,нет
100000008624978100,terminal,0.62,21,0.453633,"Наблюдаемый конечный узел: вход от 1 клиентов (109,000 KZT), исходящих нет; колено 2<4.",2,False,1,0,109000.0,0.0,1,0,4,0.0,0.0,False,0.0,0,False,1,0,0,0.533685,0.082073,0.13581,0.18492,0.079004,0.051879,0.0,0.85,1.0,1.0,нет
100000008625905100,peripheral,0.6,59,0.55285,"Недостаточно признаков роли: 1 плательщиков, 2 получателей, колено 3.",3,False,1,2,197800.0,635000.0,1,2,4,2.78272e-05,0.0,False,0.0,0,False,1,1,0,0.737133,0.082073,0.15694,0.18492,0.183585,0.129615,0.0,0.75,1.0,1.0,нет
100000008628231100,peripheral,0.6,67,0.544776,"Недостаточно признаков роли: 1 плательщиков, 2 получателей, колено 1.",1,False,1,2,50000.0,627870.0,1,19,4,1.85515e-05,1.0,False,0.0,0,False,1,8,0,0.726368,0.082073,0.100979,0.18492,0.178781,0.129615,0.05,0.75,1.0,1.0,повтор одной суммы ×8
100000008628818100,peripheral,0.55,8,0.212658,"Граница обхода: колено 4, вход от 1 клиентов; исходящие не выгружены. У похожих узлов колен 1–3 выход есть в 29% случаев.",4,False,1,0,46310.0,0.0,1,0,2,0.0,0.0,True,0.287,0,False,1,0,0,0.436221,0.082073,0.094929,0.128336,0.079004,0.051879,0.0,0.75,0.65,1.0,нет
100000008629504100,peripheral,0.55,1,0.155515,"Граница обхода: колено 4, вход от 1 клиентов; исходящие не выгружены. У похожих узлов колен 1–3 выход есть в 29% случаев.",4,False,1,0,20000.0,0.0,1,0,1,0.0,0.0,True,0.287,0,False,1,0,0,0.319006,0.082073,0.052002,0.054048,0.079004,0.051879,0.0,0.75,0.65,1.0,нет
100000008629581100,terminal,0.62,4,0.380846,"Наблюдаемый конечный узел: вход от 1 клиентов (54,184 KZT), исходящих нет; колено 2<4.",2,False,1,0,54184.0,0.0,1,0,2,0.0,0.0,False,0.0,0,False,1,0,0,0.448054,0.082073,0.106762,0.128336,0.079004,0.051879,0.0,0.85,1.0,1.0,нет
100000008631800100,peripheral,0.55,19,0.145345,"Граница обхода: колено 4, вход от 1 клиентов; исходящие не выгружены. У похожих узлов колен 1–3 выход есть в 29% случаев.",4,False,1,0,12850.0,0.0,1,0,1,0.0,0.0,True,0.287,0,False,1,0,0,0.298143,0.082073,0.031139,0.054048,0.079004,0.051879,0.0,0.75,0.65,1.0,нет
100000008632060100,distributor,0.715,1,0.478915,"Признаки распределения: 9 получателей против 1 плательщиков, исходящий поток 339,200 KZT.",3,False,1,9,6000.0,339200.0,1,12,1,3.071e-05,0.0,False,0.0,4,True,1,4,1,0.478915,0.082073,0.011699,0.054048,0.185498,0.145596,0.0,1.0,1.0,1.0,возвратный поток с seed (4 цикл.); повтор одной суммы ×4
100000008633099100,peripheral,0.6,11,0.349811,"Недостаточно признаков роли: 1 плательщиков, 1 получателей, колено 3.",3,False,1,1,19468.0,13500.0,1,1,1,9.2757e-06,0.0,False,0.0,0,False,1,1,0,0.466415,0.082073,0.04911,0.054048,0.166815,0.114368,0.0,0.75,1.0,1.0,нет
100000008634520100,terminal,0.62,3,0.426938,"Наблюдаемый конечный узел: вход от 1 клиентов (90,000 KZT), исходящих нет; колено 3<4.",3,False,1,0,90000.0,0.0,1,0,3,0.0,0.0,False,0.0,0,False,1,0,0,0.50228,0.082073,0.125934,0.16339,0.079004,0.051879,0.0,0.85,1.0,1.0,нет
100000008636603100,peripheral,0.6,5,0.581642,"Недостаточно признаков роли: 2 плательщиков, 6 получателей, колено 2.",2,False,2,6,35460.0,159375.0,2,7,2,0.0021397608,1.0,False,0.0,2,True,1,1,0,0.775523,0.171308,0.083541,0.128336,0.198843,0.143494,0.05,0.75,1.0,1.0,возвратный поток с seed (2 цикл.)
100000008637537100,peripheral,0.6,41,0.602789,"Недостаточно признаков роли: 3 плательщиков, 3 получателей, колено 0.",0,True,3,3,619890.0,2351495.0,22,30,5,3.82625e-05,1.0,False,0.0,4,True,2,8,4,0.945552,0.187189,0.190125,0.194128,0.187456,0.136655,0.05,0.75,1.0,0.85,возвратный поток с seed (4 цикл.); повтор одной суммы ×8
100000008638859100,peripheral,0.55,18,0.233606,"Граница обхода: колено 4, вход от 1 клиентов; исходящие не выгружены. У похожих узлов колен 1–3 выход есть в 29% случаев.",4,False,1,0,34000.0,0.0,1,0,4,0.0,0.0,True,0.287,0,False,1,0,0,0.479193,0.082073,0.081317,0.18492,0.079004,0.051879,0.0,0.75,0.65,1.0,нет
100000008647905100,peripheral,0.6,18,0.446622,"Недостаточно признаков роли: 1 плательщиков, 2 получателей, колено 2.",2,False,1,2,50000.0,344222.0,1,2,1,1.85515e-05,1.0,False,0.0,0,False,1,1,0,0.595496,0.082073,0.100979,0.054048,0.178781,0.129615,0.05,0.75,1.0,1.0,нет
100000008648783100,peripheral,0.55,19,0.13461,"Граница обхода: колено 4, вход от 1 клиентов; исходящие не выгружены. У похожих узлов колен 1–3 выход есть в 29% случаев.",4,False,1,0,5200.0,0.0,1,0,1,0.0,0.0,True,0.287,0,False,1,0,1,0.276123,0.082073,0.009119,0.054048,0.079004,0.051879,0.0,0.75,0.65,1.0,нет
100000008649416100,peripheral,0.55,17,0.133222,"Граница обхода: колено 4, вход от 1 клиентов; исходящие не выгружены. У похожих узлов колен 1–3 выход есть в 29% случаев.",4,False,1,0,5000.0,0.0,1,0,1,0.0,0.0,True,0.287,0,False,1,0,1,0.273276,0.082073,0.006272,0.054048,0.079004,0.051879,0.0,0.75,0.65,1.0,нет
100000008650785100,peripheral,0.6,5,0.518954,"Недостаточно признаков роли: 2 плательщиков, 2 получателей, колено 0.",0,True,2,2,92000.0,120120.0,2,2,5,9.2757e-06,0.5,False,0.0,0,False,1,1,0,0.814046,0.171308,0.12718,0.194128,0.166815,0.129615,0.025,0.75,1.0,0.85,нет
100000008652094100,terminal,0.62,1,0.360503,"Наблюдаемый конечный узел: вход от 1 клиентов (35,000 KZT), исходящих нет; колено 3<4.",3,False,1,0,35000.0,0.0,1,0,2,0.0,0.0,False,0.0,0,False,1,0,0,0.424121,0.082073,0.082829,0.128336,0.079004,0.051879,0.0,0.85,1.0,1.0,нет
100000008653041100,terminal,0.62,2,0.287981,"Наблюдаемый конечный узел: вход от 1 клиентов (28,000 KZT), исходящих нет; колено 3<4.",3,False,1,0,28000.0,0.0,1,0,1,0.0,0.0,False,0.0,0,False,1,0,0,0.338801,0.082073,0.071797,0.054048,0.079004,0.051879,0.0,0.85,1.0,1.0,нет
100000008654653100,peripheral,0.6,5,0.160169,"Недостаточно признаков роли: 0 плательщиков, 1 получателей, колено 0.",0,True,0,1,0.0,54000.0,0,1,1,0.0,0.0,False,0.0,0,False,0,1,0,0.251246,0.001913,0.001913,0.054048,0.079004,0.114368,0.0,0.75,1.0,0.85,нет
100000008655035100,terminal,0.62,11,0.354302,"Наблюдаемый конечный узел: вход от 1 клиентов (30,000 KZT), исходящих нет; колено 2<4.",2,False,1,0,30000.0,0.0,1,0,2,0.0,0.0,False,0.0,0,False,1,0,0,0.416826,0.082073,0.075534,0.128336,0.079004,0.051879,0.0,0.85,1.0,1.0,нет
100000008655779100,peripheral,0.6,29,0.412125,"Недостаточно признаков роли: 1 плательщиков, 2 получателей, колено 3.",3,False,1,2,47000.0,24704.0,1,2,1,4.40598e-05,0.0,False,0.0,0,False,1,1,0,0.5495,0.082073,0.095863,0.054048,0.1879,0.129615,0.0,0.75,1.0,1.0,нет
100000008656043100,terminal,0.62,2,0.285901,"Наблюдаемый конечный узел: вход от 1 клиентов (26,200 KZT), исходящих нет; колено 2<4.",2,False,1,0,26200.0,0.0,1,0,1,0.0,0.0,False,0.0,0,False,1,0,0,0.336355,0.082073,0.069351,0.054048,0.079004,0.051879,0.0,0.85,1.0,1.0,нет
100000008659445100,peripheral,0.6,44,0.402997,"Недостаточно признаков роли: 3 плательщиков, 4 получателей, колено 0.",0,True,3,4,138490.0,875150.0,7,18,1,0.0,0.5714285714285714,False,0.0,10,True,2,2,2,0.632152,0.187189,0.143149,0.054048,0.079004,0.140191,0.028571,0.75,1.0,0.85,возвратный поток с seed (10 цикл.)
100000008659950100,terminal,0.62,3,0.460666,"Наблюдаемый конечный узел: вход от 1 клиентов (246,000 KZT), исходящих нет; колено 3<4.",3,False,1,0,246000.0,0.0,1,0,3,0.0,0.0,False,0.0,0,False,1,0,0,0.54196,0.082073,0.165614,0.16339,0.079004,0.051879,0.0,0.85,1.0,1.0,нет
100000008661550100,terminal,0.62,2,0.276638,"Наблюдаемый конечный узел: вход от 1 клиентов (22,800 KZT), исходящих нет; колено 3<4.",3,False,1,0,22800.0,0.0,1,0,1,0.0,0.0,False,0.0,0,False,1,0,0,0.325456,0.082073,0.058452,0.054048,0.079004,0.051879,0.0,0.85,1.0,1.0,нет
100000008661585100,terminal,0.62,2,0.304542,"Наблюдаемый конечный узел: вход от 1 клиентов (43,141 KZT), исходящих нет; колено 1<4.",1,False,1,0,43141.0,0.0,1,0,1,0.0,0.0,False,0.0,0,False,1,0,0,0.358285,0.082073,0.091281,0.054048,0.079004,0.051879,0.0,0.85,1.0,1.0,нет
100000008662216100,terminal,0.62,2,0.285901,"Наблюдаемый конечный узел: вход от 1 клиентов (26,200 KZT), исходящих нет; колено 3<4.",3,False,1,0,26200.0,0.0,1,0,1,0.0,0.0,False,0.0,0,False,1,0,0,0.336355,0.082073,0.069351,0.054048,0.079004,0.051879,0.0,0.85,1.0,1.0,нет
100000008662805100,terminal,0.62,2,0.26242,"Наблюдаемый конечный узел: вход от 1 клиентов (16,500 KZT), исходящих нет; колено 3<4.",3,False,1,0,16500.0,0.0,1,0,1,0.0,0.0,False,0.0,0,False,1,0,0,0.30873,0.082073,0.041726,0.054048,0.079004,0.051879,0.0,0.85,1.0,1.0,нет
100000008663007100,terminal,0.62,2,0.255501,"Наблюдаемый конечный узел: вход от 1 клиентов (14,000 KZT), исходящих нет; колено 1<4.",1,False,1,0,14000.0,0.0,1,0,1,0.0,0.0,False,0.0,0,False,1,0,0,0.300589,0.082073,0.033585,0.054048,0.079004,0.051879,0.0,0.85,1.0,1.0,нет
100000008663723100,terminal,0.62,2,0.26053,"Наблюдаемый конечный узел: вход от 1 клиентов (15,600 KZT), исходящих нет; колено 3<4.",3,False,1,0,15600.0,0.0,1,0,1,0.0,0.0,False,0.0,0,False,1,0,0,0.306506,0.082073,0.039502,0.054048,0.079004,0.051879,0.0,0.85,1.0,1.0,нет
100000008664469100,terminal,0.62,4,0.393513,"Наблюдаемый конечный узел: вход от 1 клиентов (25,000 KZT), исходящих нет; колено 1<4.",1,False,1,0,25000.0,0.0,1,0,4,0.0,0.0,False,0.0,0,False,1,0,0,0.462956,0.082073,0.06508,0.18492,0.079004,0.051879,0.0,0.85,1.0,1.0,нет
100000008664774100,terminal,0.62,2,0.262005,"Наблюдаемый конечный узел: вход от 1 клиентов (16,300 KZT), исходящих нет; колено 3<4.",3,False,1,0,16300.0,0.0,1,0,1,0.0,0.0,False,0.0,0,False,1,0,0,0.308241,0.082073,0.041237,0.054048,0.079004,0.051879,0.0,0.85,1.0,1.0,нет
100000008665380100,peripheral,0.6,1,0.540647,"Недостаточно признаков роли: 2 плательщиков, 1 получателей, колено 1.",1,False,2,1,69100.0,18200.0,2,1,2,9.2757e-06,0.5,False,0.0,0,False,1,1,0,0.720863,0.171308,0.115036,0.128336,0.166815,0.114368,0.025,0.75,1.0,1.0,нет
100000008666075100,terminal,0.62,2,0.286317,"Наблюдаемый конечный узел: вход от 1 клиентов (26,217 KZT), исходящих нет; колено 1<4.",1,False,1,0,26217.0,0.0,1,0,1,0.0,0.0,False,0.0,0,False,1,0,0,0.336844,0.082073,0.06984,0.054048,0.079004,0.051879,0.0,0.85,1.0,1.0,нет
100000008667058100,terminal,0.62,2,0.265181,"Наблюдаемый конечный узел: вход от 1 клиентов (17,534 KZT), исходящих нет; колено 1<4.",1,False,1,0,17534.0,0.0,1,0,1,0.0,0.0,False,0.0,0,False,1,0,0,0.311977,0.082073,0.044973,0.054048,0.079004,0.051879,0.0,0.85,1.0,1.0,нет
100000008667795100,terminal,0.62,2,0.296073,"Наблюдаемый конечный узел: вход от 1 клиентов (34,000 KZT), исходящих нет; колено 3<4.",3,False,1,0,34000.0,0.0,1,0,1,0.0,0.0,False,0.0,0,False,1,0,0,0.348321,0.082073,0.081317,0.054048,0.079004,0.051879,0.0,0.85,1.0,1.0,нет
100000008667799100,terminal,0.62,2,0.296073,"Наблюдаемый конечный узел: вход от 1 клиентов (34,000 KZT), исходящих нет; колено 3<4.",3,False,1,0,34000.0,0.0,1,0,1,0.0,0.0,False,0.0,0,False,1,0,0,0.348321,0.082073,0.081317,0.054048,0.079004,0.051879,0.0,0.85,1.0,1.0,нет
100000008668099100,terminal,0.62,2,0.260908,"Наблюдаемый конечный узел: вход от 1 клиентов (15,700 KZT), исходящих нет; колено 3<4.",3,False,1,0,15700.0,0.0,1,0,1,0.0,0.0,False,0.0,0,False,1,0,0,0.306951,0.082073,0.039947,0.054048,0.079004,0.051879,0.0,0.85,1.0,1.0,нет
100000008669037100,peripheral,0.6,90,0.120332,"Seed без исходящих в выборке; входящий поток неполон, структурная роль не установлена.",0,True,0,0,0.0,0.0,0,0,1,0.0,0.0,False,0.0,0,False,0,0,0,0.188757,0.001913,0.001913,0.054048,0.079004,0.051879,0.0,0.75,1.0,0.85,нет
100000008669310100,terminal,0.62,1,0.383417,"Наблюдаемый конечный узел: вход от 1 клиентов (59,567 KZT), исходящих нет; колено 3<4.",3,False,1,0,59567.0,0.0,2,0,2,0.0,0.0,False,0.0,0,False,1,0,0,0.451079,0.082073,0.109786,0.128336,0.079004,0.051879,0.0,0.85,1.0,1.0,нет
100000008670667100,terminal,0.62,2,0.260114,"Наблюдаемый конечный узел: вход от 1 клиентов (15,534 KZT), исходящих нет; колено 1<4.",1,False,1,0,15534.0,0.0,1,0,1,0.0,0.0,False,0.0,0,False,1,0,0,0.306016,0.082073,0.039012,0.054048,0.079004,0.051879,0.0,0.85,1.0,1.0,нет
100000008671026100,terminal,0.62,2,0.278188,"Наблюдаемый конечный узел: вход от 1 клиентов (23,534 KZT), исходящих нет; колено 1<4.",1,False,1,0,23534.0,0.0,1,0,1,0.0,0.0,False,0.0,0,False,1,0,0,0.32728,0.082073,0.060276,0.054048,0.079004,0.051879,0.0,0.85,1.0,1.0,нет
100000008671081100,terminal,0.62,2,0.299551,"Наблюдаемый конечный узел: вход от 1 клиентов (37,200 KZT), исходящих нет; колено 3<4.",3,False,1,0,37200.0,0.0,1,0,1,0.0,0.0,False,0.0,0,False,1,0,0,0.352413,0.082073,0.085409,0.054048,0.079004,0.051879,0.0,0.85,1.0,1.0,нет
100000008671129100,terminal,0.62,2,0.285901,"Наблюдаемый конечный узел: вход от 1 клиентов (26,200 KZT), исходящих нет; колено 3<4.",3,False,1,0,26200.0,0.0,1,0,1,0.0,0.0,False,0.0,0,False,1,0,0,0.336355,0.082073,0.069351,0.054048,0.079004,0.051879,0.0,0.85,1.0,1.0,нет
100000008671929100,terminal,0.62,4,0.439151,"Наблюдаемый конечный узел: вход от 1 клиентов (75,000 KZT), исходящих нет; колено 1<4.",1,False,1,0,75000.0,0.0,2,0,4,0.0,0.0,False,0.0,0,False,1,0,0,0.516648,0.082073,0.118772,0.18492,0.079004,0.051879,0.0,0.85,1.0,1.0,нет
100000008672162100,terminal,0.62,2,0.260341,"Наблюдаемый конечный узел: вход от 1 клиентов (15,550 KZT), исходящих нет; колено 1<4.",1,False,1,0,15550.0,0.0,1,0,1,0.0,0.0,False,0.0,0,False,1,0,0,0.306283,0.082073,0.039279,0.054048,0.079004,0.051879,0.0,0.85,1.0,1.0,нет
100000008672200100,terminal,0.62,2,0.241851,"Наблюдаемый конечный узел: вход от 1 клиентов (8,511 KZT), исходящих нет; колено 1<4.",1,False,1,0,8511.0,0.0,1,0,1,0.0,0.0,False,0.0,0,False,1,0,1,0.284531,0.082073,0.017527,0.054048,0.079004,0.051879,0.0,0.85,1.0,1.0,нет
100000008672480100,terminal,0.62,2,0.253799,"Наблюдаемый конечный узел: вход от 1 клиентов (13,000 KZT), исходящих нет; колено 2<4.",2,False,1,0,13000.0,0.0,1,0,1,0.0,0.0,False,0.0,0,False,1,0,0,0.298588,0.082073,0.031584,0.054048,0.079004,0.051879,0.0,0.85,1.0,1.0,нет
100000008672493100,terminal,0.62,2,0.255501,"Наблюдаемый конечный узел: вход от 1 клиентов (14,000 KZT), исходящих нет; колено 3<4.",3,False,1,0,14000.0,0.0,1,0,1,0.0,0.0,False,0.0,0,False,1,0,0,0.300589,0.082073,0.033585,0.054048,0.079004,0.051879,0.0,0.85,1.0,1.0,нет
100000008672603100,terminal,0.62,4,0.338005,"Наблюдаемый конечный узел: вход от 1 клиентов (21,200 KZT), исходящих нет; колено 2<4.",2,False,1,0,21200.0,0.0,1,0,2,0.0,0.0,False,0.0,0,False,1,0,0,0.397653,0.082073,0.056361,0.128336,0.079004,0.051879,0.0,0.85,1.0,1.0,нет
100000008672762100,terminal,0.62,2,0.253799,"Наблюдаемый конечный узел: вход от 1 клиентов (13,000 KZT), исходящих нет; колено 2<4.",2,False,1,0,13000.0,0.0,1,0,1,0.0,0.0,False,0.0,0,False,1,0,0,0.298588,0.082073,0.031584,0.054048,0.079004,0.051879,0.0,0.85,1.0,1.0,нет
100000008673001100,peripheral,0.6,20,0.294879,"Seed без исходящих в выборке; входящий поток неполон, структурная роль не установлена.",0,True,1,0,80000.0,0.0,1,0,2,0.0,0.0,False,0.0,0,False,1,0,0,0.462556,0.082073,0.121263,0.128336,0.079004,0.051879,0.0,0.75,1.0,0.85,нет
100000008675322100,peripheral,0.55,37,0.268738,"Граница обхода: колено 4, вход от 1 клиентов; исходящие не выгружены. У похожих узлов колен 1–3 выход есть в 29% случаев.",4,False,1,0,340000.0,0.0,4,0,3,0.0,0.0,True,0.287,0,False,1,0,0,0.551257,0.082073,0.174911,0.16339,0.079004,0.051879,0.0,0.75,0.65,1.0,нет
100000008676812100,terminal,0.62,18,0.365494,"Наблюдаемый конечный узел: вход от 1 клиентов (230,800 KZT), исходящих нет; колено 3<4.",3,False,1,0,230800.0,0.0,1,0,1,0.0,0.0,False,0.0,0,False,1,0,0,0.429993,0.082073,0.162989,0.054048,0.079004,0.051879,0.0,0.85,1.0,1.0,нет
100000008677215100,terminal,0.62,24,0.305601,"Наблюдаемый конечный узел: вход от 1 клиентов (9,000 KZT), исходящих нет; колено 3<4.",3,False,1,0,9000.0,0.0,1,0,2,0.0,0.0,False,0.0,0,False,1,0,1,0.359531,0.082073,0.018238,0.128336,0.079004,0.051879,0.0,0.85,1.0,1.0,нет
100000008677368100,peripheral,0.55,11,0.146082,"Граница обхода: колено 4, вход от 1 клиентов; исходящие не выгружены. У похожих узлов колен 1–3 выход есть в 29% случаев.",4,False,1,0,13500.0,0.0,1,0,1,0.0,0.0,True,0.287,0,False,1,0,0,0.299655,0.082073,0.032651,0.054048,0.079004,0.051879,0.0,0.75,0.65,1.0,нет
100000008677518100,terminal,0.62,2,0.31029,"Наблюдаемый конечный узел: вход от 1 клиентов (48,700 KZT), исходящих нет; колено 3<4.",3,False,1,0,48700.0,0.0,1,0,1,0.0,0.0,False,0.0,0,False,1,0,0,0.365047,0.082073,0.098043,0.054048,0.079004,0.051879,0.0,0.85,1.0,1.0,нет
100000008679986100,terminal,0.62,2,0.268206,"Наблюдаемый конечный узел: вход от 1 клиентов (19,000 KZT), исходящих нет; колено 1<4.",1,False,1,0,19000.0,0.0,1,0,1,0.0,0.0,False,0.0,0,False,1,0,0,0.315536,0.082073,0.048532,0.054048,0.079004,0.051879,0.0,0.85,1.0,1.0,нет
100000008680061100,peripheral,0.55,6,0.174144,"Граница обхода: колено 4, вход от 1 клиентов; исходящие не выгружены. У похожих узлов колен 1–3 выход есть в 29% случаев.",4,False,1,0,41300.0,0.0,2,0,1,0.0,0.0,True,0.287,0,False,1,0,0,0.357218,0.082073,0.090214,0.054048,0.079004,0.051879,0.0,0.75,0.65,1.0,нет
100000008680451100,terminal,0.62,2,0.278188,"Наблюдаемый конечный узел: вход от 1 клиентов (23,534 KZT), исходящих нет; колено 1<4.",1,False,1,0,23534.0,0.0,1,0,1,0.0,0.0,False,0.0,0,False,1,0,0,0.32728,0.082073,0.060276,0.054048,0.079004,0.051879,0.0,0.85,1.0,1.0,нет
100000008680731100,distributor,0.94,13,0.242825,"Признаки распределения: 27 получателей против 0 плательщиков, исходящий поток 1,464,354 KZT.",0,True,0,27,0.0,1464354.0,0,28,1,0.0,0.0,False,0.0,0,False,0,2,0,0.285676,0.001913,0.001913,0.054048,0.079004,0.148799,0.0,1.0,1.0,0.85,нет
100000008680912100,peripheral,0.6,1,0.336332,"Недостаточно признаков роли: 1 плательщиков, 1 получателей, колено 3.",3,False,1,1,45112.0,5990.85,2,1,1,0.0,0.5,False,0.0,1,False,1,1,1,0.448443,0.082073,0.09395,0.054048,0.079004,0.114368,0.025,0.75,1.0,1.0,возвратный поток (1 цикл.)
100000008682426100,terminal,0.62,15,0.271155,"Наблюдаемый конечный узел: вход от 1 клиентов (20,000 KZT), исходящих нет; колено 3<4.",3,False,1,0,20000.0,0.0,1,0,1,0.0,0.0,False,0.0,0,False,1,0,0,0.319006,0.082073,0.052002,0.054048,0.079004,0.051879,0.0,0.85,1.0,1.0,нет
100000008683818100,terminal,0.62,2,0.264538,"Наблюдаемый конечный узел: вход от 1 клиентов (17,400 KZT), исходящих нет; колено 2<4.",2,False,1,0,17400.0,0.0,1,0,1,0.0,0.0,False,0.0,0,False,1,0,0,0.311221,0.082073,0.044217,0.054048,0.079004,0.051879,0.0,0.85,1.0,1.0,нет
100000008684452100,terminal,0.62,2,0.315508,"Наблюдаемый конечный узел: вход от 1 клиентов (51,800 KZT), исходящих нет; колено 3<4.",3,False,1,0,51800.0,0.0,1,0,1,0.0,0.0,False,0.0,0,False,1,0,0,0.371185,0.082073,0.104181,0.054048,0.079004,0.051879,0.0,0.85,1.0,1.0,нет
100000008684767100,terminal,0.62,2,0.293615,"Наблюдаемый конечный узел: вход от 1 клиентов (31,100 KZT), исходящих нет; колено 3<4.",3,False,1,0,31100.0,0.0,1,0,1,0.0,0.0,False,0.0,0,False,1,0,0,0.345429,0.082073,0.078425,0.054048,0.079004,0.051879,0.0,0.85,1.0,1.0,нет
100000008684951100,terminal,0.62,2,0.264084,"Наблюдаемый конечный узел: вход от 1 клиентов (17,200 KZT), исходящих нет; колено 3<4.",3,False,1,0,17200.0,0.0,1,0,1,0.0,0.0,False,0.0,0,False,1,0,0,0.310687,0.082073,0.043683,0.054048,0.079004,0.051879,0.0,0.85,1.0,1.0,нет
100000008686214100,terminal,0.62,7,0.345416,"Наблюдаемый конечный узел: вход от 1 клиентов (25,000 KZT), исходящих нет; колено 3<4.",3,False,1,0,25000.0,0.0,1,0,2,0.0,0.0,False,0.0,0,False,1,0,0,0.406372,0.082073,0.06508,0.128336,0.079004,0.051879,0.0,0.85,1.0,1.0,нет
100000008686234100,terminal,0.62,1,0.301291,"Наблюдаемый конечный узел: вход от 1 клиентов (39,778 KZT), исходящих нет; колено 1<4.",1,False,1,0,39778.0,0.0,1,0,1,0.0,0.0,False,0.0,0,False,1,0,0,0.35446,0.082073,0.087456,0.054048,0.079004,0.051879,0.0,0.85,1.0,1.0,нет
100000008686247100,peripheral,0.6,25,0.290091,"Недостаточно признаков роли: 1 плательщиков, 1 получателей, колено 3.",3,False,1,1,22000.0,5000.0,2,1,1,0.0,0.0,False,0.0,1,False,1,1,1,0.386788,0.082073,0.057295,0.054048,0.079004,0.114368,0.0,0.75,1.0,1.0,возвратный поток (1 цикл.)
100000008686313100,peripheral,0.6,1,0.702449,"Недостаточно признаков роли: 6 плательщиков, 7 получателей, колено 1.",1,False,6,7,1912716.0,333800.0,16,13,3,7.62894e-05,0.8125,False,0.0,42,True,2,3,0,0.936599,0.197553,0.19831,0.16339,0.19226,0.144462,0.040625,0.75,1.0,1.0,возвратный поток с seed (42 цикл.)
100000008686494100,terminal,0.62,2,0.260908,"Наблюдаемый конечный узел: вход от 1 клиентов (15,700 KZT), исходящих нет; колено 3<4.",3,False,1,0,15700.0,0.0,1,0,1,0.0,0.0,False,0.0,0,False,1,0,0,0.306951,0.082073,0.039947,0.054048,0.079004,0.051879,0.0,0.85,1.0,1.0,нет
100000008687492100,terminal,0.62,2,0.258186,"Наблюдаемый конечный узел: вход от 1 клиентов (15,000 KZT), исходящих нет; колено 2<4.",2,False,1,0,15000.0,0.0,1,0,1,0.0,0.0,False,0.0,0,False,1,0,0,0.303748,0.082073,0.036744,0.054048,0.079004,0.051879,0.0,0.85,1.0,1.0,нет
100000008687617100,terminal,0.62,2,0.304618,"Наблюдаемый конечный узел: вход от 1 клиентов (43,350 KZT), исходящих нет; колено 3<4.",3,False,1,0,43350.0,0.0,2,0,1,0.0,0.0,False,0.0,0,False,1,0,0,0.358374,0.082073,0.09137,0.054048,0.079004,0.051879,0.0,0.85,1.0,1.0,нет
100000008687671100,terminal,0.62,2,0.29974,"Наблюдаемый конечный узел: вход от 1 клиентов (37,500 KZT), исходящих нет; колено 1<4.",1,False,1,0,37500.0,0.0,1,0,1,0.0,0.0,False,0.0,0,False,1,0,0,0.352636,0.082073,0.085632,0.054048,0.079004,0.051879,0.0,0.85,1.0,1.0,нет
100000008687733100,terminal,0.62,2,0.256673,"Наблюдаемый конечный узел: вход от 1 клиентов (14,650 KZT), исходящих нет; колено 3<4.",3,False,1,0,14650.0,0.0,1,0,1,0.0,0.0,False,0.0,0,False,1,0,0,0.301968,0.082073,0.034964,0.054048,0.079004,0.051879,0.0,0.85,1.0,1.0,нет
100000008687990100,terminal,0.62,2,0.265521,"Наблюдаемый конечный узел: вход от 1 клиентов (17,600 KZT), исходящих нет; колено 3<4.",3,False,1,0,17600.0,0.0,1,0,1,0.0,0.0,False,0.0,0,False,1,0,0,0.312378,0.082073,0.045374,0.054048,0.079004,0.051879,0.0,0.85,1.0,1.0,нет
100000008688109100,terminal,0.62,2,0.253346,"Наблюдаемый конечный узел: вход от 1 клиентов (12,800 KZT), исходящих нет; колено 3<4.",3,False,1,0,12800.0,0.0,1,0,1,0.0,0.0,False,0.0,0,False,1,0,0,0.298054,0.082073,0.03105,0.054048,0.079004,0.051879,0.0,0.85,1.0,1.0,нет
100000008688155100,terminal,0.62,2,0.278339,"Наблюдаемый конечный узел: вход от 1 клиентов (23,600 KZT), исходящих нет; колено 3<4.",3,False,1,0,23600.0,0.0,1,0,1,0.0,0.0,False,0.0,0,False,1,0,0,0.327458,0.082073,0.060454,0.054048,0.079004,0.051879,0.0,0.85,1.0,1.0,нет
100000008688476100,terminal,0.62,2,0.2797,"Наблюдаемый конечный узел: вход от 1 клиентов (24,000 KZT), исходящих нет; колено 2<4.",2,False,1,0,24000.0,0.0,1,0,1,0.0,0.0,False,0.0,0,False,1,0,0,0.329059,0.082073,0.062055,0.054048,0.079004,0.051879,0.0,0.85,1.0,1.0,нет
100000008688881100,terminal,0.62,2,0.305072,"Наблюдаемый конечный узел: вход от 1 клиентов (44,211 KZT), исходящих нет; колено 2<4.",2,False,1,0,44211.0,0.0,1,0,1,0.0,0.0,False,0.0,0,False,1,0,0,0.358908,0.082073,0.091904,0.054048,0.079004,0.051879,0.0,0.85,1.0,1.0,нет
100000008690762100,terminal,0.62,2,0.286695,"Наблюдаемый конечный узел: вход от 1 клиентов (26,750 KZT), исходящих нет; колено 3<4.",3,False,1,0,26750.0,0.0,1,0,1,0.0,0.0,False,0.0,0,False,1,0,0,0.337289,0.082073,0.070285,0.054048,0.079004,0.051879,0.0,0.85,1.0,1.0,нет
100000008690932100,terminal,0.62,2,0.276902,"Наблюдаемый конечный узел: вход от 1 клиентов (23,000 KZT), исходящих нет; колено 1<4.",1,False,1,0,23000.0,0.0,1,0,1,0.0,0.0,False,0.0,0,False,1,0,0,0.325767,0.082073,0.058763,0.054048,0.079004,0.051879,0.0,0.85,1.0,1.0,нет
100000008691027100,terminal,0.62,2,0.265181,"Наблюдаемый конечный узел: вход от 1 клиентов (17,534 KZT), исходящих нет; колено 1<4.",1,False,1,0,17534.0,0.0,1,0,1,0.0,0.0,False,0.0,0,False,1,0,0,0.311977,0.082073,0.044973,0.054048,0.079004,0.051879,0.0,0.85,1.0,1.0,нет
100000008691168100,terminal,0.62,2,0.2797,"Наблюдаемый конечный узел: вход от 1 клиентов (24,000 KZT), исходящих нет; колено 2<4.",2,False,1,0,24000.0,0.0,1,0,1,0.0,0.0,False,0.0,0,False,1,0,0,0.329059,0.082073,0.062055,0.054048,0.079004,0.051879,0.0,0.85,1.0,1.0,нет
100000008691330100,terminal,0.62,2,0.275049,"Наблюдаемый конечный узел: вход от 1 клиентов (21,440 KZT), исходящих нет; колено 1<4.",1,False,1,0,21440.0,0.0,1,0,1,0.0,0.0,False,0.0,0,False,1,0,0,0.323588,0.082073,0.056584,0.054048,0.079004,0.051879,0.0,0.85,1.0,1.0,нет
100000008691495100,terminal,0.62,2,0.287149,"Наблюдаемый конечный узел: вход от 1 клиентов (27,000 KZT), исходящих нет; колено 1<4.",1,False,1,0,27000.0,0.0,1,0,1,0.0,0.0,False,0.0,0,False,1,0,0,0.337823,0.082073,0.070819,0.054048,0.079004,0.051879,0.0,0.85,1.0,1.0,нет
100000008692291100,transit,0.7979,3,0.810768,"Признаки транзита: отдал 98% видимого входа; 3→3 связей, быстрый выход 67%.",3,False,3,3,160000.0,156000.0,3,3,3,2.78272e-05,0.6666666666666666,False,0.0,0,False,2,1,0,0.85344,0.187189,0.149288,0.16339,0.183585,0.136655,0.033333,0.95,1.0,1.0,нет
100000008693069100,terminal,0.62,2,0.271155,"Наблюдаемый конечный узел: вход от 1 клиентов (20,000 KZT), исходящих нет; колено 1<4.",1,False,1,0,20000.0,0.0,1,0,1,0.0,0.0,False,0.0,0,False,1,0,0,0.319006,0.082073,0.052002,0.054048,0.079004,0.051879,0.0,0.85,1.0,1.0,нет
100000008695133100,terminal,0.62,2,0.298871,"Наблюдаемый конечный узел: вход от 1 клиентов (36,610 KZT), исходящих нет; колено 3<4.",3,False,1,0,36610.0,0.0,1,0,1,0.0,0.0,False,0.0,0,False,1,0,0,0.351613,0.082073,0.084609,0.054048,0.079004,0.051879,0.0,0.85,1.0,1.0,нет
100000008695157100,peripheral,0.55,7,0.218339,"Граница обхода: колено 4, вход от 1 клиентов; исходящие не выгружены. У похожих узлов колен 1–3 выход есть в 29% случаев.",4,False,1,0,425546.0,0.0,3,0,1,0.0,0.0,True,0.287,0,False,1,0,0,0.447876,0.082073,0.180872,0.054048,0.079004,0.051879,0.0,0.75,0.65,1.0,нет
100000008695495100,terminal,0.62,2,0.274369,"Наблюдаемый конечный узел: вход от 1 клиентов (21,000 KZT), исходящих нет; колено 1<4.",1,False,1,0,21000.0,0.0,1,0,1,0.0,0.0,False,0.0,0,False,1,0,0,0.322787,0.082073,0.055783,0.054048,0.079004,0.051879,0.0,0.85,1.0,1.0,нет
100000008695566100,terminal,0.62,2,0.295619,"Наблюдаемый конечный узел: вход от 1 клиентов (33,700 KZT), исходящих нет; колено 3<4.",3,False,1,0,33700.0,0.0,1,0,1,0.0,0.0,False,0.0,0,False,1,0,0,0.347787,0.082073,0.080783,0.054048,0.079004,0.051879,0.0,0.85,1.0,1.0,нет
100000008695689100,terminal,0.62,2,0.285901,"Наблюдаемый конечный узел: вход от 1 клиентов (26,200 KZT), исходящих нет; колено 3<4.",3,False,1,0,26200.0,0.0,1,0,1,0.0,0.0,False,0.0,0,False,1,0,0,0.336355,0.082073,0.069351,0.054048,0.079004,0.051879,0.0,0.85,1.0,1.0,нет
100000008696692100,terminal,0.62,2,0.268206,"Наблюдаемый конечный узел: вход от 1 клиентов (19,000 KZT), исходящих нет; колено 2<4.",2,False,1,0,19000.0,0.0,1,0,1,0.0,0.0,False,0.0,0,False,1,0,0,0.315536,0.082073,0.048532,0.054048,0.079004,0.051879,0.0,0.85,1.0,1.0,нет
100000008696919100,terminal,0.62,2,0.294333,"Наблюдаемый конечный узел: вход от 1 клиентов (31,945 KZT), исходящих нет; колено 1<4.",1,False,1,0,31945.0,0.0,1,0,1,0.0,0.0,False,0.0,0,False,1,0,0,0.346274,0.082073,0.07927,0.054048,0.079004,0.051879,0.0,0.85,1.0,1.0,нет
100000008697670100,terminal,0.62,2,0.283897,"Наблюдаемый конечный узел: вход от 1 клиентов (25,350 KZT), исходящих нет; колено 3<4.",3,False,1,0,25350.0,0.0,1,0,1,0.0,0.0,False,0.0,0,False,1,0,0,0.333997,0.082073,0.066993,0.054048,0.079004,0.051879,0.0,0.85,1.0,1.0,нет
100000008699083100,peripheral,0.55,10,0.210359,"Граница обхода: колено 4, вход от 1 клиентов; исходящие не выгружены. У похожих узлов колен 1–3 выход есть в 29% случаев.",4,False,1,0,238500.0,0.0,1,0,1,0.0,0.0,True,0.287,0,False,1,0,0,0.431506,0.082073,0.164502,0.054048,0.079004,0.051879,0.0,0.75,0.65,1.0,нет
100000008701222100,peripheral,0.6,91,0.120332,"Seed без исходящих в выборке; входящий поток неполон, структурная роль не установлена.",0,True,0,0,0.0,0.0,0,0,1,0.0,0.0,False,0.0,0,False,0,0,0,0.188757,0.001913,0.001913,0.054048,0.079004,0.051879,0.0,0.75,1.0,0.85,нет
100000008701256100,terminal,0.62,1,0.383114,"Наблюдаемый конечный узел: вход от 1 клиентов (58,250 KZT), исходящих нет; колено 2<4.",2,False,1,0,58250.0,0.0,1,0,2,0.0,0.0,False,0.0,0,False,1,0,0,0.450723,0.082073,0.109431,0.128336,0.079004,0.051879,0.0,0.85,1.0,1.0,нет
100000008701944100,terminal,0.62,16,0.37888,"Наблюдаемый конечный узел: вход от 1 клиентов (52,124 KZT), исходящих нет; колено 1<4.",1,False,1,0,52124.0,0.0,1,0,2,0.0,0.0,False,0.0,0,False,1,0,0,0.445741,0.082073,0.104448,0.128336,0.079004,0.051879,0.0,0.85,1.0,1.0,нет
100000008703533100,peripheral,0.55,3,0.188066,"Граница обхода: колено 4, вход от 1 клиентов; исходящие не выгружены. У похожих узлов колен 1–3 выход есть в 29% случаев.",4,False,1,0,75000.0,0.0,1,0,1,0.0,0.0,True,0.287,0,False,1,0,0,0.385776,0.082073,0.118772,0.054048,0.079004,0.051879,0.0,0.75,0.65,1.0,нет
100000008706846100,terminal,0.62,2,0.256182,"Наблюдаемый конечный узел: вход от 1 клиентов (14,200 KZT), исходящих нет; колено 3<4.",3,False,1,0,14200.0,0.0,1,0,1,0.0,0.0,False,0.0,0,False,1,0,0,0.30139,0.082073,0.034386,0.054048,0.079004,0.051879,0.0,0.85,1.0,1.0,нет
100000008706947100,terminal,0.62,2,0.264084,"Наблюдаемый конечный узел: вход от 1 клиентов (17,200 KZT), исходящих нет; колено 3<4.",3,False,1,0,17200.0,0.0,1,0,1,0.0,0.0,False,0.0,0,False,1,0,0,0.310687,0.082073,0.043683,0.054048,0.079004,0.051879,0.0,0.85,1.0,1.0,нет
100000008707810100,terminal,0.62,2,0.285901,"Наблюдаемый конечный узел: вход от 1 клиентов (26,200 KZT), исходящих нет; колено 3<4.",3,False,1,0,26200.0,0.0,1,0,1,0.0,0.0,False,0.0,0,False,1,0,0,0.336355,0.082073,0.069351,0.054048,0.079004,0.051879,0.0,0.85,1.0,1.0,нет
100000008708025100,terminal,0.62,29,0.246464,"Наблюдаемый конечный узел: вход от 1 клиентов (10,000 KZT), исходящих нет; колено 3<4.",3,False,1,0,10000.0,0.0,1,0,1,0.0,0.0,False,0.0,0,False,1,0,0,0.289958,0.082073,0.022954,0.054048,0.079004,0.051879,0.0,0.85,1.0,1.0,нет
100000008708061100,terminal,0.62,2,0.241927,"Наблюдаемый конечный узел: вход от 1 клиентов (8,650 KZT), исходящих нет; колено 3<4.",3,False,1,0,8650.0,0.0,1,0,1,0.0,0.0,False,0.0,0,False,1,0,1,0.28462,0.082073,0.017616,0.054048,0.079004,0.051879,0.0,0.85,1.0,1.0,нет
100000008708207100,terminal,0.66,3,0.551602,"Наблюдаемый конечный узел: вход от 2 клиентов (465,000 KZT), исходящих нет; колено 3<4.",3,False,2,0,465000.0,0.0,2,0,3,0.0,0.0,False,0.0,0,False,2,0,0,0.648944,0.171308,0.183363,0.16339,0.079004,0.051879,0.0,0.85,1.0,1.0,нет
100000008708368100,terminal,0.62,2,0.278755,"Наблюдаемый конечный узел: вход от 1 клиентов (23,677 KZT), исходящих нет; колено 1<4.",1,False,1,0,23677.0,0.0,1,0,1,0.0,0.0,False,0.0,0,False,1,0,0,0.327947,0.082073,0.060943,0.054048,0.079004,0.051879,0.0,0.85,1.0,1.0,нет
100000008708595100,terminal,0.62,2,0.264084,"Наблюдаемый конечный узел: вход от 1 клиентов (17,200 KZT), исходящих нет; колено 3<4.",3,False,1,0,17200.0,0.0,1,0,1,0.0,0.0,False,0.0,0,False,1,0,0,0.310687,0.082073,0.043683,0.054048,0.079004,0.051879,0.0,0.85,1.0,1.0,нет
100000008708743100,terminal,0.62,2,0.260341,"Наблюдаемый конечный узел: вход от 1 клиентов (15,550 KZT), исходящих нет; колено 3<4.",3,False,1,0,15550.0,0.0,1,0,1,0.0,0.0,False,0.0,0,False,1,0,0,0.306283,0.082073,0.039279,0.054048,0.079004,0.051879,0.0,0.85,1.0,1.0,нет
100000008710791100,distributor,0.94,3,0.910769,"Признаки распределения: 23 получателей против 3 плательщиков, исходящий поток 5,521,511 KZT.",2,False,3,23,181510.0,5521511.0,3,25,5,0.0001188255,0.6666666666666666,False,0.0,0,False,1,2,0,0.910769,0.187189,0.153826,0.194128,0.193861,0.148432,0.033333,1.0,1.0,1.0,нет
100000008710843100,distributor,0.815,22,0.776842,"Признаки распределения: 13 получателей против 2 плательщиков, исходящий поток 1,985,500 KZT.",2,False,2,13,33944.0,1985500.0,3,14,3,0.0006200504,0.3333333333333333,False,0.0,1,False,1,1,1,0.776842,0.171308,0.080872,0.16339,0.197776,0.146831,0.016667,1.0,1.0,1.0,возвратный поток (1 цикл.)
100000008710913100,peripheral,0.55,3,0.182753,"Граница обхода: колено 4, вход от 1 клиентов; исходящие не выгружены. У похожих узлов колен 1–3 выход есть в 29% случаев.",4,False,1,0,14000.0,0.0,1,0,2,0.0,0.0,True,0.287,0,False,1,0,0,0.374878,0.082073,0.033585,0.128336,0.079004,0.051879,0.0,0.75,0.65,1.0,нет
100000008712036100,terminal,0.62,2,0.274369,"Наблюдаемый конечный узел: вход от 1 клиентов (21,000 KZT), исходящих нет; колено 3<4.",3,False,1,0,21000.0,0.0,1,0,1,0.0,0.0,False,0.0,0,False,1,0,0,0.322787,0.082073,0.055783,0.054048,0.079004,0.051879,0.0,0.85,1.0,1.0,нет
100000008712184100,terminal,0.62,2,0.266693,"Наблюдаемый конечный узел: вход от 1 клиентов (18,000 KZT), исходящих нет; колено 3<4.",3,False,1,0,18000.0,0.0,1,0,1,0.0,0.0,False,0.0,0,False,1,0,0,0.313757,0.082073,0.046753,0.054048,0.079004,0.051879,0.0,0.85,1.0,1.0,нет
100000008712827100,terminal,0.62,2,0.328779,"Наблюдаемый конечный узел: вход от 1 клиентов (76,000 KZT), исходящих нет; колено 3<4.",3,False,1,0,76000.0,0.0,1,0,1,0.0,0.0,False,0.0,0,False,1,0,0,0.386799,0.082073,0.119795,0.054048,0.079004,0.051879,0.0,0.85,1.0,1.0,нет
100000008712991100,terminal,0.62,2,0.323902,"Наблюдаемый конечный узел: вход от 1 клиентов (66,100 KZT), исходящих нет; колено 3<4.",3,False,1,0,66100.0,0.0,1,0,1,0.0,0.0,False,0.0,0,False,1,0,0,0.381061,0.082073,0.114057,0.054048,0.079004,0.051879,0.0,0.85,1.0,1.0,нет
100000008713270100,peripheral,0.6,9,0.357985,"Недостаточно признаков роли: 1 плательщиков, 3 получателей, колено 2.",2,False,1,3,30000.0,190000.0,1,3,1,0.0,1.0,False,0.0,0,False,1,1,0,0.477313,0.082073,0.075534,0.054048,0.079004,0.136655,0.05,0.75,1.0,1.0,нет
100000008713685100,terminal,0.62,2,0.311197,"Наблюдаемый конечный узел: вход от 1 клиентов (49,700 KZT), исходящих нет; колено 3<4.",3,False,1,0,49700.0,0.0,1,0,1,0.0,0.0,False,0.0,0,False,1,0,0,0.366114,0.082073,0.09911,0.054048,0.079004,0.051879,0.0,0.85,1.0,1.0,нет
100000008714412100,terminal,0.62,8,0.355815,"Наблюдаемый конечный узел: вход от 1 клиентов (169,000 KZT), исходящих нет; колено 3<4.",3,False,1,0,169000.0,0.0,1,0,1,0.0,0.0,False,0.0,0,False,1,0,0,0.418605,0.082073,0.151601,0.054048,0.079004,0.051879,0.0,0.85,1.0,1.0,нет
100000008715513100,peripheral,0.55,19,0.169134,"Граница обхода: колено 4, вход от 1 клиентов; исходящие не выгружены. У похожих узлов колен 1–3 выход есть в 29% случаев.",4,False,1,0,32500.0,0.0,1,0,1,0.0,0.0,True,0.287,0,False,1,0,0,0.346942,0.082073,0.079938,0.054048,0.079004,0.051879,0.0,0.75,0.65,1.0,нет
100000008715887100,terminal,0.62,2,0.266693,"Наблюдаемый конечный узел: вход от 1 клиентов (18,000 KZT), исходящих нет; колено 3<4.",3,False,1,0,18000.0,0.0,1,0,1,0.0,0.0,False,0.0,0,False,1,0,0,0.313757,0.082073,0.046753,0.054048,0.079004,0.051879,0.0,0.85,1.0,1.0,нет
100000008716072100,terminal,0.62,2,0.251985,"Наблюдаемый конечный узел: вход от 1 клиентов (12,100 KZT), исходящих нет; колено 3<4.",3,False,1,0,12100.0,0.0,1,0,1,0.0,0.0,False,0.0,0,False,1,0,0,0.296452,0.082073,0.029448,0.054048,0.079004,0.051879,0.0,0.85,1.0,1.0,нет
100000008716222100,terminal,0.62,2,0.266693,"Наблюдаемый конечный узел: вход от 1 клиентов (18,000 KZT), исходящих нет; колено 1<4.",1,False,1,0,18000.0,0.0,1,0,1,0.0,0.0,False,0.0,0,False,1,0,0,0.313757,0.082073,0.046753,0.054048,0.079004,0.051879,0.0,0.85,1.0,1.0,нет
100000008716439100,terminal,0.62,2,0.252363,"Наблюдаемый конечный узел: вход от 1 клиентов (12,267 KZT), исходящих нет; колено 1<4.",1,False,1,0,12267.0,0.0,1,0,1,0.0,0.0,False,0.0,0,False,1,0,0,0.296897,0.082073,0.029893,0.054048,0.079004,0.051879,0.0,0.85,1.0,1.0,нет
100000008716773100,terminal,0.62,2,0.260719,"Наблюдаемый конечный узел: вход от 1 клиентов (15,677 KZT), исходящих нет; колено 1<4.",1,False,1,0,15677.0,0.0,1,0,1,0.0,0.0,False,0.0,0,False,1,0,0,0.306728,0.082073,0.039724,0.054048,0.079004,0.051879,0.0,0.85,1.0,1.0,нет
100000008717340100,terminal,0.62,2,0.303711,"Наблюдаемый конечный узел: вход от 1 клиентов (41,500 KZT), исходящих нет; колено 1<4.",1,False,1,0,41500.0,0.0,1,0,1,0.0,0.0,False,0.0,0,False,1,0,0,0.357306,0.082073,0.090302,0.054048,0.079004,0.051879,0.0,0.85,1.0,1.0,нет
100000008717341100,terminal,0.62,2,0.256522,"Наблюдаемый конечный узел: вход от 1 клиентов (14,627 KZT), исходящих нет; колено 1<4.",1,False,1,0,14627.0,0.0,1,0,1,0.0,0.0,False,0.0,0,False,1,0,0,0.30179,0.082073,0.034786,0.054048,0.079004,0.051879,0.0,0.85,1.0,1.0,нет
100000008717375100,terminal,0.62,4,0.352714,"Наблюдаемый конечный узел: вход от 1 клиентов (29,506 KZT), исходящих нет; колено 2<4.",2,False,1,0,29506.0,0.0,1,0,2,0.0,0.0,False,0.0,0,False,1,0,0,0.414958,0.082073,0.073665,0.128336,0.079004,0.051879,0.0,0.85,1.0,1.0,нет
100000008717802100,terminal,0.62,2,0.285296,"Наблюдаемый конечный узел: вход от 1 клиентов (26,150 KZT), исходящих нет; колено 3<4.",3,False,1,0,26150.0,0.0,1,0,1,0.0,0.0,False,0.0,0,False,1,0,0,0.335643,0.082073,0.068639,0.054048,0.079004,0.051879,0.0,0.85,1.0,1.0,нет
100000008718089100,terminal,0.62,2,0.260114,"Наблюдаемый конечный узел: вход от 1 клиентов (15,534 KZT), исходящих нет; колено 1<4.",1,False,1,0,15534.0,0.0,1,0,1,0.0,0.0,False,0.0,0,False,1,0,0,0.306016,0.082073,0.039012,0.054048,0.079004,0.051879,0.0,0.85,1.0,1.0,нет
100000008718811100,terminal,0.62,2,0.32738,"Наблюдаемый конечный узел: вход от 1 клиентов (73,300 KZT), исходящих нет; колено 3<4.",3,False,1,0,73300.0,0.0,1,0,1,0.0,0.0,False,0.0,0,False,1,0,0,0.385153,0.082073,0.118149,0.054048,0.079004,0.051879,0.0,0.85,1.0,1.0,нет
100000008720668100,terminal,0.62,2,0.261551,"Наблюдаемый конечный узел: вход от 1 клиентов (16,000 KZT), исходящих нет; колено 3<4.",3,False,1,0,16000.0,0.0,1,0,1,0.0,0.0,False,0.0,0,False,1,0,0,0.307707,0.082073,0.040703,0.054048,0.079004,0.051879,0.0,0.85,1.0,1.0,нет
100000008720798100,terminal,0.62,2,0.260114,"Наблюдаемый конечный узел: вход от 1 клиентов (15,534 KZT), исходящих нет; колено 1<4.",1,False,1,0,15534.0,0.0,1,0,1,0.0,0.0,False,0.0,0,False,1,0,0,0.306016,0.082073,0.039012,0.054048,0.079004,0.051879,0.0,0.85,1.0,1.0,нет
100000008720856100,peripheral,0.6,6,0.348677,"Недостаточно признаков роли: 1 плательщиков, 1 получателей, колено 3.",3,False,1,1,18105.0,46000.0,1,2,1,9.2757e-06,0.0,False,0.0,0,False,1,1,0,0.464902,0.082073,0.047598,0.054048,0.166815,0.114368,0.0,0.75,1.0,1.0,нет
100000008721637100,peripheral,0.6,9,0.423001,"Недостаточно признаков роли: 1 плательщиков, 2 получателей, колено 3.",3,False,1,2,24041.0,127000.0,1,2,1,3.09192e-05,1.0,False,0.0,0,False,1,1,0,0.564001,0.082073,0.062633,0.054048,0.185632,0.129615,0.05,0.75,1.0,1.0,нет
100000008722328100,terminal,0.62,2,0.278755,"Наблюдаемый конечный узел: вход от 1 клиентов (23,677 KZT), исходящих нет; колено 1<4.",1,False,1,0,23677.0,0.0,1,0,1,0.0,0.0,False,0.0,0,False,1,0,0,0.327947,0.082073,0.060943,0.054048,0.079004,0.051879,0.0,0.85,1.0,1.0,нет
100000008722417100,peripheral,0.6,6,0.59256,"Недостаточно признаков роли: 1 плательщиков, 3 получателей, колено 3.",3,False,1,3,331900.0,720000.0,1,6,3,2.78272e-05,1.0,False,0.0,0,False,1,3,0,0.79008,0.082073,0.174377,0.16339,0.183585,0.136655,0.05,0.75,1.0,1.0,нет
100000008722541100,peripheral,0.55,6,0.266135,"Граница обхода: колено 4, вход от 1 клиентов; исходящие не выгружены. У похожих узлов колен 1–3 выход есть в 29% случаев.",4,False,1,0,280000.0,0.0,4,0,3,0.0,0.0,True,0.287,0,False,1,0,0,0.545919,0.082073,0.169573,0.16339,0.079004,0.051879,0.0,0.75,0.65,1.0,нет
100000008723830100,transit,0.7922,5,0.749562,"Признаки транзита: отдал 99% видимого входа; 2→1 связей, быстрый выход 50%.",1,False,2,1,459785.0,455000.0,2,1,2,9.2757e-06,0.5,False,0.0,0,False,1,1,1,0.789012,0.171308,0.183185,0.128336,0.166815,0.114368,0.025,0.95,1.0,1.0,нет
100000008724279100,terminal,0.62,5,0.314146,"Наблюдаемый конечный узел: вход от 1 клиентов (11,750 KZT), исходящих нет; колено 1<4.",1,False,1,0,11750.0,0.0,1,0,2,0.0,0.0,False,0.0,0,False,1,0,0,0.369584,0.082073,0.028292,0.128336,0.079004,0.051879,0.0,0.85,1.0,1.0,нет
100000008724461100,peripheral,0.6,3,0.450434,"Недостаточно признаков роли: 1 плательщиков, 1 получателей, колено 3.",3,False,1,1,100111.0,130000.0,1,1,1,9.2757e-06,1.0,False,0.0,0,False,1,1,0,0.600578,0.082073,0.133274,0.054048,0.166815,0.114368,0.05,0.75,1.0,1.0,нет
100000008727982100,peripheral,0.55,9,0.166987,"Граница обхода: колено 4, вход от 1 клиентов; исходящие не выгружены. У похожих узлов колен 1–3 выход есть в 29% случаев.",4,False,1,0,30000.0,0.0,2,0,1,0.0,0.0,True,0.287,0,False,1,0,0,0.342538,0.082073,0.075534,0.054048,0.079004,0.051879,0.0,0.75,0.65,1.0,нет
100000008728457100,terminal,0.62,12,0.425312,"Наблюдаемый конечный узел: вход от 1 клиентов (45,000 KZT), исходящих нет; колено 1<4.",1,False,1,0,45000.0,0.0,1,0,5,0.0,0.0,False,0.0,0,False,1,0,0,0.500367,0.082073,0.093283,0.194128,0.079004,0.051879,0.0,0.85,1.0,1.0,нет
100000008729597100,terminal,0.62,7,0.331313,"Наблюдаемый конечный узел: вход от 1 клиентов (83,090 KZT), исходящих нет; колено 3<4.",3,False,1,0,83090.0,0.0,1,0,1,0.0,0.0,False,0.0,0,False,1,0,0,0.38978,0.082073,0.122776,0.054048,0.079004,0.051879,0.0,0.85,1.0,1.0,нет
100000008729801100,terminal,0.62,2,0.265181,"Наблюдаемый конечный узел: вход от 1 клиентов (17,534 KZT), исходящих нет; колено 1<4.",1,False,1,0,17534.0,0.0,1,0,1,0.0,0.0,False,0.0,0,False,1,0,0,0.311977,0.082073,0.044973,0.054048,0.079004,0.051879,0.0,0.85,1.0,1.0,нет
100000008730021100,terminal,0.62,16,0.391584,"Наблюдаемый конечный узел: вход от 1 клиентов (75,555 KZT), исходящих нет; колено 1<4.",1,False,1,0,75555.0,0.0,3,0,2,0.0,0.0,False,0.0,0,False,1,0,1,0.460687,0.082073,0.119395,0.128336,0.079004,0.051879,0.0,0.85,1.0,1.0,нет
100000008730238100,peripheral,0.55,3,0.197217,"Граница обхода: колено 4, вход от 1 клиентов; исходящие не выгружены. У похожих узлов колен 1–3 выход есть в 29% случаев.",4,False,1,0,113000.0,0.0,1,0,1,0.0,0.0,True,0.287,0,False,1,0,0,0.404548,0.082073,0.137544,0.054048,0.079004,0.051879,0.0,0.75,0.65,1.0,нет
100000008730371100,terminal,0.66,1,0.524718,"Наблюдаемый конечный узел: вход от 2 клиентов (520,000 KZT), исходящих нет; колено 3<4.",3,False,2,0,520000.0,0.0,3,0,2,0.0,0.0,False,0.0,0,False,1,0,0,0.617315,0.171308,0.186788,0.128336,0.079004,0.051879,0.0,0.85,1.0,1.0,нет
100000008730846100,consolidator,0.7433,12,0.908719,"Признаки консолидации: 7 плательщиков, 3 получателей, входящий поток 155,042 KZT.",2,False,7,3,155042.0,363370.0,11,4,4,5.56545e-05,1.0,False,0.0,0,False,4,1,3,0.908719,0.19831,0.148665,0.18492,0.190169,0.136655,0.05,1.0,1.0,1.0,4 плательщиков в один день
100000008731444100,distributor,0.655,1,0.917438,"Признаки распределения: 9 получателей против 3 плательщиков, исходящий поток 879,768 KZT.",2,False,3,9,439000.0,879767.8,5,9,3,5.53122e-05,1.0,False,0.0,0,False,1,1,0,0.917438,0.187189,0.181673,0.16339,0.189591,0.145596,0.05,1.0,1.0,1.0,нет
100000008732098100,terminal,0.62,2,0.260719,"Наблюдаемый конечный узел: вход от 1 клиентов (15,677 KZT), исходящих нет; колено 1<4.",1,False,1,0,15677.0,0.0,1,0,1,0.0,0.0,False,0.0,0,False,1,0,0,0.306728,0.082073,0.039724,0.054048,0.079004,0.051879,0.0,0.85,1.0,1.0,нет
100000008732488100,peripheral,0.6,7,0.457573,"Недостаточно признаков роли: 1 плательщиков, 1 получателей, колено 3.",3,False,1,1,137000.0,10000.0,1,1,1,9.2757e-06,1.0,False,0.0,0,False,1,1,0,0.610098,0.082073,0.142794,0.054048,0.166815,0.114368,0.05,0.75,1.0,1.0,нет
100000008733049100,terminal,0.62,16,0.339404,"Наблюдаемый конечный узел: вход от 1 клиентов (10,000 KZT), исходящих нет; колено 2<4.",2,False,1,0,10000.0,0.0,1,0,3,0.0,0.0,False,0.0,0,False,1,0,0,0.399299,0.082073,0.022954,0.16339,0.079004,0.051879,0.0,0.85,1.0,1.0,нет
100000008733194100,distributor,0.6,14,0.933786,"Признаки распределения: 8 получателей против 4 плательщиков, исходящий поток 159,695 KZT.",2,False,4,8,251424.0,159695.0,4,8,4,0.0001020332,1.0,False,0.0,1,False,2,1,0,0.933786,0.193817,0.166726,0.18492,0.193194,0.145129,0.05,1.0,1.0,1.0,возвратный поток (1 цикл.)
100000008734279100,peripheral,0.55,7,0.168722,"Граница обхода: колено 4, вход от 1 клиентов; исходящие не выгружены. У похожих узлов колен 1–3 выход есть в 29% случаев.",4,False,1,0,31650.0,0.0,1,0,1,0.0,0.0,True,0.287,0,False,1,0,0,0.346097,0.082073,0.079093,0.054048,0.079004,0.051879,0.0,0.75,0.65,1.0,нет
100000008734364100,terminal,0.62,2,0.285901,"Наблюдаемый конечный узел: вход от 1 клиентов (26,200 KZT), исходящих нет; колено 2<4.",2,False,1,0,26200.0,0.0,1,0,1,0.0,0.0,False,0.0,0,False,1,0,0,0.336355,0.082073,0.069351,0.054048,0.079004,0.051879,0.0,0.85,1.0,1.0,нет
100000008735384100,terminal,0.62,2,0.300837,"Наблюдаемый конечный узел: вход от 1 клиентов (39,220 KZT), исходящих нет; колено 1<4.",1,False,1,0,39220.0,0.0,1,0,1,0.0,0.0,False,0.0,0,False,1,0,0,0.353926,0.082073,0.086922,0.054048,0.079004,0.051879,0.0,0.85,1.0,1.0,нет
100000008735802100,peripheral,0.55,1,0.226667,"Граница обхода: колено 4, вход от 1 клиентов; исходящие не выгружены. У похожих узлов колен 1–3 выход есть в 29% случаев.",4,False,1,0,85000.0,0.0,2,0,2,0.0,0.0,True,0.287,0,False,1,0,0,0.464958,0.082073,0.123665,0.128336,0.079004,0.051879,0.0,0.75,0.65,1.0,нет
100000008735832100,terminal,0.62,2,0.265521,"Наблюдаемый конечный узел: вход от 1 клиентов (17,600 KZT), исходящих нет; колено 3<4.",3,False,1,0,17600.0,0.0,1,0,1,0.0,0.0,False,0.0,0,False,1,0,0,0.312378,0.082073,0.045374,0.054048,0.079004,0.051879,0.0,0.85,1.0,1.0,нет
100000008736173100,terminal,0.62,2,0.293426,"Наблюдаемый конечный узел: вход от 1 клиентов (31,060 KZT), исходящих нет; колено 1<4.",1,False,1,0,31060.0,0.0,1,0,1,0.0,0.0,False,0.0,0,False,1,0,0,0.345207,0.082073,0.078203,0.054048,0.079004,0.051879,0.0,0.85,1.0,1.0,нет
100000008736394100,terminal,0.62,2,0.261551,"Наблюдаемый конечный узел: вход от 1 клиентов (16,000 KZT), исходящих нет; колено 2<4.",2,False,1,0,16000.0,0.0,1,0,1,0.0,0.0,False,0.0,0,False,1,0,0,0.307707,0.082073,0.040703,0.054048,0.079004,0.051879,0.0,0.85,1.0,1.0,нет
100000008736760100,terminal,0.62,2,0.317928,"Наблюдаемый конечный узел: вход от 1 клиентов (54,757 KZT), исходящих нет; колено 1<4.",1,False,1,0,54757.0,0.0,1,0,1,0.0,0.0,False,0.0,0,False,1,0,0,0.374032,0.082073,0.107028,0.054048,0.079004,0.051879,0.0,0.85,1.0,1.0,нет
100000008736940100,peripheral,0.6,44,0.505555,"Недостаточно признаков роли: 3 плательщиков, 3 получателей, колено 1.",1,False,3,3,451090.0,182100.0,13,6,1,0.0,0.6923076923076923,False,0.0,10,True,2,1,1,0.674073,0.187189,0.182562,0.054048,0.079004,0.136655,0.034615,0.75,1.0,1.0,возвратный поток с seed (10 цикл.)
100000008737422100,terminal,0.62,2,0.32912,"Наблюдаемый конечный узел: вход от 1 клиентов (76,903 KZT), исходящих нет; колено 1<4.",1,False,1,0,76903.0,0.0,1,0,1,0.0,0.0,False,0.0,0,False,1,0,0,0.3872,0.082073,0.120196,0.054048,0.079004,0.051879,0.0,0.85,1.0,1.0,нет
100000008737514100,terminal,0.62,16,0.425009,"Наблюдаемый конечный узел: вход от 1 клиентов (85,000 KZT), исходящих нет; колено 2<4.",2,False,1,0,85000.0,0.0,1,0,3,0.0,0.0,False,0.0,0,False,1,0,0,0.500011,0.082073,0.123665,0.16339,0.079004,0.051879,0.0,0.85,1.0,1.0,нет
100000008737958100,terminal,0.66,2,0.392794,"Наблюдаемый конечный узел: вход от 2 клиентов (53,373 KZT), исходящих нет; колено 1<4.",1,False,2,0,53373.0,0.0,2,0,1,0.0,0.0,False,0.0,0,False,1,0,0,0.462111,0.171308,0.105872,0.054048,0.079004,0.051879,0.0,0.85,1.0,1.0,нет
100000008738325100,peripheral,0.6,20,0.311292,"Недостаточно признаков роли: 1 плательщиков, 1 получателей, колено 0.",0,True,1,1,36550.0,54000.0,1,1,2,0.0,0.0,False,0.0,0,False,1,1,0,0.488301,0.082073,0.08452,0.128336,0.079004,0.114368,0.0,0.75,1.0,0.85,нет
100000008738526100,peripheral,0.6,22,0.340536,"Недостаточно признаков роли: 1 плательщиков, 1 получателей, колено 3.",3,False,1,1,15000.0,140000.0,1,1,1,9.2757e-06,0.0,False,0.0,0,False,1,1,0,0.454048,0.082073,0.036744,0.054048,0.166815,0.114368,0.0,0.75,1.0,1.0,нет
100000008738658100,terminal,0.62,2,0.28972,"Наблюдаемый конечный узел: вход от 1 клиентов (29,920 KZT), исходящих нет; колено 3<4.",3,False,1,0,29920.0,0.0,1,0,1,0.0,0.0,False,0.0,0,False,1,0,0,0.340847,0.082073,0.073843,0.054048,0.079004,0.051879,0.0,0.85,1.0,1.0,нет
100000008739887100,peripheral,0.6,7,0.589004,"Недостаточно признаков роли: 2 плательщиков, 2 получателей, колено 3.",3,False,2,2,214000.0,307000.0,3,2,2,1.85515e-05,0.3333333333333333,False,0.0,0,False,1,1,0,0.785339,0.171308,0.160632,0.128336,0.178781,0.129615,0.016667,0.75,1.0,1.0,нет
100000008740295100,peripheral,0.55,3,0.250174,"Граница обхода: колено 4, вход от 1 клиентов; исходящие не выгружены. У похожих узлов колен 1–3 выход есть в 29% случаев.",4,False,1,0,300000.0,0.0,1,0,2,0.0,0.0,True,0.287,0,False,1,0,0,0.513178,0.082073,0.171886,0.128336,0.079004,0.051879,0.0,0.75,0.65,1.0,нет
100000008740793100,terminal,0.62,2,0.274369,"Наблюдаемый конечный узел: вход от 1 клиентов (21,000 KZT), исходящих нет; колено 3<4.",3,False,1,0,21000.0,0.0,1,0,1,0.0,0.0,False,0.0,0,False,1,0,0,0.322787,0.082073,0.055783,0.054048,0.079004,0.051879,0.0,0.85,1.0,1.0,нет
100000008741372100,terminal,0.62,2,0.298417,"Наблюдаемый конечный узел: вход от 1 клиентов (35,975 KZT), исходящих нет; колено 1<4.",1,False,1,0,35975.0,0.0,1,0,1,0.0,0.0,False,0.0,0,False,1,0,0,0.351079,0.082073,0.084075,0.054048,0.079004,0.051879,0.0,0.85,1.0,1.0,нет
100000008742053100,distributor,0.79,10,0.569284,"Признаки распределения: 12 получателей против 1 плательщиков, исходящий поток 2,789,000 KZT.",3,False,1,12,10000.0,2789000.0,1,12,2,4.88965e-05,0.0,False,0.0,0,False,1,1,0,0.569284,0.082073,0.022954,0.128336,0.189324,0.146597,0.0,1.0,1.0,1.0,нет
100000008742266100,terminal,0.62,2,0.274369,"Наблюдаемый конечный узел: вход от 1 клиентов (21,000 KZT), исходящих нет; колено 2<4.",2,False,1,0,21000.0,0.0,1,0,1,0.0,0.0,False,0.0,0,False,1,0,0,0.322787,0.082073,0.055783,0.054048,0.079004,0.051879,0.0,0.85,1.0,1.0,нет
100000008743913100,distributor,0.795,22,0.904274,"Признаки распределения: 13 получателей против 3 плательщиков, исходящий поток 1,850,600 KZT.",2,False,3,13,149300.0,1850600.0,3,13,6,0.0001142077,0.6666666666666666,False,0.0,0,False,2,3,1,0.904274,0.187189,0.146174,0.197064,0.193683,0.146831,0.033333,1.0,1.0,1.0,нет
100000008744364100,terminal,0.62,2,0.278982,"Наблюдаемый конечный узел: вход от 1 клиентов (23,700 KZT), исходящих нет; колено 3<4.",3,False,1,0,23700.0,0.0,1,0,1,0.0,0.0,False,0.0,0,False,1,0,0,0.328214,0.082073,0.06121,0.054048,0.079004,0.051879,0.0,0.85,1.0,1.0,нет
100000008744799100,terminal,0.62,2,0.253119,"Наблюдаемый конечный узел: вход от 1 клиентов (12,600 KZT), исходящих нет; колено 3<4.",3,False,1,0,12600.0,0.0,1,0,1,0.0,0.0,False,0.0,0,False,1,0,0,0.297787,0.082073,0.030783,0.054048,0.079004,0.051879,0.0,0.85,1.0,1.0,нет
100000008744849100,terminal,0.62,2,0.305299,"Наблюдаемый конечный узел: вход от 1 клиентов (44,445 KZT), исходящих нет; колено 1<4.",1,False,1,0,44445.0,0.0,1,0,1,0.0,0.0,False,0.0,0,False,1,0,0,0.359175,0.082073,0.092171,0.054048,0.079004,0.051879,0.0,0.85,1.0,1.0,нет
100000008745474100,terminal,0.62,2,0.303106,"Наблюдаемый конечный узел: вход от 1 клиентов (40,559 KZT), исходящих нет; колено 1<4.",1,False,1,0,40559.0,0.0,1,0,1,0.0,0.0,False,0.0,0,False,1,0,0,0.356595,0.082073,0.089591,0.054048,0.079004,0.051879,0.0,0.85,1.0,1.0,нет
100000008745489100,terminal,0.62,2,0.318759,"Наблюдаемый конечный узел: вход от 1 клиентов (55,539 KZT), исходящих нет; колено 1<4.",1,False,1,0,55539.0,0.0,1,0,1,0.0,0.0,False,0.0,0,False,1,0,0,0.375011,0.082073,0.108007,0.054048,0.079004,0.051879,0.0,0.85,1.0,1.0,нет
100000008745643100,terminal,0.62,2,0.273537,"Наблюдаемый конечный узел: вход от 1 клиентов (20,313 KZT), исходящих нет; колено 1<4.",1,False,1,0,20313.0,0.0,1,0,1,0.0,0.0,False,0.0,0,False,1,0,0,0.321808,0.082073,0.054804,0.054048,0.079004,0.051879,0.0,0.85,1.0,1.0,нет
100000008745676100,peripheral,0.55,2,0.170153,"Граница обхода: колено 4, вход от 1 клиентов; исходящие не выгружены. У похожих узлов колен 1–3 выход есть в 29% случаев.",4,False,1,0,34547.0,0.0,1,0,1,0.0,0.0,True,0.287,0,False,1,0,0,0.349032,0.082073,0.082028,0.054048,0.079004,0.051879,0.0,0.75,0.65,1.0,нет
100000008745725100,terminal,0.62,2,0.308815,"Наблюдаемый конечный узел: вход от 1 клиентов (47,060 KZT), исходящих нет; колено 1<4.",1,False,1,0,47060.0,0.0,1,0,1,0.0,0.0,False,0.0,0,False,1,0,0,0.363312,0.082073,0.096308,0.054048,0.079004,0.051879,0.0,0.85,1.0,1.0,нет
100000008745863100,terminal,0.62,2,0.276713,"Наблюдаемый конечный узел: вход от 1 клиентов (22,900 KZT), исходящих нет; колено 3<4.",3,False,1,0,22900.0,0.0,1,0,1,0.0,0.0,False,0.0,0,False,1,0,0,0.325545,0.082073,0.058541,0.054048,0.079004,0.051879,0.0,0.85,1.0,1.0,нет
100000008745884100,terminal,0.62,2,0.271155,"Наблюдаемый конечный узел: вход от 1 клиентов (20,000 KZT), исходящих нет; колено 3<4.",3,False,1,0,20000.0,0.0,1,0,1,0.0,0.0,False,0.0,0,False,1,0,0,0.319006,0.082073,0.052002,0.054048,0.079004,0.051879,0.0,0.85,1.0,1.0,нет
100000008746025100,terminal,0.62,2,0.275654,"Наблюдаемый конечный узел: вход от 1 клиентов (22,000 KZT), исходящих нет; колено 1<4.",1,False,1,0,22000.0,0.0,1,0,1,0.0,0.0,False,0.0,0,False,1,0,0,0.324299,0.082073,0.057295,0.054048,0.079004,0.051879,0.0,0.85,1.0,1.0,нет
100000008746449100,distributor,0.74,3,0.605705,"Признаки распределения: 10 получателей против 1 плательщиков, исходящий поток 1,009,000 KZT.",3,False,1,10,10000.0,1009000.0,1,10,3,6.49302e-05,0.0,False,0.0,0,False,1,2,0,0.605705,0.082073,0.022954,0.16339,0.191326,0.145963,0.0,1.0,1.0,1.0,нет
100000008746673100,terminal,0.62,2,0.316793,"Наблюдаемый конечный узел: вход от 1 клиентов (53,048 KZT), исходящих нет; колено 1<4.",1,False,1,0,53048.0,0.0,1,0,1,0.0,0.0,False,0.0,0,False,1,0,0,0.372698,0.082073,0.105694,0.054048,0.079004,0.051879,0.0,0.85,1.0,1.0,нет
100000008747113100,terminal,0.66,6,0.555345,"Наблюдаемый конечный узел: вход от 2 клиентов (197,801 KZT), исходящих нет; колено 1<4.",1,False,2,0,197801.0,0.0,2,0,5,0.0,0.0,False,0.0,0,False,2,0,0,0.653347,0.171308,0.157028,0.194128,0.079004,0.051879,0.0,0.85,1.0,1.0,нет
100000008748408100,distributor,0.94,9,0.589991,"Признаки распределения: 21 получателей против 1 плательщиков, исходящий поток 1,499,960 KZT.",1,False,1,21,360000.0,1499960.0,2,22,1,0.0,1.0,False,0.0,0,False,1,4,0,0.589991,0.082073,0.176601,0.054048,0.079004,0.148265,0.05,1.0,1.0,1.0,повтор одной суммы ×4
100000008748795100,terminal,0.62,1,0.371847,"Наблюдаемый конечный узел: вход от 1 клиентов (47,057 KZT), исходящих нет; колено 3<4.",3,False,1,0,47057.0,0.0,1,0,2,0.0,0.0,False,0.0,0,False,1,0,0,0.437467,0.082073,0.096174,0.128336,0.079004,0.051879,0.0,0.85,1.0,1.0,нет
100000008748914100,distributor,0.815,4,0.654437,"Признаки распределения: 13 получателей против 2 плательщиков, исходящий поток 4,471,847 KZT.",1,False,2,13,180000.0,4471847.0,9,21,1,0.0,1.0,False,0.0,1,False,1,2,2,0.654437,0.171308,0.153247,0.054048,0.079004,0.146831,0.05,1.0,1.0,1.0,возвратный поток (1 цикл.)
100000008749063100,terminal,0.62,2,0.268206,"Наблюдаемый конечный узел: вход от 1 клиентов (19,000 KZT), исходящих нет; колено 1<4.",1,False,1,0,19000.0,0.0,1,0,1,0.0,0.0,False,0.0,0,False,1,0,0,0.315536,0.082073,0.048532,0.054048,0.079004,0.051879,0.0,0.85,1.0,1.0,нет
100000008749405100,terminal,0.62,2,0.299438,"Наблюдаемый конечный узел: вход от 1 клиентов (37,150 KZT), исходящих нет; колено 3<4.",3,False,1,0,37150.0,0.0,1,0,1,0.0,0.0,False,0.0,0,False,1,0,0,0.35228,0.082073,0.085276,0.054048,0.079004,0.051879,0.0,0.85,1.0,1.0,нет
100000008749406100,terminal,0.62,2,0.263593,"Наблюдаемый конечный узел: вход от 1 клиентов (17,144 KZT), исходящих нет; колено 1<4.",1,False,1,0,17144.0,0.0,1,0,1,0.0,0.0,False,0.0,0,False,1,0,0,0.310109,0.082073,0.043105,0.054048,0.079004,0.051879,0.0,0.85,1.0,1.0,нет
100000008749618100,terminal,0.62,2,0.309155,"Наблюдаемый конечный узел: вход от 1 клиентов (47,280 KZT), исходящих нет; колено 1<4.",1,False,1,0,47280.0,0.0,1,0,1,0.0,0.0,False,0.0,0,False,1,0,0,0.363712,0.082073,0.096708,0.054048,0.079004,0.051879,0.0,0.85,1.0,1.0,нет
100000008749900100,terminal,0.62,2,0.263782,"Наблюдаемый конечный узел: вход от 1 клиентов (17,150 KZT), исходящих нет; колено 3<4.",3,False,1,0,17150.0,0.0,1,0,1,0.0,0.0,False,0.0,0,False,1,0,0,0.310331,0.082073,0.043327,0.054048,0.079004,0.051879,0.0,0.85,1.0,1.0,нет
100000008749989100,terminal,0.62,2,0.261551,"Наблюдаемый конечный узел: вход от 1 клиентов (16,000 KZT), исходящих нет; колено 2<4.",2,False,1,0,16000.0,0.0,1,0,1,0.0,0.0,False,0.0,0,False,1,0,0,0.307707,0.082073,0.040703,0.054048,0.079004,0.051879,0.0,0.85,1.0,1.0,нет
100000008750464100,terminal,0.62,2,0.241624,"Наблюдаемый конечный узел: вход от 1 клиентов (8,500 KZT), исходящих нет; колено 3<4.",3,False,1,0,8500.0,0.0,1,0,1,0.0,0.0,False,0.0,0,False,1,0,1,0.284264,0.082073,0.01726,0.054048,0.079004,0.051879,0.0,0.85,1.0,1.0,нет
100000008751349100,terminal,0.62,28,0.250926,"Наблюдаемый конечный узел: вход от 1 клиентов (11,630 KZT), исходящих нет; колено 3<4.",3,False,1,0,11630.0,0.0,1,0,1,0.0,0.0,False,0.0,0,False,1,0,0,0.295207,0.082073,0.028203,0.054048,0.079004,0.051879,0.0,0.85,1.0,1.0,нет
100000008751380100,terminal,0.66,3,0.563097,"Наблюдаемый конечный узел: вход от 2 клиентов (345,780 KZT), исходящих нет; колено 3<4.",3,False,2,0,345780.0,0.0,2,0,4,0.0,0.0,False,0.0,0,False,1,0,1,0.662467,0.171308,0.175356,0.18492,0.079004,0.051879,0.0,0.85,1.0,1.0,нет
100000008751429100,peripheral,0.6,44,0.478425,"Недостаточно признаков роли: 3 плательщиков, 1 получателей, колено 1.",1,False,3,1,386200.0,72600.0,6,2,1,0.0,0.5,False,0.0,5,True,2,1,0,0.6379,0.187189,0.178292,0.054048,0.079004,0.114368,0.025,0.75,1.0,1.0,возвратный поток с seed (5 цикл.)
100000008752616100,peripheral,0.6,3,0.623071,"Недостаточно признаков роли: 2 плательщиков, 7 получателей, колено 2.",2,False,2,7,64510.0,1265000.0,2,7,4,7.59052e-05,0.5,False,0.0,0,False,1,2,0,0.830761,0.171308,0.1129,0.18492,0.192171,0.144462,0.025,0.75,1.0,1.0,нет
100000008753061100,terminal,0.62,2,0.288435,"Наблюдаемый конечный узел: вход от 1 клиентов (28,400 KZT), исходящих нет; колено 3<4.",3,False,1,0,28400.0,0.0,2,0,1,0.0,0.0,False,0.0,0,False,1,0,0,0.339335,0.082073,0.072331,0.054048,0.079004,0.051879,0.0,0.85,1.0,1.0,нет
100000008753193100,terminal,0.62,2,0.297888,"Наблюдаемый конечный узел: вход от 1 клиентов (35,225 KZT), исходящих нет; колено 1<4.",1,False,1,0,35225.0,0.0,1,0,1,0.0,0.0,False,0.0,0,False,1,0,0,0.350456,0.082073,0.083452,0.054048,0.079004,0.051879,0.0,0.85,1.0,1.0,нет
100000008753897100,terminal,0.62,2,0.280305,"Наблюдаемый конечный узел: вход от 1 клиентов (24,050 KZT), исходящих нет; колено 3<4.",3,False,1,0,24050.0,0.0,1,0,1,0.0,0.0,False,0.0,0,False,1,0,0,0.329771,0.082073,0.062767,0.054048,0.079004,0.051879,0.0,0.85,1.0,1.0,нет
100000008754608100,terminal,0.62,2,0.25259,"Наблюдаемый конечный узел: вход от 1 клиентов (12,300 KZT), исходящих нет; колено 3<4.",3,False,1,0,12300.0,0.0,1,0,1,0.0,0.0,False,0.0,0,False,1,0,0,0.297164,0.082073,0.03016,0.054048,0.079004,0.051879,0.0,0.85,1.0,1.0,нет
100000008754747100,terminal,0.62,2,0.306962,"Наблюдаемый конечный узел: вход от 1 клиентов (45,500 KZT), исходящих нет; колено 3<4.",3,False,1,0,45500.0,0.0,1,0,1,0.0,0.0,False,0.0,0,False,1,0,0,0.361132,0.082073,0.094128,0.054048,0.079004,0.051879,0.0,0.85,1.0,1.0,нет
100000008754997100,terminal,0.62,2,0.266693,"Наблюдаемый конечный узел: вход от 1 клиентов (18,000 KZT), исходящих нет; колено 3<4.",3,False,1,0,18000.0,0.0,1,0,1,0.0,0.0,False,0.0,0,False,1,0,0,0.313757,0.082073,0.046753,0.054048,0.079004,0.051879,0.0,0.85,1.0,1.0,нет
100000008755168100,terminal,0.62,2,0.265521,"Наблюдаемый конечный узел: вход от 1 клиентов (17,600 KZT), исходящих нет; колено 3<4.",3,False,1,0,17600.0,0.0,1,0,1,0.0,0.0,False,0.0,0,False,1,0,0,0.312378,0.082073,0.045374,0.054048,0.079004,0.051879,0.0,0.85,1.0,1.0,нет
100000008755361100,terminal,0.62,2,0.256522,"Наблюдаемый конечный узел: вход от 1 клиентов (14,627 KZT), исходящих нет; колено 1<4.",1,False,1,0,14627.0,0.0,1,0,1,0.0,0.0,False,0.0,0,False,1,0,0,0.30179,0.082073,0.034786,0.054048,0.079004,0.051879,0.0,0.85,1.0,1.0,нет
100000008755580100,terminal,0.62,2,0.261551,"Наблюдаемый конечный узел: вход от 1 клиентов (16,000 KZT), исходящих нет; колено 3<4.",3,False,1,0,16000.0,0.0,1,0,1,0.0,0.0,False,0.0,0,False,1,0,0,0.307707,0.082073,0.040703,0.054048,0.079004,0.051879,0.0,0.85,1.0,1.0,нет
100000008755754100,terminal,0.62,10,0.239015,"Наблюдаемый конечный узел: вход от 1 клиентов (7,000 KZT), исходящих нет; колено 3<4.",3,False,1,0,7000.0,0.0,1,0,1,0.0,0.0,False,0.0,0,False,1,0,1,0.281194,0.082073,0.01419,0.054048,0.079004,0.051879,0.0,0.85,1.0,1.0,нет
100000008757301100,peripheral,0.55,1,0.183555,"Граница обхода: колено 4, вход от 1 клиентов; исходящие не выгружены. У похожих узлов колен 1–3 выход есть в 29% случаев.",4,False,1,0,58398.0,0.0,3,0,1,0.0,0.0,True,0.287,0,False,1,0,1,0.376524,0.082073,0.10952,0.054048,0.079004,0.051879,0.0,0.75,0.65,1.0,нет
100000008757369100,peripheral,0.6,1,0.401123,"Недостаточно признаков роли: 1 плательщиков, 1 получателей, колено 3.",3,False,1,1,25961.0,58398.0,1,3,1,9.2757e-06,1.0,False,0.0,0,False,1,1,0,0.534831,0.082073,0.067527,0.054048,0.166815,0.114368,0.05,0.75,1.0,1.0,нет
100000008758106100,peripheral,0.55,3,0.17757,"Граница обхода: колено 4, вход от 1 клиентов; исходящие не выгружены. У похожих узлов колен 1–3 выход есть в 29% случаев.",4,False,1,0,10000.0,0.0,1,0,2,0.0,0.0,True,0.287,0,False,1,0,0,0.364246,0.082073,0.022954,0.128336,0.079004,0.051879,0.0,0.75,0.65,1.0,нет
100000008758168100,peripheral,0.6,22,0.62493,"Недостаточно признаков роли: 2 плательщиков, 5 получателей, колено 2.",2,False,2,5,75410.0,1533600.0,2,5,5,2.06972e-05,0.5,False,0.0,0,False,1,1,0,0.833241,0.171308,0.119306,0.194128,0.181406,0.142093,0.025,0.75,1.0,1.0,нет
100000008758607100,peripheral,0.55,3,0.169438,"Граница обхода: колено 4, вход от 1 клиентов; исходящие не выгружены. У похожих узлов колен 1–3 выход есть в 29% случаев.",4,False,1,0,5000.0,0.0,1,0,2,0.0,0.0,True,0.287,0,False,1,0,1,0.347565,0.082073,0.006272,0.128336,0.079004,0.051879,0.0,0.75,0.65,1.0,нет
100000008759795100,peripheral,0.55,19,0.150896,"Граница обхода: колено 4, вход от 1 клиентов; исходящие не выгружены. У похожих узлов колен 1–3 выход есть в 29% случаев.",4,False,1,0,17000.0,0.0,1,0,1,0.0,0.0,True,0.287,0,False,1,0,0,0.309531,0.082073,0.042527,0.054048,0.079004,0.051879,0.0,0.75,0.65,1.0,нет
100000008759857100,peripheral,0.6,22,0.345265,"Недостаточно признаков роли: 1 плательщиков, 2 получателей, колено 3.",3,False,1,2,5000.0,994000.0,1,3,3,0.0,0.0,False,0.0,0,False,1,1,1,0.460354,0.082073,0.006272,0.16339,0.079004,0.129615,0.0,0.75,1.0,1.0,нет
100000008760098100,peripheral,0.6,22,0.339769,"Недостаточно признаков роли: 1 плательщиков, 1 получателей, колено 3.",3,False,1,1,7000.0,390000.0,1,1,3,0.0,0.0,False,0.0,0,False,1,1,1,0.453025,0.082073,0.01419,0.16339,0.079004,0.114368,0.0,0.75,1.0,1.0,нет
100000008761132100,peripheral,0.55,3,0.17757,"Граница обхода: колено 4, вход от 1 клиентов; исходящие не выгружены. У похожих узлов колен 1–3 выход есть в 29% случаев.",4,False,1,0,10000.0,0.0,1,0,2,0.0,0.0,True,0.287,0,False,1,0,0,0.364246,0.082073,0.022954,0.128336,0.079004,0.051879,0.0,0.75,0.65,1.0,нет
100000008761219100,peripheral,0.6,49,0.610067,"Недостаточно признаков роли: 2 плательщиков, 2 получателей, колено 3.",3,False,2,2,50000.0,375000.0,2,2,4,1.7392e-05,1.0,False,0.0,0,False,1,1,0,0.813423,0.171308,0.100979,0.18492,0.176601,0.129615,0.05,0.75,1.0,1.0,нет
100000008761220100,peripheral,0.55,3,0.17757,"Граница обхода: колено 4, вход от 1 клиентов; исходящие не выгружены. У похожих узлов колен 1–3 выход есть в 29% случаев.",4,False,1,0,10000.0,0.0,1,0,2,0.0,0.0,True,0.287,0,False,1,0,0,0.364246,0.082073,0.022954,0.128336,0.079004,0.051879,0.0,0.75,0.65,1.0,нет
100000008762005100,peripheral,0.55,3,0.133222,"Граница обхода: колено 4, вход от 1 клиентов; исходящие не выгружены. У похожих узлов колен 1–3 выход есть в 29% случаев.",4,False,1,0,5000.0,0.0,1,0,1,0.0,0.0,True,0.287,0,False,1,0,1,0.273276,0.082073,0.006272,0.054048,0.079004,0.051879,0.0,0.75,0.65,1.0,нет
100000008762728100,terminal,0.62,5,0.356268,"Наблюдаемый конечный узел: вход от 1 клиентов (17,026 KZT), исходящих нет; колено 2<4.",2,False,1,0,17026.0,0.0,1,0,3,0.0,0.0,False,0.0,0,False,1,0,0,0.419139,0.082073,0.042794,0.16339,0.079004,0.051879,0.0,0.85,1.0,1.0,нет
100000008762832100,peripheral,0.6,4,0.357218,"Недостаточно признаков роли: 1 плательщиков, 1 получателей, колено 2.",2,False,1,1,150000.0,85000.0,1,4,1,0.0,0.0,False,0.0,1,False,1,1,0,0.47629,0.082073,0.146797,0.054048,0.079004,0.114368,0.0,0.75,1.0,1.0,возвратный поток (1 цикл.)
100000008762843100,peripheral,0.55,3,0.137082,"Граница обхода: колено 4, вход от 1 клиентов; исходящие не выгружены. У похожих узлов колен 1–3 выход есть в 29% случаев.",4,False,1,0,7000.0,0.0,1,0,1,0.0,0.0,True,0.287,0,False,1,0,1,0.281194,0.082073,0.01419,0.054048,0.079004,0.051879,0.0,0.75,0.65,1.0,нет
100000008762885100,peripheral,0.55,3,0.137082,"Граница обхода: колено 4, вход от 1 клиентов; исходящие не выгружены. У похожих узлов колен 1–3 выход есть в 29% случаев.",4,False,1,0,7000.0,0.0,1,0,1,0.0,0.0,True,0.287,0,False,1,0,1,0.281194,0.082073,0.01419,0.054048,0.079004,0.051879,0.0,0.75,0.65,1.0,нет
100000008763688100,terminal,0.62,2,0.274369,"Наблюдаемый конечный узел: вход от 1 клиентов (21,000 KZT), исходящих нет; колено 3<4.",3,False,1,0,21000.0,0.0,1,0,1,0.0,0.0,False,0.0,0,False,1,0,0,0.322787,0.082073,0.055783,0.054048,0.079004,0.051879,0.0,0.85,1.0,1.0,нет
100000008764436100,terminal,0.62,2,0.254329,"Наблюдаемый конечный узел: вход от 1 клиентов (13,100 KZT), исходящих нет; колено 2<4.",2,False,1,0,13100.0,0.0,1,0,1,0.0,0.0,False,0.0,0,False,1,0,0,0.29921,0.082073,0.032206,0.054048,0.079004,0.051879,0.0,0.85,1.0,1.0,нет
100000008764654100,terminal,0.62,2,0.285296,"Наблюдаемый конечный узел: вход от 1 клиентов (26,150 KZT), исходящих нет; колено 3<4.",3,False,1,0,26150.0,0.0,1,0,1,0.0,0.0,False,0.0,0,False,1,0,0,0.335643,0.082073,0.068639,0.054048,0.079004,0.051879,0.0,0.85,1.0,1.0,нет
100000008765494100,terminal,0.62,2,0.2797,"Наблюдаемый конечный узел: вход от 1 клиентов (24,000 KZT), исходящих нет; колено 2<4.",2,False,1,0,24000.0,0.0,1,0,1,0.0,0.0,False,0.0,0,False,1,0,0,0.329059,0.082073,0.062055,0.054048,0.079004,0.051879,0.0,0.85,1.0,1.0,нет
100000008765627100,terminal,0.62,9,0.320763,"Наблюдаемый конечный узел: вход от 1 клиентов (60,000 KZT), исходящих нет; колено 2<4.",2,False,1,0,60000.0,0.0,1,0,1,0.0,0.0,False,0.0,0,False,1,0,0,0.377369,0.082073,0.110365,0.054048,0.079004,0.051879,0.0,0.85,1.0,1.0,нет
100000008766031100,peripheral,0.55,3,0.169438,"Граница обхода: колено 4, вход от 1 клиентов; исходящие не выгружены. У похожих узлов колен 1–3 выход есть в 29% случаев.",4,False,1,0,5000.0,0.0,1,0,2,0.0,0.0,True,0.287,0,False,1,0,1,0.347565,0.082073,0.006272,0.128336,0.079004,0.051879,0.0,0.75,0.65,1.0,нет
100000008766764100,peripheral,0.55,3,0.169438,"Граница обхода: колено 4, вход от 1 клиентов; исходящие не выгружены. У похожих узлов колен 1–3 выход есть в 29% случаев.",4,False,1,0,5000.0,0.0,1,0,2,0.0,0.0,True,0.287,0,False,1,0,1,0.347565,0.082073,0.006272,0.128336,0.079004,0.051879,0.0,0.75,0.65,1.0,нет
100000008767027100,terminal,0.62,22,0.325225,"Наблюдаемый конечный узел: вход от 1 клиентов (5,000 KZT), исходящих нет; колено 3<4.",3,False,1,0,5000.0,0.0,1,0,3,0.0,0.0,False,0.0,0,False,1,0,1,0.382618,0.082073,0.006272,0.16339,0.079004,0.051879,0.0,0.85,1.0,1.0,нет
100000008767065100,terminal,0.62,22,0.339404,"Наблюдаемый конечный узел: вход от 1 клиентов (10,000 KZT), исходящих нет; колено 3<4.",3,False,1,0,10000.0,0.0,1,0,3,0.0,0.0,False,0.0,0,False,1,0,0,0.399299,0.082073,0.022954,0.16339,0.079004,0.051879,0.0,0.85,1.0,1.0,нет
100000008767925100,terminal,0.62,2,0.263593,"Наблюдаемый конечный узел: вход от 1 клиентов (17,144 KZT), исходящих нет; колено 1<4.",1,False,1,0,17144.0,0.0,1,0,1,0.0,0.0,False,0.0,0,False,1,0,0,0.310109,0.082073,0.043105,0.054048,0.079004,0.051879,0.0,0.85,1.0,1.0,нет
100000008767950100,terminal,0.62,2,0.264387,"Наблюдаемый конечный узел: вход от 1 клиентов (17,350 KZT), исходящих нет; колено 3<4.",3,False,1,0,17350.0,0.0,1,0,1,0.0,0.0,False,0.0,0,False,1,0,0,0.311043,0.082073,0.044039,0.054048,0.079004,0.051879,0.0,0.85,1.0,1.0,нет
100000008768896100,terminal,0.62,2,0.308815,"Наблюдаемый конечный узел: вход от 1 клиентов (47,060 KZT), исходящих нет; колено 1<4.",1,False,1,0,47060.0,0.0,1,0,1,0.0,0.0,False,0.0,0,False,1,0,0,0.363312,0.082073,0.096308,0.054048,0.079004,0.051879,0.0,0.85,1.0,1.0,нет
100000008769097100,terminal,0.62,2,0.293615,"Наблюдаемый конечный узел: вход от 1 клиентов (31,100 KZT), исходящих нет; колено 3<4.",3,False,1,0,31100.0,0.0,1,0,1,0.0,0.0,False,0.0,0,False,1,0,0,0.345429,0.082073,0.078425,0.054048,0.079004,0.051879,0.0,0.85,1.0,1.0,нет
100000008769636100,terminal,0.62,2,0.277167,"Наблюдаемый конечный узел: вход от 1 клиентов (23,118 KZT), исходящих нет; колено 1<4.",1,False,1,0,23118.0,0.0,1,0,1,0.0,0.0,False,0.0,0,False,1,0,0,0.326079,0.082073,0.059075,0.054048,0.079004,0.051879,0.0,0.85,1.0,1.0,нет
100000008770483100,peripheral,0.55,49,0.169438,"Граница обхода: колено 4, вход от 1 клиентов; исходящие не выгружены. У похожих узлов колен 1–3 выход есть в 29% случаев.",4,False,1,0,5000.0,0.0,1,0,2,0.0,0.0,True,0.287,0,False,1,0,1,0.347565,0.082073,0.006272,0.128336,0.079004,0.051879,0.0,0.75,0.65,1.0,нет
100000008771627100,terminal,0.62,2,0.26242,"Наблюдаемый конечный узел: вход от 1 клиентов (16,500 KZT), исходящих нет; колено 2<4.",2,False,1,0,16500.0,0.0,1,0,1,0.0,0.0,False,0.0,0,False,1,0,0,0.30873,0.082073,0.041726,0.054048,0.079004,0.051879,0.0,0.85,1.0,1.0,нет
100000008771814100,terminal,0.62,2,0.278982,"Наблюдаемый конечный узел: вход от 1 клиентов (23,700 KZT), исходящих нет; колено 2<4.",2,False,1,0,23700.0,0.0,1,0,1,0.0,0.0,False,0.0,0,False,1,0,0,0.328214,0.082073,0.06121,0.054048,0.079004,0.051879,0.0,0.85,1.0,1.0,нет
100000008771819100,terminal,0.62,2,0.300534,"Наблюдаемый конечный узел: вход от 1 клиентов (38,900 KZT), исходящих нет; колено 1<4.",1,False,1,0,38900.0,0.0,1,0,1,0.0,0.0,False,0.0,0,False,1,0,0,0.35357,0.082073,0.086566,0.054048,0.079004,0.051879,0.0,0.85,1.0,1.0,нет
100000008772058100,terminal,0.62,2,0.312785,"Наблюдаемый конечный узел: вход от 1 клиентов (50,000 KZT), исходящих нет; колено 2<4.",2,False,1,0,50000.0,0.0,1,0,1,0.0,0.0,False,0.0,0,False,1,0,0,0.367983,0.082073,0.100979,0.054048,0.079004,0.051879,0.0,0.85,1.0,1.0,нет
100000008772246100,terminal,0.62,2,0.305488,"Наблюдаемый конечный узел: вход от 1 клиентов (44,500 KZT), исходящих нет; колено 3<4.",3,False,1,0,44500.0,0.0,1,0,1,0.0,0.0,False,0.0,0,False,1,0,0,0.359397,0.082073,0.092393,0.054048,0.079004,0.051879,0.0,0.85,1.0,1.0,нет
100000008773876100,terminal,0.62,2,0.28488,"Наблюдаемый конечный узел: вход от 1 клиентов (26,120 KZT), исходящих нет; колено 1<4.",1,False,1,0,26120.0,0.0,1,0,1,0.0,0.0,False,0.0,0,False,1,0,0,0.335153,0.082073,0.068149,0.054048,0.079004,0.051879,0.0,0.85,1.0,1.0,нет
100000008774237100,peripheral,0.6,26,0.360354,"Недостаточно признаков роли: 1 плательщиков, 1 получателей, колено 2.",2,False,1,1,50000.0,10000.0,1,1,1,0.0,1.0,False,0.0,0,False,1,1,0,0.480472,0.082073,0.100979,0.054048,0.079004,0.114368,0.05,0.75,1.0,1.0,нет
100000008775471100,terminal,0.62,22,0.387349,"Наблюдаемый конечный узел: вход от 1 клиентов (580,000 KZT), исходящих нет; колено 3<4.",3,False,1,0,580000.0,0.0,2,0,1,0.0,0.0,False,0.0,0,False,1,0,0,0.455705,0.082073,0.188701,0.054048,0.079004,0.051879,0.0,0.85,1.0,1.0,нет
100000008775747100,peripheral,0.55,3,0.169438,"Граница обхода: колено 4, вход от 1 клиентов; исходящие не выгружены. У похожих узлов колен 1–3 выход есть в 29% случаев.",4,False,1,0,5000.0,0.0,1,0,2,0.0,0.0,True,0.287,0,False,1,0,1,0.347565,0.082073,0.006272,0.128336,0.079004,0.051879,0.0,0.75,0.65,1.0,нет
100000008776298100,terminal,0.62,2,0.304391,"Наблюдаемый конечный узел: вход от 1 клиентов (42,800 KZT), исходящих нет; колено 1<4.",1,False,1,0,42800.0,0.0,1,0,1,0.0,0.0,False,0.0,0,False,1,0,0,0.358107,0.082073,0.091103,0.054048,0.079004,0.051879,0.0,0.85,1.0,1.0,нет
100000008776310100,terminal,0.62,2,0.268546,"Наблюдаемый конечный узел: вход от 1 клиентов (19,200 KZT), исходящих нет; колено 3<4.",3,False,1,0,19200.0,0.0,1,0,1,0.0,0.0,False,0.0,0,False,1,0,0,0.315936,0.082073,0.048932,0.054048,0.079004,0.051879,0.0,0.85,1.0,1.0,нет
100000008776420100,terminal,0.62,2,0.324809,"Наблюдаемый конечный узел: вход от 1 клиентов (69,500 KZT), исходящих нет; колено 3<4.",3,False,1,0,69500.0,0.0,1,0,1,0.0,0.0,False,0.0,0,False,1,0,0,0.382129,0.082073,0.115125,0.054048,0.079004,0.051879,0.0,0.85,1.0,1.0,нет
100000008776576100,terminal,0.62,2,0.256749,"Наблюдаемый конечный узел: вход от 1 клиентов (14,765 KZT), исходящих нет; колено 1<4.",1,False,1,0,14765.0,0.0,1,0,1,0.0,0.0,False,0.0,0,False,1,0,0,0.302057,0.082073,0.035053,0.054048,0.079004,0.051879,0.0,0.85,1.0,1.0,нет
100000008776720100,terminal,0.62,2,0.285296,"Наблюдаемый конечный узел: вход от 1 клиентов (26,150 KZT), исходящих нет; колено 3<4.",3,False,1,0,26150.0,0.0,1,0,1,0.0,0.0,False,0.0,0,False,1,0,0,0.335643,0.082073,0.068639,0.054048,0.079004,0.051879,0.0,0.85,1.0,1.0,нет
100000008777088100,terminal,0.62,2,0.266693,"Наблюдаемый конечный узел: вход от 1 клиентов (18,000 KZT), исходящих нет; колено 1<4.",1,False,1,0,18000.0,0.0,1,0,1,0.0,0.0,False,0.0,0,False,1,0,0,0.313757,0.082073,0.046753,0.054048,0.079004,0.051879,0.0,0.85,1.0,1.0,нет
100000008778010100,peripheral,0.55,2,0.188803,"Граница обхода: колено 4, вход от 1 клиентов; исходящие не выгружены. У похожих узлов колен 1–3 выход есть в 29% случаев.",4,False,1,0,76950.0,0.0,2,0,1,0.0,0.0,True,0.287,0,False,1,0,1,0.387289,0.082073,0.120285,0.054048,0.079004,0.051879,0.0,0.75,0.65,1.0,нет
100000008778753100,peripheral,0.55,27,0.141354,"Граница обхода: колено 4, вход от 1 клиентов; исходящие не выгружены. У похожих узлов колен 1–3 выход есть в 29% случаев.",4,False,1,0,10000.0,0.0,1,0,1,0.0,0.0,True,0.287,0,False,1,0,0,0.289958,0.082073,0.022954,0.054048,0.079004,0.051879,0.0,0.75,0.65,1.0,нет
100000008779584100,terminal,0.62,2,0.29388,"Наблюдаемый конечный узел: вход от 1 клиентов (31,400 KZT), исходящих нет; колено 1<4.",1,False,1,0,31400.0,0.0,1,0,1,0.0,0.0,False,0.0,0,False,1,0,0,0.345741,0.082073,0.078737,0.054048,0.079004,0.051879,0.0,0.85,1.0,1.0,нет
100000008782056100,terminal,0.62,2,0.289342,"Наблюдаемый конечный узел: вход от 1 клиентов (29,082 KZT), исходящих нет; колено 1<4.",1,False,1,0,29082.0,0.0,1,0,1,0.0,0.0,False,0.0,0,False,1,0,0,0.340403,0.082073,0.073399,0.054048,0.079004,0.051879,0.0,0.85,1.0,1.0,нет
100000008782421100,terminal,0.62,2,0.311122,"Наблюдаемый конечный узел: вход от 1 клиентов (49,680 KZT), исходящих нет; колено 1<4.",1,False,1,0,49680.0,0.0,1,0,1,0.0,0.0,False,0.0,0,False,1,0,0,0.366025,0.082073,0.099021,0.054048,0.079004,0.051879,0.0,0.85,1.0,1.0,нет
100000008782800100,terminal,0.62,2,0.304694,"Наблюдаемый конечный узел: вход от 1 клиентов (43,381 KZT), исходящих нет; колено 1<4.",1,False,1,0,43381.0,0.0,1,0,1,0.0,0.0,False,0.0,0,False,1,0,0,0.358463,0.082073,0.091459,0.054048,0.079004,0.051879,0.0,0.85,1.0,1.0,нет
