gid,date,in_tx,out_tx,in_kzt,out_kzt,net_kzt,unique_payers,unique_recipients
100000000011452100,2026-07-03,1,0,20000.0,0.0,20000.0,1,0
100000000011452100,2026-07-05,1,1,40000.0,8685.0,31315.0,1,1
100000000011452100,2026-07-09,1,0,15000.0,0.0,15000.0,1,0
100000000011452100,2026-07-14,1,0,5000.0,0.0,5000.0,1,0
100000000011452100,2026-07-21,1,0,5000.0,0.0,5000.0,1,0
100000000011452100,2026-07-23,1,0,5000.0,0.0,5000.0,1,0
100000000011452100,2026-07-25,1,1,20000.0,8000.0,12000.0,1,1
100000000018102100,2026-07-18,1,0,7000.0,0.0,7000.0,1,0
100000000031787100,2026-07-02,0,1,0.0,30000.0,-30000.0,0,1
100000000031787100,2026-07-22,1,0,30000.0,0.0,30000.0,1,0
100000000031787100,2026-07-24,1,0,60000.0,0.0,60000.0,1,0
100000000031787100,2026-07-25,0,1,0.0,20000.0,-20000.0,0,1
100000000031787100,2026-07-26,0,1,0.0,20000.0,-20000.0,0,1
100000000031787100,2026-07-29,0,1,0.0,20000.0,-20000.0,0,1
100000000041368100,2026-07-22,1,0,160000.0,0.0,160000.0,1,0
100000000076451100,2026-07-08,0,1,0.0,13000.0,-13000.0,0,1
100000000076451100,2026-07-19,1,0,5000.0,0.0,5000.0,1,0
100000000076451100,2026-07-21,0,2,0.0,15000.0,-15000.0,0,2
100000000076451100,2026-07-24,2,0,40000.0,0.0,40000.0,2,0
100000000076451100,2026-07-29,0,1,0.0,30000.0,-30000.0,0,1
100000000076451100,2026-07-30,1,0,42707.0,0.0,42707.0,1,0
100000000089154100,2026-07-09,0,2,0.0,30000.0,-30000.0,0,2
100000000089154100,2026-07-10,0,3,0.0,56200.0,-56200.0,0,3
100000000089154100,2026-07-11,0,1,0.0,10200.0,-10200.0,0,1
100000000089154100,2026-07-12,0,2,0.0,45300.0,-45300.0,0,2
100000000089154100,2026-07-13,0,2,0.0,27000.0,-27000.0,0,2
100000000089154100,2026-07-15,0,1,0.0,54800.0,-54800.0,0,1
100000000089154100,2026-07-16,1,4,10000.0,116500.0,-106500.0,1,4
100000000089154100,2026-07-19,0,3,0.0,29900.0,-29900.0,0,2
100000000089154100,2026-07-21,0,1,0.0,10000.0,-10000.0,0,1
100000000089154100,2026-07-22,0,2,0.0,45600.0,-45600.0,0,2
100000000190228100,2026-07-23,0,1,0.0,28560.0,-28560.0,0,1
100000000190228100,2026-07-30,1,0,5000.0,0.0,5000.0,1,0
100000000201868100,2026-07-03,1,0,190000.0,0.0,190000.0,1,0
100000000201868100,2026-07-04,0,1,0.0,190000.0,-190000.0,0,1
100000000254336100,2026-07-12,1,0,69588.0,0.0,69588.0,1,0
100000000254336100,2026-07-13,1,1,27589.0,60000.0,-32411.0,1,1
100000000267734100,2026-07-04,1,0,120000.0,0.0,120000.0,1,0
100000000267734100,2026-07-18,0,1,0.0,30000.0,-30000.0,0,1
100000000267734100,2026-07-22,0,2,0.0,75000.0,-75000.0,0,2
100000000267734100,2026-07-24,0,1,0.0,60000.0,-60000.0,0,1
100000000267734100,2026-07-25,1,0,20000.0,0.0,20000.0,1,0
100000000267734100,2026-07-26,1,2,20000.0,33000.0,-13000.0,1,2
100000000267734100,2026-07-27,0,2,0.0,84000.0,-84000.0,0,2
100000000267734100,2026-07-29,1,0,20000.0,0.0,20000.0,1,0
100000000274067100,2026-07-01,0,1,0.0,300000.0,-300000.0,0,1
100000000274067100,2026-07-03,0,1,0.0,9000.0,-9000.0,0,1
100000000274067100,2026-07-06,0,1,0.0,100000.0,-100000.0,0,1
100000000274067100,2026-07-09,0,1,0.0,500000.0,-500000.0,0,1
100000000274067100,2026-07-12,0,1,0.0,5000.0,-5000.0,0,1
100000000274067100,2026-07-13,1,1,217704.0,2000000.0,-1782296.0,1,1
100000000274067100,2026-07-14,0,2,0.0,50000.0,-50000.0,0,1
100000000274067100,2026-07-16,1,0,20000.0,0.0,20000.0,1,0
100000000274067100,2026-07-19,1,0,100000.0,0.0,100000.0,1,0
100000000274067100,2026-07-22,1,0,30000.0,0.0,30000.0,1,0
100000000274067100,2026-07-23,3,1,40000.0,5000.0,35000.0,1,1
100000000274067100,2026-07-27,1,0,20000.0,0.0,20000.0,1,0
100000000274067100,2026-07-29,1,0,90000.0,0.0,90000.0,1,0
100000000287768100,2026-07-27,1,0,35168.0,0.0,35168.0,1,0
100000000288317100,2026-07-18,0,1,0.0,7000.0,-7000.0,0,1
100000000288317100,2026-07-23,1,1,50000.0,16500.0,33500.0,1,1
100000000288317100,2026-07-28,0,1,0.0,30000.0,-30000.0,0,1
100000000288317100,2026-07-31,1,0,50000.0,0.0,50000.0,1,0
100000000291906100,2026-07-01,0,1,0.0,200000.0,-200000.0,0,1
100000000291906100,2026-07-03,2,1,380000.0,160354.0,219646.0,1,1
100000000291906100,2026-07-20,1,0,8000.0,0.0,8000.0,1,0
100000000291906100,2026-07-21,0,1,0.0,30500.0,-30500.0,0,1
100000000291906100,2026-07-23,0,1,0.0,25000.0,-25000.0,0,1
100000000291906100,2026-07-28,0,1,0.0,30000.0,-30000.0,0,1
100000000291906100,2026-07-31,0,1,0.0,10000.0,-10000.0,0,1
100000000291908100,2026-07-01,1,0,200000.0,0.0,200000.0,1,0
100000000291908100,2026-07-05,0,1,0.0,13300.0,-13300.0,0,1
100000000291908100,2026-07-21,1,0,30500.0,0.0,30500.0,1,0
100000000291908100,2026-07-23,1,0,25000.0,0.0,25000.0,1,0
100000000291908100,2026-07-28,1,0,30000.0,0.0,30000.0,1,0
100000000291908100,2026-07-31,1,0,10000.0,0.0,10000.0,1,0
100000000297649100,2026-07-02,0,1,0.0,30200.0,-30200.0,0,1
100000000297649100,2026-07-23,1,0,40000.0,0.0,40000.0,1,0
100000000297649100,2026-07-31,0,1,0.0,40400.0,-40400.0,0,1
100000000299820100,2026-07-09,1,0,10000.0,0.0,10000.0,1,0
100000000307908100,2026-07-16,1,0,5000.0,0.0,5000.0,1,0
100000000331309100,2026-07-01,0,1,0.0,500000.0,-500000.0,0,1
100000000331309100,2026-07-02,0,3,0.0,545200.0,-545200.0,0,3
100000000331309100,2026-07-03,0,16,0.0,1482003.0,-1482003.0,0,15
100000000331309100,2026-07-05,0,8,0.0,835482.0,-835482.0,0,7
100000000331309100,2026-07-06,0,1,0.0,70000.0,-70000.0,0,1
100000000331309100,2026-07-07,0,2,0.0,385000.0,-385000.0,0,2
100000000331309100,2026-07-08,0,2,0.0,260000.0,-260000.0,0,2
100000000331309100,2026-07-09,1,2,59435.0,178137.0,-118702.0,1,2
100000000331309100,2026-07-10,0,6,0.0,807480.0,-807480.0,0,6
100000000331309100,2026-07-11,0,6,0.0,806160.0,-806160.0,0,5
100000000331309100,2026-07-12,1,4,107200.0,569640.0,-462440.0,1,3
100000000331309100,2026-07-13,0,2,0.0,499850.0,-499850.0,0,1
100000000331309100,2026-07-14,5,5,576000.0,899970.0,-323970.0,3,4
100000000331309100,2026-07-15,0,4,0.0,1221486.0,-1221486.0,0,4
100000000331309100,2026-07-16,0,12,0.0,1781285.0,-1781285.0,0,12
100000000331309100,2026-07-17,0,1,0.0,186200.0,-186200.0,0,1
100000000331309100,2026-07-18,0,4,0.0,625440.0,-625440.0,0,4
100000000331309100,2026-07-19,0,6,0.0,811836.0,-811836.0,0,5
100000000331309100,2026-07-20,0,8,0.0,1680532.0,-1680532.0,0,7
100000000331309100,2026-07-21,0,4,0.0,1550000.0,-1550000.0,0,3
100000000331309100,2026-07-22,0,2,0.0,281005.0,-281005.0,0,2
100000000331309100,2026-07-23,1,6,242000.0,1063820.0,-821820.0,1,6
100000000331309100,2026-07-24,0,2,0.0,416572.0,-416572.0,0,2
100000000331309100,2026-07-26,0,3,0.0,393460.0,-393460.0,0,3
100000000331309100,2026-07-27,0,4,0.0,1431042.0,-1431042.0,0,3
100000000331309100,2026-07-28,0,1,0.0,227300.0,-227300.0,0,1
100000000331309100,2026-07-29,0,3,0.0,592780.0,-592780.0,0,3
100000000331309100,2026-07-30,0,3,0.0,845800.0,-845800.0,0,3
100000000331309100,2026-07-31,0,5,0.0,2053895.0,-2053895.0,0,4
100000000332284100,2026-07-06,1,0,6000.0,0.0,6000.0,1,0
100000000332284100,2026-07-07,1,0,5500.0,0.0,5500.0,1,0
100000000332284100,2026-07-09,0,1,0.0,273000.0,-273000.0,0,1
100000000332284100,2026-07-12,1,0,5000.0,0.0,5000.0,1,0
100000000332284100,2026-07-13,2,0,14000.0,0.0,14000.0,2,0
100000000332284100,2026-07-23,1,0,7800.0,0.0,7800.0,1,0
100000000332284100,2026-07-24,1,0,5900.0,0.0,5900.0,1,0
100000000332284100,2026-07-26,1,0,8000.0,0.0,8000.0,1,0
100000000332284100,2026-07-30,1,0,6000.0,0.0,6000.0,1,0
100000000332284100,2026-07-31,3,2,49226.0,16500.0,32726.0,3,2
100000000343175100,2026-07-01,1,1,11937.0,21050.0,-9113.0,1,1
100000000343175100,2026-07-02,1,2,12875.0,87863.0,-74988.0,1,2
100000000343175100,2026-07-03,2,1,22000.0,45000.0,-23000.0,1,1
100000000343175100,2026-07-04,1,0,5500.0,0.0,5500.0,1,0
100000000343175100,2026-07-13,1,1,10000.0,97900.0,-87900.0,1,1
100000000343175100,2026-07-14,2,3,10300.0,349000.0,-338700.0,1,3
100000000343175100,2026-07-15,1,3,5500.0,341957.0,-336457.0,1,3
100000000343175100,2026-07-16,1,2,31500.0,418980.0,-387480.0,1,2
100000000343175100,2026-07-17,1,2,28100.0,248409.0,-220309.0,1,2
100000000343175100,2026-07-18,2,1,20000.0,245000.0,-225000.0,2,1
100000000343175100,2026-07-19,0,7,0.0,786460.0,-786460.0,0,6
100000000343175100,2026-07-20,0,7,0.0,863520.0,-863520.0,0,7
100000000343175100,2026-07-21,1,3,21000.0,494900.0,-473900.0,1,3
100000000369781100,2026-07-04,1,0,5000.0,0.0,5000.0,1,0
100000000375150100,2026-07-07,1,0,300000.0,0.0,300000.0,1,0
100000000404740100,2026-07-21,1,0,25000.0,0.0,25000.0,1,0
100000000408846100,2026-07-16,1,0,40500.0,0.0,40500.0,1,0
100000000413678100,2026-07-03,0,1,0.0,5000.0,-5000.0,0,1
100000000413678100,2026-07-06,0,2,0.0,15000.0,-15000.0,0,1
100000000413678100,2026-07-08,0,1,0.0,160000.0,-160000.0,0,1
100000000413678100,2026-07-09,0,1,0.0,14999.0,-14999.0,0,1
100000000413678100,2026-07-11,0,1,0.0,30000.0,-30000.0,0,1
100000000413678100,2026-07-13,0,1,0.0,10000.0,-10000.0,0,1
100000000413678100,2026-07-15,0,1,0.0,15000.0,-15000.0,0,1
100000000413678100,2026-07-16,2,1,306500.0,6000.0,300500.0,2,1
100000000413678100,2026-07-17,0,1,0.0,60000.0,-60000.0,0,1
100000000413678100,2026-07-18,0,1,0.0,11999.0,-11999.0,0,1
100000000413678100,2026-07-19,0,1,0.0,5000.0,-5000.0,0,1
100000000413678100,2026-07-20,0,1,0.0,10000.0,-10000.0,0,1
100000000413678100,2026-07-21,0,2,0.0,45500.0,-45500.0,0,2
100000000413678100,2026-07-24,0,1,0.0,9700.0,-9700.0,0,1
100000000413678100,2026-07-28,0,2,0.0,130000.0,-130000.0,0,2
100000000424935100,2026-07-05,1,0,15000.0,0.0,15000.0,1,0
100000000425407100,2026-07-22,1,0,20000.0,0.0,20000.0,1,0
100000000437046100,2026-07-10,0,6,0.0,313653.0,-313653.0,0,6
100000000437046100,2026-07-11,0,6,0.0,394513.0,-394513.0,0,4
100000000437046100,2026-07-12,0,2,0.0,300000.0,-300000.0,0,2
100000000437046100,2026-07-13,1,11,41500.0,1136779.0,-1095279.0,1,10
100000000437046100,2026-07-14,0,4,0.0,307077.0,-307077.0,0,3
100000000437046100,2026-07-15,0,11,0.0,990124.0,-990124.0,0,4
100000000437046100,2026-07-16,3,1,282000.0,22194.0,259806.0,3,1
100000000437046100,2026-07-18,2,6,87500.0,1075000.0,-987500.0,2,4
100000000437046100,2026-07-19,1,4,75500.0,599885.0,-524385.0,1,4
100000000437046100,2026-07-20,1,3,29200.0,275000.0,-245800.0,1,3
100000000437046100,2026-07-21,1,2,37500.0,323118.0,-285618.0,1,2
100000000437046100,2026-07-22,3,1,135000.0,406843.0,-271843.0,2,1
100000000437046100,2026-07-23,2,2,67000.0,101731.0,-34731.0,1,2
100000000437046100,2026-07-24,0,3,0.0,395448.0,-395448.0,0,3
100000000437046100,2026-07-25,0,2,0.0,376275.0,-376275.0,0,2
100000000437046100,2026-07-26,1,4,30000.0,330561.0,-300561.0,1,4
100000000437046100,2026-07-27,1,1,150000.0,35168.0,114832.0,1,1
100000000437046100,2026-07-28,2,0,45000.0,0.0,45000.0,2,0
100000000437046100,2026-07-29,2,0,127000.0,0.0,127000.0,2,0
100000000437046100,2026-07-30,0,3,0.0,170414.0,-170414.0,0,3
100000000437046100,2026-07-31,0,1,0.0,52441.0,-52441.0,0,1
100000000440392100,2026-07-05,1,0,24075.0,0.0,24075.0,1,0
100000000440392100,2026-07-07,1,0,23250.0,0.0,23250.0,1,0
100000000440392100,2026-07-10,1,0,23600.0,0.0,23600.0,1,0
100000000440392100,2026-07-19,1,0,34780.0,0.0,34780.0,1,0
100000000470237100,2026-07-30,1,0,32500.0,0.0,32500.0,1,0
100000000481716100,2026-07-22,1,0,8000.0,0.0,8000.0,1,0
100000000489417100,2026-07-03,1,1,20000.0,80000.0,-60000.0,1,1
100000000489417100,2026-07-05,2,0,53504.0,0.0,53504.0,2,0
100000000490383100,2026-07-02,0,2,0.0,62400.0,-62400.0,0,2
100000000490383100,2026-07-04,0,1,0.0,22500.0,-22500.0,0,1
100000000490383100,2026-07-06,1,1,5000.0,5000.0,0.0,1,1
100000000490383100,2026-07-08,1,0,51600.0,0.0,51600.0,1,0
100000000490383100,2026-07-17,0,1,0.0,343500.0,-343500.0,0,1
100000000490383100,2026-07-18,0,1,0.0,5785.0,-5785.0,0,1
100000000490383100,2026-07-19,1,0,6000.0,0.0,6000.0,1,0
100000000490383100,2026-07-27,0,2,0.0,10000.0,-10000.0,0,1
100000000490383100,2026-07-28,0,1,0.0,12190.0,-12190.0,0,1
100000000500040100,2026-07-28,1,0,20000.0,0.0,20000.0,1,0
100000000507799100,2026-07-22,1,0,5132.0,0.0,5132.0,1,0
100000000507799100,2026-07-25,0,1,0.0,8000.0,-8000.0,0,1
100000000533217100,2026-07-15,1,0,53587.0,0.0,53587.0,1,0
100000000534581100,2026-07-10,1,0,8988.0,0.0,8988.0,1,0
100000000534581100,2026-07-15,0,1,0.0,40000.0,-40000.0,0,1
100000000534581100,2026-07-25,1,0,46972.0,0.0,46972.0,1,0
100000000542087100,2026-07-15,1,0,8506.91,0.0,8506.91,1,0
100000000552584100,2026-07-08,2,0,2000000.0,0.0,2000000.0,1,0
100000000552584100,2026-07-12,0,1,0.0,57500.0,-57500.0,0,1
100000000552584100,2026-07-16,1,0,500000.0,0.0,500000.0,1,0
100000000555721100,2026-07-04,2,0,103000.0,0.0,103000.0,2,0
100000000555721100,2026-07-16,1,0,10000.0,0.0,10000.0,1,0
100000000557536100,2026-07-01,1,0,75000.0,0.0,75000.0,1,0
100000000557536100,2026-07-03,1,0,9000.0,0.0,9000.0,1,0
100000000557536100,2026-07-05,2,0,13000.0,0.0,13000.0,1,0
100000000557536100,2026-07-08,1,0,26000.0,0.0,26000.0,1,0
100000000557536100,2026-07-09,1,0,6000.0,0.0,6000.0,1,0
100000000557536100,2026-07-13,1,0,24000.0,0.0,24000.0,1,0
100000000560751100,2026-07-09,1,0,25000.0,0.0,25000.0,1,0
100000000561160100,2026-07-30,1,0,240000.0,0.0,240000.0,1,0
100000000569479100,2026-07-31,1,0,320000.0,0.0,320000.0,1,0
100000000572276100,2026-07-09,1,0,13075.0,0.0,13075.0,1,0
100000000572276100,2026-07-22,0,1,0.0,34547.0,-34547.0,0,1
100000000580561100,2026-07-01,0,2,0.0,56600.0,-56600.0,0,2
100000000580561100,2026-07-09,1,0,9300.0,0.0,9300.0,1,0
100000000580561100,2026-07-11,0,1,0.0,5000.0,-5000.0,0,1
100000000580561100,2026-07-13,0,1,0.0,5900.0,-5900.0,0,1
100000000580561100,2026-07-15,0,2,0.0,25577.0,-25577.0,0,2
100000000580561100,2026-07-16,0,1,0.0,500000.0,-500000.0,0,1
100000000580561100,2026-07-19,0,1,0.0,30000.0,-30000.0,0,1
100000000580561100,2026-07-20,1,1,10180.0,195000.0,-184820.0,1,1
100000000580561100,2026-07-22,0,1,0.0,40000.0,-40000.0,0,1
100000000580561100,2026-07-24,1,1,8500.0,600000.0,-591500.0,1,1
100000000580561100,2026-07-26,0,1,0.0,10000.0,-10000.0,0,1
100000000580561100,2026-07-29,0,1,0.0,20000.0,-20000.0,0,1
100000000581662100,2026-07-16,1,0,21160.0,0.0,21160.0,1,0
100000000581682100,2026-07-11,1,0,5000.0,0.0,5000.0,1,0
100000000583220100,2026-07-05,0,1,0.0,160230.0,-160230.0,0,1
100000000583220100,2026-07-15,0,1,0.0,200000.0,-200000.0,0,1
100000000583220100,2026-07-18,0,1,0.0,361025.0,-361025.0,0,1
100000000583220100,2026-07-26,1,0,5000.0,0.0,5000.0,1,0
100000000583220100,2026-07-28,0,1,0.0,40000.0,-40000.0,0,1
100000000594783100,2026-07-02,1,0,500000.0,0.0,500000.0,1,0
100000000594783100,2026-07-03,1,0,400000.0,0.0,400000.0,1,0
100000000594783100,2026-07-04,0,1,0.0,60000.0,-60000.0,0,1
100000000594783100,2026-07-08,1,1,1000000.0,92500.0,907500.0,1,1
100000000594783100,2026-07-10,1,0,320000.0,0.0,320000.0,1,0
100000000594783100,2026-07-14,1,0,5000.0,0.0,5000.0,1,0
100000000594783100,2026-07-20,1,0,110000.0,0.0,110000.0,1,0
100000000594783100,2026-07-27,4,0,300000.0,0.0,300000.0,1,0
100000000596954100,2026-07-16,1,0,120000.0,0.0,120000.0,1,0
100000000596954100,2026-07-18,0,2,0.0,48100.0,-48100.0,0,2
100000000600707100,2026-07-22,1,0,39000.0,0.0,39000.0,1,0
100000000600707100,2026-07-31,1,0,50000.0,0.0,50000.0,1,0
100000000607731100,2026-07-01,0,1,0.0,66666.0,-66666.0,0,1
100000000607731100,2026-07-17,1,0,20000.0,0.0,20000.0,1,0
100000000607941100,2026-07-10,0,1,0.0,40000.0,-40000.0,0,1
100000000607941100,2026-07-18,1,0,20000.0,0.0,20000.0,1,0
100000000607941100,2026-07-27,2,1,30000.0,10000.0,20000.0,1,1
100000000607941100,2026-07-28,0,1,0.0,10000.0,-10000.0,0,1
100000000607941100,2026-07-31,0,1,0.0,10000.0,-10000.0,0,1
100000000608031100,2026-07-24,1,0,30000.0,0.0,30000.0,1,0
100000000611474100,2026-07-26,1,0,32000.0,0.0,32000.0,1,0
100000000625169100,2026-07-29,1,0,10000.0,0.0,10000.0,1,0
100000000627521100,2026-07-11,1,0,6500.0,0.0,6500.0,1,0
100000000629812100,2026-07-03,1,0,10000.0,0.0,10000.0,1,0
100000000629812100,2026-07-28,1,0,12000.0,0.0,12000.0,1,0
100000000634341100,2026-07-19,1,0,15000.0,0.0,15000.0,1,0
100000000634341100,2026-07-22,1,0,9000.0,0.0,9000.0,1,0
100000000640800100,2026-07-09,0,1,0.0,17500.0,-17500.0,0,1
100000000640800100,2026-07-10,1,1,80000.0,16112.0,63888.0,1,1
100000000640800100,2026-07-16,0,1,0.0,191434.0,-191434.0,0,1
100000000640800100,2026-07-23,0,1,0.0,31650.0,-31650.0,0,1
100000000640800100,2026-07-30,0,2,0.0,261439.0,-261439.0,0,2
100000000646541100,2026-07-23,1,0,5000.0,0.0,5000.0,1,0
100000000646541100,2026-07-28,1,0,5300.0,0.0,5300.0,1,0
100000000646541100,2026-07-29,1,0,5000.0,0.0,5000.0,1,0
100000000646541100,2026-07-31,1,0,10000.0,0.0,10000.0,1,0
100000000655469100,2026-07-14,1,0,10000.0,0.0,10000.0,1,0
100000000655469100,2026-07-18,1,0,10000.0,0.0,10000.0,1,0
100000000656682100,2026-07-16,0,1,0.0,15000.0,-15000.0,0,1
100000000656682100,2026-07-23,1,0,71000.0,0.0,71000.0,1,0
100000000656682100,2026-07-28,0,1,0.0,50000.0,-50000.0,0,1
100000000656682100,2026-07-29,0,1,0.0,15000.0,-15000.0,0,1
100000000661131100,2026-07-08,1,0,15600.0,0.0,15600.0,1,0
100000000661912100,2026-07-03,2,1,30311.0,25000.0,5311.0,2,1
100000000661912100,2026-07-04,1,1,26000.0,71000.0,-45000.0,1,1
100000000661912100,2026-07-08,1,1,70633.0,70700.0,-67.0,1,1
100000000661912100,2026-07-10,1,0,15000.0,0.0,15000.0,1,0
100000000661912100,2026-07-12,1,1,69868.0,70000.0,-132.0,1,1
100000000661912100,2026-07-20,1,2,71224.0,82000.0,-10776.0,1,1
100000000661912100,2026-07-24,1,0,80000.0,0.0,80000.0,1,0
100000000661912100,2026-07-28,1,0,30000.0,0.0,30000.0,1,0
100000000661912100,2026-07-29,0,1,0.0,5000.0,-5000.0,0,1
100000000661912100,2026-07-31,0,1,0.0,107000.0,-107000.0,0,1
100000000667713100,2026-07-02,1,1,12750.0,12750.0,0.0,1,1
100000000667713100,2026-07-03,1,0,10000.0,0.0,10000.0,1,0
100000000667713100,2026-07-05,1,0,15000.0,0.0,15000.0,1,0
100000000667713100,2026-07-07,1,1,26195.0,15000.0,11195.0,1,1
100000000667713100,2026-07-08,0,1,0.0,9700.0,-9700.0,0,1
100000000667713100,2026-07-12,0,1,0.0,10000.0,-10000.0,0,1
100000000667713100,2026-07-13,0,2,0.0,24350.0,-24350.0,0,2
100000000667713100,2026-07-16,2,0,10000.0,0.0,10000.0,1,0
100000000667713100,2026-07-18,1,0,10000.0,0.0,10000.0,1,0
100000000667713100,2026-07-20,3,0,35550.0,0.0,35550.0,1,0
100000000667713100,2026-07-29,0,1,0.0,7436.0,-7436.0,0,1
100000000673868100,2026-07-02,0,2,0.0,91000.0,-91000.0,0,2
100000000673868100,2026-07-03,1,2,636350.0,20000.0,616350.0,1,1
100000000673868100,2026-07-05,0,1,0.0,80000.0,-80000.0,0,1
100000000673868100,2026-07-07,1,0,466400.0,0.0,466400.0,1,0
100000000673868100,2026-07-08,0,1,0.0,13000.0,-13000.0,0,1
100000000673868100,2026-07-09,1,5,171100.0,72500.0,98600.0,1,3
100000000673868100,2026-07-10,1,1,473000.0,15000.0,458000.0,1,1
100000000673868100,2026-07-11,0,2,0.0,16000.0,-16000.0,0,1
100000000673868100,2026-07-12,0,2,0.0,18500.0,-18500.0,0,1
100000000673868100,2026-07-13,1,1,283800.0,10000.0,273800.0,1,1
100000000673868100,2026-07-14,0,2,0.0,47000.0,-47000.0,0,2
100000000673915100,2026-07-14,1,0,20200.0,0.0,20200.0,1,0
100000000703894100,2026-07-05,0,1,0.0,35000.0,-35000.0,0,1
100000000703894100,2026-07-18,1,0,120000.0,0.0,120000.0,1,0
100000000703902100,2026-07-22,1,0,25499.0,0.0,25499.0,1,0
100000000704700100,2026-07-26,1,0,10000.0,0.0,10000.0,1,0
100000000706545100,2026-07-10,1,0,142400.0,0.0,142400.0,1,0
100000000706545100,2026-07-12,1,0,285800.0,0.0,285800.0,1,0
100000000706545100,2026-07-13,1,0,92800.0,0.0,92800.0,1,0
100000000706545100,2026-07-16,2,0,171100.0,0.0,171100.0,1,0
100000000706545100,2026-07-17,1,0,343500.0,0.0,343500.0,1,0
100000000706545100,2026-07-18,1,0,29200.0,0.0,29200.0,1,0
100000000706545100,2026-07-27,0,1,0.0,20000.0,-20000.0,0,1
100000000706545100,2026-07-30,0,2,0.0,55800.0,-55800.0,0,1
100000000706545100,2026-07-31,1,0,5500.0,0.0,5500.0,1,0
100000000718427100,2026-07-24,1,0,6000.0,0.0,6000.0,1,0
100000000723383100,2026-07-07,0,2,0.0,75000.0,-75000.0,0,2
100000000723383100,2026-07-12,1,0,6800.0,0.0,6800.0,1,0
100000000724540100,2026-07-08,0,1,0.0,100000.0,-100000.0,0,1
100000000724540100,2026-07-29,1,0,50000.0,0.0,50000.0,1,0
100000000733373100,2026-07-24,1,0,10710.0,0.0,10710.0,1,0
100000000733451100,2026-07-07,0,1,0.0,300000.0,-300000.0,0,1
100000000733451100,2026-07-19,2,0,70000.0,0.0,70000.0,1,0
100000000733940100,2026-07-20,1,0,680000.0,0.0,680000.0,1,0
100000000733940100,2026-07-28,1,0,72000.0,0.0,72000.0,1,0
100000000737152100,2026-07-06,1,0,35000.0,0.0,35000.0,1,0
100000000749118100,2026-07-06,1,0,10330.0,0.0,10330.0,1,0
100000000749118100,2026-07-25,0,1,0.0,16500.0,-16500.0,0,1
100000000764836100,2026-07-08,0,1,0.0,25000.0,-25000.0,0,1
100000000764836100,2026-07-17,1,1,251716.0,25000.0,226716.0,1,1
100000000765628100,2026-07-10,1,0,5000.0,0.0,5000.0,1,0
100000000769919100,2026-07-13,1,0,250000.0,0.0,250000.0,1,0
100000000782285100,2026-07-14,1,0,6151.0,0.0,6151.0,1,0
100000000783406100,2026-07-22,1,0,6066.0,0.0,6066.0,1,0
100000000785800100,2026-07-31,1,1,19000.0,19000.0,0.0,1,1
100000000790311100,2026-07-27,1,0,46300.0,0.0,46300.0,1,0
100000000791285100,2026-07-07,0,1,0.0,30000.0,-30000.0,0,1
100000000791285100,2026-07-30,2,2,1120000.0,620000.0,500000.0,1,2
100000000795033100,2026-07-07,1,0,18200.0,0.0,18200.0,1,0
100000000795129100,2026-07-31,1,0,332000.0,0.0,332000.0,1,0
100000000795374100,2026-07-12,1,0,50000.0,0.0,50000.0,1,0
100000000802149100,2026-07-11,1,0,104128.0,0.0,104128.0,1,0
100000000803368100,2026-07-13,1,0,139503.0,0.0,139503.0,1,0
100000000806727100,2026-07-08,1,0,45000.0,0.0,45000.0,1,0
100000000806727100,2026-07-29,0,1,0.0,5000.0,-5000.0,0,1
100000000810551100,2026-07-20,0,1,0.0,7100.0,-7100.0,0,1
100000000810551100,2026-07-22,1,0,100000.0,0.0,100000.0,1,0
100000000817146100,2026-07-06,1,0,70020.0,0.0,70020.0,1,0
100000000821507100,2026-07-22,1,0,400000.0,0.0,400000.0,1,0
100000000831684100,2026-07-14,0,1,0.0,5000.0,-5000.0,0,1
100000000831684100,2026-07-23,2,1,15000.0,5000.0,10000.0,1,1
100000000831684100,2026-07-24,0,1,0.0,40000.0,-40000.0,0,1
100000000838385100,2026-07-03,4,0,142300.0,0.0,142300.0,1,0
100000000838385100,2026-07-04,0,1,0.0,39000.0,-39000.0,0,1
100000000838385100,2026-07-24,0,3,0.0,55000.0,-55000.0,0,1
100000000838385100,2026-07-25,1,1,100000.0,51000.0,49000.0,1,1
100000000838385100,2026-07-28,1,0,35000.0,0.0,35000.0,1,0
100000000838385100,2026-07-29,1,0,30600.0,0.0,30600.0,1,0
100000000838385100,2026-07-30,1,1,129000.0,32500.0,96500.0,1,1
100000000850297100,2026-07-19,1,1,17520.0,17520.0,0.0,1,1
100000000860514100,2026-07-19,1,0,12000.0,0.0,12000.0,1,0
100000000860514100,2026-07-30,0,1,0.0,50000.0,-50000.0,0,1
100000000861294100,2026-07-28,1,0,150000.0,0.0,150000.0,1,0
100000000870121100,2026-07-21,1,0,12000.0,0.0,12000.0,1,0
100000000878006100,2026-07-03,1,0,47003.0,0.0,47003.0,1,0
100000000896111100,2026-07-01,1,0,287100.0,0.0,287100.0,1,0
100000000907277100,2026-07-24,1,0,17534.0,0.0,17534.0,1,0
100000000910216100,2026-07-07,1,0,5000.0,0.0,5000.0,1,0
100000000910216100,2026-07-11,1,0,36000.0,0.0,36000.0,1,0
100000000910216100,2026-07-13,1,0,30000.0,0.0,30000.0,1,0
100000000910216100,2026-07-19,0,1,0.0,52010.0,-52010.0,0,1
100000000912487100,2026-07-23,1,0,10000.0,0.0,10000.0,1,0
100000000913911100,2026-07-27,2,0,467000.0,0.0,467000.0,2,0
100000000913911100,2026-07-30,0,1,0.0,600000.0,-600000.0,0,1
100000000917179100,2026-07-29,2,0,94465.0,0.0,94465.0,1,0
100000000922570100,2026-07-04,0,1,0.0,50000.0,-50000.0,0,1
100000000922570100,2026-07-15,1,0,47101.0,0.0,47101.0,1,0
100000000926078100,2026-07-28,1,0,250000.0,0.0,250000.0,1,0
100000000926766100,2026-07-31,1,1,18750.0,6000.0,12750.0,1,1
100000000933075100,2026-07-08,1,1,40000.0,40000.0,0.0,1,1
100000000933075100,2026-07-31,0,1,0.0,15000.0,-15000.0,0,1
100000000941942100,2026-07-17,1,0,130000.0,0.0,130000.0,1,0
100000000942301100,2026-07-07,1,0,34324.0,0.0,34324.0,1,0
100000000942301100,2026-07-08,1,0,23256.0,0.0,23256.0,1,0
100000000943371100,2026-07-14,1,0,15500.0,0.0,15500.0,1,0
100000000945428100,2026-07-15,1,0,89629.0,0.0,89629.0,1,0
100000000954884100,2026-07-30,1,0,34000.0,0.0,34000.0,1,0
100000000955444100,2026-07-03,1,0,6910.0,0.0,6910.0,1,0
100000000955529100,2026-07-07,1,0,27000.0,0.0,27000.0,1,0
100000000955529100,2026-07-14,0,1,0.0,63500.0,-63500.0,0,1
100000000957746100,2026-07-06,1,0,5300.0,0.0,5300.0,1,0
100000000961900100,2026-07-06,1,0,9000.0,0.0,9000.0,1,0
100000000961900100,2026-07-09,1,0,12000.0,0.0,12000.0,1,0
100000000961900100,2026-07-14,1,0,15000.0,0.0,15000.0,1,0
100000000967918100,2026-07-01,1,0,7200.0,0.0,7200.0,1,0
100000000967918100,2026-07-14,1,0,7200.0,0.0,7200.0,1,0
100000000967918100,2026-07-30,1,0,6800.0,0.0,6800.0,1,0
100000000968253100,2026-07-20,1,0,15000.0,0.0,15000.0,1,0
100000000971908100,2026-07-27,1,0,89000.0,0.0,89000.0,1,0
100000000976943100,2026-07-20,1,1,70000.0,11000.0,59000.0,1,1
100000000976943100,2026-07-26,0,1,0.0,45000.0,-45000.0,0,1
100000000976943100,2026-07-30,0,1,0.0,28000.0,-28000.0,0,1
100000000978041100,2026-07-22,1,0,44445.0,0.0,44445.0,1,0
100000000979567100,2026-07-02,1,0,10000.0,0.0,10000.0,1,0
100000000979923100,2026-07-13,1,0,97900.0,0.0,97900.0,1,0
100000000981693100,2026-07-25,1,0,16500.0,0.0,16500.0,1,0
100000000993112100,2026-07-20,1,0,141000.0,0.0,141000.0,1,0
100000000998559100,2026-07-26,1,0,100000.0,0.0,100000.0,1,0
100000001009583100,2026-07-31,1,0,393740.0,0.0,393740.0,1,0
100000001046057100,2026-07-05,1,0,83420.0,0.0,83420.0,1,0
100000001046626100,2026-07-20,1,0,150000.0,0.0,150000.0,1,0
100000001049200100,2026-07-06,1,0,6014.0,0.0,6014.0,1,0
100000001049200100,2026-07-16,0,1,0.0,5000.0,-5000.0,0,1
100000001049200100,2026-07-19,0,1,0.0,5000.0,-5000.0,0,1
100000001049200100,2026-07-25,1,0,70610.0,0.0,70610.0,1,0
100000001049200100,2026-07-28,0,1,0.0,6000.0,-6000.0,0,1
100000001049200100,2026-07-30,0,2,0.0,20000.0,-20000.0,0,2
100000001052789100,2026-07-23,1,0,70975.0,0.0,70975.0,1,0
100000001052945100,2026-07-03,1,0,56520.0,0.0,56520.0,1,0
100000001052945100,2026-07-20,0,1,0.0,1000000.0,-1000000.0,0,1
100000001052945100,2026-07-21,0,1,0.0,5500.0,-5500.0,0,1
100000001052945100,2026-07-24,0,1,0.0,510000.0,-510000.0,0,1
100000001052945100,2026-07-26,0,1,0.0,6200.0,-6200.0,0,1
100000001052945100,2026-07-27,0,2,0.0,74000.0,-74000.0,0,2
100000001053894100,2026-07-02,1,0,150000.0,0.0,150000.0,1,0
100000001053894100,2026-07-08,1,0,150000.0,0.0,150000.0,1,0
100000001053894100,2026-07-10,1,0,100000.0,0.0,100000.0,1,0
100000001053894100,2026-07-14,1,0,100000.0,0.0,100000.0,1,0
100000001053894100,2026-07-15,1,0,500000.0,0.0,500000.0,1,0
100000001053894100,2026-07-22,1,0,500000.0,0.0,500000.0,1,0
100000001053894100,2026-07-28,1,0,500000.0,0.0,500000.0,1,0
100000001056414100,2026-07-15,1,0,250000.0,0.0,250000.0,1,0
100000001063678100,2026-07-05,1,0,35000.0,0.0,35000.0,1,0
100000001063678100,2026-07-07,0,1,0.0,20000.0,-20000.0,0,1
100000001063678100,2026-07-17,0,1,0.0,70000.0,-70000.0,0,1
100000001065234100,2026-07-05,1,0,360000.0,0.0,360000.0,1,0
100000001065481100,2026-07-16,1,0,10000.0,0.0,10000.0,1,0
100000001065481100,2026-07-23,1,0,6000.0,0.0,6000.0,1,0
100000001066017100,2026-07-04,2,0,39123.0,0.0,39123.0,1,0
100000001066017100,2026-07-17,0,1,0.0,27000.0,-27000.0,0,1
100000001066017100,2026-07-23,1,1,97000.0,7500.0,89500.0,1,1
100000001066017100,2026-07-24,0,1,0.0,8000.0,-8000.0,0,1
100000001066017100,2026-07-27,0,1,0.0,40000.0,-40000.0,0,1
100000001072022100,2026-07-03,2,0,424000.0,0.0,424000.0,1,0
100000001072022100,2026-07-25,2,0,740000.0,0.0,740000.0,1,0
100000001072022100,2026-07-30,2,0,520000.0,0.0,520000.0,2,0
100000001073568100,2026-07-13,1,3,186980.0,219503.0,-32523.0,1,2
100000001073568100,2026-07-16,1,0,22605.0,0.0,22605.0,1,0
100000001073568100,2026-07-18,2,0,497880.0,0.0,497880.0,1,0
100000001074553100,2026-07-14,1,0,13971.0,0.0,13971.0,1,0
100000001074553100,2026-07-17,1,0,15000.0,0.0,15000.0,1,0
100000001083990100,2026-07-14,2,0,49900.0,0.0,49900.0,1,0
100000001089055100,2026-07-10,1,0,13000.0,0.0,13000.0,1,0
100000001102676100,2026-07-26,1,1,50000.0,50000.0,0.0,1,1
100000001103905100,2026-07-18,1,0,18000.0,0.0,18000.0,1,0
100000001110358100,2026-07-16,2,0,32000.0,0.0,32000.0,2,0
100000001111763100,2026-07-07,1,0,17144.0,0.0,17144.0,1,0
100000001114385100,2026-07-10,1,0,29500.0,0.0,29500.0,1,0
100000001126374100,2026-07-01,0,1,0.0,7200.0,-7200.0,0,1
100000001126374100,2026-07-03,1,0,10000.0,0.0,10000.0,1,0
100000001126374100,2026-07-08,1,0,9000.0,0.0,9000.0,1,0
100000001126374100,2026-07-09,1,0,10000.0,0.0,10000.0,1,0
100000001126374100,2026-07-13,1,0,16000.0,0.0,16000.0,1,0
100000001126374100,2026-07-14,0,2,0.0,15200.0,-15200.0,0,2
100000001126374100,2026-07-20,1,0,122000.0,0.0,122000.0,1,0
100000001126374100,2026-07-24,1,0,9000.0,0.0,9000.0,1,0
100000001126374100,2026-07-30,1,1,6500.0,6800.0,-300.0,1,1
100000001130176100,2026-07-22,1,0,20000.0,0.0,20000.0,1,0
100000001130176100,2026-07-24,1,0,5000.0,0.0,5000.0,1,0
100000001130553100,2026-07-10,2,0,18000.0,0.0,18000.0,1,0
100000001131403100,2026-07-20,1,0,1000000.0,0.0,1000000.0,1,0
100000001131403100,2026-07-24,1,0,510000.0,0.0,510000.0,1,0
100000001131403100,2026-07-27,1,0,60000.0,0.0,60000.0,1,0
100000001138283100,2026-07-05,0,1,0.0,10000.0,-10000.0,0,1
100000001138283100,2026-07-18,1,1,81805.0,40000.0,41805.0,1,1
100000001138376100,2026-07-31,1,0,15300.0,0.0,15300.0,1,0
100000001140785100,2026-07-14,2,0,215000.0,0.0,215000.0,2,0
100000001141268100,2026-07-28,2,0,480000.0,0.0,480000.0,2,0
100000001141268100,2026-07-29,0,1,0.0,10000.0,-10000.0,0,1
100000001145749100,2026-07-20,1,0,10000.0,0.0,10000.0,1,0
100000001149815100,2026-07-27,1,0,12000.0,0.0,12000.0,1,0
100000001155773100,2026-07-16,1,0,21500.0,0.0,21500.0,1,0
100000001160401100,2026-07-03,1,0,23720.0,0.0,23720.0,1,0
100000001160401100,2026-07-06,1,0,23470.0,0.0,23470.0,1,0
100000001162560100,2026-07-02,0,3,0.0,320000.0,-320000.0,0,2
100000001162560100,2026-07-07,0,3,0.0,618153.0,-618153.0,0,3
100000001162560100,2026-07-11,0,1,0.0,50000.0,-50000.0,0,1
100000001162560100,2026-07-23,1,0,159300.0,0.0,159300.0,1,0
100000001162560100,2026-07-24,1,0,172000.0,0.0,172000.0,1,0
100000001162560100,2026-07-26,0,2,0.0,434880.0,-434880.0,0,2
100000001162560100,2026-07-29,0,3,0.0,927800.0,-927800.0,0,3
100000001162560100,2026-07-30,0,1,0.0,286715.0,-286715.0,0,1
100000001162560100,2026-07-31,0,1,0.0,266850.0,-266850.0,0,1
100000001164648100,2026-07-17,1,0,6400.0,0.0,6400.0,1,0
100000001164648100,2026-07-31,1,0,7260.0,0.0,7260.0,1,0
100000001166289100,2026-07-01,1,0,5000.0,0.0,5000.0,1,0
100000001166289100,2026-07-04,1,0,54000.0,0.0,54000.0,1,0
100000001166289100,2026-07-06,1,0,5000.0,0.0,5000.0,1,0
100000001166289100,2026-07-14,1,0,50000.0,0.0,50000.0,1,0
100000001166289100,2026-07-15,1,0,32500.0,0.0,32500.0,1,0
100000001166289100,2026-07-16,1,0,21500.0,0.0,21500.0,1,0
100000001166289100,2026-07-18,1,0,37500.0,0.0,37500.0,1,0
100000001166289100,2026-07-20,1,0,12700.0,0.0,12700.0,1,0
100000001166289100,2026-07-23,1,0,482839.0,0.0,482839.0,1,0
100000001166289100,2026-07-24,0,1,0.0,25000.0,-25000.0,0,1
100000001166289100,2026-07-28,1,0,20000.0,0.0,20000.0,1,0
100000001169666100,2026-07-17,1,0,48000.0,0.0,48000.0,1,0
100000001169666100,2026-07-21,1,0,172000.0,0.0,172000.0,1,0
100000001169666100,2026-07-29,0,1,0.0,24000.0,-24000.0,0,1
100000001184915100,2026-07-30,2,0,201000.0,0.0,201000.0,1,0
100000001194266100,2026-07-24,1,0,50000.0,0.0,50000.0,1,0
100000001202637100,2026-07-10,1,0,10000.0,0.0,10000.0,1,0
100000001202787100,2026-07-09,1,0,8850.0,0.0,8850.0,1,0
100000001202787100,2026-07-17,1,0,6000.0,0.0,6000.0,1,0
100000001220124100,2026-07-15,1,0,40000.0,0.0,40000.0,1,0
100000001222245100,2026-07-19,1,0,5000.0,0.0,5000.0,1,0
100000001222245100,2026-07-24,1,0,90000.0,0.0,90000.0,1,0
100000001222245100,2026-07-26,1,0,20000.0,0.0,20000.0,1,0
100000001222245100,2026-07-30,1,0,5000.0,0.0,5000.0,1,0
100000001222245100,2026-07-31,1,0,300000.0,0.0,300000.0,1,0
100000001222263100,2026-07-19,0,1,0.0,5000.0,-5000.0,0,1
100000001222263100,2026-07-24,0,1,0.0,90000.0,-90000.0,0,1
100000001222263100,2026-07-26,0,1,0.0,20000.0,-20000.0,0,1
100000001222263100,2026-07-30,0,1,0.0,5000.0,-5000.0,0,1
100000001222263100,2026-07-31,1,1,745570.0,300000.0,445570.0,1,1
100000001223977100,2026-07-05,1,0,5000.0,0.0,5000.0,1,0
100000001223977100,2026-07-24,0,1,0.0,18000.0,-18000.0,0,1
100000001227106100,2026-07-23,1,0,164765.0,0.0,164765.0,1,0
100000001229743100,2026-07-02,1,0,7000.0,0.0,7000.0,1,0
100000001229743100,2026-07-08,0,1,0.0,9000.0,-9000.0,0,1
100000001232297100,2026-07-08,0,1,0.0,30000.0,-30000.0,0,1
100000001232297100,2026-07-19,1,0,5000.0,0.0,5000.0,1,0
100000001232297100,2026-07-22,0,1,0.0,15000.0,-15000.0,0,1
100000001236706100,2026-07-02,1,0,26900.0,0.0,26900.0,1,0
100000001236706100,2026-07-03,2,0,115800.0,0.0,115800.0,2,0
100000001236706100,2026-07-07,0,1,0.0,16000.0,-16000.0,0,1
100000001236706100,2026-07-21,0,1,0.0,20000.0,-20000.0,0,1
100000001241318100,2026-07-08,1,0,53000.0,0.0,53000.0,1,0
100000001246806100,2026-07-21,1,0,130000.0,0.0,130000.0,1,0
100000001248999100,2026-07-22,1,0,23425.0,0.0,23425.0,1,0
100000001249054100,2026-07-26,1,0,17375.0,0.0,17375.0,1,0
100000001250022100,2026-07-31,1,0,50000.0,0.0,50000.0,1,0
100000001251686100,2026-07-12,1,0,18000.0,0.0,18000.0,1,0
100000001252290100,2026-07-04,0,1,0.0,5000.0,-5000.0,0,1
100000001252290100,2026-07-22,1,0,141005.0,0.0,141005.0,1,0
100000001253557100,2026-07-10,1,0,23000.0,0.0,23000.0,1,0
100000001253557100,2026-07-11,1,0,50000.0,0.0,50000.0,1,0
100000001253557100,2026-07-15,1,0,30000.0,0.0,30000.0,1,0
100000001253557100,2026-07-18,1,0,80000.0,0.0,80000.0,1,0
100000001253557100,2026-07-28,1,0,27200.0,0.0,27200.0,1,0
100000001256409100,2026-07-27,1,0,8000.0,0.0,8000.0,1,0
100000001262647100,2026-07-30,1,0,23650.0,0.0,23650.0,1,0
100000001270349100,2026-07-05,1,0,200000.0,0.0,200000.0,1,0
100000001270470100,2026-07-06,1,0,14600.0,0.0,14600.0,1,0
100000001270470100,2026-07-07,1,0,13700.0,0.0,13700.0,1,0
100000001273783100,2026-07-20,1,0,23200.0,0.0,23200.0,1,0
100000001275557100,2026-07-07,1,0,20000.0,0.0,20000.0,1,0
100000001275752100,2026-07-30,1,0,151500.0,0.0,151500.0,1,0
100000001276409100,2026-07-14,1,0,94760.0,0.0,94760.0,1,0
100000001279272100,2026-07-12,1,0,250000.0,0.0,250000.0,1,0
100000001279272100,2026-07-14,0,1,0.0,130000.0,-130000.0,0,1
100000001279272100,2026-07-16,0,1,0.0,6758.0,-6758.0,0,1
100000001279875100,2026-07-31,1,0,49235.0,0.0,49235.0,1,0
100000001280798100,2026-07-06,1,0,23785.0,0.0,23785.0,1,0
100000001282143100,2026-07-05,1,0,200000.0,0.0,200000.0,1,0
100000001282143100,2026-07-07,1,0,400000.0,0.0,400000.0,1,0
100000001282143100,2026-07-29,4,0,1100000.0,0.0,1100000.0,4,0
100000001285440100,2026-07-30,2,0,243000.0,0.0,243000.0,2,0
100000001286703100,2026-07-21,1,0,20500.0,0.0,20500.0,1,0
100000001287955100,2026-07-19,1,0,17520.0,0.0,17520.0,1,0
100000001287955100,2026-07-20,0,2,0.0,229700.0,-229700.0,0,2
100000001287955100,2026-07-23,0,1,0.0,45300.0,-45300.0,0,1
100000001287955100,2026-07-25,0,2,0.0,35000.0,-35000.0,0,2
100000001290243100,2026-07-12,1,0,10000.0,0.0,10000.0,1,0
100000001297206100,2026-07-16,1,0,6758.0,0.0,6758.0,1,0
100000001298099100,2026-07-06,1,0,19000.0,0.0,19000.0,1,0
100000001299323100,2026-07-28,1,0,109000.0,0.0,109000.0,1,0
100000001299443100,2026-07-24,1,0,8000.0,0.0,8000.0,1,0
100000001299828100,2026-07-24,1,0,100000.0,0.0,100000.0,1,0
100000001303311100,2026-07-30,4,0,1189000.0,0.0,1189000.0,4,0
100000001303311100,2026-07-31,1,0,135000.0,0.0,135000.0,1,0
100000001307612100,2026-07-01,1,0,38483.0,0.0,38483.0,1,0
100000001308856100,2026-07-22,1,0,27000.0,0.0,27000.0,1,0
100000001311175100,2026-07-21,1,0,300000.0,0.0,300000.0,1,0
100000001317336100,2026-07-20,0,2,0.0,1680000.0,-1680000.0,0,2
100000001317336100,2026-07-24,1,0,131196.0,0.0,131196.0,1,0
100000001317336100,2026-07-28,0,1,0.0,72000.0,-72000.0,0,1
100000001325618100,2026-07-29,1,0,9300.0,0.0,9300.0,1,0
100000001329153100,2026-07-03,1,0,150687.0,0.0,150687.0,1,0
100000001330595100,2026-07-01,2,0,25000.0,0.0,25000.0,2,0
100000001330595100,2026-07-02,1,0,30000.0,0.0,30000.0,1,0
100000001330595100,2026-07-09,1,0,12000.0,0.0,12000.0,1,0
100000001330595100,2026-07-13,0,1,0.0,154000.0,-154000.0,0,1
100000001330595100,2026-07-21,1,0,10000.0,0.0,10000.0,1,0
100000001330595100,2026-07-22,1,0,10000.0,0.0,10000.0,1,0
100000001330685100,2026-07-01,0,1,0.0,100500.0,-100500.0,0,1
100000001330685100,2026-07-10,1,0,350000.0,0.0,350000.0,1,0
100000001330685100,2026-07-14,2,0,564970.0,0.0,564970.0,1,0
100000001330685100,2026-07-18,1,0,130425.0,0.0,130425.0,1,0
100000001330685100,2026-07-21,2,0,1133968.0,0.0,1133968.0,2,0
100000001330685100,2026-07-29,1,0,256560.0,0.0,256560.0,1,0
100000001339466100,2026-07-10,1,0,30000.0,0.0,30000.0,1,0
100000001346560100,2026-07-19,1,0,5000.0,0.0,5000.0,1,0
100000001346560100,2026-07-29,1,0,5000.0,0.0,5000.0,1,0
100000001346560100,2026-07-31,0,1,0.0,22200.0,-22200.0,0,1
100000001362940100,2026-07-19,1,0,81000.0,0.0,81000.0,1,0
100000001363952100,2026-07-01,0,1,0.0,81000.0,-81000.0,0,1
100000001363952100,2026-07-12,1,1,69155.0,10000.0,59155.0,1,1
100000001363952100,2026-07-21,1,0,127500.0,0.0,127500.0,1,0
100000001373265100,2026-07-13,0,1,0.0,5000.0,-5000.0,0,1
100000001373265100,2026-07-20,1,0,142482.0,0.0,142482.0,1,0
100000001378288100,2026-07-11,1,0,9000.0,0.0,9000.0,1,0
100000001378288100,2026-07-17,1,0,250000.0,0.0,250000.0,1,0
100000001378288100,2026-07-18,1,0,9000.0,0.0,9000.0,1,0
100000001379511100,2026-07-04,1,0,55000.0,0.0,55000.0,1,0
100000001380054100,2026-07-04,1,2,7050.0,200000.0,-192950.0,1,2
100000001380054100,2026-07-13,0,1,0.0,110000.0,-110000.0,0,1
100000001380054100,2026-07-17,1,0,120000.0,0.0,120000.0,1,0
100000001380054100,2026-07-24,0,1,0.0,50000.0,-50000.0,0,1
100000001380107100,2026-07-22,1,0,6000.0,0.0,6000.0,1,0
100000001380986100,2026-07-07,1,0,70170.0,0.0,70170.0,1,0
100000001382002100,2026-07-02,1,0,15000.0,0.0,15000.0,1,0
100000001382002100,2026-07-06,0,1,0.0,6500.0,-6500.0,0,1
100000001382002100,2026-07-11,0,1,0.0,10000.0,-10000.0,0,1
100000001382002100,2026-07-13,0,1,0.0,40000.0,-40000.0,0,1
100000001382002100,2026-07-16,1,0,40000.0,0.0,40000.0,1,0
100000001384826100,2026-07-15,1,0,364260.0,0.0,364260.0,1,0
100000001384826100,2026-07-27,0,1,0.0,10000.0,-10000.0,0,1
100000001386612100,2026-07-04,1,0,62264.0,0.0,62264.0,1,0
100000001389255100,2026-07-18,1,0,16136.0,0.0,16136.0,1,0
100000001411870100,2026-07-16,1,0,200000.0,0.0,200000.0,1,0
100000001411870100,2026-07-23,3,0,700000.0,0.0,700000.0,1,0
100000001415126100,2026-07-02,1,0,27000.0,0.0,27000.0,1,0
100000001418900100,2026-07-18,1,0,21440.0,0.0,21440.0,1,0
100000001418900100,2026-07-28,1,0,18700.0,0.0,18700.0,1,0
100000001420847100,2026-07-06,1,0,10000.0,0.0,10000.0,1,0
100000001420847100,2026-07-30,1,0,10000.0,0.0,10000.0,1,0
100000001427082100,2026-07-07,0,1,0.0,34000.0,-34000.0,0,1
100000001427082100,2026-07-08,0,1,0.0,5000.0,-5000.0,0,1
100000001427082100,2026-07-11,0,1,0.0,5900.0,-5900.0,0,1
100000001427082100,2026-07-14,0,1,0.0,10000.0,-10000.0,0,1
100000001427082100,2026-07-15,1,0,5000.0,0.0,5000.0,1,0
100000001427082100,2026-07-18,0,1,0.0,10000.0,-10000.0,0,1
100000001427082100,2026-07-20,0,1,0.0,60000.0,-60000.0,0,1
100000001429930100,2026-07-23,1,0,26000.0,0.0,26000.0,1,0
100000001439416100,2026-07-01,0,1,0.0,150000.0,-150000.0,0,1
100000001439416100,2026-07-07,0,1,0.0,10000.0,-10000.0,0,1
100000001439416100,2026-07-09,1,0,10000.0,0.0,10000.0,1,0
100000001439416100,2026-07-27,0,1,0.0,5000.0,-5000.0,0,1
100000001445848100,2026-07-02,0,1,0.0,45350.0,-45350.0,0,1
100000001445848100,2026-07-05,0,1,0.0,65000.0,-65000.0,0,1
100000001445848100,2026-07-06,2,1,39000.0,40000.0,-1000.0,1,1
100000001445848100,2026-07-07,0,1,0.0,20000.0,-20000.0,0,1
100000001445848100,2026-07-10,1,1,15000.0,15000.0,0.0,1,1
100000001445848100,2026-07-12,2,0,240000.0,0.0,240000.0,1,0
100000001445848100,2026-07-13,0,2,0.0,10500.0,-10500.0,0,1
100000001445848100,2026-07-14,0,2,0.0,76000.0,-76000.0,0,1
100000001445848100,2026-07-16,1,0,23000.0,0.0,23000.0,1,0
100000001445848100,2026-07-17,0,1,0.0,10000.0,-10000.0,0,1
100000001445848100,2026-07-18,2,1,29000.0,10000.0,19000.0,1,1
100000001445848100,2026-07-20,0,1,0.0,5000.0,-5000.0,0,1
100000001445848100,2026-07-21,1,0,40000.0,0.0,40000.0,1,0
100000001445848100,2026-07-22,1,0,30000.0,0.0,30000.0,1,0
100000001445848100,2026-07-23,0,1,0.0,25000.0,-25000.0,0,1
100000001445848100,2026-07-24,1,0,70000.0,0.0,70000.0,1,0
100000001445848100,2026-07-25,0,1,0.0,30000.0,-30000.0,0,1
100000001445848100,2026-07-27,1,0,10000.0,0.0,10000.0,1,0
100000001445848100,2026-07-28,1,0,50000.0,0.0,50000.0,1,0
100000001463701100,2026-07-20,2,0,621000.0,0.0,621000.0,2,0
100000001471706100,2026-07-07,1,0,10000.0,0.0,10000.0,1,0
100000001471706100,2026-07-10,2,0,20000.0,0.0,20000.0,1,0
100000001471706100,2026-07-11,1,0,15000.0,0.0,15000.0,1,0
100000001471706100,2026-07-14,1,0,40000.0,0.0,40000.0,1,0
100000001471706100,2026-07-15,1,0,28000.0,0.0,28000.0,1,0
100000001471706100,2026-07-22,1,0,14000.0,0.0,14000.0,1,0
100000001471706100,2026-07-23,1,0,250000.0,0.0,250000.0,1,0
100000001477796100,2026-07-28,1,0,182000.0,0.0,182000.0,1,0
100000001484381100,2026-07-06,1,0,23785.0,0.0,23785.0,1,0
100000001484381100,2026-07-14,1,0,23500.0,0.0,23500.0,1,0
100000001484381100,2026-07-20,2,0,48300.0,0.0,48300.0,1,0
100000001490461100,2026-07-04,1,0,20000.0,0.0,20000.0,1,0
100000001490461100,2026-07-16,0,1,0.0,5000.0,-5000.0,0,1
100000001498732100,2026-07-20,1,0,5500.0,0.0,5500.0,1,0
100000001524952100,2026-07-05,1,0,103807.0,0.0,103807.0,1,0
100000001526235100,2026-07-03,1,0,50000.0,0.0,50000.0,1,0
100000001526235100,2026-07-04,0,1,0.0,8500.0,-8500.0,0,1
100000001526235100,2026-07-05,0,2,0.0,31000.0,-31000.0,0,2
100000001526235100,2026-07-08,1,0,20000.0,0.0,20000.0,1,0
100000001526235100,2026-07-10,1,0,6000.0,0.0,6000.0,1,0
100000001526235100,2026-07-18,0,1,0.0,8000.0,-8000.0,0,1
100000001526235100,2026-07-19,0,1,0.0,12000.0,-12000.0,0,1
100000001526235100,2026-07-21,0,1,0.0,309500.0,-309500.0,0,1
100000001526235100,2026-07-24,0,1,0.0,25000.0,-25000.0,0,1
100000001526235100,2026-07-26,0,1,0.0,20000.0,-20000.0,0,1
100000001526235100,2026-07-31,1,1,6000.0,18750.0,-12750.0,1,1
100000001527186100,2026-07-24,2,0,678000.0,0.0,678000.0,1,0
100000001530709100,2026-07-16,1,0,53961.0,0.0,53961.0,1,0
100000001530740100,2026-07-02,1,0,15000.0,0.0,15000.0,1,0
100000001530983100,2026-07-03,0,5,0.0,233248.0,-233248.0,0,5
100000001530983100,2026-07-04,0,1,0.0,50000.0,-50000.0,0,1
100000001530983100,2026-07-07,0,2,0.0,650000.0,-650000.0,0,2
100000001530983100,2026-07-08,0,1,0.0,100000.0,-100000.0,0,1
100000001530983100,2026-07-10,1,1,333890.0,200000.0,133890.0,1,1
100000001530983100,2026-07-11,1,0,67544.0,0.0,67544.0,1,0
100000001530983100,2026-07-12,0,1,0.0,13000.0,-13000.0,0,1
100000001530983100,2026-07-13,0,1,0.0,33290.0,-33290.0,0,1
100000001530983100,2026-07-15,1,1,58724.0,40000.0,18724.0,1,1
100000001530983100,2026-07-16,1,0,104000.0,0.0,104000.0,1,0
100000001530983100,2026-07-20,0,1,0.0,20000.0,-20000.0,0,1
100000001530983100,2026-07-22,0,3,0.0,490000.0,-490000.0,0,3
100000001533161100,2026-07-21,1,0,100000.0,0.0,100000.0,1,0
100000001534244100,2026-07-02,0,1,0.0,45000.0,-45000.0,0,1
100000001534244100,2026-07-28,2,0,366000.0,0.0,366000.0,2,0
100000001537524100,2026-07-30,1,0,150000.0,0.0,150000.0,1,0
100000001538095100,2026-07-28,2,0,280000.0,0.0,280000.0,2,0
100000001541418100,2026-07-11,1,0,50000.0,0.0,50000.0,1,0
100000001541418100,2026-07-18,1,0,46900.0,0.0,46900.0,1,0
100000001549194100,2026-07-08,1,0,46500.0,0.0,46500.0,1,0
100000001550388100,2026-07-18,1,0,50000.0,0.0,50000.0,1,0
100000001550419100,2026-07-21,1,0,23000.0,0.0,23000.0,1,0
100000001554432100,2026-07-24,1,0,53920.0,0.0,53920.0,1,0
100000001557930100,2026-07-30,1,0,34610.0,0.0,34610.0,1,0
100000001567366100,2026-07-10,1,0,23725.0,0.0,23725.0,1,0
100000001567366100,2026-07-18,1,0,211500.0,0.0,211500.0,1,0
100000001567366100,2026-07-20,1,0,495311.0,0.0,495311.0,1,0
100000001567366100,2026-07-21,1,0,93534.0,0.0,93534.0,1,0
100000001578517100,2026-07-03,1,0,30000.0,0.0,30000.0,1,0
100000001584286100,2026-07-16,1,0,99999.0,0.0,99999.0,1,0
100000001584286100,2026-07-17,2,0,638700.0,0.0,638700.0,1,0
100000001590795100,2026-07-27,1,0,5060.0,0.0,5060.0,1,0
100000001597424100,2026-07-01,1,0,48100.0,0.0,48100.0,1,0
100000001597505100,2026-07-06,0,1,0.0,12920.0,-12920.0,0,1
100000001597505100,2026-07-30,1,0,26460.0,0.0,26460.0,1,0
100000001598625100,2026-07-08,1,0,25000.0,0.0,25000.0,1,0
100000001600934100,2026-07-07,1,0,100000.0,0.0,100000.0,1,0
100000001600934100,2026-07-21,1,0,80300.0,0.0,80300.0,1,0
100000001600934100,2026-07-25,0,1,0.0,11000.0,-11000.0,0,1
100000001601320100,2026-07-18,1,0,9500.0,0.0,9500.0,1,0
100000001601320100,2026-07-26,0,1,0.0,46200.0,-46200.0,0,1
100000001601320100,2026-07-27,1,0,34000.0,0.0,34000.0,1,0
100000001609499100,2026-07-06,1,0,55656.0,0.0,55656.0,1,0
100000001609499100,2026-07-07,1,0,113520.0,0.0,113520.0,1,0
100000001609499100,2026-07-08,1,0,93937.0,0.0,93937.0,1,0
100000001609499100,2026-07-09,0,1,0.0,10000.0,-10000.0,0,1
100000001609499100,2026-07-11,0,1,0.0,11000.0,-11000.0,0,1
100000001611488100,2026-07-09,1,0,273000.0,0.0,273000.0,1,0
100000001611488100,2026-07-10,1,0,279000.0,0.0,279000.0,1,0
100000001611488100,2026-07-28,1,0,227300.0,0.0,227300.0,1,0
100000001616816100,2026-07-01,1,0,6877.0,0.0,6877.0,1,0
100000001616816100,2026-07-02,2,1,17057.0,9000.0,8057.0,1,1
100000001616816100,2026-07-03,1,1,16975.0,26000.0,-9025.0,1,1
100000001616816100,2026-07-04,0,1,0.0,10000.0,-10000.0,0,1
100000001616816100,2026-07-11,2,0,18286.0,0.0,18286.0,1,0
100000001616816100,2026-07-12,1,0,30000.0,0.0,30000.0,1,0
100000001616816100,2026-07-13,0,1,0.0,17826.0,-17826.0,0,1
100000001616816100,2026-07-14,1,1,53000.0,53000.0,0.0,1,1
100000001616816100,2026-07-16,1,0,10000.0,0.0,10000.0,1,0
100000001616816100,2026-07-18,2,0,12000.0,0.0,12000.0,1,0
100000001616816100,2026-07-21,0,3,0.0,55500.0,-55500.0,0,1
100000001616816100,2026-07-22,1,2,12000.0,10000.0,2000.0,1,1
100000001632325100,2026-07-02,2,0,75600.0,0.0,75600.0,1,0
100000001632325100,2026-07-07,1,0,10000.0,0.0,10000.0,1,0
100000001633685100,2026-07-12,1,0,28000.0,0.0,28000.0,1,0
100000001633685100,2026-07-13,1,0,5000.0,0.0,5000.0,1,0
100000001633685100,2026-07-17,1,0,12000.0,0.0,12000.0,1,0
100000001637376100,2026-07-22,0,1,0.0,118250.0,-118250.0,0,1
100000001637376100,2026-07-29,1,1,116700.0,116000.0,700.0,1,1
100000001639766100,2026-07-27,1,0,20000.0,0.0,20000.0,1,0
100000001641789100,2026-07-13,1,0,17826.0,0.0,17826.0,1,0
100000001641951100,2026-07-08,1,0,5000.0,0.0,5000.0,1,0
100000001641951100,2026-07-16,1,0,10000.0,0.0,10000.0,1,0
100000001641951100,2026-07-18,1,0,5000.0,0.0,5000.0,1,0
100000001641951100,2026-07-28,1,0,5000.0,0.0,5000.0,1,0
100000001648936100,2026-07-29,1,0,92740.0,0.0,92740.0,1,0
100000001650895100,2026-07-10,0,1,0.0,10000.0,-10000.0,0,1
100000001650895100,2026-07-19,1,0,153500.0,0.0,153500.0,1,0
100000001660397100,2026-07-07,1,1,29300.0,13000.0,16300.0,1,1
100000001660397100,2026-07-08,0,1,0.0,12000.0,-12000.0,0,1
100000001660397100,2026-07-12,1,1,19300.0,12000.0,7300.0,1,1
100000001660397100,2026-07-15,0,1,0.0,12000.0,-12000.0,0,1
100000001669260100,2026-07-08,1,0,500000.0,0.0,500000.0,1,0
100000001674850100,2026-07-17,2,0,237000.0,0.0,237000.0,2,0
100000001677389100,2026-07-02,0,1,0.0,5400.0,-5400.0,0,1
100000001677389100,2026-07-18,1,0,11000.0,0.0,11000.0,1,0
100000001677929100,2026-07-02,0,1,0.0,100000.0,-100000.0,0,1
100000001677929100,2026-07-03,0,1,0.0,100000.0,-100000.0,0,1
100000001677929100,2026-07-08,0,1,0.0,8700.0,-8700.0,0,1
100000001677929100,2026-07-10,1,0,5000.0,0.0,5000.0,1,0
100000001677929100,2026-07-13,1,1,76777.0,77398.0,-621.0,1,1
100000001677929100,2026-07-27,1,0,45000.0,0.0,45000.0,1,0
100000001680944100,2026-07-31,1,0,393000.0,0.0,393000.0,1,0
100000001684867100,2026-07-14,1,0,30550.0,0.0,30550.0,1,0
100000001686328100,2026-07-30,1,0,140000.0,0.0,140000.0,1,0
100000001688676100,2026-07-26,1,0,133700.0,0.0,133700.0,1,0
100000001689968100,2026-07-03,1,0,58866.75,0.0,58866.75,1,0
100000001689968100,2026-07-08,1,0,96700.0,0.0,96700.0,1,0
100000001689968100,2026-07-20,1,0,188767.0,0.0,188767.0,1,0
100000001690439100,2026-07-01,1,0,14200.0,0.0,14200.0,1,0
100000001690558100,2026-07-19,1,0,740000.0,0.0,740000.0,1,0
100000001696818100,2026-07-27,1,0,53550.0,0.0,53550.0,1,0
100000001697501100,2026-07-01,0,2,0.0,20000.0,-20000.0,0,2
100000001697501100,2026-07-02,0,1,0.0,49125.0,-49125.0,0,1
100000001697501100,2026-07-03,0,2,0.0,26000.0,-26000.0,0,2
100000001697501100,2026-07-04,1,2,25000.0,79000.0,-54000.0,1,2
100000001697501100,2026-07-06,0,1,0.0,5000.0,-5000.0,0,1
100000001697501100,2026-07-07,0,1,0.0,17400.0,-17400.0,0,1
100000001697501100,2026-07-08,0,7,0.0,135211.0,-135211.0,0,6
100000001697501100,2026-07-09,0,2,0.0,40550.0,-40550.0,0,2
100000001697501100,2026-07-10,0,2,0.0,39000.0,-39000.0,0,2
100000001697501100,2026-07-13,0,1,0.0,10000.0,-10000.0,0,1
100000001697501100,2026-07-14,0,1,0.0,50000.0,-50000.0,0,1
100000001697501100,2026-07-15,0,1,0.0,32500.0,-32500.0,0,1
100000001697501100,2026-07-16,0,1,0.0,21500.0,-21500.0,0,1
100000001697501100,2026-07-17,0,1,0.0,5000.0,-5000.0,0,1
100000001697501100,2026-07-18,0,2,0.0,58940.0,-58940.0,0,2
100000001697501100,2026-07-20,0,5,0.0,130980.0,-130980.0,0,5
100000001697501100,2026-07-21,0,1,0.0,21000.0,-21000.0,0,1
100000001697501100,2026-07-22,1,2,25000.0,187000.0,-162000.0,1,2
100000001697501100,2026-07-23,0,5,0.0,266000.0,-266000.0,0,4
100000001697501100,2026-07-24,0,2,0.0,16000.0,-16000.0,0,2
100000001697501100,2026-07-27,0,3,0.0,47100.0,-47100.0,0,3
100000001697501100,2026-07-28,0,5,0.0,98900.0,-98900.0,0,5
100000001697501100,2026-07-29,1,4,73700.0,100200.0,-26500.0,1,4
100000001697501100,2026-07-31,0,1,0.0,26200.0,-26200.0,0,1
100000001703168100,2026-07-23,1,0,45000.0,0.0,45000.0,1,0
100000001703168100,2026-07-25,0,1,0.0,90000.0,-90000.0,0,1
100000001714173100,2026-07-11,3,0,241510.0,0.0,241510.0,1,0
100000001714173100,2026-07-12,2,0,242345.0,0.0,242345.0,1,0
100000001714173100,2026-07-13,1,0,155050.0,0.0,155050.0,1,0
100000001714413100,2026-07-24,1,0,250172.0,0.0,250172.0,1,0
100000001714883100,2026-07-29,1,0,6900.0,0.0,6900.0,1,0
100000001716579100,2026-07-03,1,0,13916.0,0.0,13916.0,1,0
100000001724740100,2026-07-25,2,0,55000.0,0.0,55000.0,1,0
100000001724740100,2026-07-26,2,0,130000.0,0.0,130000.0,1,0
100000001726614100,2026-07-13,1,0,138717.0,0.0,138717.0,1,0
100000001732159100,2026-07-01,1,1,169000.0,30000.0,139000.0,1,1
100000001732159100,2026-07-02,4,0,140000.0,0.0,140000.0,1,0
100000001732159100,2026-07-03,3,0,534000.0,0.0,534000.0,1,0
100000001732159100,2026-07-04,6,0,389000.0,0.0,389000.0,1,0
100000001732159100,2026-07-05,2,3,326000.0,178080.0,147920.0,1,1
100000001732159100,2026-07-06,1,0,36100.0,0.0,36100.0,1,0
100000001732159100,2026-07-07,2,2,85000.0,38076.0,46924.0,2,2
100000001732159100,2026-07-08,0,3,0.0,30000.0,-30000.0,0,1
100000001732159100,2026-07-09,0,1,0.0,114000.0,-114000.0,0,1
100000001732159100,2026-07-10,4,0,45000.0,0.0,45000.0,1,0
100000001732159100,2026-07-11,0,1,0.0,98010.0,-98010.0,0,1
100000001732159100,2026-07-12,0,1,0.0,47000.0,-47000.0,0,1
100000001732159100,2026-07-13,5,2,615000.0,465000.0,150000.0,1,1
100000001732159100,2026-07-14,0,4,0.0,40000.0,-40000.0,0,1
100000001732159100,2026-07-16,0,1,0.0,30800.0,-30800.0,0,1
100000001732159100,2026-07-17,2,2,39000.0,337000.0,-298000.0,2,1
100000001732159100,2026-07-20,0,1,0.0,68000.0,-68000.0,0,1
100000001732159100,2026-07-21,0,1,0.0,30000.0,-30000.0,0,1
100000001733216100,2026-07-22,2,0,60000.0,0.0,60000.0,1,0
100000001733687100,2026-07-30,1,0,300000.0,0.0,300000.0,1,0
100000001737722100,2026-07-24,1,0,60460.0,0.0,60460.0,1,0
100000001740277100,2026-07-08,1,0,8700.0,0.0,8700.0,1,0
100000001740277100,2026-07-10,0,1,0.0,5000.0,-5000.0,0,1
100000001745217100,2026-07-13,1,0,50000.0,0.0,50000.0,1,0
100000001746925100,2026-07-03,0,1,0.0,5000.0,-5000.0,0,1
100000001746925100,2026-07-17,1,0,65250.0,0.0,65250.0,1,0
100000001782980100,2026-07-04,1,0,50000.0,0.0,50000.0,1,0
100000001782980100,2026-07-14,0,1,0.0,20000.0,-20000.0,0,1
100000001782980100,2026-07-16,0,1,0.0,30000.0,-30000.0,0,1
100000001782980100,2026-07-21,0,1,0.0,546200.0,-546200.0,0,1
100000001784279100,2026-07-14,1,0,35674.0,0.0,35674.0,1,0
100000001785161100,2026-07-10,1,0,15000.0,0.0,15000.0,1,0
100000001785161100,2026-07-31,1,0,15000.0,0.0,15000.0,1,0
100000001788284100,2026-07-03,0,1,0.0,50000.0,-50000.0,0,1
100000001788284100,2026-07-07,0,1,0.0,20000.0,-20000.0,0,1
100000001788284100,2026-07-10,0,1,0.0,6000.0,-6000.0,0,1
100000001788284100,2026-07-13,0,2,0.0,17800.0,-17800.0,0,1
100000001788284100,2026-07-18,1,2,8000.0,192900.0,-184900.0,1,1
100000001788284100,2026-07-30,0,1,0.0,10000.0,-10000.0,0,1
100000001805543100,2026-07-06,1,0,59000.0,0.0,59000.0,1,0
100000001808684100,2026-07-02,0,1,0.0,7700.0,-7700.0,0,1
100000001808684100,2026-07-24,1,0,10000.0,0.0,10000.0,1,0
100000001808684100,2026-07-28,1,1,31000.0,30000.0,1000.0,1,1
100000001808684100,2026-07-29,1,0,7400.0,0.0,7400.0,1,0
100000001816678100,2026-07-25,1,0,60000.0,0.0,60000.0,1,0
100000001818442100,2026-07-06,1,0,42215.0,0.0,42215.0,1,0
100000001819396100,2026-07-16,1,0,166080.0,0.0,166080.0,1,0
100000001822623100,2026-07-17,1,0,201300.0,0.0,201300.0,1,0
100000001822650100,2026-07-31,1,0,112000.0,0.0,112000.0,1,0
100000001825934100,2026-07-19,0,1,0.0,97000.0,-97000.0,0,1
100000001825934100,2026-07-24,1,0,40000.0,0.0,40000.0,1,0
100000001831496100,2026-07-02,1,0,25000.0,0.0,25000.0,1,0
100000001831496100,2026-07-20,0,1,0.0,373000.0,-373000.0,0,1
100000001835625100,2026-07-16,1,0,75130.0,0.0,75130.0,1,0
100000001837130100,2026-07-13,1,0,172900.0,0.0,172900.0,1,0
100000001845505100,2026-07-26,1,0,20000.0,0.0,20000.0,1,0
100000001848426100,2026-07-28,1,0,95530.0,0.0,95530.0,1,0
100000001851289100,2026-07-18,3,0,109510.0,0.0,109510.0,1,0
100000001852140100,2026-07-03,1,0,30000.0,0.0,30000.0,1,0
100000001853812100,2026-07-10,1,0,70000.0,0.0,70000.0,1,0
100000001857829100,2026-07-10,3,5,128535.0,362153.0,-233618.0,3,5
100000001857829100,2026-07-11,0,1,0.0,100000.0,-100000.0,0,1
100000001857829100,2026-07-19,0,3,0.0,441170.0,-441170.0,0,3
100000001857829100,2026-07-20,1,2,52000.0,395570.0,-343570.0,1,2
100000001857829100,2026-07-21,3,1,300000.0,100000.0,200000.0,1,1
100000001857829100,2026-07-22,0,1,0.0,210000.0,-210000.0,0,1
100000001857829100,2026-07-23,1,2,399000.0,756100.0,-357100.0,1,2
100000001857829100,2026-07-25,0,1,0.0,26000.0,-26000.0,0,1
100000001857829100,2026-07-30,1,0,9000.0,0.0,9000.0,1,0
100000001860090100,2026-07-31,1,0,5000.0,0.0,5000.0,1,0
100000001870116100,2026-07-27,1,0,24000.0,0.0,24000.0,1,0
100000001872484100,2026-07-01,1,0,45000.0,0.0,45000.0,1,0
100000001872484100,2026-07-03,1,0,44000.0,0.0,44000.0,1,0
100000001872484100,2026-07-04,2,0,89000.0,0.0,89000.0,1,0
100000001872484100,2026-07-05,1,0,5000.0,0.0,5000.0,1,0
100000001872484100,2026-07-06,1,0,24000.0,0.0,24000.0,1,0
100000001872484100,2026-07-07,1,0,31000.0,0.0,31000.0,1,0
100000001872484100,2026-07-10,1,0,312000.0,0.0,312000.0,1,0
100000001872484100,2026-07-12,1,0,120000.0,0.0,120000.0,1,0
100000001872484100,2026-07-14,1,1,120000.0,5000.0,115000.0,1,1
100000001872484100,2026-07-16,1,1,50000.0,30000.0,20000.0,1,1
100000001872484100,2026-07-17,0,1,0.0,20180.0,-20180.0,0,1
100000001872484100,2026-07-19,0,1,0.0,99000.0,-99000.0,0,1
100000001872484100,2026-07-23,1,1,15400.0,8200.0,7200.0,1,1
100000001872484100,2026-07-24,1,0,16000.0,0.0,16000.0,1,0
100000001872484100,2026-07-26,0,1,0.0,217800.0,-217800.0,0,1
100000001872484100,2026-07-28,0,1,0.0,87500.0,-87500.0,0,1
100000001872484100,2026-07-30,0,1,0.0,27900.0,-27900.0,0,1
100000001872484100,2026-07-31,0,1,0.0,19000.0,-19000.0,0,1
100000001875167100,2026-07-27,2,0,1000000.0,0.0,1000000.0,1,0
100000001875239100,2026-07-22,3,0,712000.0,0.0,712000.0,3,0
100000001884825100,2026-07-17,2,0,245000.0,0.0,245000.0,2,0
100000001884825100,2026-07-26,1,0,250000.0,0.0,250000.0,1,0
100000001887715100,2026-07-31,4,1,1331500.0,750000.0,581500.0,3,1
100000001893287100,2026-07-02,0,1,0.0,5000.0,-5000.0,0,1
100000001893287100,2026-07-03,0,1,0.0,20000.0,-20000.0,0,1
100000001893287100,2026-07-04,0,2,0.0,20000.0,-20000.0,0,1
100000001893287100,2026-07-05,0,1,0.0,10000.0,-10000.0,0,1
100000001893287100,2026-07-07,0,1,0.0,10000.0,-10000.0,0,1
100000001893287100,2026-07-08,0,1,0.0,10000.0,-10000.0,0,1
100000001893287100,2026-07-11,1,0,6000.0,0.0,6000.0,1,0
100000001893287100,2026-07-12,0,2,0.0,25000.0,-25000.0,0,1
100000001893287100,2026-07-13,0,1,0.0,10000.0,-10000.0,0,1
100000001893287100,2026-07-15,0,2,0.0,20000.0,-20000.0,0,1
100000001893287100,2026-07-17,1,1,6000.0,15000.0,-9000.0,1,1
100000001893287100,2026-07-18,1,1,6000.0,7700.0,-1700.0,1,1
100000001899164100,2026-07-01,2,0,211575.0,0.0,211575.0,2,0
100000001899164100,2026-07-02,1,0,30200.0,0.0,30200.0,1,0
100000001899164100,2026-07-09,0,2,0.0,36500.0,-36500.0,0,2
100000001899164100,2026-07-15,1,0,9500.0,0.0,9500.0,1,0
100000001899164100,2026-07-23,0,1,0.0,40000.0,-40000.0,0,1
100000001899164100,2026-07-31,1,0,40400.0,0.0,40400.0,1,0
100000001904863100,2026-07-30,1,0,500000.0,0.0,500000.0,1,0
100000001924185100,2026-07-19,1,0,115000.0,0.0,115000.0,1,0
100000001924185100,2026-07-21,1,0,36000.0,0.0,36000.0,1,0
100000001927599100,2026-07-08,2,0,188000.0,0.0,188000.0,2,0
100000001929088100,2026-07-17,1,0,210000.0,0.0,210000.0,1,0
100000001929088100,2026-07-31,1,0,186010.0,0.0,186010.0,1,0
100000001934935100,2026-07-27,1,0,118935.0,0.0,118935.0,1,0
100000001937767100,2026-07-14,1,1,53000.0,53000.0,0.0,1,1
100000001937767100,2026-07-25,0,1,0.0,380000.0,-380000.0,0,1
100000001937767100,2026-07-26,0,3,0.0,1000000.0,-1000000.0,0,1
100000001937767100,2026-07-30,0,1,0.0,500000.0,-500000.0,0,1
100000001952325100,2026-07-14,1,0,26144.0,0.0,26144.0,1,0
100000001952325100,2026-07-27,1,0,51744.0,0.0,51744.0,1,0
100000001953577100,2026-07-20,1,0,15600.0,0.0,15600.0,1,0
100000001954534100,2026-07-04,1,0,13000.0,0.0,13000.0,1,0
100000001954534100,2026-07-25,0,1,0.0,40000.0,-40000.0,0,1
100000001954903100,2026-07-20,1,0,27118.0,0.0,27118.0,1,0
100000001957974100,2026-07-24,1,0,500000.0,0.0,500000.0,1,0
100000001960517100,2026-07-11,1,0,200000.0,0.0,200000.0,1,0
100000001961048100,2026-07-17,1,0,150000.0,0.0,150000.0,1,0
100000001965374100,2026-07-01,0,1,0.0,287100.0,-287100.0,0,1
100000001965374100,2026-07-02,1,0,390220.0,0.0,390220.0,1,0
100000001965374100,2026-07-06,1,0,224700.0,0.0,224700.0,1,0
100000001965374100,2026-07-08,1,0,114000.0,0.0,114000.0,1,0
100000001965374100,2026-07-09,1,2,18040.0,806000.0,-787960.0,1,1
100000001965374100,2026-07-16,0,2,0.0,1989000.0,-1989000.0,0,1
100000001965374100,2026-07-20,2,0,246560.0,0.0,246560.0,2,0
100000001965374100,2026-07-24,1,0,542800.0,0.0,542800.0,1,0
100000001965374100,2026-07-25,1,0,223400.0,0.0,223400.0,1,0
100000001969496100,2026-07-17,1,0,22740.0,0.0,22740.0,1,0
100000001985793100,2026-07-20,1,0,420000.0,0.0,420000.0,1,0
100000001987030100,2026-07-13,1,0,7196.0,0.0,7196.0,1,0
100000001987030100,2026-07-26,0,1,0.0,19000.0,-19000.0,0,1
100000001987030100,2026-07-27,1,0,23668.0,0.0,23668.0,1,0
100000001991973100,2026-07-24,1,0,20800.0,0.0,20800.0,1,0
100000002015633100,2026-07-09,1,0,94970.0,0.0,94970.0,1,0
100000002028158100,2026-07-28,1,0,34800.0,0.0,34800.0,1,0
100000002032323100,2026-07-13,0,1,0.0,750000.0,-750000.0,0,1
100000002032323100,2026-07-14,1,1,300000.0,300000.0,0.0,1,1
100000002087788100,2026-07-01,1,0,100500.0,0.0,100500.0,1,0
100000002095257100,2026-07-17,1,0,8500.0,0.0,8500.0,1,0
100000002103448100,2026-07-13,1,0,27000.0,0.0,27000.0,1,0
100000002109656100,2026-07-17,1,0,500000.0,0.0,500000.0,1,0
100000002116705100,2026-07-24,1,0,17600.0,0.0,17600.0,1,0
100000002119762100,2026-07-18,3,0,50000.0,0.0,50000.0,1,0
100000002119762100,2026-07-19,2,0,10000.0,0.0,10000.0,1,0
100000002119762100,2026-07-20,1,0,17000.0,0.0,17000.0,1,0
100000002121357100,2026-07-18,0,1,0.0,113000.0,-113000.0,0,1
100000002121357100,2026-07-20,1,0,148300.0,0.0,148300.0,1,0
100000002121357100,2026-07-22,1,0,107000.0,0.0,107000.0,1,0
100000002126791100,2026-07-25,1,0,416000.0,0.0,416000.0,1,0
100000002126791100,2026-07-29,1,0,174000.0,0.0,174000.0,1,0
100000002126791100,2026-07-31,1,0,723000.0,0.0,723000.0,1,0
100000002130400100,2026-07-31,1,0,10000.0,0.0,10000.0,1,0
100000002132479100,2026-07-01,1,0,10000.0,0.0,10000.0,1,0
100000002132479100,2026-07-08,0,1,0.0,20000.0,-20000.0,0,1
100000002132479100,2026-07-09,1,0,20000.0,0.0,20000.0,1,0
100000002152857100,2026-07-07,0,2,0.0,240000.0,-240000.0,0,2
100000002152857100,2026-07-13,0,1,0.0,70000.0,-70000.0,0,1
100000002152857100,2026-07-16,0,1,0.0,200000.0,-200000.0,0,1
100000002152857100,2026-07-18,1,0,105000.0,0.0,105000.0,1,0
100000002152857100,2026-07-20,0,2,0.0,720000.0,-720000.0,0,2
100000002156381100,2026-07-01,0,1,0.0,7800.0,-7800.0,0,1
100000002156381100,2026-07-12,0,1,0.0,9000.0,-9000.0,0,1
100000002156381100,2026-07-14,1,0,5000.0,0.0,5000.0,1,0
100000002156381100,2026-07-15,0,1,0.0,5000.0,-5000.0,0,1
100000002156381100,2026-07-28,1,0,20000.0,0.0,20000.0,1,0
100000002156381100,2026-07-29,1,0,10000.0,0.0,10000.0,1,0
100000002156381100,2026-07-30,3,0,21000.0,0.0,21000.0,2,0
100000002156381100,2026-07-31,1,0,5000.0,0.0,5000.0,1,0
100000002158488100,2026-07-23,1,0,31723.0,0.0,31723.0,1,0
100000002170580100,2026-07-21,1,0,150000.0,0.0,150000.0,1,0
100000002173070100,2026-07-03,1,0,30000.0,0.0,30000.0,1,0
100000002173161100,2026-07-19,1,0,470000.0,0.0,470000.0,1,0
100000002173161100,2026-07-21,2,0,399500.0,0.0,399500.0,1,0
100000002173161100,2026-07-26,2,0,558000.0,0.0,558000.0,2,0
100000002175422100,2026-07-01,0,2,0.0,70000.0,-70000.0,0,1
100000002175422100,2026-07-04,0,1,0.0,10000.0,-10000.0,0,1
100000002175422100,2026-07-16,2,1,30000.0,10000.0,20000.0,2,1
100000002175422100,2026-07-18,2,0,28500.0,0.0,28500.0,2,0
100000002175422100,2026-07-20,0,1,0.0,644992.0,-644992.0,0,1
100000002175422100,2026-07-21,0,1,0.0,160000.0,-160000.0,0,1
100000002175422100,2026-07-22,0,2,0.0,530000.0,-530000.0,0,1
100000002175422100,2026-07-23,1,0,10000.0,0.0,10000.0,1,0
100000002175422100,2026-07-24,0,2,0.0,141196.0,-141196.0,0,2
100000002175422100,2026-07-25,0,1,0.0,10000.0,-10000.0,0,1
100000002175422100,2026-07-28,0,3,0.0,45000.0,-45000.0,0,2
100000002182176100,2026-07-05,1,0,42465.0,0.0,42465.0,1,0
100000002184107100,2026-07-21,1,0,6066.0,0.0,6066.0,1,0
100000002185328100,2026-07-03,0,1,0.0,10000.0,-10000.0,0,1
100000002185328100,2026-07-07,1,0,15000.0,0.0,15000.0,1,0
100000002185328100,2026-07-23,0,1,0.0,20000.0,-20000.0,0,1
100000002185328100,2026-07-28,0,1,0.0,15000.0,-15000.0,0,1
100000002185328100,2026-07-31,0,1,0.0,10000.0,-10000.0,0,1
100000002188586100,2026-07-28,1,0,38310.0,0.0,38310.0,1,0
100000002188829100,2026-07-26,1,0,400000.0,0.0,400000.0,1,0
100000002193259100,2026-07-08,1,1,40000.0,40000.0,0.0,1,1
100000002193259100,2026-07-09,1,0,8000.0,0.0,8000.0,1,0
100000002193259100,2026-07-15,0,1,0.0,9500.0,-9500.0,0,1
100000002193259100,2026-07-17,0,1,0.0,8500.0,-8500.0,0,1
100000002194320100,2026-07-05,1,0,275000.0,0.0,275000.0,1,0
100000002194329100,2026-07-22,1,0,25170.0,0.0,25170.0,1,0
100000002199091100,2026-07-23,1,0,65000.0,0.0,65000.0,1,0
100000002205022100,2026-07-17,0,1,0.0,500000.0,-500000.0,0,1
100000002205022100,2026-07-20,1,0,7100.0,0.0,7100.0,1,0
100000002205022100,2026-07-22,0,1,0.0,6000.0,-6000.0,0,1
100000002205022100,2026-07-28,0,1,0.0,12000.0,-12000.0,0,1
100000002208836100,2026-07-31,1,0,90000.0,0.0,90000.0,1,0
100000002211413100,2026-07-28,1,0,37000.0,0.0,37000.0,1,0
100000002212494100,2026-07-21,1,0,160000.0,0.0,160000.0,1,0
100000002214207100,2026-07-19,1,0,97000.0,0.0,97000.0,1,0
100000002214301100,2026-07-01,1,0,21438.0,0.0,21438.0,1,0
100000002214301100,2026-07-20,0,1,0.0,8000.0,-8000.0,0,1
100000002214383100,2026-07-23,1,0,213000.0,0.0,213000.0,1,0
100000002214570100,2026-07-13,1,0,26471.0,0.0,26471.0,1,0
100000002214664100,2026-07-30,1,2,7950.0,76950.0,-69000.0,1,1
100000002216999100,2026-07-20,1,0,23677.0,0.0,23677.0,1,0
100000002217161100,2026-07-02,1,0,45350.0,0.0,45350.0,1,0
100000002217161100,2026-07-05,1,0,65000.0,0.0,65000.0,1,0
100000002217161100,2026-07-06,1,2,40000.0,39000.0,1000.0,1,1
100000002217161100,2026-07-07,1,0,20000.0,0.0,20000.0,1,0
100000002217161100,2026-07-10,1,2,15000.0,25000.0,-10000.0,1,2
100000002217161100,2026-07-12,0,2,0.0,240000.0,-240000.0,0,1
100000002217161100,2026-07-13,2,0,10500.0,0.0,10500.0,1,0
100000002217161100,2026-07-14,2,0,76000.0,0.0,76000.0,1,0
100000002217161100,2026-07-16,0,2,0.0,408000.0,-408000.0,0,2
100000002217161100,2026-07-17,1,0,10000.0,0.0,10000.0,1,0
100000002217161100,2026-07-18,1,2,10000.0,29000.0,-19000.0,1,1
100000002217161100,2026-07-20,1,0,5000.0,0.0,5000.0,1,0
100000002217161100,2026-07-21,0,2,0.0,46066.0,-46066.0,0,2
100000002217161100,2026-07-22,0,2,0.0,36066.0,-36066.0,0,2
100000002217161100,2026-07-23,1,0,25000.0,0.0,25000.0,1,0
100000002217161100,2026-07-24,0,1,0.0,70000.0,-70000.0,0,1
100000002217161100,2026-07-25,1,0,30000.0,0.0,30000.0,1,0
100000002217161100,2026-07-27,0,1,0.0,10000.0,-10000.0,0,1
100000002217161100,2026-07-28,0,1,0.0,50000.0,-50000.0,0,1
100000002217161100,2026-07-30,1,1,52900.0,34000.0,18900.0,1,1
100000002217161100,2026-07-31,0,1,0.0,8000.0,-8000.0,0,1
100000002217806100,2026-07-05,1,0,5000.0,0.0,5000.0,1,0
100000002217806100,2026-07-20,1,0,50000.0,0.0,50000.0,1,0
100000002224132100,2026-07-02,0,3,0.0,2500000.0,-2500000.0,0,3
100000002224132100,2026-07-03,0,2,0.0,700000.0,-700000.0,0,2
100000002224132100,2026-07-04,1,2,60000.0,400000.0,-340000.0,1,2
100000002224132100,2026-07-06,0,1,0.0,200000.0,-200000.0,0,1
100000002224132100,2026-07-08,1,6,571825.0,4380000.0,-3808175.0,1,4
100000002224132100,2026-07-09,1,0,136450.0,0.0,136450.0,1,0
100000002224132100,2026-07-10,0,1,0.0,320000.0,-320000.0,0,1
100000002224132100,2026-07-12,2,0,480300.0,0.0,480300.0,2,0
100000002224132100,2026-07-14,0,1,0.0,5000.0,-5000.0,0,1
100000002224132100,2026-07-16,1,4,510000.0,3200000.0,-2690000.0,1,2
100000002224132100,2026-07-20,0,1,0.0,110000.0,-110000.0,0,1
100000002224132100,2026-07-22,1,0,159670.0,0.0,159670.0,1,0
100000002224132100,2026-07-26,1,0,629255.0,0.0,629255.0,1,0
100000002224132100,2026-07-27,1,4,247720.0,300000.0,-52280.0,1,1
100000002224132100,2026-07-29,1,0,1155800.0,0.0,1155800.0,1,0
100000002227960100,2026-07-08,1,0,10000.0,0.0,10000.0,1,0
100000002227989100,2026-07-23,1,0,20000.0,0.0,20000.0,1,0
100000002229615100,2026-07-08,1,0,25000.0,0.0,25000.0,1,0
100000002231144100,2026-07-28,1,0,15000.0,0.0,15000.0,1,0
100000002232266100,2026-07-19,1,0,45000.0,0.0,45000.0,1,0
100000002236528100,2026-07-10,1,0,66000.0,0.0,66000.0,1,0
100000002241986100,2026-07-02,0,1,0.0,150000.0,-150000.0,0,1
100000002241986100,2026-07-08,0,1,0.0,150000.0,-150000.0,0,1
100000002241986100,2026-07-10,0,1,0.0,100000.0,-100000.0,0,1
100000002241986100,2026-07-11,0,1,0.0,6500.0,-6500.0,0,1
100000002241986100,2026-07-14,0,1,0.0,100000.0,-100000.0,0,1
100000002241986100,2026-07-15,0,1,0.0,500000.0,-500000.0,0,1
100000002241986100,2026-07-17,0,1,0.0,1000000.0,-1000000.0,0,1
100000002241986100,2026-07-21,0,1,0.0,20500.0,-20500.0,0,1
100000002241986100,2026-07-22,0,2,0.0,520000.0,-520000.0,0,2
100000002241986100,2026-07-28,0,1,0.0,500000.0,-500000.0,0,1
100000002241986100,2026-07-29,0,1,0.0,30000.0,-30000.0,0,1
100000002241986100,2026-07-31,1,0,280000.0,0.0,280000.0,1,0
100000002242066100,2026-07-03,1,0,60000.0,0.0,60000.0,1,0
100000002242455100,2026-07-03,1,0,110000.0,0.0,110000.0,1,0
100000002243354100,2026-07-15,1,0,20879.0,0.0,20879.0,1,0
100000002255058100,2026-07-13,1,0,8500.0,0.0,8500.0,1,0
100000002255058100,2026-07-24,1,0,483000.0,0.0,483000.0,1,0
100000002257794100,2026-07-13,1,0,154000.0,0.0,154000.0,1,0
100000002258492100,2026-07-07,1,0,9000.0,0.0,9000.0,1,0
100000002267998100,2026-07-02,0,1,0.0,50000.0,-50000.0,0,1
100000002267998100,2026-07-05,0,1,0.0,35000.0,-35000.0,0,1
100000002267998100,2026-07-06,0,1,0.0,50000.0,-50000.0,0,1
100000002267998100,2026-07-09,1,2,200000.0,250000.0,-50000.0,1,2
100000002267998100,2026-07-11,0,2,0.0,500000.0,-500000.0,0,1
100000002267998100,2026-07-12,1,0,50000.0,0.0,50000.0,1,0
100000002267998100,2026-07-18,0,2,0.0,100000.0,-100000.0,0,1
100000002267998100,2026-07-19,1,0,120000.0,0.0,120000.0,1,0
100000002267998100,2026-07-23,1,0,50000.0,0.0,50000.0,1,0
100000002267998100,2026-07-24,0,1,0.0,70000.0,-70000.0,0,1
100000002267998100,2026-07-26,0,1,0.0,30000.0,-30000.0,0,1
100000002267998100,2026-07-28,0,1,0.0,30000.0,-30000.0,0,1
100000002284426100,2026-07-08,1,0,40000.0,0.0,40000.0,1,0
100000002284426100,2026-07-21,1,0,50000.0,0.0,50000.0,1,0
100000002289937100,2026-07-02,1,0,20000.0,0.0,20000.0,1,0
100000002293421100,2026-07-01,0,1,0.0,7000.0,-7000.0,0,1
100000002293421100,2026-07-05,0,1,0.0,15000.0,-15000.0,0,1
100000002293421100,2026-07-09,1,0,5000.0,0.0,5000.0,1,0
100000002293421100,2026-07-12,0,1,0.0,10000.0,-10000.0,0,1
100000002293421100,2026-07-17,1,0,10000.0,0.0,10000.0,1,0
100000002293421100,2026-07-18,1,1,5000.0,10000.0,-5000.0,1,1
100000002293421100,2026-07-24,2,0,16000.0,0.0,16000.0,1,0
100000002293421100,2026-07-31,1,1,5000.0,5000.0,0.0,1,1
100000002299948100,2026-07-11,1,0,6750.0,0.0,6750.0,1,0
100000002301828100,2026-07-19,1,0,46977.0,0.0,46977.0,1,0
100000002304943100,2026-07-07,1,0,15000.0,0.0,15000.0,1,0
100000002305007100,2026-07-13,1,0,56000.0,0.0,56000.0,1,0
100000002305477100,2026-07-18,1,0,20000.0,0.0,20000.0,1,0
100000002306369100,2026-07-01,1,0,73166.0,0.0,73166.0,1,0
100000002306369100,2026-07-18,0,1,0.0,51000.0,-51000.0,0,1
100000002306369100,2026-07-22,0,5,0.0,134000.0,-134000.0,0,2
100000002306369100,2026-07-23,0,2,0.0,40900.0,-40900.0,0,2
100000002306369100,2026-07-24,0,1,0.0,35000.0,-35000.0,0,1
100000002308091100,2026-07-07,1,0,186720.0,0.0,186720.0,1,0
100000002320495100,2026-07-08,1,0,13526.27,0.0,13526.27,1,0
100000002324543100,2026-07-19,1,0,30202.0,0.0,30202.0,1,0
100000002335358100,2026-07-03,1,0,65000.0,0.0,65000.0,1,0
100000002335358100,2026-07-04,1,0,75000.0,0.0,75000.0,1,0
100000002340562100,2026-07-11,1,0,18500.0,0.0,18500.0,1,0
100000002340562100,2026-07-19,1,0,18150.0,0.0,18150.0,1,0
100000002343825100,2026-07-14,2,1,250000.0,50000.0,200000.0,2,1
100000002343825100,2026-07-15,2,0,100000.0,0.0,100000.0,2,0
100000002343825100,2026-07-21,0,1,0.0,39800.0,-39800.0,0,1
100000002346166100,2026-07-23,1,0,6000.0,0.0,6000.0,1,0
100000002356167100,2026-07-03,1,1,300000.0,5500.0,294500.0,1,1
100000002356167100,2026-07-12,0,1,0.0,14000.0,-14000.0,0,1
100000002356167100,2026-07-13,0,1,0.0,10000.0,-10000.0,0,1
100000002369443100,2026-07-27,1,0,50000.0,0.0,50000.0,1,0
100000002369454100,2026-07-17,1,0,25000.0,0.0,25000.0,1,0
100000002369510100,2026-07-31,1,0,37150.0,0.0,37150.0,1,0
100000002369874100,2026-07-29,4,0,600000.0,0.0,600000.0,4,0
100000002371751100,2026-07-10,1,0,30000.0,0.0,30000.0,1,0
100000002371751100,2026-07-11,3,0,120000.0,0.0,120000.0,1,0
100000002371751100,2026-07-12,1,0,50000.0,0.0,50000.0,1,0
100000002371751100,2026-07-13,0,1,0.0,250000.0,-250000.0,0,1
100000002371892100,2026-07-21,1,0,43830.0,0.0,43830.0,1,0
100000002373144100,2026-07-13,1,0,46468.0,0.0,46468.0,1,0
100000002373144100,2026-07-18,0,1,0.0,10764.0,-10764.0,0,1
100000002373386100,2026-07-29,1,0,24000.0,0.0,24000.0,1,0
100000002380341100,2026-07-01,1,0,57566.4,0.0,57566.4,1,0
100000002391278100,2026-07-15,1,0,5000.0,0.0,5000.0,1,0
100000002391278100,2026-07-16,0,1,0.0,23700.0,-23700.0,0,1
100000002391278100,2026-07-18,2,0,15000.0,0.0,15000.0,1,0
100000002391278100,2026-07-19,0,1,0.0,29000.0,-29000.0,0,1
100000002391278100,2026-07-20,1,0,5000.0,0.0,5000.0,1,0
100000002391278100,2026-07-27,1,0,5000.0,0.0,5000.0,1,0
100000002394199100,2026-07-02,1,0,100000.0,0.0,100000.0,1,0
100000002394199100,2026-07-03,1,0,100000.0,0.0,100000.0,1,0
100000002394199100,2026-07-13,1,1,77398.0,76777.0,621.0,1,1
100000002398779100,2026-07-06,3,0,259955.0,0.0,259955.0,2,0
100000002398779100,2026-07-07,7,0,104218.0,0.0,104218.0,3,0
100000002398779100,2026-07-08,2,1,21000.0,54000.0,-33000.0,1,1
100000002398779100,2026-07-09,12,1,537607.0,5000.0,532607.0,7,1
100000002398779100,2026-07-10,4,1,172910.0,7000.0,165910.0,3,1
100000002404112100,2026-07-30,1,0,60000.0,0.0,60000.0,1,0
100000002432143100,2026-07-08,1,0,81310.0,0.0,81310.0,1,0
100000002433697100,2026-07-03,1,1,130000.0,110000.0,20000.0,1,1
100000002435265100,2026-07-05,1,0,14150.0,0.0,14150.0,1,0
100000002435265100,2026-07-12,1,0,109478.0,0.0,109478.0,1,0
100000002435265100,2026-07-21,1,0,9000.0,0.0,9000.0,1,0
100000002443664100,2026-07-26,3,0,556880.0,0.0,556880.0,3,0
100000002445750100,2026-07-01,0,1,0.0,10000.0,-10000.0,0,1
100000002445750100,2026-07-05,1,0,70000.0,0.0,70000.0,1,0
100000002448088100,2026-07-03,1,0,10000.0,0.0,10000.0,1,0
100000002448088100,2026-07-08,2,1,10000.0,25000.0,-15000.0,2,1
100000002454724100,2026-07-13,1,0,50000.0,0.0,50000.0,1,0
100000002454724100,2026-07-14,1,0,50000.0,0.0,50000.0,1,0
100000002454724100,2026-07-15,1,0,25000.0,0.0,25000.0,1,0
100000002457464100,2026-07-25,1,0,66647.0,0.0,66647.0,1,0
100000002459093100,2026-07-04,0,1,0.0,10000.0,-10000.0,0,1
100000002459093100,2026-07-07,0,2,0.0,45000.0,-45000.0,0,1
100000002459093100,2026-07-16,1,0,200000.0,0.0,200000.0,1,0
100000002459093100,2026-07-20,1,0,300000.0,0.0,300000.0,1,0
100000002459163100,2026-07-17,1,0,20180.0,0.0,20180.0,1,0
100000002459164100,2026-07-31,1,0,20000.0,0.0,20000.0,1,0
100000002459240100,2026-07-03,1,0,150000.0,0.0,150000.0,1,0
100000002459832100,2026-07-09,1,0,580606.0,0.0,580606.0,1,0
100000002459832100,2026-07-23,1,0,300000.0,0.0,300000.0,1,0
100000002462183100,2026-07-04,1,0,25000.0,0.0,25000.0,1,0
100000002462183100,2026-07-07,1,0,24500.0,0.0,24500.0,1,0
100000002462183100,2026-07-13,1,0,58000.0,0.0,58000.0,1,0
100000002469065100,2026-07-07,1,0,200000.0,0.0,200000.0,1,0
100000002472632100,2026-07-10,0,1,0.0,20000.0,-20000.0,0,1
100000002472632100,2026-07-18,2,0,192900.0,0.0,192900.0,1,0
100000002472632100,2026-07-21,1,0,309500.0,0.0,309500.0,1,0
100000002474570100,2026-07-24,1,0,6750.0,0.0,6750.0,1,0
100000002475601100,2026-07-09,1,0,232301.0,0.0,232301.0,1,0
100000002478829100,2026-07-07,1,0,34000.0,0.0,34000.0,1,0
100000002479804100,2026-07-10,0,1,0.0,12300.0,-12300.0,0,1
100000002479804100,2026-07-15,1,0,46000.0,0.0,46000.0,1,0
100000002479804100,2026-07-16,0,1,0.0,23000.0,-23000.0,0,1
100000002480800100,2026-07-21,2,0,569251.0,0.0,569251.0,2,0
100000002481735100,2026-07-07,1,0,15000.0,0.0,15000.0,1,0
100000002481735100,2026-07-29,1,0,7436.0,0.0,7436.0,1,0
100000002481974100,2026-07-02,1,0,25000.0,0.0,25000.0,1,0
100000002481974100,2026-07-10,1,0,64447.0,0.0,64447.0,1,0
100000002481974100,2026-07-11,0,2,0.0,59000.0,-59000.0,0,2
100000002481974100,2026-07-17,0,1,0.0,250000.0,-250000.0,0,1
100000002481974100,2026-07-18,0,1,0.0,9000.0,-9000.0,0,1
100000002487222100,2026-07-04,1,0,60000.0,0.0,60000.0,1,0
100000002487222100,2026-07-05,1,0,30000.0,0.0,30000.0,1,0
100000002488629100,2026-07-29,1,0,73050.0,0.0,73050.0,1,0
100000002489253100,2026-07-14,1,0,51000.0,0.0,51000.0,1,0
100000002492277100,2026-07-31,1,0,138500.0,0.0,138500.0,1,0
100000002505277100,2026-07-08,1,0,60000.0,0.0,60000.0,1,0
100000002506987100,2026-07-12,1,0,28200.0,0.0,28200.0,1,0
100000002508637100,2026-07-15,1,0,306410.0,0.0,306410.0,1,0
100000002508637100,2026-07-27,0,1,0.0,8000.0,-8000.0,0,1
100000002509598100,2026-07-18,1,0,305550.0,0.0,305550.0,1,0
100000002511581100,2026-07-07,1,0,17600.0,0.0,17600.0,1,0
100000002511825100,2026-07-01,1,0,65000.0,0.0,65000.0,1,0
100000002512742100,2026-07-26,1,0,6000.0,0.0,6000.0,1,0
100000002513028100,2026-07-03,0,1,0.0,10000.0,-10000.0,0,1
100000002513028100,2026-07-05,0,3,0.0,44000.0,-44000.0,0,2
100000002513028100,2026-07-07,0,1,0.0,8000.0,-8000.0,0,1
100000002513028100,2026-07-08,0,2,0.0,10000.0,-10000.0,0,1
100000002513028100,2026-07-09,0,2,0.0,55000.0,-55000.0,0,1
100000002513028100,2026-07-10,0,2,0.0,52710.0,-52710.0,0,2
100000002513028100,2026-07-13,0,2,0.0,27000.0,-27000.0,0,1
100000002513028100,2026-07-19,0,1,0.0,5000.0,-5000.0,0,1
100000002513028100,2026-07-20,0,1,0.0,5000.0,-5000.0,0,1
100000002513028100,2026-07-22,0,2,0.0,35000.0,-35000.0,0,1
100000002513028100,2026-07-24,0,1,0.0,5000.0,-5000.0,0,1
100000002513028100,2026-07-26,0,2,0.0,14999.0,-14999.0,0,2
100000002513028100,2026-07-27,0,1,0.0,5000.0,-5000.0,0,1
100000002513028100,2026-07-28,0,2,0.0,16000.0,-16000.0,0,1
100000002513028100,2026-07-29,0,1,0.0,40000.0,-40000.0,0,1
100000002513028100,2026-07-31,1,0,9500.0,0.0,9500.0,1,0
100000002514975100,2026-07-25,1,0,17920.0,0.0,17920.0,1,0
100000002516862100,2026-07-05,2,0,19000.0,0.0,19000.0,1,0
100000002516862100,2026-07-10,1,0,46710.0,0.0,46710.0,1,0
100000002516862100,2026-07-28,2,0,16000.0,0.0,16000.0,1,0
100000002521039100,2026-07-20,1,0,349370.0,0.0,349370.0,1,0
100000002527114100,2026-07-01,0,5,0.0,180965.0,-180965.0,0,5
100000002527114100,2026-07-02,0,3,0.0,79894.0,-79894.0,0,3
100000002527114100,2026-07-03,0,6,0.0,94579.0,-94579.0,0,6
100000002527114100,2026-07-04,1,1,25000.0,25000.0,0.0,1,1
100000002527114100,2026-07-06,0,5,0.0,168549.0,-168549.0,0,5
100000002527114100,2026-07-07,0,2,0.0,43288.0,-43288.0,0,2
100000002527114100,2026-07-08,0,4,0.0,186513.0,-186513.0,0,4
100000002527114100,2026-07-09,1,7,30000.0,176474.0,-146474.0,1,7
100000002527114100,2026-07-10,0,3,0.0,92945.0,-92945.0,0,3
100000002527114100,2026-07-13,0,5,0.0,120737.0,-120737.0,0,4
100000002527114100,2026-07-14,0,3,0.0,87344.0,-87344.0,0,3
100000002527114100,2026-07-15,0,10,0.0,193365.0,-193365.0,0,10
100000002527114100,2026-07-16,0,4,0.0,88995.0,-88995.0,0,4
100000002527114100,2026-07-17,0,1,0.0,52208.0,-52208.0,0,1
100000002527114100,2026-07-18,0,5,0.0,92611.0,-92611.0,0,5
100000002527114100,2026-07-20,1,9,9000.0,307580.0,-298580.0,1,9
100000002527114100,2026-07-21,0,2,0.0,56295.0,-56295.0,0,2
100000002527114100,2026-07-22,0,11,0.0,411200.0,-411200.0,0,11
100000002527114100,2026-07-23,1,6,65000.0,162807.0,-97807.0,1,6
100000002527114100,2026-07-24,0,3,0.0,67386.0,-67386.0,0,3
100000002527114100,2026-07-27,0,3,0.0,96744.0,-96744.0,0,3
100000002527114100,2026-07-28,0,4,0.0,124322.0,-124322.0,0,4
100000002527114100,2026-07-29,0,2,0.0,65020.0,-65020.0,0,2
100000002527114100,2026-07-30,0,5,0.0,118765.0,-118765.0,0,5
100000002527114100,2026-07-31,0,4,0.0,195663.0,-195663.0,0,4
100000002528544100,2026-07-10,1,0,192912.0,0.0,192912.0,1,0
100000002528978100,2026-07-26,1,0,15900.0,0.0,15900.0,1,0
100000002529877100,2026-07-27,1,0,232000.0,0.0,232000.0,1,0
100000002529880100,2026-07-17,2,0,147000.0,0.0,147000.0,2,0
100000002530224100,2026-07-22,1,0,113000.0,0.0,113000.0,1,0
100000002531406100,2026-07-08,0,1,0.0,500000.0,-500000.0,0,1
100000002531406100,2026-07-09,1,0,520000.0,0.0,520000.0,1,0
100000002534091100,2026-07-23,1,0,22200.0,0.0,22200.0,1,0
100000002537811100,2026-07-01,0,1,0.0,15000.0,-15000.0,0,1
100000002537811100,2026-07-09,1,0,52000.0,0.0,52000.0,1,0
100000002539625100,2026-07-16,1,0,94700.0,0.0,94700.0,1,0
100000002540033100,2026-07-29,1,0,10000.0,0.0,10000.0,1,0
100000002540623100,2026-07-21,1,0,100000.0,0.0,100000.0,1,0
100000002546921100,2026-07-18,1,0,20000.0,0.0,20000.0,1,0
100000002547110100,2026-07-13,2,0,474000.0,0.0,474000.0,2,0
100000002547110100,2026-07-16,8,0,1026000.0,0.0,1026000.0,5,0
100000002548759100,2026-07-28,2,0,375000.0,0.0,375000.0,2,0
100000002550141100,2026-07-10,1,0,100586.0,0.0,100586.0,1,0
100000002554175100,2026-07-05,1,0,24621.0,0.0,24621.0,1,0
100000002556775100,2026-07-16,1,0,300000.0,0.0,300000.0,1,0
100000002558173100,2026-07-23,1,0,9300.0,0.0,9300.0,1,0
100000002559089100,2026-07-29,2,0,715000.0,0.0,715000.0,2,0
100000002565277100,2026-07-27,1,0,483319.0,0.0,483319.0,1,0
100000002566204100,2026-07-21,1,0,80805.0,0.0,80805.0,1,0
100000002567887100,2026-07-16,1,0,50915.0,0.0,50915.0,1,0
100000002570206100,2026-07-08,1,0,85812.6,0.0,85812.6,1,0
100000002570206100,2026-07-23,1,0,81147.0,0.0,81147.0,1,0
100000002575080100,2026-07-08,1,1,13000.0,12500.0,500.0,1,1
100000002578405100,2026-07-01,0,6,0.0,220000.0,-220000.0,0,6
100000002578405100,2026-07-02,0,7,0.0,186600.0,-186600.0,0,6
100000002578405100,2026-07-03,0,5,0.0,132900.0,-132900.0,0,5
100000002578405100,2026-07-05,0,1,0.0,48700.0,-48700.0,0,1
100000002578405100,2026-07-07,0,6,0.0,110300.0,-110300.0,0,6
100000002578405100,2026-07-08,1,9,320072.0,181250.0,138822.0,1,9
100000002578405100,2026-07-09,0,6,0.0,105125.0,-105125.0,0,6
100000002578405100,2026-07-10,0,7,0.0,214680.0,-214680.0,0,7
100000002578405100,2026-07-13,1,9,198256.0,208200.0,-9944.0,1,9
100000002578405100,2026-07-14,0,6,0.0,248000.0,-248000.0,0,6
100000002578405100,2026-07-15,0,6,0.0,174350.0,-174350.0,0,6
100000002578405100,2026-07-16,0,4,0.0,92300.0,-92300.0,0,4
100000002578405100,2026-07-20,0,2,0.0,41277.0,-41277.0,0,2
100000002578405100,2026-07-21,1,6,320514.0,129120.0,191394.0,1,6
100000002578405100,2026-07-22,0,6,0.0,133350.0,-133350.0,0,6
100000002578405100,2026-07-23,2,5,120000.0,85100.0,34900.0,1,5
100000002578405100,2026-07-24,0,8,0.0,173450.0,-173450.0,0,8
100000002578405100,2026-07-27,0,4,0.0,109150.0,-109150.0,0,4
100000002578405100,2026-07-28,2,5,241509.0,140550.0,100959.0,1,5
100000002578405100,2026-07-29,0,3,0.0,142200.0,-142200.0,0,3
100000002578405100,2026-07-30,0,6,0.0,145100.0,-145100.0,0,6
100000002578405100,2026-07-31,0,3,0.0,86650.0,-86650.0,0,3
100000002578653100,2026-07-18,1,0,20000.0,0.0,20000.0,1,0
100000002580377100,2026-07-14,1,0,14100.0,0.0,14100.0,1,0
100000002580377100,2026-07-20,1,0,23650.0,0.0,23650.0,1,0
100000002580377100,2026-07-23,0,1,0.0,5000.0,-5000.0,0,1
100000002581346100,2026-07-24,1,0,166400.0,0.0,166400.0,1,0
100000002589019100,2026-07-11,1,0,34710.0,0.0,34710.0,1,0
100000002591469100,2026-07-16,1,0,235670.0,0.0,235670.0,1,0
100000002592567100,2026-07-05,1,0,5297.0,0.0,5297.0,1,0
100000002592567100,2026-07-12,0,1,0.0,40000.0,-40000.0,0,1
100000002592567100,2026-07-16,0,1,0.0,8600.0,-8600.0,0,1
100000002593038100,2026-07-09,1,0,28500.0,0.0,28500.0,1,0
100000002593344100,2026-07-29,2,0,431000.0,0.0,431000.0,2,0
100000002594214100,2026-07-17,1,0,1000000.0,0.0,1000000.0,1,0
100000002596035100,2026-07-16,1,0,231570.0,0.0,231570.0,1,0
100000002596039100,2026-07-16,1,0,280000.0,0.0,280000.0,1,0
100000002597003100,2026-07-08,0,1,0.0,11000.0,-11000.0,0,1
100000002597003100,2026-07-17,1,0,17700.0,0.0,17700.0,1,0
100000002597074100,2026-07-24,1,0,8000.0,0.0,8000.0,1,0
100000002597623100,2026-07-20,1,0,16418.0,0.0,16418.0,1,0
100000002599729100,2026-07-28,1,0,50000.0,0.0,50000.0,1,0
100000002599729100,2026-07-29,1,0,15000.0,0.0,15000.0,1,0
100000002600345100,2026-07-06,1,0,5000.0,0.0,5000.0,1,0
100000002600345100,2026-07-08,1,0,47400.0,0.0,47400.0,1,0
100000002603371100,2026-07-03,1,0,9300.0,0.0,9300.0,1,0
100000002603478100,2026-07-15,1,0,23500.0,0.0,23500.0,1,0
100000002603769100,2026-07-08,1,0,276400.0,0.0,276400.0,1,0
100000002603769100,2026-07-11,1,0,149968.0,0.0,149968.0,1,0
100000002603769100,2026-07-14,1,0,759000.0,0.0,759000.0,1,0
100000002605184100,2026-07-29,1,0,140000.0,0.0,140000.0,1,0
100000002605308100,2026-07-24,3,0,1500000.0,0.0,1500000.0,1,0
100000002605308100,2026-07-26,3,0,1000000.0,0.0,1000000.0,1,0
100000002605308100,2026-07-29,1,0,69521.84,0.0,69521.84,1,0
100000002605548100,2026-07-12,1,0,23215.0,0.0,23215.0,1,0
100000002605548100,2026-07-20,1,0,93480.0,0.0,93480.0,1,0
100000002606567100,2026-07-08,0,1,0.0,53000.0,-53000.0,0,1
100000002606567100,2026-07-09,1,0,14095.0,0.0,14095.0,1,0
100000002609774100,2026-07-07,0,1,0.0,27500.0,-27500.0,0,1
100000002609774100,2026-07-19,1,0,7700.0,0.0,7700.0,1,0
100000002611334100,2026-07-02,1,0,48288.0,0.0,48288.0,1,0
100000002611334100,2026-07-29,0,1,0.0,15500.0,-15500.0,0,1
100000002612809100,2026-07-22,0,1,0.0,39000.0,-39000.0,0,1
100000002612809100,2026-07-25,1,0,15000.0,0.0,15000.0,1,0
100000002612809100,2026-07-27,1,0,15000.0,0.0,15000.0,1,0
100000002612809100,2026-07-28,0,1,0.0,15000.0,-15000.0,0,1
100000002612809100,2026-07-31,0,2,0.0,60000.0,-60000.0,0,2
100000002613776100,2026-07-10,1,0,15000.0,0.0,15000.0,1,0
100000002613776100,2026-07-11,1,0,15000.0,0.0,15000.0,1,0
100000002613929100,2026-07-23,1,0,28560.0,0.0,28560.0,1,0
100000002614095100,2026-07-09,1,0,5300.0,0.0,5300.0,1,0
100000002615479100,2026-07-17,1,0,220000.0,0.0,220000.0,1,0
100000002618492100,2026-07-14,1,0,178000.0,0.0,178000.0,1,0
100000002618492100,2026-07-21,1,0,118500.0,0.0,118500.0,1,0
100000002621434100,2026-07-25,1,0,81000.0,0.0,81000.0,1,0
100000002621915100,2026-07-23,1,0,5000.0,0.0,5000.0,1,0
100000002621949100,2026-07-24,1,0,164612.0,0.0,164612.0,1,0
100000002622822100,2026-07-31,1,0,750000.0,0.0,750000.0,1,0
100000002628146100,2026-07-30,2,0,30500.0,0.0,30500.0,1,0
100000002628576100,2026-07-25,1,0,93297.0,0.0,93297.0,1,0
100000002628576100,2026-07-31,2,2,634585.0,539000.0,95585.0,1,2
100000002632742100,2026-07-17,1,0,135500.0,0.0,135500.0,1,0
100000002632742100,2026-07-31,1,0,100000.0,0.0,100000.0,1,0
100000002633108100,2026-07-04,1,0,162000.0,0.0,162000.0,1,0
100000002633108100,2026-07-08,1,0,65000.0,0.0,65000.0,1,0
100000002633108100,2026-07-16,1,0,93000.0,0.0,93000.0,1,0
100000002633701100,2026-07-31,1,0,266850.0,0.0,266850.0,1,0
100000002635746100,2026-07-30,1,0,5300.0,0.0,5300.0,1,0
100000002635780100,2026-07-27,1,0,163000.02,0.0,163000.02,1,0
100000002644285100,2026-07-04,1,0,500000.0,0.0,500000.0,1,0
100000002645046100,2026-07-28,1,0,12000.0,0.0,12000.0,1,0
100000002645609100,2026-07-01,1,0,23766.68,0.0,23766.68,1,0
100000002645609100,2026-07-03,1,0,55830.0,0.0,55830.0,1,0
100000002645609100,2026-07-08,1,0,46987.0,0.0,46987.0,1,0
100000002645609100,2026-07-13,1,0,46670.0,0.0,46670.0,1,0
100000002645609100,2026-07-24,1,0,373567.0,0.0,373567.0,1,0
100000002645993100,2026-07-07,4,8,49650.0,78130.0,-28480.0,2,4
100000002645993100,2026-07-09,0,1,0.0,8850.0,-8850.0,0,1
100000002646745100,2026-07-10,1,0,12300.0,0.0,12300.0,1,0
100000002646887100,2026-07-09,1,0,24354.0,0.0,24354.0,1,0
100000002648315100,2026-07-17,1,0,132000.0,0.0,132000.0,1,0
100000002648315100,2026-07-21,0,1,0.0,12000.0,-12000.0,0,1
100000002648315100,2026-07-23,0,1,0.0,46000.0,-46000.0,0,1
100000002648315100,2026-07-25,0,1,0.0,18000.0,-18000.0,0,1
100000002653187100,2026-07-31,1,0,15000.0,0.0,15000.0,1,0
100000002653948100,2026-07-03,1,0,85200.0,0.0,85200.0,1,0
100000002659103100,2026-07-07,1,0,165000.0,0.0,165000.0,1,0
100000002659265100,2026-07-27,1,0,141000.0,0.0,141000.0,1,0
100000002660298100,2026-07-23,1,0,30900.0,0.0,30900.0,1,0
100000002662768100,2026-07-27,1,0,84300.0,0.0,84300.0,1,0
100000002663511100,2026-07-13,1,0,268940.0,0.0,268940.0,1,0
100000002666248100,2026-07-20,1,0,70032.0,0.0,70032.0,1,0
100000002670463100,2026-07-25,1,0,31500.0,0.0,31500.0,1,0
100000002670860100,2026-07-04,1,0,250000.0,0.0,250000.0,1,0
100000002670860100,2026-07-21,1,0,200000.0,0.0,200000.0,1,0
100000002670960100,2026-07-01,1,0,480310.0,0.0,480310.0,1,0
100000002671326100,2026-07-13,1,0,750000.0,0.0,750000.0,1,0
100000002671326100,2026-07-14,1,0,300000.0,0.0,300000.0,1,0
100000002671806100,2026-07-15,1,0,12440.0,0.0,12440.0,1,0
100000002677201100,2026-07-18,1,0,150000.0,0.0,150000.0,1,0
100000002677201100,2026-07-27,0,1,0.0,87750.0,-87750.0,0,1
100000002679516100,2026-07-01,1,0,36500.0,0.0,36500.0,1,0
100000002679516100,2026-07-12,1,0,36050.0,0.0,36050.0,1,0
100000002679516100,2026-07-13,1,0,29785.0,0.0,29785.0,1,0
100000002680477100,2026-07-27,1,0,25000.0,0.0,25000.0,1,0
100000002681449100,2026-07-02,1,1,11900.0,13000.0,-1100.0,1,1
100000002681449100,2026-07-13,0,1,0.0,120000.0,-120000.0,0,1
100000002681449100,2026-07-19,1,0,82738.0,0.0,82738.0,1,0
100000002681544100,2026-07-15,2,0,166072.0,0.0,166072.0,2,0
100000002686226100,2026-07-22,1,0,250000.0,0.0,250000.0,1,0
100000002686226100,2026-07-24,1,0,180000.0,0.0,180000.0,1,0
100000002689717100,2026-07-27,1,0,47500.0,0.0,47500.0,1,0
100000002691583100,2026-07-16,1,0,285200.0,0.0,285200.0,1,0
100000002691858100,2026-07-15,1,0,51500.0,0.0,51500.0,1,0
100000002692044100,2026-07-12,1,0,97000.0,0.0,97000.0,1,0
100000002692750100,2026-07-03,0,1,0.0,5000.0,-5000.0,0,1
100000002692750100,2026-07-05,0,1,0.0,35000.0,-35000.0,0,1
100000002692750100,2026-07-09,1,0,10000.0,0.0,10000.0,1,0
100000002692750100,2026-07-14,0,1,0.0,5000.0,-5000.0,0,1
100000002692750100,2026-07-17,1,0,10000.0,0.0,10000.0,1,0
100000002692750100,2026-07-22,0,1,0.0,5000.0,-5000.0,0,1
100000002692750100,2026-07-24,0,1,0.0,10000.0,-10000.0,0,1
100000002692750100,2026-07-26,0,1,0.0,5000.0,-5000.0,0,1
100000002692750100,2026-07-28,1,1,92830.0,5000.0,87830.0,1,1
100000002692750100,2026-07-30,0,1,0.0,7000.0,-7000.0,0,1
100000002695812100,2026-07-23,1,0,95000.0,0.0,95000.0,1,0
100000002696152100,2026-07-01,1,0,7800.0,0.0,7800.0,1,0
100000002696152100,2026-07-02,0,1,0.0,10000.0,-10000.0,0,1
100000002696152100,2026-07-12,1,0,9000.0,0.0,9000.0,1,0
100000002696152100,2026-07-14,0,1,0.0,5000.0,-5000.0,0,1
100000002696152100,2026-07-15,1,0,5000.0,0.0,5000.0,1,0
100000002696152100,2026-07-27,0,1,0.0,8000.0,-8000.0,0,1
100000002696152100,2026-07-28,0,1,0.0,20000.0,-20000.0,0,1
100000002696152100,2026-07-29,0,1,0.0,10000.0,-10000.0,0,1
100000002696152100,2026-07-30,0,2,0.0,11000.0,-11000.0,0,1
100000002696152100,2026-07-31,0,1,0.0,5000.0,-5000.0,0,1
100000002697752100,2026-07-06,1,0,90465.0,0.0,90465.0,1,0
100000002697752100,2026-07-10,1,0,100320.0,0.0,100320.0,1,0
100000002700161100,2026-07-21,1,0,39000.0,0.0,39000.0,1,0
100000002702968100,2026-07-13,1,0,31600.0,0.0,31600.0,1,0
100000002703376100,2026-07-05,1,0,46501.0,0.0,46501.0,1,0
100000002704875100,2026-07-17,1,0,90717.0,0.0,90717.0,1,0
100000002704875100,2026-07-18,1,0,21959.0,0.0,21959.0,1,0
100000002704875100,2026-07-19,1,0,101665.0,0.0,101665.0,1,0
100000002704875100,2026-07-21,1,0,30550.0,0.0,30550.0,1,0
100000002705460100,2026-07-02,1,0,95000.0,0.0,95000.0,1,0
100000002706810100,2026-07-29,1,0,45000.0,0.0,45000.0,1,0
100000002707106100,2026-07-08,1,0,10000.0,0.0,10000.0,1,0
100000002707106100,2026-07-14,1,0,5000.0,0.0,5000.0,1,0
100000002708624100,2026-07-24,1,0,25000.0,0.0,25000.0,1,0
100000002710570100,2026-07-15,1,0,225015.0,0.0,225015.0,1,0
100000002712416100,2026-07-14,1,0,15300.0,0.0,15300.0,1,0
100000002712416100,2026-07-22,1,0,101500.0,0.0,101500.0,1,0
100000002713074100,2026-07-10,2,0,700000.0,0.0,700000.0,2,0
100000002713074100,2026-07-22,0,1,0.0,250000.0,-250000.0,0,1
100000002713074100,2026-07-24,0,1,0.0,180000.0,-180000.0,0,1
100000002713974100,2026-07-11,1,0,50000.0,0.0,50000.0,1,0
100000002718366100,2026-07-03,1,0,21800.0,0.0,21800.0,1,0
100000002718366100,2026-07-07,1,0,419200.0,0.0,419200.0,1,0
100000002718366100,2026-07-18,2,0,355000.0,0.0,355000.0,2,0
100000002718366100,2026-07-27,2,0,470000.0,0.0,470000.0,2,0
100000002718366100,2026-07-28,4,0,1259000.0,0.0,1259000.0,3,0
100000002720627100,2026-07-21,1,0,199300.0,0.0,199300.0,1,0
100000002721825100,2026-07-08,1,0,11000.0,0.0,11000.0,1,0
100000002722108100,2026-07-19,1,0,400000.0,0.0,400000.0,1,0
100000002722108100,2026-07-20,1,0,400000.0,0.0,400000.0,1,0
100000002723439100,2026-07-02,1,0,10000.0,0.0,10000.0,1,0
100000002723439100,2026-07-27,1,0,8000.0,0.0,8000.0,1,0
100000002723538100,2026-07-06,0,1,0.0,24000.0,-24000.0,0,1
100000002723538100,2026-07-08,0,1,0.0,30000.0,-30000.0,0,1
100000002723538100,2026-07-10,0,1,0.0,25000.0,-25000.0,0,1
100000002723538100,2026-07-14,1,1,15000.0,19000.0,-4000.0,1,1
100000002723538100,2026-07-16,0,1,0.0,33000.0,-33000.0,0,1
100000002723538100,2026-07-19,0,1,0.0,38000.0,-38000.0,0,1
100000002723538100,2026-07-21,0,1,0.0,32000.0,-32000.0,0,1
100000002723538100,2026-07-22,1,3,70647.0,155000.0,-84353.0,1,3
100000002723538100,2026-07-23,1,2,20000.0,52400.0,-32400.0,1,2
100000002723538100,2026-07-24,0,1,0.0,60000.0,-60000.0,0,1
100000002723538100,2026-07-30,0,1,0.0,92099.0,-92099.0,0,1
100000002723674100,2026-07-08,1,0,30000.0,0.0,30000.0,1,0
100000002726055100,2026-07-31,1,0,10000.0,0.0,10000.0,1,0
100000002727288100,2026-07-18,1,0,16000.0,0.0,16000.0,1,0
100000002728246100,2026-07-27,1,0,10000.0,0.0,10000.0,1,0
100000002729875100,2026-07-21,1,0,76000.0,0.0,76000.0,1,0
100000002731501100,2026-07-02,0,1,0.0,300000.0,-300000.0,0,1
100000002731501100,2026-07-04,0,2,0.0,121960.0,-121960.0,0,2
100000002731501100,2026-07-07,0,1,0.0,25000.0,-25000.0,0,1
100000002731501100,2026-07-08,0,1,0.0,20000.0,-20000.0,0,1
100000002731501100,2026-07-09,0,1,0.0,12000.0,-12000.0,0,1
100000002731501100,2026-07-10,0,1,0.0,50000.0,-50000.0,0,1
100000002731501100,2026-07-12,3,0,28800.0,0.0,28800.0,3,0
100000002731501100,2026-07-14,0,1,0.0,20000.0,-20000.0,0,1
100000002731501100,2026-07-18,0,1,0.0,5000.0,-5000.0,0,1
100000002731501100,2026-07-19,0,1,0.0,5000.0,-5000.0,0,1
100000002731501100,2026-07-21,0,2,0.0,20000.0,-20000.0,0,2
100000002731501100,2026-07-23,1,0,141570.0,0.0,141570.0,1,0
100000002731501100,2026-07-25,0,3,0.0,110000.0,-110000.0,0,2
100000002731501100,2026-07-27,1,1,20000.0,25000.0,-5000.0,1,1
100000002731501100,2026-07-28,0,1,0.0,20000.0,-20000.0,0,1
100000002731501100,2026-07-29,1,2,30000.0,80000.0,-50000.0,1,2
100000002731501100,2026-07-30,1,1,350000.0,20000.0,330000.0,1,1
100000002733083100,2026-07-20,1,0,15200.0,0.0,15200.0,1,0
100000002733905100,2026-07-01,1,0,15000.0,0.0,15000.0,1,0
100000002733905100,2026-07-08,2,1,40000.0,155000.0,-115000.0,2,1
100000002733905100,2026-07-10,1,1,20000.0,80000.0,-60000.0,1,1
100000002733905100,2026-07-23,0,1,0.0,482839.0,-482839.0,0,1
100000002733905100,2026-07-24,1,0,25000.0,0.0,25000.0,1,0
100000002734815100,2026-07-25,1,0,110000.0,0.0,110000.0,1,0
100000002736033100,2026-07-09,1,0,34530.0,0.0,34530.0,1,0
100000002736033100,2026-07-29,0,1,0.0,11000.0,-11000.0,0,1
100000002736316100,2026-07-04,1,0,189690.0,0.0,189690.0,1,0
100000002736316100,2026-07-17,2,0,77231.0,0.0,77231.0,2,0
100000002737980100,2026-07-13,1,0,32900.0,0.0,32900.0,1,0
100000002738256100,2026-07-08,1,0,150200.0,0.0,150200.0,1,0
100000002738256100,2026-07-09,0,1,0.0,175000.0,-175000.0,0,1
100000002741024100,2026-07-01,0,1,0.0,7700.0,-7700.0,0,1
100000002741024100,2026-07-03,1,0,48785.0,0.0,48785.0,1,0
100000002741024100,2026-07-06,0,1,0.0,39086.0,-39086.0,0,1
100000002741024100,2026-07-07,1,0,10000.0,0.0,10000.0,1,0
100000002741024100,2026-07-09,1,1,26000.0,10000.0,16000.0,1,1
100000002741024100,2026-07-10,0,2,0.0,12052.0,-12052.0,0,2
100000002741024100,2026-07-11,1,0,5990.85,0.0,5990.85,1,0
100000002741024100,2026-07-13,1,0,10785.0,0.0,10785.0,1,0
100000002741024100,2026-07-14,2,1,166385.0,6151.0,160234.0,1,1
100000002741024100,2026-07-17,1,0,50035.0,0.0,50035.0,1,0
100000002741024100,2026-07-20,0,1,0.0,360000.0,-360000.0,0,1
100000002741024100,2026-07-31,1,0,500000.0,0.0,500000.0,1,0
100000002742067100,2026-07-30,1,0,12730.0,0.0,12730.0,1,0
100000002744581100,2026-07-21,1,0,12000.0,0.0,12000.0,1,0
100000002748040100,2026-07-14,1,0,18000.0,0.0,18000.0,1,0
100000002748180100,2026-07-07,0,1,0.0,140000.0,-140000.0,0,1
100000002748180100,2026-07-10,0,1,0.0,50000.0,-50000.0,0,1
100000002748180100,2026-07-14,1,1,9900.0,180000.0,-170100.0,1,1
100000002748180100,2026-07-20,0,1,0.0,34508.0,-34508.0,0,1
100000002748180100,2026-07-27,0,1,0.0,25000.0,-25000.0,0,1
100000002748180100,2026-07-31,0,4,0.0,250235.0,-250235.0,0,3
100000002748511100,2026-07-26,1,0,20000.0,0.0,20000.0,1,0
100000002748532100,2026-07-07,1,0,128783.0,0.0,128783.0,1,0
100000002748532100,2026-07-08,1,0,52192.0,0.0,52192.0,1,0
100000002748532100,2026-07-11,0,3,0.0,241510.0,-241510.0,0,1
100000002748532100,2026-07-12,0,2,0.0,242345.0,-242345.0,0,1
100000002748532100,2026-07-13,0,1,0.0,155050.0,-155050.0,0,1
100000002748532100,2026-07-24,0,1,0.0,7780.0,-7780.0,0,1
100000002748532100,2026-07-31,1,0,174600.0,0.0,174600.0,1,0
100000002748581100,2026-07-09,1,0,41180.0,0.0,41180.0,1,0
100000002748761100,2026-07-03,2,0,684300.0,0.0,684300.0,1,0
100000002748761100,2026-07-11,1,0,112500.0,0.0,112500.0,1,0
100000002750332100,2026-07-17,1,0,11360.0,0.0,11360.0,1,0
100000002750956100,2026-07-04,1,0,47416.0,0.0,47416.0,1,0
100000002752565100,2026-07-26,1,0,57000.0,0.0,57000.0,1,0
100000002753146100,2026-07-10,2,0,603500.0,0.0,603500.0,1,0
100000002753146100,2026-07-20,1,0,200040.0,0.0,200040.0,1,0
100000002755292100,2026-07-16,1,0,203400.0,0.0,203400.0,1,0
100000002757240100,2026-07-19,1,0,51183.0,0.0,51183.0,1,0
100000002757791100,2026-07-03,1,0,73050.0,0.0,73050.0,1,0
100000002757797100,2026-07-14,1,0,100000.0,0.0,100000.0,1,0
100000002760175100,2026-07-16,1,0,187410.0,0.0,187410.0,1,0
100000002762076100,2026-07-05,0,1,0.0,30000.0,-30000.0,0,1
100000002762076100,2026-07-09,1,0,89450.0,0.0,89450.0,1,0
100000002762076100,2026-07-13,1,0,50900.0,0.0,50900.0,1,0
100000002769809100,2026-07-14,1,0,113422.0,0.0,113422.0,1,0
100000002773323100,2026-07-15,2,0,285000.0,0.0,285000.0,2,0
100000002773323100,2026-07-30,0,1,0.0,1055661.0,-1055661.0,0,1
100000002773323100,2026-07-31,0,1,0.0,115983.0,-115983.0,0,1
100000002774456100,2026-07-02,1,0,50363.0,0.0,50363.0,1,0
100000002778085100,2026-07-04,1,0,66208.0,0.0,66208.0,1,0
100000002779485100,2026-07-01,1,0,81000.0,0.0,81000.0,1,0
100000002779485100,2026-07-12,1,0,10000.0,0.0,10000.0,1,0
100000002781227100,2026-07-01,1,0,30000.0,0.0,30000.0,1,0
100000002781227100,2026-07-11,1,0,60000.0,0.0,60000.0,1,0
100000002781227100,2026-07-12,2,2,20000.0,21000.0,-1000.0,1,1
100000002781227100,2026-07-13,1,0,55000.0,0.0,55000.0,1,0
100000002781227100,2026-07-17,0,2,0.0,40000.0,-40000.0,0,1
100000002781227100,2026-07-19,1,1,14000.0,14000.0,0.0,1,1
100000002781227100,2026-07-21,0,3,0.0,33420.0,-33420.0,0,3
100000002781227100,2026-07-23,1,1,7167.62,7000.0,167.62,1,1
100000002781227100,2026-07-24,0,1,0.0,97000.0,-97000.0,0,1
100000002781227100,2026-07-29,1,0,5000.0,0.0,5000.0,1,0
100000002784085100,2026-07-29,1,0,200000.0,0.0,200000.0,1,0
100000002791494100,2026-07-27,1,0,85860.0,0.0,85860.0,1,0
100000002793851100,2026-07-04,1,0,11052.0,0.0,11052.0,1,0
100000002793881100,2026-07-31,3,0,785600.0,0.0,785600.0,3,0
100000002794197100,2026-07-18,1,0,30100.0,0.0,30100.0,1,0
100000002794374100,2026-07-31,1,0,111000.0,0.0,111000.0,1,0
100000002796853100,2026-07-12,2,2,21000.0,20000.0,1000.0,1,1
100000002796853100,2026-07-17,2,0,40000.0,0.0,40000.0,1,0
100000002796853100,2026-07-19,1,1,14000.0,14000.0,0.0,1,1
100000002796853100,2026-07-21,1,0,20000.0,0.0,20000.0,1,0
100000002796853100,2026-07-23,1,1,7000.0,7167.62,-167.62,1,1
100000002796853100,2026-07-24,1,0,97000.0,0.0,97000.0,1,0
100000002796853100,2026-07-29,0,1,0.0,5000.0,-5000.0,0,1
100000002799941100,2026-07-23,1,0,600000.0,0.0,600000.0,1,0
100000002807334100,2026-07-05,1,0,54715.0,0.0,54715.0,1,0
100000002809568100,2026-07-05,1,0,10000.0,0.0,10000.0,1,0
100000002809896100,2026-07-04,1,0,38000.0,0.0,38000.0,1,0
100000002810870100,2026-07-02,1,0,33677.0,0.0,33677.0,1,0
100000002812641100,2026-07-20,1,0,10000.0,0.0,10000.0,1,0
100000002812641100,2026-07-21,0,1,0.0,7023.95,-7023.95,0,1
100000002815005100,2026-07-29,1,0,476500.0,0.0,476500.0,1,0
100000002818726100,2026-07-22,1,0,10879.0,0.0,10879.0,1,0
100000002820010100,2026-07-31,1,0,30000.0,0.0,30000.0,1,0
100000002821425100,2026-07-11,1,0,275000.0,0.0,275000.0,1,0
100000002822472100,2026-07-02,1,0,59407.0,0.0,59407.0,1,0
100000002822472100,2026-07-07,1,0,207315.0,0.0,207315.0,1,0
100000002824176100,2026-07-13,1,0,144000.0,0.0,144000.0,1,0
100000002826669100,2026-07-11,1,0,9900.0,0.0,9900.0,1,0
100000002826669100,2026-07-14,1,0,50000.0,0.0,50000.0,1,0
100000002826669100,2026-07-15,1,0,50000.0,0.0,50000.0,1,0
100000002826669100,2026-07-16,1,0,50000.0,0.0,50000.0,1,0
100000002830055100,2026-07-15,1,0,14000.0,0.0,14000.0,1,0
100000002831727100,2026-07-04,1,0,6000.0,0.0,6000.0,1,0
100000002831727100,2026-07-06,0,1,0.0,10000.0,-10000.0,0,1
100000002831727100,2026-07-10,0,1,0.0,47000.0,-47000.0,0,1
100000002831727100,2026-07-25,0,1,0.0,20000.0,-20000.0,0,1
100000002832753100,2026-07-08,1,0,12500.0,0.0,12500.0,1,0
100000002835874100,2026-07-16,1,0,58700.0,0.0,58700.0,1,0
100000002836052100,2026-07-03,1,0,15000.0,0.0,15000.0,1,0
100000002836736100,2026-07-16,2,0,509000.0,0.0,509000.0,2,0
100000002838519100,2026-07-18,1,0,46900.0,0.0,46900.0,1,0
100000002838861100,2026-07-11,1,0,83000.0,0.0,83000.0,1,0
100000002838861100,2026-07-12,1,0,67000.0,0.0,67000.0,1,0
100000002838861100,2026-07-20,0,1,0.0,10000.0,-10000.0,0,1
100000002838861100,2026-07-21,2,0,296523.95,0.0,296523.95,2,0
100000002838861100,2026-07-22,1,0,108000.0,0.0,108000.0,1,0
100000002842321100,2026-07-02,1,0,160000.0,0.0,160000.0,1,0
100000002842337100,2026-07-27,1,0,50000.0,0.0,50000.0,1,0
100000002844652100,2026-07-07,1,0,61360.0,0.0,61360.0,1,0
100000002844897100,2026-07-21,1,0,10800.0,0.0,10800.0,1,0
100000002845605100,2026-07-02,1,0,57567.0,0.0,57567.0,1,0
100000002847207100,2026-07-17,1,0,46243.0,0.0,46243.0,1,0
100000002849158100,2026-07-25,0,1,0.0,416000.0,-416000.0,0,1
100000002849158100,2026-07-29,0,1,0.0,174000.0,-174000.0,0,1
100000002849158100,2026-07-31,3,1,723000.0,723000.0,0.0,3,1
100000002852402100,2026-07-30,1,0,55000.0,0.0,55000.0,1,0
100000002858835100,2026-07-06,1,0,24400.0,0.0,24400.0,1,0
100000002860934100,2026-07-06,1,0,242000.0,0.0,242000.0,1,0
100000002860934100,2026-07-10,1,0,6500.0,0.0,6500.0,1,0
100000002860934100,2026-07-24,1,0,10000.0,0.0,10000.0,1,0
100000002860934100,2026-07-29,1,0,21000.0,0.0,21000.0,1,0
100000002861485100,2026-07-22,1,0,29323.0,0.0,29323.0,1,0
100000002862113100,2026-07-03,1,0,23550.0,0.0,23550.0,1,0
100000002862113100,2026-07-04,1,0,23855.0,0.0,23855.0,1,0
100000002863356100,2026-07-18,0,1,0.0,20000.0,-20000.0,0,1
100000002863356100,2026-07-20,1,0,45000.0,0.0,45000.0,1,0
100000002864256100,2026-07-22,1,0,135780.0,0.0,135780.0,1,0
100000002864680100,2026-07-13,1,0,55932.0,0.0,55932.0,1,0
100000002870463100,2026-07-14,1,0,50000.0,0.0,50000.0,1,0
100000002870463100,2026-07-28,1,1,57000.0,10000.0,47000.0,1,1
100000002870463100,2026-07-29,1,0,50000.0,0.0,50000.0,1,0
100000002870463100,2026-07-30,1,0,50000.0,0.0,50000.0,1,0
100000002870937100,2026-07-04,1,0,83700.0,0.0,83700.0,1,0
100000002871199100,2026-07-06,1,0,23186.0,0.0,23186.0,1,0
100000002872399100,2026-07-03,1,0,80000.0,0.0,80000.0,1,0
100000002872399100,2026-07-05,1,0,50000.0,0.0,50000.0,1,0
100000002872399100,2026-07-07,1,0,70000.0,0.0,70000.0,1,0
100000002872399100,2026-07-16,1,0,50000.0,0.0,50000.0,1,0
100000002872399100,2026-07-19,2,0,750000.0,0.0,750000.0,1,0
100000002872399100,2026-07-26,1,0,20000.0,0.0,20000.0,1,0
100000002872399100,2026-07-27,1,0,40000.0,0.0,40000.0,1,0
100000002872399100,2026-07-28,1,0,30000.0,0.0,30000.0,1,0
100000002876914100,2026-07-25,1,0,12000.0,0.0,12000.0,1,0
100000002877262100,2026-07-13,1,0,100000.0,0.0,100000.0,1,0
100000002878467100,2026-07-13,1,0,100000.0,0.0,100000.0,1,0
100000002878467100,2026-07-17,1,0,100000.0,0.0,100000.0,1,0
100000002878483100,2026-07-24,1,0,6000.0,0.0,6000.0,1,0
100000002881669100,2026-07-13,1,0,18600.0,0.0,18600.0,1,0
100000002883402100,2026-07-16,1,0,140000.0,0.0,140000.0,1,0
100000002883402100,2026-07-25,1,0,10000.0,0.0,10000.0,1,0
100000002883402100,2026-07-30,1,0,150000.0,0.0,150000.0,1,0
100000002884708100,2026-07-30,1,0,1055661.0,0.0,1055661.0,1,0
100000002884708100,2026-07-31,1,0,115983.0,0.0,115983.0,1,0
100000002886166100,2026-07-28,1,0,45000.0,0.0,45000.0,1,0
100000002886166100,2026-07-29,2,0,140000.0,0.0,140000.0,1,0
100000002890167100,2026-07-10,1,0,118150.0,0.0,118150.0,1,0
100000002891765100,2026-07-03,1,0,55576.0,0.0,55576.0,1,0
100000002893020100,2026-07-03,1,0,18340.0,0.0,18340.0,1,0
100000002894076100,2026-07-10,1,0,282000.0,0.0,282000.0,1,0
100000002894076100,2026-07-14,4,0,694782.0,0.0,694782.0,3,0
100000002894076100,2026-07-26,1,0,146000.0,0.0,146000.0,1,0
100000002896506100,2026-07-19,1,0,45000.0,0.0,45000.0,1,0
100000002901457100,2026-07-05,0,1,0.0,25000.0,-25000.0,0,1
100000002901457100,2026-07-06,0,1,0.0,53000.0,-53000.0,0,1
100000002901457100,2026-07-11,1,0,340000.0,0.0,340000.0,1,0
100000002901457100,2026-07-27,0,1,0.0,41000.0,-41000.0,0,1
100000002904919100,2026-07-25,0,1,0.0,5500.0,-5500.0,0,1
100000002904919100,2026-07-26,1,0,60325.0,0.0,60325.0,1,0
100000002906470100,2026-07-26,1,0,130000.0,0.0,130000.0,1,0
100000002908521100,2026-07-31,1,0,44500.0,0.0,44500.0,1,0
100000002911170100,2026-07-15,1,0,150000.0,0.0,150000.0,1,0
100000002911170100,2026-07-17,1,0,150000.0,0.0,150000.0,1,0
100000002913340100,2026-07-21,1,0,23600.0,0.0,23600.0,1,0
100000002914245100,2026-07-06,1,0,140611.0,0.0,140611.0,1,0
100000002916006100,2026-07-06,0,1,0.0,32000.0,-32000.0,0,1
100000002921047100,2026-07-10,1,0,175000.0,0.0,175000.0,1,0
100000002921047100,2026-07-27,1,1,163000.0,163000.02,-0.02,1,1
100000002922000100,2026-07-11,1,0,448000.0,0.0,448000.0,1,0
100000002926970100,2026-07-09,1,0,85000.0,0.0,85000.0,1,0
100000002933386100,2026-07-13,0,1,0.0,58000.0,-58000.0,0,1
100000002933386100,2026-07-27,1,0,15000.0,0.0,15000.0,1,0
100000002934441100,2026-07-02,2,0,60845.6,0.0,60845.6,2,0
100000002936322100,2026-07-03,1,0,599966.0,0.0,599966.0,1,0
100000002936322100,2026-07-31,1,0,187167.0,0.0,187167.0,1,0
100000002938501100,2026-07-06,0,1,0.0,5000.0,-5000.0,0,1
100000002938501100,2026-07-08,1,0,8395.0,0.0,8395.0,1,0
100000002939838100,2026-07-16,1,0,93061.0,0.0,93061.0,1,0
100000002939838100,2026-07-22,1,0,340000.0,0.0,340000.0,1,0
100000002939838100,2026-07-31,1,0,138172.0,0.0,138172.0,1,0
100000002941114100,2026-07-01,1,0,8000.0,0.0,8000.0,1,0
100000002941114100,2026-07-13,2,0,20000.0,0.0,20000.0,1,0
100000002941114100,2026-07-15,1,0,7000.0,0.0,7000.0,1,0
100000002941114100,2026-07-17,1,0,6500.0,0.0,6500.0,1,0
100000002941114100,2026-07-19,2,0,32000.0,0.0,32000.0,2,0
100000002941114100,2026-07-20,0,1,0.0,15000.0,-15000.0,0,1
100000002941114100,2026-07-21,1,0,12010.0,0.0,12010.0,1,0
100000002941114100,2026-07-22,1,0,6000.0,0.0,6000.0,1,0
100000002941114100,2026-07-23,1,0,6000.0,0.0,6000.0,1,0
100000002941114100,2026-07-26,2,0,12000.0,0.0,12000.0,1,0
100000002941114100,2026-07-27,1,0,6000.0,0.0,6000.0,1,0
100000002941114100,2026-07-30,2,0,13000.0,0.0,13000.0,1,0
100000002943472100,2026-07-13,1,0,170000.0,0.0,170000.0,1,0
100000002945031100,2026-07-08,1,0,15000.0,0.0,15000.0,1,0
100000002945626100,2026-07-22,1,0,170000.0,0.0,170000.0,1,0
100000002945626100,2026-07-29,2,0,414000.0,0.0,414000.0,2,0
100000002947299100,2026-07-15,1,0,85000.0,0.0,85000.0,1,0
100000002948492100,2026-07-21,1,0,23660.0,0.0,23660.0,1,0
100000002951898100,2026-07-08,1,0,39990.0,0.0,39990.0,1,0
100000002952631100,2026-07-04,1,0,48050.0,0.0,48050.0,1,0
100000002952756100,2026-07-07,1,0,47000.0,0.0,47000.0,1,0
100000002954780100,2026-07-29,1,0,133400.0,0.0,133400.0,1,0
100000002956769100,2026-07-31,3,0,840000.0,0.0,840000.0,3,0
100000002956779100,2026-07-27,1,0,411000.0,0.0,411000.0,1,0
100000002956898100,2026-07-11,1,0,57240.0,0.0,57240.0,1,0
100000002956898100,2026-07-29,1,0,233000.0,0.0,233000.0,1,0
100000002957306100,2026-07-19,1,0,209500.0,0.0,209500.0,1,0
100000002957306100,2026-07-24,1,0,188990.0,0.0,188990.0,1,0
100000002957787100,2026-07-01,1,6,7600.0,167058.96,-159458.96,1,6
100000002957787100,2026-07-02,3,9,22500.0,125735.25,-103235.25,2,9
100000002957787100,2026-07-03,1,8,17086.0,242139.75,-225053.75,1,8
100000002957787100,2026-07-04,2,4,37770.0,309235.0,-271465.0,2,4
100000002957787100,2026-07-05,0,4,0.0,71505.0,-71505.0,0,4
100000002957787100,2026-07-06,0,4,0.0,47980.0,-47980.0,0,4
100000002957787100,2026-07-07,0,4,0.0,232500.0,-232500.0,0,2
100000002957787100,2026-07-08,0,2,0.0,80000.0,-80000.0,0,2
100000002958139100,2026-07-22,1,0,17500.0,0.0,17500.0,1,0
100000002958139100,2026-07-25,1,0,192000.0,0.0,192000.0,1,0
100000002958286100,2026-07-20,1,0,257000.0,0.0,257000.0,1,0
100000002958343100,2026-07-01,1,0,300000.0,0.0,300000.0,1,0
100000002958343100,2026-07-03,0,1,0.0,80000.0,-80000.0,0,1
100000002958343100,2026-07-05,0,1,0.0,50000.0,-50000.0,0,1
100000002958343100,2026-07-06,1,0,100000.0,0.0,100000.0,1,0
100000002958343100,2026-07-07,0,1,0.0,70000.0,-70000.0,0,1
100000002958343100,2026-07-09,1,0,500000.0,0.0,500000.0,1,0
100000002958343100,2026-07-13,1,0,2000000.0,0.0,2000000.0,1,0
100000002958343100,2026-07-16,0,2,0.0,70000.0,-70000.0,0,2
100000002958343100,2026-07-19,0,3,0.0,850000.0,-850000.0,0,2
100000002958343100,2026-07-22,0,1,0.0,30000.0,-30000.0,0,1
100000002958343100,2026-07-23,0,3,0.0,40000.0,-40000.0,0,1
100000002958343100,2026-07-26,0,1,0.0,20000.0,-20000.0,0,1
100000002958343100,2026-07-27,0,2,0.0,60000.0,-60000.0,0,2
100000002958343100,2026-07-28,0,1,0.0,30000.0,-30000.0,0,1
100000002958343100,2026-07-29,0,1,0.0,90000.0,-90000.0,0,1
100000002958345100,2026-07-15,1,0,307000.0,0.0,307000.0,1,0
100000002963189100,2026-07-08,0,2,0.0,430000.0,-430000.0,0,2
100000002963189100,2026-07-14,0,1,0.0,5000.0,-5000.0,0,1
100000002963189100,2026-07-16,0,7,0.0,2774000.0,-2774000.0,0,3
100000002963189100,2026-07-18,2,0,320000.0,0.0,320000.0,1,0
100000002963189100,2026-07-20,1,0,170000.0,0.0,170000.0,1,0
100000002963189100,2026-07-24,0,4,0.0,2000000.0,-2000000.0,0,2
100000002963189100,2026-07-25,0,1,0.0,10000.0,-10000.0,0,1
100000002964966100,2026-07-14,1,0,200000.0,0.0,200000.0,1,0
100000002968096100,2026-07-28,1,0,70000.0,0.0,70000.0,1,0
100000002969048100,2026-07-31,1,0,108470.0,0.0,108470.0,1,0
100000002970466100,2026-07-22,1,0,23317.0,0.0,23317.0,1,0
100000002970466100,2026-07-24,0,1,0.0,40000.0,-40000.0,0,1
100000002970466100,2026-07-25,0,1,0.0,8000.0,-8000.0,0,1
100000002970466100,2026-07-29,0,1,0.0,45000.0,-45000.0,0,1
100000002971593100,2026-07-02,1,0,49050.0,0.0,49050.0,1,0
100000002973903100,2026-07-14,1,0,42680.0,0.0,42680.0,1,0
100000002973903100,2026-07-18,1,0,20000.0,0.0,20000.0,1,0
100000002973903100,2026-07-23,1,0,30200.0,0.0,30200.0,1,0
100000002974256100,2026-07-25,1,0,7200.0,0.0,7200.0,1,0
100000002975287100,2026-07-08,1,0,15000.0,0.0,15000.0,1,0
100000002975437100,2026-07-18,0,1,0.0,8500.0,-8500.0,0,1
100000002975437100,2026-07-22,2,0,530000.0,0.0,530000.0,1,0
100000002981489100,2026-07-04,1,0,10000.0,0.0,10000.0,1,0
100000002981527100,2026-07-20,1,0,168000.0,0.0,168000.0,1,0
100000002982252100,2026-07-21,1,0,20320.0,0.0,20320.0,1,0
100000002983426100,2026-07-06,1,0,88945.0,0.0,88945.0,1,0
100000002983879100,2026-07-15,1,0,114100.0,0.0,114100.0,1,0
100000002983879100,2026-07-16,1,0,85950.0,0.0,85950.0,1,0
100000002984403100,2026-07-21,0,1,0.0,25000.0,-25000.0,0,1
100000002984403100,2026-07-26,1,0,20000.0,0.0,20000.0,1,0
100000002986245100,2026-07-26,1,0,5750.0,0.0,5750.0,1,0
100000002988894100,2026-07-05,0,1,0.0,40000.0,-40000.0,0,1
100000002988894100,2026-07-14,0,1,0.0,8500.0,-8500.0,0,1
100000002988894100,2026-07-23,1,1,306121.0,29000.0,277121.0,1,1
100000002989353100,2026-07-11,1,0,200000.0,0.0,200000.0,1,0
100000002989353100,2026-07-16,0,1,0.0,21160.0,-21160.0,0,1
100000002989353100,2026-07-21,1,1,300000.0,300000.0,0.0,1,1
100000002990675100,2026-07-19,1,0,51143.0,0.0,51143.0,1,0
100000002991079100,2026-07-06,2,1,97200.0,11000.0,86200.0,1,1
100000002991079100,2026-07-23,1,0,51700.0,0.0,51700.0,1,0
100000002992171100,2026-07-16,1,0,14627.0,0.0,14627.0,1,0
100000002994441100,2026-07-13,1,0,5000.0,0.0,5000.0,1,0
100000002999140100,2026-07-07,1,0,5000.0,0.0,5000.0,1,0
100000002999140100,2026-07-10,1,0,5000.0,0.0,5000.0,1,0
100000003001138100,2026-07-15,1,0,30000.0,0.0,30000.0,1,0
100000003001564100,2026-07-03,1,0,23520.0,0.0,23520.0,1,0
100000003001564100,2026-07-08,0,1,0.0,180000.0,-180000.0,0,1
100000003001661100,2026-07-02,1,0,110000.0,0.0,110000.0,1,0
100000003001661100,2026-07-05,0,1,0.0,15000.0,-15000.0,0,1
100000003001661100,2026-07-06,0,1,0.0,242000.0,-242000.0,0,1
100000003001661100,2026-07-09,0,1,0.0,110000.0,-110000.0,0,1
100000003001661100,2026-07-10,0,1,0.0,6500.0,-6500.0,0,1
100000003001661100,2026-07-11,0,1,0.0,5000.0,-5000.0,0,1
100000003001661100,2026-07-15,0,1,0.0,30000.0,-30000.0,0,1
100000003001661100,2026-07-24,0,1,0.0,10000.0,-10000.0,0,1
100000003001661100,2026-07-29,0,1,0.0,21000.0,-21000.0,0,1
100000003003821100,2026-07-05,1,0,40000.0,0.0,40000.0,1,0
100000003004487100,2026-07-01,2,0,70000.0,0.0,70000.0,1,0
100000003004487100,2026-07-02,2,0,59434.8,0.0,59434.8,2,0
100000003004487100,2026-07-04,1,0,10000.0,0.0,10000.0,1,0
100000003004487100,2026-07-14,1,0,9268.0,0.0,9268.0,1,0
100000003004487100,2026-07-15,0,1,0.0,225015.0,-225015.0,0,1
100000003004487100,2026-07-16,0,1,0.0,20000.0,-20000.0,0,1
100000003004487100,2026-07-18,0,1,0.0,20000.0,-20000.0,0,1
100000003004487100,2026-07-25,1,0,10000.0,0.0,10000.0,1,0
100000003004487100,2026-07-28,2,0,25000.0,0.0,25000.0,1,0
100000003005167100,2026-07-26,1,0,7000.0,0.0,7000.0,1,0
100000003006633100,2026-07-10,1,0,10000.0,0.0,10000.0,1,0
100000003009900100,2026-07-02,1,0,15998.0,0.0,15998.0,1,0
100000003010908100,2026-07-17,1,0,17000.0,0.0,17000.0,1,0
100000003014659100,2026-07-20,1,0,280000.0,0.0,280000.0,1,0
100000003016438100,2026-07-08,0,1,0.0,50000.0,-50000.0,0,1
100000003016438100,2026-07-14,0,1,0.0,50000.0,-50000.0,0,1
100000003016438100,2026-07-17,1,1,200000.0,200000.0,0.0,1,1
100000003016635100,2026-07-03,0,7,0.0,252722.0,-252722.0,0,7
100000003016635100,2026-07-04,4,5,80500.0,286278.0,-205778.0,2,5
100000003016635100,2026-07-05,2,7,56700.0,142338.0,-85638.0,2,6
100000003016635100,2026-07-06,2,6,93000.0,251914.0,-158914.0,1,6
100000003016635100,2026-07-07,2,8,28200.0,321088.0,-292888.0,1,8
100000003016635100,2026-07-08,3,8,56300.0,174737.0,-118437.0,1,7
100000003016635100,2026-07-09,1,10,81600.0,397797.0,-316197.0,1,10
100000003016635100,2026-07-10,0,10,0.0,1071188.0,-1071188.0,0,9
100000003016635100,2026-07-11,2,5,13000.0,285258.0,-272258.0,2,3
100000003016635100,2026-07-12,3,2,35381.0,333360.0,-297979.0,3,2
100000003016635100,2026-07-13,0,11,0.0,750815.0,-750815.0,0,8
100000003016635100,2026-07-14,1,9,6000.0,372241.0,-366241.0,1,8
100000003016635100,2026-07-15,0,3,0.0,203870.0,-203870.0,0,3
100000003016635100,2026-07-16,0,11,0.0,836775.0,-836775.0,0,9
100000003016635100,2026-07-17,0,5,0.0,358430.0,-358430.0,0,5
100000003016635100,2026-07-18,2,10,10600.0,741930.0,-731330.0,1,7
100000003016635100,2026-07-19,4,6,20900.0,658584.0,-637684.0,2,5
100000003016635100,2026-07-20,3,7,17800.0,660261.0,-642461.0,2,5
100000003016635100,2026-07-21,2,11,12500.0,794856.0,-782356.0,1,9
100000003016635100,2026-07-22,2,5,18000.0,86008.0,-68008.0,1,5
100000003016635100,2026-07-23,3,5,56500.0,433631.0,-377131.0,1,5
100000003016773100,2026-07-13,1,0,46555.0,0.0,46555.0,1,0
100000003022835100,2026-07-27,1,0,125000.0,0.0,125000.0,1,0
100000003024542100,2026-07-14,1,0,8500.0,0.0,8500.0,1,0
100000003025903100,2026-07-05,1,0,10000.0,0.0,10000.0,1,0
100000003025903100,2026-07-09,1,0,90000.0,0.0,90000.0,1,0
100000003025903100,2026-07-10,1,0,120000.0,0.0,120000.0,1,0
100000003025903100,2026-07-15,1,0,10000.0,0.0,10000.0,1,0
100000003025903100,2026-07-16,1,0,150000.0,0.0,150000.0,1,0
100000003025903100,2026-07-29,1,0,6300.0,0.0,6300.0,1,0
100000003031003100,2026-07-20,1,0,15090.0,0.0,15090.0,1,0
100000003031003100,2026-07-31,2,0,265000.0,0.0,265000.0,2,0
100000003031633100,2026-07-26,2,0,414000.0,0.0,414000.0,1,0
100000003031761100,2026-07-07,1,0,460408.0,0.0,460408.0,1,0
100000003031890100,2026-07-04,1,0,15000.0,0.0,15000.0,1,0
100000003031890100,2026-07-07,1,0,25000.0,0.0,25000.0,1,0
100000003031890100,2026-07-08,1,0,20000.0,0.0,20000.0,1,0
100000003031890100,2026-07-10,1,0,50000.0,0.0,50000.0,1,0
100000003031890100,2026-07-14,1,0,20000.0,0.0,20000.0,1,0
100000003031890100,2026-07-19,1,0,5000.0,0.0,5000.0,1,0
100000003031890100,2026-07-21,1,0,10000.0,0.0,10000.0,1,0
100000003031890100,2026-07-25,1,0,15000.0,0.0,15000.0,1,0
100000003031890100,2026-07-27,1,0,25000.0,0.0,25000.0,1,0
100000003031890100,2026-07-29,1,0,30000.0,0.0,30000.0,1,0
100000003034546100,2026-07-29,1,0,200000.0,0.0,200000.0,1,0
100000003034546100,2026-07-30,1,0,286715.0,0.0,286715.0,1,0
100000003035737100,2026-07-15,1,0,75515.0,0.0,75515.0,1,0
100000003035737100,2026-07-20,1,0,355570.0,0.0,355570.0,1,0
100000003035737100,2026-07-23,1,0,378085.0,0.0,378085.0,1,0
100000003035737100,2026-07-24,0,1,0.0,6544.53,-6544.53,0,1
100000003036198100,2026-07-02,1,0,15000.0,0.0,15000.0,1,0
100000003037476100,2026-07-25,2,0,465000.0,0.0,465000.0,2,0
100000003037476100,2026-07-30,1,0,90000.0,0.0,90000.0,1,0
100000003037660100,2026-07-23,1,0,53000.0,0.0,53000.0,1,0
100000003039473100,2026-07-19,1,0,23000.0,0.0,23000.0,1,0
100000003040087100,2026-07-27,1,0,29000.0,0.0,29000.0,1,0
100000003042994100,2026-07-03,1,0,46886.0,0.0,46886.0,1,0
100000003042994100,2026-07-10,1,0,27700.0,0.0,27700.0,1,0
100000003042994100,2026-07-23,1,0,211500.0,0.0,211500.0,1,0
100000003044431100,2026-07-07,1,0,30000.0,0.0,30000.0,1,0
100000003044431100,2026-07-10,1,0,30000.0,0.0,30000.0,1,0
100000003044518100,2026-07-20,1,0,34423.0,0.0,34423.0,1,0
100000003047800100,2026-07-01,1,0,12212.0,0.0,12212.0,1,0
100000003050771100,2026-07-21,1,0,229000.0,0.0,229000.0,1,0
100000003054328100,2026-07-07,1,1,140000.0,186720.0,-46720.0,1,1
100000003054328100,2026-07-29,0,1,0.0,7000.0,-7000.0,0,1
100000003057225100,2026-07-17,1,0,236000.0,0.0,236000.0,1,0
100000003060187100,2026-07-24,1,0,93046.0,0.0,93046.0,1,0
100000003060517100,2026-07-05,1,0,315955.0,0.0,315955.0,1,0
100000003061115100,2026-07-10,1,0,45000.0,0.0,45000.0,1,0
100000003062895100,2026-07-12,1,0,178444.0,0.0,178444.0,1,0
100000003062895100,2026-07-21,1,0,150000.0,0.0,150000.0,1,0
100000003066385100,2026-07-08,1,0,10000.0,0.0,10000.0,1,0
100000003066385100,2026-07-09,1,0,10000.0,0.0,10000.0,1,0
100000003068941100,2026-07-18,1,0,14000.0,0.0,14000.0,1,0
100000003068941100,2026-07-22,1,1,50000.0,20000.0,30000.0,1,1
100000003068941100,2026-07-24,0,1,0.0,5000.0,-5000.0,0,1
100000003068941100,2026-07-30,1,0,30000.0,0.0,30000.0,1,0
100000003069463100,2026-07-16,1,0,11500.0,0.0,11500.0,1,0
100000003069463100,2026-07-25,0,1,0.0,17920.0,-17920.0,0,1
100000003071649100,2026-07-22,1,0,189500.0,0.0,189500.0,1,0
100000003071930100,2026-07-22,1,0,50000.0,0.0,50000.0,1,0
100000003071930100,2026-07-24,1,0,65000.0,0.0,65000.0,1,0
100000003071930100,2026-07-27,1,0,162610.0,0.0,162610.0,1,0
100000003071930100,2026-07-29,1,0,200000.0,0.0,200000.0,1,0
100000003071930100,2026-07-30,0,1,0.0,5000.0,-5000.0,0,1
100000003072205100,2026-07-27,2,0,163000.0,0.0,163000.0,2,0
100000003072676100,2026-07-08,1,0,31545.0,0.0,31545.0,1,0
100000003073398100,2026-07-30,1,0,92960.0,0.0,92960.0,1,0
100000003073635100,2026-07-25,1,0,129231.0,0.0,129231.0,1,0
100000003074515100,2026-07-13,1,0,105000.0,0.0,105000.0,1,0
100000003078839100,2026-07-19,1,0,6000.0,0.0,6000.0,1,0
100000003078839100,2026-07-23,1,0,8000.0,0.0,8000.0,1,0
100000003083865100,2026-07-12,1,0,15000.0,0.0,15000.0,1,0
100000003084870100,2026-07-08,1,0,6500.0,0.0,6500.0,1,0
100000003086040100,2026-07-04,1,0,10500.0,0.0,10500.0,1,0
100000003087877100,2026-07-11,1,0,91486.0,0.0,91486.0,1,0
100000003089018100,2026-07-02,1,0,230000.0,0.0,230000.0,1,0
100000003089553100,2026-07-14,1,0,150000.0,0.0,150000.0,1,0
100000003091142100,2026-07-27,1,0,40000.0,0.0,40000.0,1,0
100000003093299100,2026-07-22,1,0,15000.0,0.0,15000.0,1,0
100000003095610100,2026-07-06,1,0,23665.0,0.0,23665.0,1,0
100000003096787100,2026-07-12,1,0,16400.0,0.0,16400.0,1,0
100000003097324100,2026-07-26,2,0,294000.0,0.0,294000.0,2,0
100000003097947100,2026-07-24,1,0,52980.0,0.0,52980.0,1,0
100000003102157100,2026-07-13,2,0,96746.0,0.0,96746.0,1,0
100000003104347100,2026-07-05,1,0,418000.0,0.0,418000.0,1,0
100000003104347100,2026-07-26,0,1,0.0,32000.0,-32000.0,0,1
100000003105089100,2026-07-26,1,0,10000.0,0.0,10000.0,1,0
100000003105929100,2026-07-01,0,1,0.0,156354.0,-156354.0,0,1
100000003105929100,2026-07-05,2,0,429567.0,0.0,429567.0,1,0
100000003109805100,2026-07-21,1,0,36929.0,0.0,36929.0,1,0
100000003111305100,2026-07-07,1,0,164965.0,0.0,164965.0,1,0
100000003111305100,2026-07-08,1,0,99873.0,0.0,99873.0,1,0
100000003111305100,2026-07-16,2,0,244500.0,0.0,244500.0,2,0
100000003112436100,2026-07-22,1,0,100000.0,0.0,100000.0,1,0
100000003112578100,2026-07-01,1,0,101080.0,0.0,101080.0,1,0
100000003115284100,2026-07-01,0,1,0.0,7000.0,-7000.0,0,1
100000003115284100,2026-07-02,1,0,5500.0,0.0,5500.0,1,0
100000003115284100,2026-07-05,1,1,10000.0,10000.0,0.0,1,1
100000003115284100,2026-07-07,1,0,15000.0,0.0,15000.0,1,0
100000003115284100,2026-07-18,1,0,245000.0,0.0,245000.0,1,0
100000003115284100,2026-07-19,11,2,1885000.0,500000.0,1385000.0,7,2
100000003116106100,2026-07-26,1,0,260250.0,0.0,260250.0,1,0
100000003116106100,2026-07-27,1,0,233800.0,0.0,233800.0,1,0
100000003119550100,2026-07-27,1,0,21000.0,0.0,21000.0,1,0
100000003122817100,2026-07-16,1,0,444680.0,0.0,444680.0,1,0
100000003123296100,2026-07-14,2,0,86200.0,0.0,86200.0,1,0
100000003125997100,2026-07-27,1,0,87750.0,0.0,87750.0,1,0
100000003128638100,2026-07-29,1,0,300000.0,0.0,300000.0,1,0
100000003131016100,2026-07-03,0,1,0.0,5000.0,-5000.0,0,1
100000003131016100,2026-07-04,1,1,71000.0,26000.0,45000.0,1,1
100000003131016100,2026-07-08,1,0,70700.0,0.0,70700.0,1,0
100000003131016100,2026-07-10,0,1,0.0,15000.0,-15000.0,0,1
100000003131016100,2026-07-12,1,0,70000.0,0.0,70000.0,1,0
100000003131016100,2026-07-20,2,0,82000.0,0.0,82000.0,1,0
100000003131016100,2026-07-24,0,1,0.0,80000.0,-80000.0,0,1
100000003131016100,2026-07-29,1,0,5000.0,0.0,5000.0,1,0
100000003131016100,2026-07-31,1,0,107000.0,0.0,107000.0,1,0
100000003131693100,2026-07-24,1,0,353277.0,0.0,353277.0,1,0
100000003132484100,2026-07-22,1,0,90000.0,0.0,90000.0,1,0
100000003133045100,2026-07-08,1,0,68000.0,0.0,68000.0,1,0
100000003134474100,2026-07-18,1,0,116000.0,0.0,116000.0,1,0
100000003134550100,2026-07-17,1,0,100000.0,0.0,100000.0,1,0
100000003134934100,2026-07-08,1,0,116000.0,0.0,116000.0,1,0
100000003134934100,2026-07-20,1,0,116800.0,0.0,116800.0,1,0
100000003134934100,2026-07-30,2,0,146554.0,0.0,146554.0,2,0
100000003134937100,2026-07-21,1,0,10286.0,0.0,10286.0,1,0
100000003146511100,2026-07-06,1,0,10000.0,0.0,10000.0,1,0
100000003147719100,2026-07-29,1,0,100000.0,0.0,100000.0,1,0
100000003148220100,2026-07-08,0,1,0.0,18000.0,-18000.0,0,1
100000003148220100,2026-07-18,0,1,0.0,10100.0,-10100.0,0,1
100000003148220100,2026-07-19,0,1,0.0,5700.0,-5700.0,0,1
100000003148220100,2026-07-21,1,0,5650.0,0.0,5650.0,1,0
100000003148220100,2026-07-23,0,1,0.0,9600.0,-9600.0,0,1
100000003149149100,2026-07-07,1,0,245000.0,0.0,245000.0,1,0
100000003152964100,2026-07-25,1,0,141847.0,0.0,141847.0,1,0
100000003152964100,2026-07-28,0,1,0.0,5500.0,-5500.0,0,1
100000003154105100,2026-07-07,1,1,60000.0,15000.0,45000.0,1,1
100000003154105100,2026-07-08,0,2,0.0,40000.0,-40000.0,0,2
100000003154105100,2026-07-11,0,1,0.0,13000.0,-13000.0,0,1
100000003154105100,2026-07-18,0,1,0.0,20000.0,-20000.0,0,1
100000003154105100,2026-07-20,0,3,0.0,240000.0,-240000.0,0,2
100000003154105100,2026-07-26,0,1,0.0,10000.0,-10000.0,0,1
100000003157333100,2026-07-27,1,0,30000.0,0.0,30000.0,1,0
100000003157679100,2026-07-13,1,0,245000.0,0.0,245000.0,1,0
100000003157679100,2026-07-17,2,0,146000.0,0.0,146000.0,2,0
100000003157679100,2026-07-29,1,0,150000.0,0.0,150000.0,1,0
100000003158727100,2026-07-18,1,0,176440.0,0.0,176440.0,1,0
100000003158727100,2026-07-23,2,0,191500.0,0.0,191500.0,2,0
100000003159641100,2026-07-21,2,0,19000.0,0.0,19000.0,1,0
100000003159641100,2026-07-26,1,0,20000.0,0.0,20000.0,1,0
100000003159641100,2026-07-27,2,0,10000.0,0.0,10000.0,1,0
100000003159641100,2026-07-29,2,0,15000.0,0.0,15000.0,1,0
100000003159641100,2026-07-31,0,1,0.0,197800.0,-197800.0,0,1
100000003163256100,2026-07-02,0,1,0.0,15000.0,-15000.0,0,1
100000003163256100,2026-07-07,1,0,13485.0,0.0,13485.0,1,0
100000003163886100,2026-07-17,1,0,500000.0,0.0,500000.0,1,0
100000003164661100,2026-07-14,1,0,20000.0,0.0,20000.0,1,0
100000003164661100,2026-07-16,1,0,30000.0,0.0,30000.0,1,0
100000003164661100,2026-07-21,1,0,546200.0,0.0,546200.0,1,0
100000003166017100,2026-07-23,1,0,15000.0,0.0,15000.0,1,0
100000003166755100,2026-07-08,1,0,24010.0,0.0,24010.0,1,0
100000003171006100,2026-07-25,2,0,485000.0,0.0,485000.0,2,0
100000003171587100,2026-07-01,2,0,700000.0,0.0,700000.0,2,0
100000003171587100,2026-07-05,0,1,0.0,10000.0,-10000.0,0,1
100000003171587100,2026-07-09,0,1,0.0,90000.0,-90000.0,0,1
100000003171587100,2026-07-10,0,1,0.0,120000.0,-120000.0,0,1
100000003171587100,2026-07-15,0,1,0.0,10000.0,-10000.0,0,1
100000003171587100,2026-07-16,0,1,0.0,150000.0,-150000.0,0,1
100000003171587100,2026-07-19,0,1,0.0,45000.0,-45000.0,0,1
100000003171587100,2026-07-29,0,1,0.0,6300.0,-6300.0,0,1
100000003173783100,2026-07-09,1,0,8500.0,0.0,8500.0,1,0
100000003173783100,2026-07-14,1,0,15000.0,0.0,15000.0,1,0
100000003177533100,2026-07-13,3,0,20000.0,0.0,20000.0,1,0
100000003178549100,2026-07-02,0,1,0.0,5080.0,-5080.0,0,1
100000003178549100,2026-07-10,0,2,0.0,72000.0,-72000.0,0,2
100000003178549100,2026-07-12,0,1,0.0,12000.0,-12000.0,0,1
100000003178549100,2026-07-15,1,0,40000.0,0.0,40000.0,1,0
100000003178549100,2026-07-16,1,0,210000.0,0.0,210000.0,1,0
100000003180305100,2026-07-02,1,0,144000.0,0.0,144000.0,1,0
100000003180820100,2026-07-14,1,0,101000.0,0.0,101000.0,1,0
100000003186579100,2026-07-06,1,0,100000.0,0.0,100000.0,1,0
100000003186579100,2026-07-19,1,0,10000.0,0.0,10000.0,1,0
100000003187359100,2026-07-22,1,0,19072.0,0.0,19072.0,1,0
100000003188607100,2026-07-03,0,1,0.0,5000.0,-5000.0,0,1
100000003188607100,2026-07-26,1,0,18000.0,0.0,18000.0,1,0
100000003190207100,2026-07-07,0,1,0.0,10000.0,-10000.0,0,1
100000003190207100,2026-07-10,0,2,0.0,20000.0,-20000.0,0,1
100000003190207100,2026-07-11,0,1,0.0,15000.0,-15000.0,0,1
100000003190207100,2026-07-12,1,0,5000.0,0.0,5000.0,1,0
100000003190207100,2026-07-14,0,1,0.0,40000.0,-40000.0,0,1
100000003190207100,2026-07-15,0,1,0.0,28000.0,-28000.0,0,1
100000003190207100,2026-07-22,0,1,0.0,14000.0,-14000.0,0,1
100000003190207100,2026-07-23,0,1,0.0,250000.0,-250000.0,0,1
100000003191430100,2026-07-08,1,0,180000.0,0.0,180000.0,1,0
100000003192220100,2026-07-03,1,0,35000.0,0.0,35000.0,1,0
100000003192220100,2026-07-05,1,0,25000.0,0.0,25000.0,1,0
100000003192309100,2026-07-07,1,0,17200.0,0.0,17200.0,1,0
100000003192309100,2026-07-23,0,1,0.0,213000.0,-213000.0,0,1
100000003194831100,2026-07-25,1,0,6265.0,0.0,6265.0,1,0
100000003199390100,2026-07-16,1,0,260000.0,0.0,260000.0,1,0
100000003200071100,2026-07-21,0,1,0.0,30000.0,-30000.0,0,1
100000003204491100,2026-07-20,1,2,140000.0,100000.0,40000.0,1,1
100000003205210100,2026-07-24,1,0,137563.0,0.0,137563.0,1,0
100000003207060100,2026-07-06,1,0,53000.0,0.0,53000.0,1,0
100000003213473100,2026-07-02,0,1,0.0,50000.0,-50000.0,0,1
100000003213473100,2026-07-04,0,1,0.0,17000.0,-17000.0,0,1
100000003213473100,2026-07-10,0,1,0.0,7000.0,-7000.0,0,1
100000003213473100,2026-07-13,0,1,0.0,10000.0,-10000.0,0,1
100000003213473100,2026-07-15,0,1,0.0,40000.0,-40000.0,0,1
100000003213473100,2026-07-17,0,1,0.0,30000.0,-30000.0,0,1
100000003213473100,2026-07-23,0,1,0.0,10000.0,-10000.0,0,1
100000003213473100,2026-07-25,1,0,9500.0,0.0,9500.0,1,0
100000003213473100,2026-07-27,0,1,0.0,9000.0,-9000.0,0,1
100000003213473100,2026-07-28,0,2,0.0,31000.0,-31000.0,0,2
100000003213473100,2026-07-29,1,0,48000.0,0.0,48000.0,1,0
100000003213473100,2026-07-31,0,2,0.0,36000.0,-36000.0,0,2
100000003214786100,2026-07-22,1,0,5000.0,0.0,5000.0,1,0
100000003215448100,2026-07-06,0,1,0.0,100000.0,-100000.0,0,1
100000003215448100,2026-07-19,0,2,0.0,16000.0,-16000.0,0,2
100000003215448100,2026-07-22,1,0,91309.0,0.0,91309.0,1,0
100000003215448100,2026-07-23,0,1,0.0,8000.0,-8000.0,0,1
100000003216073100,2026-07-14,1,0,37001.0,0.0,37001.0,1,0
100000003216073100,2026-07-17,0,1,0.0,70000.0,-70000.0,0,1
100000003218308100,2026-07-20,1,0,11165.0,0.0,11165.0,1,0
100000003219438100,2026-07-24,1,0,32000.0,0.0,32000.0,1,0
100000003220685100,2026-07-15,2,0,1306000.0,0.0,1306000.0,1,0
100000003221384100,2026-07-28,1,0,511200.0,0.0,511200.0,1,0
100000003221510100,2026-07-08,0,1,0.0,60000.0,-60000.0,0,1
100000003221510100,2026-07-22,0,2,0.0,60000.0,-60000.0,0,1
100000003221510100,2026-07-23,1,0,24000.0,0.0,24000.0,1,0
100000003230328100,2026-07-23,1,0,10000.0,0.0,10000.0,1,0
100000003230328100,2026-07-25,1,0,6572.0,0.0,6572.0,1,0
100000003230328100,2026-07-26,1,0,10000.0,0.0,10000.0,1,0
100000003230329100,2026-07-20,1,0,110000.0,0.0,110000.0,1,0
100000003232675100,2026-07-06,2,0,44000.0,0.0,44000.0,1,0
100000003235780100,2026-07-10,1,0,50000.0,0.0,50000.0,1,0
100000003235780100,2026-07-12,1,0,15000.0,0.0,15000.0,1,0
100000003237045100,2026-07-10,0,1,0.0,150000.0,-150000.0,0,1
100000003237045100,2026-07-24,2,0,340200.0,0.0,340200.0,1,0
100000003239379100,2026-07-12,1,0,92500.0,0.0,92500.0,1,0
100000003239859100,2026-07-14,1,0,18600.0,0.0,18600.0,1,0
100000003241965100,2026-07-06,1,0,15000.0,0.0,15000.0,1,0
100000003242289100,2026-07-02,0,2,0.0,500000.0,-500000.0,0,2
100000003242289100,2026-07-03,1,0,95863.0,0.0,95863.0,1,0
100000003242289100,2026-07-04,0,1,0.0,46970.0,-46970.0,0,1
100000003242289100,2026-07-07,1,0,65760.0,0.0,65760.0,1,0
100000003242289100,2026-07-09,0,1,0.0,400000.0,-400000.0,0,1
100000003242289100,2026-07-10,0,1,0.0,250000.0,-250000.0,0,1
100000003242289100,2026-07-11,0,2,0.0,114400.0,-114400.0,0,2
100000003242289100,2026-07-12,0,1,0.0,30810.0,-30810.0,0,1
100000003242289100,2026-07-13,0,2,0.0,568670.0,-568670.0,0,2
100000003242289100,2026-07-15,2,3,116868.0,117000.0,-132.0,1,3
100000003242289100,2026-07-16,1,2,33000.0,24000.0,9000.0,1,2
100000003242289100,2026-07-17,2,0,191800.0,0.0,191800.0,2,0
100000003242289100,2026-07-18,0,1,0.0,6046.0,-6046.0,0,1
100000003242289100,2026-07-19,1,4,47500.0,136921.0,-89421.0,1,4
100000003242289100,2026-07-21,0,3,0.0,55929.0,-55929.0,0,2
100000003242289100,2026-07-22,0,2,0.0,116995.0,-116995.0,0,2
100000003242289100,2026-07-31,0,1,0.0,10000.0,-10000.0,0,1
100000003242795100,2026-07-16,1,0,111000.0,0.0,111000.0,1,0
100000003246024100,2026-07-03,1,1,25000.0,5000.0,20000.0,1,1
100000003247600100,2026-07-13,1,0,58000.0,0.0,58000.0,1,0
100000003249054100,2026-07-11,1,0,5000.0,0.0,5000.0,1,0
100000003249054100,2026-07-19,3,0,26600.0,0.0,26600.0,2,0
100000003249054100,2026-07-21,2,0,22000.0,0.0,22000.0,2,0
100000003249054100,2026-07-22,1,0,9100.0,0.0,9100.0,1,0
100000003249054100,2026-07-23,1,0,7000.0,0.0,7000.0,1,0
100000003249054100,2026-07-27,0,1,0.0,15000.0,-15000.0,0,1
100000003249054100,2026-07-28,1,0,5000.0,0.0,5000.0,1,0
100000003249054100,2026-07-30,1,0,15000.0,0.0,15000.0,1,0
100000003249054100,2026-07-31,1,0,10000.0,0.0,10000.0,1,0
100000003252446100,2026-07-14,1,0,108600.0,0.0,108600.0,1,0
100000003254277100,2026-07-06,1,1,49200.0,44997.0,4203.0,1,1
100000003254723100,2026-07-05,1,0,16000.0,0.0,16000.0,1,0
100000003254723100,2026-07-10,1,0,5000.0,0.0,5000.0,1,0
100000003254723100,2026-07-14,1,0,46500.0,0.0,46500.0,1,0
100000003254723100,2026-07-23,1,0,45000.0,0.0,45000.0,1,0
100000003254723100,2026-07-25,1,0,7350.0,0.0,7350.0,1,0
100000003254723100,2026-07-27,1,0,150000.0,0.0,150000.0,1,0
100000003265158100,2026-07-08,1,0,18600.4,0.0,18600.4,1,0
100000003265158100,2026-07-11,1,3,80700.0,107500.0,-26800.0,1,1
100000003265158100,2026-07-30,1,1,46800.0,46700.0,100.0,1,1
100000003270419100,2026-07-19,1,0,150000.0,0.0,150000.0,1,0
100000003271151100,2026-07-18,1,0,127294.0,0.0,127294.0,1,0
100000003275398100,2026-07-01,0,1,0.0,20000.0,-20000.0,0,1
100000003275398100,2026-07-02,1,0,300000.0,0.0,300000.0,1,0
100000003278020100,2026-07-18,1,0,190000.0,0.0,190000.0,1,0
100000003284932100,2026-07-18,1,0,69925.0,0.0,69925.0,1,0
100000003286537100,2026-07-28,2,0,153000.0,0.0,153000.0,2,0
100000003289281100,2026-07-25,1,0,40000.0,0.0,40000.0,1,0
100000003289405100,2026-07-24,1,0,355000.0,0.0,355000.0,1,0
100000003292191100,2026-07-30,1,0,112000.0,0.0,112000.0,1,0
100000003292979100,2026-07-18,1,0,48950.0,0.0,48950.0,1,0
100000003293377100,2026-07-05,1,0,50000.0,0.0,50000.0,1,0
100000003299365100,2026-07-26,1,1,200000.0,200000.0,0.0,1,1
100000003321423100,2026-07-15,1,0,50000.0,0.0,50000.0,1,0
100000003321423100,2026-07-30,1,0,50000.0,0.0,50000.0,1,0
100000003321895100,2026-07-06,0,1,0.0,500000.0,-500000.0,0,1
100000003321895100,2026-07-10,1,0,24000.0,0.0,24000.0,1,0
100000003321895100,2026-07-21,0,1,0.0,43830.0,-43830.0,0,1
100000003321895100,2026-07-24,0,1,0.0,10000.0,-10000.0,0,1
100000003336565100,2026-07-09,1,0,16550.0,0.0,16550.0,1,0
100000003338583100,2026-07-27,1,0,21765.0,0.0,21765.0,1,0
100000003345947100,2026-07-13,6,0,79500.0,0.0,79500.0,1,0
100000003360542100,2026-07-01,1,0,7000.0,0.0,7000.0,1,0
100000003360542100,2026-07-02,0,1,0.0,5500.0,-5500.0,0,1
100000003360542100,2026-07-03,1,0,10000.0,0.0,10000.0,1,0
100000003360542100,2026-07-05,0,1,0.0,10000.0,-10000.0,0,1
100000003360542100,2026-07-07,0,1,0.0,15000.0,-15000.0,0,1
100000003360542100,2026-07-10,0,1,0.0,15000.0,-15000.0,0,1
100000003360542100,2026-07-12,0,1,0.0,6300.0,-6300.0,0,1
100000003360542100,2026-07-19,1,0,300000.0,0.0,300000.0,1,0
100000003366154100,2026-07-18,1,3,125000.0,289170.0,-164170.0,1,3
100000003366471100,2026-07-01,1,0,24710.0,0.0,24710.0,1,0
100000003366471100,2026-07-04,2,0,218564.0,0.0,218564.0,2,0
100000003366471100,2026-07-26,1,1,48644.0,20000.0,28644.0,1,1
100000003366471100,2026-07-28,1,0,37871.0,0.0,37871.0,1,0
100000003370425100,2026-07-21,1,0,20000.0,0.0,20000.0,1,0
100000003377795100,2026-07-08,1,0,7000.0,0.0,7000.0,1,0
100000003390036100,2026-07-05,1,1,10000.0,10000.0,0.0,1,1
100000003390036100,2026-07-09,0,1,0.0,52000.0,-52000.0,0,1
100000003390036100,2026-07-10,1,0,15000.0,0.0,15000.0,1,0
100000003390036100,2026-07-12,1,0,6300.0,0.0,6300.0,1,0
100000003390036100,2026-07-19,1,0,200000.0,0.0,200000.0,1,0
100000003404627100,2026-07-10,1,0,138000.0,0.0,138000.0,1,0
100000003404627100,2026-07-13,4,0,739700.0,0.0,739700.0,3,0
100000003406094100,2026-07-10,1,0,40000.0,0.0,40000.0,1,0
100000003406094100,2026-07-18,0,1,0.0,20000.0,-20000.0,0,1
100000003406094100,2026-07-26,0,1,0.0,20000.0,-20000.0,0,1
100000003406094100,2026-07-27,1,0,10000.0,0.0,10000.0,1,0
100000003406094100,2026-07-28,1,0,10000.0,0.0,10000.0,1,0
100000003406094100,2026-07-30,0,1,0.0,7000.0,-7000.0,0,1
100000003406094100,2026-07-31,1,0,10000.0,0.0,10000.0,1,0
100000003447411100,2026-07-14,1,0,90000.0,0.0,90000.0,1,0
100000003447411100,2026-07-16,1,0,190000.0,0.0,190000.0,1,0
100000003447411100,2026-07-22,1,0,22000.0,0.0,22000.0,1,0
100000003448713100,2026-07-16,1,0,266750.0,0.0,266750.0,1,0
100000003449074100,2026-07-02,1,0,10000.0,0.0,10000.0,1,0
100000003457710100,2026-07-15,1,2,326555.0,1306000.0,-979445.0,1,1
100000003470579100,2026-07-14,1,0,6500.0,0.0,6500.0,1,0
100000003470579100,2026-07-19,1,0,350500.0,0.0,350500.0,1,0
100000003476560100,2026-07-15,1,0,50000.0,0.0,50000.0,1,0
100000003481025100,2026-07-08,1,0,9000.0,0.0,9000.0,1,0
100000003484058100,2026-07-06,1,0,110000.0,0.0,110000.0,1,0
100000003484058100,2026-07-19,0,1,0.0,6000.0,-6000.0,0,1
100000003486846100,2026-07-12,1,0,18000.0,0.0,18000.0,1,0
100000003486846100,2026-07-14,1,0,9000.0,0.0,9000.0,1,0
100000003486970100,2026-07-11,1,0,150000.0,0.0,150000.0,1,0
100000003497735100,2026-07-26,1,0,125000.0,0.0,125000.0,1,0
100000003500764100,2026-07-06,1,0,21000.0,0.0,21000.0,1,0
100000003509750100,2026-07-02,1,0,7700.0,0.0,7700.0,1,0
100000003509750100,2026-07-07,0,1,0.0,10000.0,-10000.0,0,1
100000003509750100,2026-07-10,1,0,10000.0,0.0,10000.0,1,0
100000003509750100,2026-07-24,0,1,0.0,10000.0,-10000.0,0,1
100000003509750100,2026-07-27,1,1,34590.0,20000.0,14590.0,1,1
100000003509750100,2026-07-28,1,1,30000.0,31000.0,-1000.0,1,1
100000003509750100,2026-07-29,0,1,0.0,7400.0,-7400.0,0,1
100000003528285100,2026-07-02,0,1,0.0,5000.0,-5000.0,0,1
100000003528285100,2026-07-13,1,0,5470.0,0.0,5470.0,1,0
100000003528285100,2026-07-17,0,1,0.0,80000.0,-80000.0,0,1
100000003528285100,2026-07-22,0,1,0.0,100000.0,-100000.0,0,1
100000003528285100,2026-07-23,0,1,0.0,23000.0,-23000.0,0,1
100000003528285100,2026-07-24,1,0,12400.0,0.0,12400.0,1,0
100000003528285100,2026-07-27,1,0,20000.0,0.0,20000.0,1,0
100000003528285100,2026-07-29,1,0,21000.0,0.0,21000.0,1,0
100000003528285100,2026-07-30,1,2,60000.0,340000.0,-280000.0,1,2
100000003557488100,2026-07-16,1,1,10000.0,10000.0,0.0,1,1
100000003557488100,2026-07-20,1,1,644992.0,108000.0,536992.0,1,1
100000003557488100,2026-07-23,0,1,0.0,10000.0,-10000.0,0,1
100000003557488100,2026-07-24,1,0,10000.0,0.0,10000.0,1,0
100000003557488100,2026-07-31,0,1,0.0,10000.0,-10000.0,0,1
100000003561031100,2026-07-04,0,1,0.0,5000.0,-5000.0,0,1
100000003561031100,2026-07-26,1,0,13300.0,0.0,13300.0,1,0
100000003567087100,2026-07-06,1,0,62115.0,0.0,62115.0,1,0
100000003568904100,2026-07-17,1,0,49000.0,0.0,49000.0,1,0
100000003574895100,2026-07-21,1,1,27968.0,20000.0,7968.0,1,1
100000003581109100,2026-07-07,1,0,42750.0,0.0,42750.0,1,0
100000003582677100,2026-07-02,1,0,8104.99,0.0,8104.99,1,0
100000003582677100,2026-07-11,0,1,0.0,10000.0,-10000.0,0,1
100000003582677100,2026-07-12,0,4,0.0,46000.0,-46000.0,0,3
100000003582677100,2026-07-19,1,0,21652.0,0.0,21652.0,1,0
100000003589877100,2026-07-11,0,1,0.0,50000.0,-50000.0,0,1
100000003589877100,2026-07-12,1,3,150000.0,224874.0,-74874.0,1,3
100000003589877100,2026-07-13,0,1,0.0,46555.0,-46555.0,0,1
100000003589877100,2026-07-16,1,1,26000.0,94700.0,-68700.0,1,1
100000003594472100,2026-07-28,1,0,20000.0,0.0,20000.0,1,0
100000003603979100,2026-07-04,1,0,150000.0,0.0,150000.0,1,0
100000003603979100,2026-07-08,1,0,10000.0,0.0,10000.0,1,0
100000003603979100,2026-07-12,1,0,5000.0,0.0,5000.0,1,0
100000003610172100,2026-07-06,1,0,70000.0,0.0,70000.0,1,0
100000003616818100,2026-07-04,0,1,0.0,150000.0,-150000.0,0,1
100000003616818100,2026-07-08,0,1,0.0,10000.0,-10000.0,0,1
100000003616818100,2026-07-12,0,3,0.0,35000.0,-35000.0,0,2
100000003616818100,2026-07-17,1,0,25000.0,0.0,25000.0,1,0
100000003616818100,2026-07-19,1,0,10000.0,0.0,10000.0,1,0
100000003616818100,2026-07-23,0,2,0.0,17100.0,-17100.0,0,2
100000003616818100,2026-07-25,0,1,0.0,28000.0,-28000.0,0,1
100000003616818100,2026-07-27,1,0,28000.0,0.0,28000.0,1,0
100000003616818100,2026-07-31,1,0,15000.0,0.0,15000.0,1,0
100000003617552100,2026-07-22,1,0,25000.0,0.0,25000.0,1,0
100000003622955100,2026-07-01,1,0,15000.0,0.0,15000.0,1,0
100000003626268100,2026-07-04,1,0,5000.0,0.0,5000.0,1,0
100000003631015100,2026-07-16,1,0,266000.0,0.0,266000.0,1,0
100000003632533100,2026-07-19,1,0,10000.0,0.0,10000.0,1,0
100000003635170100,2026-07-06,1,0,15000.0,0.0,15000.0,1,0
100000003635170100,2026-07-07,1,0,5000.0,0.0,5000.0,1,0
100000003635170100,2026-07-11,1,0,20000.0,0.0,20000.0,1,0
100000003635170100,2026-07-12,0,1,0.0,65000.0,-65000.0,0,1
100000003635170100,2026-07-15,1,1,15000.0,50000.0,-35000.0,1,1
100000003635170100,2026-07-16,1,3,45000.0,20500.0,24500.0,1,1
100000003635170100,2026-07-18,0,1,0.0,18000.0,-18000.0,0,1
100000003635170100,2026-07-19,1,1,5000.0,35000.0,-30000.0,1,1
100000003635170100,2026-07-20,3,0,42500.0,0.0,42500.0,2,0
100000003635170100,2026-07-24,1,0,5000.0,0.0,5000.0,1,0
100000003635170100,2026-07-26,0,1,0.0,5000.0,-5000.0,0,1
100000003635170100,2026-07-28,1,0,6000.0,0.0,6000.0,1,0
100000003635170100,2026-07-30,1,2,60000.0,60000.0,0.0,1,2
100000003635170100,2026-07-31,1,0,50000.0,0.0,50000.0,1,0
100000003635660100,2026-07-03,1,0,18985.0,0.0,18985.0,1,0
100000003636627100,2026-07-03,1,0,5000.0,0.0,5000.0,1,0
100000003636627100,2026-07-05,1,0,35000.0,0.0,35000.0,1,0
100000003636627100,2026-07-14,1,0,5000.0,0.0,5000.0,1,0
100000003636627100,2026-07-17,0,1,0.0,10000.0,-10000.0,0,1
100000003636627100,2026-07-22,1,0,5000.0,0.0,5000.0,1,0
100000003636627100,2026-07-24,1,0,10000.0,0.0,10000.0,1,0
100000003636627100,2026-07-26,1,0,5000.0,0.0,5000.0,1,0
100000003636627100,2026-07-28,1,0,5000.0,0.0,5000.0,1,0
100000003636627100,2026-07-30,1,0,7000.0,0.0,7000.0,1,0
100000003646145100,2026-07-01,1,0,5000.0,0.0,5000.0,1,0
100000003647799100,2026-07-03,1,0,100000.0,0.0,100000.0,1,0
100000003650146100,2026-07-02,1,0,14400.0,0.0,14400.0,1,0
100000003664994100,2026-07-19,1,0,207771.0,0.0,207771.0,1,0
100000003664994100,2026-07-21,1,0,130500.0,0.0,130500.0,1,0
100000003671721100,2026-07-16,1,0,5000.0,0.0,5000.0,1,0
100000003677936100,2026-07-05,1,1,71000.0,6000.0,65000.0,1,1
100000003677936100,2026-07-22,0,1,0.0,7000.0,-7000.0,0,1
100000003684369100,2026-07-12,2,0,22500.0,0.0,22500.0,2,0
100000003684369100,2026-07-13,4,0,113674.0,0.0,113674.0,4,0
100000003684369100,2026-07-15,0,1,0.0,50000.0,-50000.0,0,1
100000003684369100,2026-07-16,3,4,196730.0,191808.0,4922.0,3,4
100000003684369100,2026-07-17,7,5,266219.0,321493.0,-55274.0,6,5
100000003684369100,2026-07-18,0,2,0.0,194925.0,-194925.0,0,2
100000003684369100,2026-07-19,4,7,115000.0,579843.0,-464843.0,4,6
100000003684369100,2026-07-20,2,6,62000.0,429038.0,-367038.0,2,6
100000003684369100,2026-07-21,1,7,100000.0,793393.0,-693393.0,1,7
100000003684369100,2026-07-22,5,7,366348.0,994246.0,-627898.0,4,7
100000003684369100,2026-07-23,9,5,751000.0,459121.0,291879.0,6,5
100000003684369100,2026-07-24,8,9,720000.0,1820255.0,-1100255.0,4,8
100000003684369100,2026-07-25,6,5,262500.0,973757.0,-711257.0,4,4
100000003684369100,2026-07-26,3,6,266465.0,870591.0,-604126.0,3,6
100000003684369100,2026-07-27,2,2,482000.0,608319.0,-126319.0,1,2
100000003684369100,2026-07-28,2,1,124000.0,301866.0,-177866.0,2,1
100000003692843100,2026-07-06,1,0,500000.0,0.0,500000.0,1,0
100000003692843100,2026-07-24,1,0,10000.0,0.0,10000.0,1,0
100000003696422100,2026-07-20,1,0,108000.0,0.0,108000.0,1,0
100000003696422100,2026-07-31,1,0,10000.0,0.0,10000.0,1,0
100000003701161100,2026-07-06,1,0,50000.0,0.0,50000.0,1,0
100000003701161100,2026-07-08,0,1,0.0,35000.0,-35000.0,0,1
100000003701161100,2026-07-09,2,0,135000.0,0.0,135000.0,2,0
100000003701161100,2026-07-10,1,0,208103.0,0.0,208103.0,1,0
100000003701161100,2026-07-11,2,0,500000.0,0.0,500000.0,1,0
100000003701161100,2026-07-12,0,1,0.0,50000.0,-50000.0,0,1
100000003701161100,2026-07-18,2,1,100000.0,9000.0,91000.0,1,1
100000003701161100,2026-07-19,1,2,50000.0,170000.0,-120000.0,1,2
100000003701161100,2026-07-20,0,1,0.0,35000.0,-35000.0,0,1
100000003701161100,2026-07-21,1,0,35000.0,0.0,35000.0,1,0
100000003701161100,2026-07-23,0,1,0.0,50000.0,-50000.0,0,1
100000003701161100,2026-07-24,1,0,70000.0,0.0,70000.0,1,0
100000003701161100,2026-07-28,1,0,30000.0,0.0,30000.0,1,0
100000003701161100,2026-07-31,1,0,349000.0,0.0,349000.0,1,0
100000003711830100,2026-07-30,1,0,50000.0,0.0,50000.0,1,0
100000003713616100,2026-07-09,1,0,15893.0,0.0,15893.0,1,0
100000003718221100,2026-07-01,0,1,0.0,7500.0,-7500.0,0,1
100000003718221100,2026-07-02,1,0,50000.0,0.0,50000.0,1,0
100000003718221100,2026-07-05,0,1,0.0,9000.0,-9000.0,0,1
100000003718221100,2026-07-08,1,0,35000.0,0.0,35000.0,1,0
100000003718221100,2026-07-09,1,2,150000.0,235000.0,-85000.0,1,2
100000003718221100,2026-07-10,0,1,0.0,20000.0,-20000.0,0,1
100000003718221100,2026-07-14,0,1,0.0,67000.0,-67000.0,0,1
100000003718221100,2026-07-19,1,1,50000.0,50000.0,0.0,1,1
100000003718221100,2026-07-20,1,0,35000.0,0.0,35000.0,1,0
100000003718221100,2026-07-21,0,1,0.0,35000.0,-35000.0,0,1
100000003718221100,2026-07-26,1,0,30000.0,0.0,30000.0,1,0
100000003718715100,2026-07-18,1,0,700000.0,0.0,700000.0,1,0
100000003718715100,2026-07-19,1,0,200000.0,0.0,200000.0,1,0
100000003718715100,2026-07-30,1,0,15000.0,0.0,15000.0,1,0
100000003724440100,2026-07-11,1,0,25000.0,0.0,25000.0,1,0
100000003724440100,2026-07-13,1,0,25000.0,0.0,25000.0,1,0
100000003736419100,2026-07-26,1,1,23300.0,10000.0,13300.0,1,1
100000003739818100,2026-07-21,1,0,57293.0,0.0,57293.0,1,0
100000003741418100,2026-07-01,0,1,0.0,14200.0,-14200.0,0,1
100000003741418100,2026-07-02,0,1,0.0,20000.0,-20000.0,0,1
100000003741418100,2026-07-03,0,1,0.0,5720.0,-5720.0,0,1
100000003741418100,2026-07-07,1,0,5000.0,0.0,5000.0,1,0
100000003741418100,2026-07-08,2,0,28000.0,0.0,28000.0,1,0
100000003741418100,2026-07-09,1,0,5000.0,0.0,5000.0,1,0
100000003741418100,2026-07-11,2,0,37300.0,0.0,37300.0,2,0
100000003741418100,2026-07-12,2,0,12000.0,0.0,12000.0,2,0
100000003741418100,2026-07-13,1,0,7600.0,0.0,7600.0,1,0
100000003741418100,2026-07-15,2,0,40000.0,0.0,40000.0,2,0
100000003741418100,2026-07-16,2,0,17000.0,0.0,17000.0,2,0
100000003747133100,2026-07-08,1,0,60287.0,0.0,60287.0,1,0
100000003747133100,2026-07-10,2,0,42060.0,0.0,42060.0,2,0
100000003747133100,2026-07-11,1,0,18000.0,0.0,18000.0,1,0
100000003747133100,2026-07-12,1,0,21157.0,0.0,21157.0,1,0
100000003747133100,2026-07-14,1,1,19000.0,230000.0,-211000.0,1,1
100000003747133100,2026-07-15,1,0,30964.0,0.0,30964.0,1,0
100000003747133100,2026-07-18,0,1,0.0,20000.0,-20000.0,0,1
100000003747133100,2026-07-20,1,0,45600.0,0.0,45600.0,1,0
100000003760160100,2026-07-18,1,0,104470.0,0.0,104470.0,1,0
100000003781406100,2026-07-12,2,0,45000.0,0.0,45000.0,1,0
100000003782913100,2026-07-16,1,0,200000.0,0.0,200000.0,1,0
100000003786516100,2026-07-28,1,0,5000.0,0.0,5000.0,1,0
100000003792647100,2026-07-29,1,0,8000.0,0.0,8000.0,1,0
100000003795588100,2026-07-18,2,0,400000.0,0.0,400000.0,1,0
100000003796063100,2026-07-07,0,1,0.0,26200.0,-26200.0,0,1
100000003796063100,2026-07-08,0,2,0.0,48500.0,-48500.0,0,2
100000003796063100,2026-07-09,0,1,0.0,15100.0,-15100.0,0,1
100000003796063100,2026-07-10,0,2,0.0,46550.0,-46550.0,0,2
100000003796063100,2026-07-11,0,1,0.0,26800.0,-26800.0,0,1
100000003796063100,2026-07-12,0,5,0.0,287700.0,-287700.0,0,5
100000003796063100,2026-07-13,0,2,0.0,52300.0,-52300.0,0,2
100000003796063100,2026-07-14,0,3,0.0,222000.0,-222000.0,0,3
100000003796063100,2026-07-15,0,1,0.0,35000.0,-35000.0,0,1
100000003796063100,2026-07-16,0,3,0.0,128500.0,-128500.0,0,2
100000003796063100,2026-07-18,1,2,35000.0,70500.0,-35500.0,1,2
100000003798151100,2026-07-04,1,0,100000.0,0.0,100000.0,1,0
100000003798151100,2026-07-10,1,0,100000.0,0.0,100000.0,1,0
100000003798151100,2026-07-21,1,0,150000.0,0.0,150000.0,1,0
100000003809101100,2026-07-07,0,1,0.0,35000.0,-35000.0,0,1
100000003809101100,2026-07-12,1,0,10000.0,0.0,10000.0,1,0
100000003809101100,2026-07-13,1,2,10000.0,10200.0,-200.0,1,1
100000003809101100,2026-07-20,1,0,146050.0,0.0,146050.0,1,0
100000003809101100,2026-07-26,0,1,0.0,10000.0,-10000.0,0,1
100000003814002100,2026-07-10,1,0,30000.0,0.0,30000.0,1,0
100000003819173100,2026-07-16,1,0,143777.0,0.0,143777.0,1,0
100000003823811100,2026-07-01,0,1,0.0,22060.0,-22060.0,0,1
100000003823811100,2026-07-02,0,1,0.0,27000.0,-27000.0,0,1
100000003823811100,2026-07-10,0,1,0.0,17070.0,-17070.0,0,1
100000003823811100,2026-07-19,1,0,30000.0,0.0,30000.0,1,0
100000003824464100,2026-07-03,1,0,200000.0,0.0,200000.0,1,0
100000003831201100,2026-07-01,1,0,20000.0,0.0,20000.0,1,0
100000003831201100,2026-07-06,1,0,15000.0,0.0,15000.0,1,0
100000003831201100,2026-07-08,1,0,5500.0,0.0,5500.0,1,0
100000003831324100,2026-07-16,1,0,200000.0,0.0,200000.0,1,0
100000003831324100,2026-07-23,1,0,100000.0,0.0,100000.0,1,0
100000003832231100,2026-07-16,1,0,35000.0,0.0,35000.0,1,0
100000003834495100,2026-07-07,1,0,200000.0,0.0,200000.0,1,0
100000003834495100,2026-07-18,1,0,200000.0,0.0,200000.0,1,0
100000003834495100,2026-07-30,2,0,150000.0,0.0,150000.0,2,0
100000003834495100,2026-07-31,1,1,52441.0,20000.0,32441.0,1,1
100000003835149100,2026-07-02,0,1,0.0,390220.0,-390220.0,0,1
100000003835149100,2026-07-03,1,0,248500.0,0.0,248500.0,1,0
100000003835149100,2026-07-06,0,1,0.0,224700.0,-224700.0,0,1
100000003835149100,2026-07-08,0,2,0.0,685825.0,-685825.0,0,2
100000003835149100,2026-07-09,0,2,0.0,154490.0,-154490.0,0,2
100000003835149100,2026-07-20,0,1,0.0,186560.0,-186560.0,0,1
100000003835149100,2026-07-22,0,1,0.0,159670.0,-159670.0,0,1
100000003835149100,2026-07-24,0,1,0.0,542800.0,-542800.0,0,1
100000003835149100,2026-07-25,0,1,0.0,223400.0,-223400.0,0,1
100000003835149100,2026-07-26,0,1,0.0,629255.0,-629255.0,0,1
100000003835149100,2026-07-27,0,1,0.0,247720.0,-247720.0,0,1
100000003835149100,2026-07-29,0,1,0.0,1155800.0,-1155800.0,0,1
100000003838587100,2026-07-19,1,0,6000.0,0.0,6000.0,1,0
100000003843844100,2026-07-02,1,0,16680.0,0.0,16680.0,1,0
100000003843844100,2026-07-11,0,1,0.0,238000.0,-238000.0,0,1
100000003854444100,2026-07-15,0,1,0.0,75000.0,-75000.0,0,1
100000003854444100,2026-07-17,1,0,70000.0,0.0,70000.0,1,0
100000003854444100,2026-07-19,0,2,0.0,791000.0,-791000.0,0,2
100000003854444100,2026-07-23,1,2,60000.0,670975.0,-610975.0,1,2
100000003854444100,2026-07-24,0,1,0.0,93046.0,-93046.0,0,1
100000003854444100,2026-07-25,0,2,0.0,122168.0,-122168.0,0,2
100000003854444100,2026-07-26,0,5,0.0,517735.0,-517735.0,0,5
100000003854444100,2026-07-27,1,0,50000.0,0.0,50000.0,1,0
100000003854444100,2026-07-29,1,0,30000.0,0.0,30000.0,1,0
100000003854444100,2026-07-30,0,1,0.0,52985.0,-52985.0,0,1
100000003865939100,2026-07-29,1,0,81465.0,0.0,81465.0,1,0
100000003873332100,2026-07-04,0,1,0.0,6000.0,-6000.0,0,1
100000003873332100,2026-07-06,0,1,0.0,10000.0,-10000.0,0,1
100000003873332100,2026-07-08,0,1,0.0,50000.0,-50000.0,0,1
100000003873332100,2026-07-14,1,0,23468.0,0.0,23468.0,1,0
100000003873332100,2026-07-17,0,1,0.0,70000.0,-70000.0,0,1
100000003873332100,2026-07-23,0,1,0.0,60000.0,-60000.0,0,1
100000003873332100,2026-07-27,0,1,0.0,50000.0,-50000.0,0,1
100000003873332100,2026-07-29,0,1,0.0,30000.0,-30000.0,0,1
100000003873332100,2026-07-30,0,1,0.0,10000.0,-10000.0,0,1
100000003877908100,2026-07-26,1,0,40000.0,0.0,40000.0,1,0
100000003880331100,2026-07-09,0,1,0.0,100000.0,-100000.0,0,1
100000003880331100,2026-07-11,0,1,0.0,300000.0,-300000.0,0,1
100000003880331100,2026-07-14,0,4,0.0,410000.0,-410000.0,0,2
100000003880331100,2026-07-16,0,6,0.0,1150527.0,-1150527.0,0,6
100000003880331100,2026-07-21,1,7,100000.0,748380.0,-648380.0,1,5
100000003880331100,2026-07-22,0,5,0.0,504001.0,-504001.0,0,4
100000003880331100,2026-07-23,0,5,0.0,492000.0,-492000.0,0,3
100000003880331100,2026-07-27,0,2,0.0,200000.0,-200000.0,0,1
100000003886323100,2026-07-03,1,0,9500.0,0.0,9500.0,1,0
100000003886323100,2026-07-04,2,0,43575.0,0.0,43575.0,1,0
100000003886323100,2026-07-06,1,0,9000.0,0.0,9000.0,1,0
100000003886323100,2026-07-10,1,0,8300.0,0.0,8300.0,1,0
100000003886323100,2026-07-13,0,1,0.0,7650.0,-7650.0,0,1
100000003886323100,2026-07-22,1,0,7793.0,0.0,7793.0,1,0
100000003888197100,2026-07-09,1,0,83167.0,0.0,83167.0,1,0
100000003888271100,2026-07-01,1,0,6600.0,0.0,6600.0,1,0
100000003888271100,2026-07-03,0,1,0.0,6910.0,-6910.0,0,1
100000003888271100,2026-07-15,1,0,5577.0,0.0,5577.0,1,0
100000003888271100,2026-07-20,0,1,0.0,10180.0,-10180.0,0,1
100000003888271100,2026-07-24,0,1,0.0,8500.0,-8500.0,0,1
100000003888527100,2026-07-14,1,0,30000.0,0.0,30000.0,1,0
100000003896956100,2026-07-11,1,0,10000.0,0.0,10000.0,1,0
100000003896956100,2026-07-12,0,1,0.0,18000.0,-18000.0,0,1
100000003896956100,2026-07-14,0,1,0.0,9000.0,-9000.0,0,1
100000003899325100,2026-07-10,1,0,50120.0,0.0,50120.0,1,0
100000003899899100,2026-07-11,2,0,158200.0,0.0,158200.0,1,0
100000003899899100,2026-07-13,1,0,50000.0,0.0,50000.0,1,0
100000003899899100,2026-07-14,0,1,0.0,10000.0,-10000.0,0,1
100000003899899100,2026-07-16,1,0,5300.0,0.0,5300.0,1,0
100000003899899100,2026-07-26,1,0,5000.0,0.0,5000.0,1,0
100000003900547100,2026-07-16,1,0,23700.0,0.0,23700.0,1,0
100000003904497100,2026-07-02,1,0,10000.0,0.0,10000.0,1,0
100000003917461100,2026-07-03,0,1,0.0,42000.0,-42000.0,0,1
100000003917461100,2026-07-07,0,1,0.0,36000.0,-36000.0,0,1
100000003917461100,2026-07-22,0,1,0.0,32000.0,-32000.0,0,1
100000003917461100,2026-07-23,0,1,0.0,20000.0,-20000.0,0,1
100000003917461100,2026-07-30,1,1,10000.0,10000.0,0.0,1,1
100000003920950100,2026-07-15,1,0,323290.0,0.0,323290.0,1,0
100000003922499100,2026-07-04,1,0,50000.0,0.0,50000.0,1,0
100000003923946100,2026-07-14,1,1,54000.0,77000.0,-23000.0,1,1
100000003923946100,2026-07-16,1,2,66000.0,516000.0,-450000.0,1,2
100000003923946100,2026-07-17,1,1,162000.0,82000.0,80000.0,1,1
100000003927792100,2026-07-31,1,0,13067.0,0.0,13067.0,1,0
100000003934614100,2026-07-09,1,0,7000.0,0.0,7000.0,1,0
100000003934614100,2026-07-16,1,1,10000.0,5500.0,4500.0,1,1
100000003934614100,2026-07-18,0,1,0.0,6000.0,-6000.0,0,1
100000003942602100,2026-07-09,1,1,30000.0,30000.0,0.0,1,1
100000003943247100,2026-07-06,1,0,40000.0,0.0,40000.0,1,0
100000003943483100,2026-07-06,1,0,10000.0,0.0,10000.0,1,0
100000003946524100,2026-07-02,0,1,0.0,24750.0,-24750.0,0,1
100000003946524100,2026-07-10,1,0,20000.0,0.0,20000.0,1,0
100000003946524100,2026-07-16,0,1,0.0,120000.0,-120000.0,0,1
100000003946524100,2026-07-25,1,0,113757.0,0.0,113757.0,1,0
100000003950749100,2026-07-30,1,0,7000.0,0.0,7000.0,1,0
100000003951827100,2026-07-07,1,0,9000.0,0.0,9000.0,1,0
100000003951827100,2026-07-12,0,1,0.0,7000.0,-7000.0,0,1
100000003951827100,2026-07-31,0,1,0.0,10000.0,-10000.0,0,1
100000003962994100,2026-07-30,1,0,10000.0,0.0,10000.0,1,0
100000003964910100,2026-07-02,2,0,1000000.0,0.0,1000000.0,2,0
100000003968044100,2026-07-03,1,0,40000.0,0.0,40000.0,1,0
100000003968044100,2026-07-07,0,1,0.0,66000.0,-66000.0,0,1
100000003968044100,2026-07-12,0,1,0.0,30000.0,-30000.0,0,1
100000003968044100,2026-07-22,0,1,0.0,20000.0,-20000.0,0,1
100000003968044100,2026-07-24,0,1,0.0,195000.0,-195000.0,0,1
100000003970394100,2026-07-13,1,0,85000.0,0.0,85000.0,1,0
100000003971049100,2026-07-14,1,0,6000.0,0.0,6000.0,1,0
100000003971049100,2026-07-16,1,0,9000.0,0.0,9000.0,1,0
100000003971049100,2026-07-18,1,0,5000.0,0.0,5000.0,1,0
100000003971049100,2026-07-19,1,0,10000.0,0.0,10000.0,1,0
100000003971049100,2026-07-28,1,0,10000.0,0.0,10000.0,1,0
100000003971049100,2026-07-29,1,0,5900.0,0.0,5900.0,1,0
100000003971049100,2026-07-30,1,0,10000.0,0.0,10000.0,1,0
100000003975102100,2026-07-05,0,1,0.0,56500.0,-56500.0,0,1
100000003975102100,2026-07-20,1,0,25650.0,0.0,25650.0,1,0
100000003975102100,2026-07-21,0,1,0.0,32000.0,-32000.0,0,1
100000003977183100,2026-07-11,0,1,0.0,200000.0,-200000.0,0,1
100000003977183100,2026-07-13,0,2,0.0,284000.0,-284000.0,0,2
100000003977183100,2026-07-14,0,1,0.0,54000.0,-54000.0,0,1
100000003977183100,2026-07-16,0,1,0.0,66000.0,-66000.0,0,1
100000003977183100,2026-07-17,1,1,82000.0,162000.0,-80000.0,1,1
100000003977183100,2026-07-20,1,0,41800.0,0.0,41800.0,1,0
100000003980083100,2026-07-21,1,0,30000.0,0.0,30000.0,1,0
100000003985389100,2026-07-03,1,0,5000.0,0.0,5000.0,1,0
100000003985389100,2026-07-06,2,0,15000.0,0.0,15000.0,1,0
100000003985389100,2026-07-08,1,0,160000.0,0.0,160000.0,1,0
100000003985389100,2026-07-09,1,0,14999.0,0.0,14999.0,1,0
100000003985389100,2026-07-11,1,0,30000.0,0.0,30000.0,1,0
100000003985389100,2026-07-13,1,0,10000.0,0.0,10000.0,1,0
100000003985389100,2026-07-15,1,0,15000.0,0.0,15000.0,1,0
100000003985389100,2026-07-16,1,0,6000.0,0.0,6000.0,1,0
100000003985389100,2026-07-17,1,0,60000.0,0.0,60000.0,1,0
100000003985389100,2026-07-18,1,0,11999.0,0.0,11999.0,1,0
100000003985389100,2026-07-19,1,0,5000.0,0.0,5000.0,1,0
100000003985389100,2026-07-20,1,0,10000.0,0.0,10000.0,1,0
100000003985389100,2026-07-21,1,0,10000.0,0.0,10000.0,1,0
100000003985389100,2026-07-24,1,0,9700.0,0.0,9700.0,1,0
100000003985389100,2026-07-28,1,0,60000.0,0.0,60000.0,1,0
100000003986141100,2026-07-08,1,0,5286.32,0.0,5286.32,1,0
100000003988112100,2026-07-18,0,1,0.0,20000.0,-20000.0,0,1
100000003988112100,2026-07-19,2,2,92000.0,10000.0,82000.0,1,1
100000003988112100,2026-07-20,0,2,0.0,34000.0,-34000.0,0,1
100000003989033100,2026-07-06,1,0,25000.0,0.0,25000.0,1,0
100000003989033100,2026-07-07,1,0,17400.0,0.0,17400.0,1,0
100000003989033100,2026-07-13,1,0,45000.0,0.0,45000.0,1,0
100000003989033100,2026-07-14,1,0,17300.0,0.0,17300.0,1,0
100000003989033100,2026-07-18,1,0,10000.0,0.0,10000.0,1,0
100000003989033100,2026-07-21,1,0,50000.0,0.0,50000.0,1,0
100000003989033100,2026-07-22,2,0,80000.0,0.0,80000.0,1,0
100000003989033100,2026-07-23,1,0,5200.0,0.0,5200.0,1,0
100000003989033100,2026-07-24,1,0,84500.0,0.0,84500.0,1,0
100000003989033100,2026-07-25,1,0,10000.0,0.0,10000.0,1,0
100000003989033100,2026-07-28,1,0,14000.0,0.0,14000.0,1,0
100000003989033100,2026-07-30,1,0,15000.0,0.0,15000.0,1,0
100000003996562100,2026-07-01,1,0,7700.0,0.0,7700.0,1,0
100000004004621100,2026-07-19,2,0,50028.0,0.0,50028.0,2,0
100000004004621100,2026-07-20,1,0,25361.0,0.0,25361.0,1,0
100000004005964100,2026-07-06,1,0,5000.0,0.0,5000.0,1,0
100000004005964100,2026-07-12,2,1,30000.0,10000.0,20000.0,1,1
100000004005964100,2026-07-16,1,0,10000.0,0.0,10000.0,1,0
100000004005964100,2026-07-17,0,2,0.0,35000.0,-35000.0,0,2
100000004005964100,2026-07-19,0,2,0.0,27000.0,-27000.0,0,2
100000004005964100,2026-07-20,1,0,9300.0,0.0,9300.0,1,0
100000004005964100,2026-07-21,2,0,23700.0,0.0,23700.0,1,0
100000004005964100,2026-07-23,1,0,10000.0,0.0,10000.0,1,0
100000004005964100,2026-07-30,1,0,9900.0,0.0,9900.0,1,0
100000004006327100,2026-07-08,1,0,50000.0,0.0,50000.0,1,0
100000004006327100,2026-07-14,1,0,50000.0,0.0,50000.0,1,0
100000004006327100,2026-07-17,1,0,200000.0,0.0,200000.0,1,0
100000004007116100,2026-07-03,1,0,14000.0,0.0,14000.0,1,0
100000004007116100,2026-07-04,1,0,106960.0,0.0,106960.0,1,0
100000004007116100,2026-07-12,0,1,0.0,10000.0,-10000.0,0,1
100000004007116100,2026-07-14,1,0,28000.0,0.0,28000.0,1,0
100000004007116100,2026-07-15,0,1,0.0,8000.0,-8000.0,0,1
100000004007116100,2026-07-16,0,1,0.0,10000.0,-10000.0,0,1
100000004007116100,2026-07-17,1,0,10000.0,0.0,10000.0,1,0
100000004007116100,2026-07-18,0,1,0.0,50000.0,-50000.0,0,1
100000004007116100,2026-07-19,1,0,17000.0,0.0,17000.0,1,0
100000004007116100,2026-07-20,3,0,78500.0,0.0,78500.0,1,0
100000004007116100,2026-07-21,2,0,61050.0,0.0,61050.0,1,0
100000004007116100,2026-07-23,3,1,50850.0,55000.0,-4150.0,1,1
100000004007116100,2026-07-24,2,0,60000.0,0.0,60000.0,1,0
100000004007116100,2026-07-25,2,0,95000.0,0.0,95000.0,1,0
100000004007116100,2026-07-27,2,0,35800.0,0.0,35800.0,1,0
100000004007116100,2026-07-29,4,0,95544.0,0.0,95544.0,1,0
100000004007116100,2026-07-30,1,0,112000.0,0.0,112000.0,1,0
100000004007116100,2026-07-31,0,1,0.0,15000.0,-15000.0,0,1
100000004007197100,2026-07-29,1,0,10048.0,0.0,10048.0,1,0
100000004013952100,2026-07-25,1,0,5500.0,0.0,5500.0,1,0
100000004015047100,2026-07-01,0,1,0.0,6877.0,-6877.0,0,1
100000004015047100,2026-07-02,2,2,19000.0,17057.0,1943.0,2,1
100000004015047100,2026-07-03,1,1,26000.0,16975.0,9025.0,1,1
100000004015047100,2026-07-04,2,0,180000.0,0.0,180000.0,2,0
100000004015047100,2026-07-06,1,0,12920.0,0.0,12920.0,1,0
100000004015047100,2026-07-11,0,2,0.0,18286.0,-18286.0,0,1
100000004015047100,2026-07-13,1,0,70000.0,0.0,70000.0,1,0
100000004015047100,2026-07-14,1,0,77000.0,0.0,77000.0,1,0
100000004015047100,2026-07-16,0,1,0.0,10000.0,-10000.0,0,1
100000004015047100,2026-07-18,3,0,379384.0,0.0,379384.0,2,0
100000004015047100,2026-07-20,1,0,44000.0,0.0,44000.0,1,0
100000004015047100,2026-07-21,3,0,55500.0,0.0,55500.0,1,0
100000004015047100,2026-07-22,2,0,10000.0,0.0,10000.0,1,0
100000004015047100,2026-07-23,1,0,45300.0,0.0,45300.0,1,0
100000004017410100,2026-07-01,0,1,0.0,13915.0,-13915.0,0,1
100000004017410100,2026-07-08,0,2,0.0,812000.0,-812000.0,0,2
100000004017410100,2026-07-16,0,2,0.0,35000.0,-35000.0,0,2
100000004017410100,2026-07-18,0,2,0.0,95000.0,-95000.0,0,2
100000004017410100,2026-07-19,2,2,42650.0,55000.0,-12350.0,2,2
100000004017410100,2026-07-20,1,0,50000.0,0.0,50000.0,1,0
100000004017410100,2026-07-24,2,0,21000.0,0.0,21000.0,2,0
100000004017410100,2026-07-26,1,0,80000.0,0.0,80000.0,1,0
100000004017410100,2026-07-31,0,2,0.0,320000.0,-320000.0,0,2
100000004019056100,2026-07-28,1,0,50000.0,0.0,50000.0,1,0
100000004019124100,2026-07-11,1,0,54000.0,0.0,54000.0,1,0
100000004019124100,2026-07-12,1,0,40000.0,0.0,40000.0,1,0
100000004019124100,2026-07-15,1,0,99000.0,0.0,99000.0,1,0
100000004030553100,2026-07-17,1,0,70000.0,0.0,70000.0,1,0
100000004035925100,2026-07-03,1,0,544000.0,0.0,544000.0,1,0
100000004035925100,2026-07-17,1,0,567588.0,0.0,567588.0,1,0
100000004041163100,2026-07-05,0,2,0.0,700000.0,-700000.0,0,1
100000004041163100,2026-07-11,0,1,0.0,52000.0,-52000.0,0,1
100000004041163100,2026-07-14,0,1,0.0,40000.0,-40000.0,0,1
100000004041163100,2026-07-16,0,1,0.0,26000.0,-26000.0,0,1
100000004041163100,2026-07-19,1,1,50000.0,48000.0,2000.0,1,1
100000004041294100,2026-07-13,2,0,17800.0,0.0,17800.0,1,0
100000004047887100,2026-07-29,1,0,30000.0,0.0,30000.0,1,0
100000004049912100,2026-07-06,1,0,10000.0,0.0,10000.0,1,0
100000004058740100,2026-07-08,1,0,30000.0,0.0,30000.0,1,0
100000004064431100,2026-07-24,1,0,26000.0,0.0,26000.0,1,0
100000004064431100,2026-07-26,0,1,0.0,10000.0,-10000.0,0,1
100000004066370100,2026-07-15,1,0,15000.0,0.0,15000.0,1,0
100000004066370100,2026-07-17,1,0,50000.0,0.0,50000.0,1,0
100000004066647100,2026-07-19,1,0,51000.0,0.0,51000.0,1,0
100000004070318100,2026-07-01,0,3,0.0,22951.0,-22951.0,0,2
100000004070318100,2026-07-02,2,3,29521.55,23000.0,6521.55,1,3
100000004070318100,2026-07-03,0,1,0.0,20526.0,-20526.0,0,1
100000004070318100,2026-07-04,0,1,0.0,6000.0,-6000.0,0,1
100000004070318100,2026-07-05,0,1,0.0,28504.0,-28504.0,0,1
100000004070318100,2026-07-06,0,1,0.0,10000.0,-10000.0,0,1
100000004070318100,2026-07-07,0,1,0.0,35068.0,-35068.0,0,1
100000004070318100,2026-07-09,2,5,64725.0,70749.0,-6024.0,1,4
100000004070318100,2026-07-10,2,5,113000.0,73000.0,40000.0,2,4
100000004070318100,2026-07-11,0,5,0.0,79000.0,-79000.0,0,3
100000004070318100,2026-07-12,0,3,0.0,26059.0,-26059.0,0,2
100000004070318100,2026-07-14,0,2,0.0,44800.0,-44800.0,0,2
100000004070318100,2026-07-15,0,2,0.0,44090.0,-44090.0,0,2
100000004070318100,2026-07-22,0,1,0.0,19348.0,-19348.0,0,1
100000004070318100,2026-07-26,0,1,0.0,16465.0,-16465.0,0,1
100000004070318100,2026-07-27,0,1,0.0,23300.0,-23300.0,0,1
100000004070318100,2026-07-31,0,1,0.0,9000.0,-9000.0,0,1
100000004070530100,2026-07-22,1,0,20000.0,0.0,20000.0,1,0
100000004071070100,2026-07-03,1,0,5000.0,0.0,5000.0,1,0
100000004071070100,2026-07-06,1,0,19000.0,0.0,19000.0,1,0
100000004071070100,2026-07-07,1,0,6000.0,0.0,6000.0,1,0
100000004071070100,2026-07-13,1,0,6000.0,0.0,6000.0,1,0
100000004071070100,2026-07-14,0,1,0.0,6000.0,-6000.0,0,1
100000004071070100,2026-07-19,1,0,5000.0,0.0,5000.0,1,0
100000004071080100,2026-07-03,2,0,17000.0,0.0,17000.0,2,0
100000004071080100,2026-07-04,2,1,29000.0,10500.0,18500.0,2,1
100000004071080100,2026-07-05,2,0,23000.0,0.0,23000.0,2,0
100000004071080100,2026-07-06,1,1,9000.0,19000.0,-10000.0,1,1
100000004071080100,2026-07-07,1,1,11000.0,6000.0,5000.0,1,1
100000004071080100,2026-07-08,1,0,5000.0,0.0,5000.0,1,0
100000004071080100,2026-07-09,3,0,56000.0,0.0,56000.0,1,0
100000004071080100,2026-07-13,0,1,0.0,6000.0,-6000.0,0,1
100000004071080100,2026-07-14,2,0,36600.0,0.0,36600.0,2,0
100000004071080100,2026-07-18,1,0,20000.0,0.0,20000.0,1,0
100000004071080100,2026-07-19,0,1,0.0,5000.0,-5000.0,0,1
100000004071080100,2026-07-21,1,0,32000.0,0.0,32000.0,1,0
100000004071444100,2026-07-24,0,1,0.0,100000.0,-100000.0,0,1
100000004071444100,2026-07-25,1,0,247350.0,0.0,247350.0,1,0
100000004076740100,2026-07-05,2,0,30000.0,0.0,30000.0,1,0
100000004076740100,2026-07-06,1,0,10000.0,0.0,10000.0,1,0
100000004076740100,2026-07-07,0,1,0.0,10000.0,-10000.0,0,1
100000004076740100,2026-07-09,1,1,46250.0,5000.0,41250.0,1,1
100000004076740100,2026-07-11,0,1,0.0,8000.0,-8000.0,0,1
100000004076740100,2026-07-16,0,1,0.0,20000.0,-20000.0,0,1
100000004076740100,2026-07-20,0,1,0.0,5000.0,-5000.0,0,1
100000004076740100,2026-07-21,0,1,0.0,20000.0,-20000.0,0,1
100000004076740100,2026-07-24,0,1,0.0,32000.0,-32000.0,0,1
100000004076740100,2026-07-25,1,0,7000.0,0.0,7000.0,1,0
100000004076740100,2026-07-28,0,1,0.0,5000.0,-5000.0,0,1
100000004076740100,2026-07-31,0,2,0.0,20000.0,-20000.0,0,2
100000004077081100,2026-07-09,0,1,0.0,120000.0,-120000.0,0,1
100000004077081100,2026-07-10,0,1,0.0,75000.0,-75000.0,0,1
100000004077081100,2026-07-23,1,2,140000.0,320000.0,-180000.0,1,2
100000004077081100,2026-07-24,0,1,0.0,40000.0,-40000.0,0,1
100000004077081100,2026-07-25,0,1,0.0,60000.0,-60000.0,0,1
100000004094958100,2026-07-16,1,1,39000.0,40000.0,-1000.0,1,1
100000004096559100,2026-07-26,1,0,46200.0,0.0,46200.0,1,0
100000004097972100,2026-07-07,1,1,118878.0,5000.0,113878.0,1,1
100000004097972100,2026-07-22,0,1,0.0,5000.0,-5000.0,0,1
100000004099450100,2026-07-25,1,0,31000.0,0.0,31000.0,1,0
100000004105288100,2026-07-18,1,0,190000.0,0.0,190000.0,1,0
100000004105288100,2026-07-19,1,0,25000.0,0.0,25000.0,1,0
100000004107228100,2026-07-02,1,0,5000.0,0.0,5000.0,1,0
100000004114962100,2026-07-06,1,0,25000.0,0.0,25000.0,1,0
100000004114962100,2026-07-07,1,0,140000.0,0.0,140000.0,1,0
100000004130144100,2026-07-22,1,0,200000.0,0.0,200000.0,1,0
100000004134060100,2026-07-24,1,0,88179.0,0.0,88179.0,1,0
100000004135268100,2026-07-08,0,1,0.0,150200.0,-150200.0,0,1
100000004135268100,2026-07-09,1,1,175000.0,150000.0,25000.0,1,1
100000004135268100,2026-07-10,1,1,200000.0,200000.0,0.0,1,1
100000004135268100,2026-07-11,1,1,864000.0,500000.0,364000.0,1,1
100000004140487100,2026-07-19,1,3,24510.0,24700.0,-190.0,1,2
100000004140487100,2026-07-20,0,1,0.0,10000.0,-10000.0,0,1
100000004140487100,2026-07-21,0,2,0.0,43000.0,-43000.0,0,2
100000004140487100,2026-07-22,0,1,0.0,9100.0,-9100.0,0,1
100000004140487100,2026-07-23,0,8,0.0,129800.0,-129800.0,0,6
100000004140487100,2026-07-27,0,2,0.0,30000.0,-30000.0,0,1
100000004140487100,2026-07-30,0,2,0.0,16000.0,-16000.0,0,2
100000004140994100,2026-07-15,1,0,18650.0,0.0,18650.0,1,0
100000004144536100,2026-07-15,1,0,8000.0,0.0,8000.0,1,0
100000004144536100,2026-07-18,2,0,55000.0,0.0,55000.0,2,0
100000004144536100,2026-07-23,1,0,55000.0,0.0,55000.0,1,0
100000004144536100,2026-07-27,1,0,40000.0,0.0,40000.0,1,0
100000004144536100,2026-07-30,1,0,10000.0,0.0,10000.0,1,0
100000004150593100,2026-07-11,2,8,57000.0,517855.0,-460855.0,1,7
100000004150593100,2026-07-12,0,1,0.0,110000.0,-110000.0,0,1
100000004150593100,2026-07-13,0,2,0.0,82900.0,-82900.0,0,2
100000004150593100,2026-07-14,0,1,0.0,90000.0,-90000.0,0,1
100000004150593100,2026-07-16,0,1,0.0,5300.0,-5300.0,0,1
100000004150593100,2026-07-17,0,1,0.0,19000.0,-19000.0,0,1
100000004150593100,2026-07-19,0,2,0.0,46110.0,-46110.0,0,2
100000004156082100,2026-07-23,0,1,0.0,10000.0,-10000.0,0,1
100000004156082100,2026-07-26,0,1,0.0,85000.0,-85000.0,0,1
100000004156082100,2026-07-27,1,5,5000.0,179476.0,-174476.0,1,5
100000004156082100,2026-07-28,1,3,6000.0,554600.0,-548600.0,1,3
100000004156082100,2026-07-29,1,7,273866.11,606256.0,-332389.89,1,6
100000004156082100,2026-07-30,2,5,20500.0,266437.0,-245937.0,2,4
100000004156082100,2026-07-31,2,7,72000.0,617787.0,-545787.0,2,7
100000004158362100,2026-07-02,1,0,12000.0,0.0,12000.0,1,0
100000004159526100,2026-07-01,0,1,0.0,10000.0,-10000.0,0,1
100000004159526100,2026-07-08,1,1,20000.0,10000.0,10000.0,1,1
100000004159526100,2026-07-09,2,1,244082.0,20000.0,224082.0,2,1
100000004159526100,2026-07-14,0,1,0.0,18000.0,-18000.0,0,1
100000004159526100,2026-07-21,1,0,10955.0,0.0,10955.0,1,0
100000004159526100,2026-07-24,0,1,0.0,5000.0,-5000.0,0,1
100000004159526100,2026-07-27,0,1,0.0,5000.0,-5000.0,0,1
100000004160650100,2026-07-01,0,1,0.0,5000.0,-5000.0,0,1
100000004160650100,2026-07-02,0,1,0.0,30000.0,-30000.0,0,1
100000004160650100,2026-07-03,0,1,0.0,14000.0,-14000.0,0,1
100000004160650100,2026-07-06,0,1,0.0,5000.0,-5000.0,0,1
100000004160650100,2026-07-12,0,1,0.0,8800.0,-8800.0,0,1
100000004160650100,2026-07-14,0,1,0.0,28000.0,-28000.0,0,1
100000004160650100,2026-07-20,0,4,0.0,87800.0,-87800.0,0,2
100000004160650100,2026-07-21,0,4,0.0,84750.0,-84750.0,0,2
100000004160650100,2026-07-22,0,1,0.0,10000.0,-10000.0,0,1
100000004160650100,2026-07-23,1,4,7100.0,192420.0,-185320.0,1,2
100000004160650100,2026-07-24,0,3,0.0,86000.0,-86000.0,0,2
100000004160650100,2026-07-25,1,0,28000.0,0.0,28000.0,1,0
100000004160650100,2026-07-27,0,6,0.0,145565.0,-145565.0,0,5
100000004160650100,2026-07-28,1,1,20000.0,45000.0,-25000.0,1,1
100000004160650100,2026-07-29,0,8,0.0,275592.0,-275592.0,0,4
100000004160650100,2026-07-30,1,3,20000.0,471900.0,-451900.0,1,3
100000004167082100,2026-07-01,1,0,13300.0,0.0,13300.0,1,0
100000004177936100,2026-07-05,1,0,10000.0,0.0,10000.0,1,0
100000004180097100,2026-07-01,1,0,7000.0,0.0,7000.0,1,0
100000004180097100,2026-07-12,0,1,0.0,6800.0,-6800.0,0,1
100000004180097100,2026-07-17,1,1,76854.0,10000.0,66854.0,1,1
100000004180097100,2026-07-18,1,1,10000.0,5000.0,5000.0,1,1
100000004180097100,2026-07-24,1,3,6000.0,21000.0,-15000.0,1,2
100000004180097100,2026-07-31,1,1,5000.0,5000.0,0.0,1,1
100000004183610100,2026-07-18,0,1,0.0,700000.0,-700000.0,0,1
100000004183610100,2026-07-19,0,1,0.0,200000.0,-200000.0,0,1
100000004183610100,2026-07-28,1,0,22000.0,0.0,22000.0,1,0
100000004183610100,2026-07-30,0,1,0.0,15000.0,-15000.0,0,1
100000004184158100,2026-07-24,1,0,203805.0,0.0,203805.0,1,0
100000004185681100,2026-07-14,1,0,10000.0,0.0,10000.0,1,0
100000004186824100,2026-07-09,1,0,94800.0,0.0,94800.0,1,0
100000004186824100,2026-07-13,1,0,14350.0,0.0,14350.0,1,0
100000004186824100,2026-07-14,2,0,23500.0,0.0,23500.0,1,0
100000004186824100,2026-07-15,1,0,179070.0,0.0,179070.0,1,0
100000004186824100,2026-07-16,1,0,45980.0,0.0,45980.0,1,0
100000004186824100,2026-07-20,1,0,94000.0,0.0,94000.0,1,0
100000004186824100,2026-07-24,0,1,0.0,7000.0,-7000.0,0,1
100000004188160100,2026-07-03,1,0,23246.0,0.0,23246.0,1,0
100000004188160100,2026-07-09,1,0,23450.0,0.0,23450.0,1,0
100000004188160100,2026-07-21,1,1,14706.0,6000.0,8706.0,1,1
100000004188160100,2026-07-22,1,2,17860.0,18000.0,-140.0,1,1
100000004188160100,2026-07-24,0,1,0.0,10710.0,-10710.0,0,1
100000004188160100,2026-07-25,0,1,0.0,82110.0,-82110.0,0,1
100000004188160100,2026-07-28,1,0,8600.0,0.0,8600.0,1,0
100000004188160100,2026-07-29,0,1,0.0,17026.0,-17026.0,0,1
100000004192107100,2026-07-29,1,0,25000.0,0.0,25000.0,1,0
100000004192865100,2026-07-01,1,0,66666.0,0.0,66666.0,1,0
100000004193835100,2026-07-09,1,1,47000.0,5000.0,42000.0,1,1
100000004200745100,2026-07-03,1,0,42000.0,0.0,42000.0,1,0
100000004200745100,2026-07-07,1,0,36000.0,0.0,36000.0,1,0
100000004200745100,2026-07-22,1,0,32000.0,0.0,32000.0,1,0
100000004200745100,2026-07-23,1,0,20000.0,0.0,20000.0,1,0
100000004206046100,2026-07-05,1,0,11075.0,0.0,11075.0,1,0
100000004209339100,2026-07-06,0,2,0.0,21000.0,-21000.0,0,2
100000004209339100,2026-07-07,0,1,0.0,5000.0,-5000.0,0,1
100000004209339100,2026-07-11,0,1,0.0,20000.0,-20000.0,0,1
100000004209339100,2026-07-12,1,0,65000.0,0.0,65000.0,1,0
100000004209339100,2026-07-15,0,1,0.0,15000.0,-15000.0,0,1
100000004209339100,2026-07-16,3,1,20500.0,45000.0,-24500.0,1,1
100000004209339100,2026-07-18,1,0,18000.0,0.0,18000.0,1,0
100000004209339100,2026-07-19,1,1,35000.0,5000.0,30000.0,1,1
100000004209339100,2026-07-20,0,2,0.0,17500.0,-17500.0,0,1
100000004209339100,2026-07-30,0,1,0.0,60000.0,-60000.0,0,1
100000004209339100,2026-07-31,0,1,0.0,50000.0,-50000.0,0,1
100000004213658100,2026-07-15,1,0,25347.0,0.0,25347.0,1,0
100000004217419100,2026-07-20,1,0,31200.0,0.0,31200.0,1,0
100000004217419100,2026-07-21,1,0,7000.0,0.0,7000.0,1,0
100000004217419100,2026-07-23,1,1,80000.0,7700.0,72300.0,1,1
100000004218576100,2026-07-13,1,0,26144.0,0.0,26144.0,1,0
100000004221668100,2026-07-04,1,0,6000.0,0.0,6000.0,1,0
100000004221668100,2026-07-05,1,0,300000.0,0.0,300000.0,1,0
100000004221668100,2026-07-08,1,0,20000.0,0.0,20000.0,1,0
100000004221668100,2026-07-09,0,1,0.0,17000.0,-17000.0,0,1
100000004221668100,2026-07-10,0,1,0.0,15000.0,-15000.0,0,1
100000004221668100,2026-07-15,0,2,0.0,11600.0,-11600.0,0,2
100000004221668100,2026-07-16,1,0,23700.0,0.0,23700.0,1,0
100000004221668100,2026-07-18,0,2,0.0,15000.0,-15000.0,0,1
100000004221668100,2026-07-19,1,0,29000.0,0.0,29000.0,1,0
100000004221668100,2026-07-20,0,1,0.0,5000.0,-5000.0,0,1
100000004221668100,2026-07-22,1,1,652000.0,652000.0,0.0,1,1
100000004221668100,2026-07-27,1,2,5600.0,15840.0,-10240.0,1,2
100000004221668100,2026-07-29,1,0,92000.0,0.0,92000.0,1,0
100000004222274100,2026-07-29,1,0,15500.0,0.0,15500.0,1,0
100000004225615100,2026-07-02,2,0,90000.0,0.0,90000.0,1,0
100000004226848100,2026-07-28,1,0,301866.0,0.0,301866.0,1,0
100000004232712100,2026-07-14,1,0,12500.0,0.0,12500.0,1,0
100000004235471100,2026-07-20,1,0,180000.0,0.0,180000.0,1,0
100000004241142100,2026-07-11,1,0,27102.0,0.0,27102.0,1,0
100000004254434100,2026-07-13,2,0,44445.0,0.0,44445.0,1,0
100000004257714100,2026-07-10,1,0,52220.0,0.0,52220.0,1,0
100000004260869100,2026-07-14,1,0,10000.0,0.0,10000.0,1,0
100000004261340100,2026-07-01,1,0,13000.0,0.0,13000.0,1,0
100000004261340100,2026-07-03,1,0,10500.0,0.0,10500.0,1,0
100000004261340100,2026-07-04,1,0,15000.0,0.0,15000.0,1,0
100000004261340100,2026-07-09,1,0,10000.0,0.0,10000.0,1,0
100000004263867100,2026-07-30,1,0,9000.0,0.0,9000.0,1,0
100000004265639100,2026-07-27,1,0,10000.0,0.0,10000.0,1,0
100000004268036100,2026-07-24,1,0,5500.0,0.0,5500.0,1,0
100000004269433100,2026-07-01,0,1,0.0,54000.0,-54000.0,0,1
100000004269433100,2026-07-02,0,1,0.0,47000.0,-47000.0,0,1
100000004269433100,2026-07-06,0,1,0.0,16000.0,-16000.0,0,1
100000004269433100,2026-07-09,0,8,0.0,198000.0,-198000.0,0,1
100000004269433100,2026-07-10,0,4,0.0,123000.0,-123000.0,0,1
100000004269433100,2026-07-11,0,4,0.0,72000.0,-72000.0,0,1
100000004269433100,2026-07-12,0,11,0.0,225000.0,-225000.0,0,1
100000004269433100,2026-07-13,0,2,0.0,44000.0,-44000.0,0,1
100000004269433100,2026-07-14,0,9,0.0,120000.0,-120000.0,0,1
100000004269433100,2026-07-15,0,1,0.0,13000.0,-13000.0,0,1
100000004269433100,2026-07-16,0,9,0.0,146000.0,-146000.0,0,1
100000004269433100,2026-07-17,0,3,0.0,67000.0,-67000.0,0,1
100000004269433100,2026-07-18,0,6,0.0,106000.0,-106000.0,0,1
100000004269433100,2026-07-19,0,2,0.0,26000.0,-26000.0,0,1
100000004269433100,2026-07-23,0,4,0.0,82000.0,-82000.0,0,1
100000004269433100,2026-07-28,0,1,0.0,33000.0,-33000.0,0,1
100000004272302100,2026-07-15,1,0,10000.0,0.0,10000.0,1,0
100000004278574100,2026-07-03,1,0,25000.0,0.0,25000.0,1,0
100000004278574100,2026-07-14,0,1,0.0,12500.0,-12500.0,0,1
100000004285800100,2026-07-04,0,1,0.0,15000.0,-15000.0,0,1
100000004285800100,2026-07-17,1,0,5000.0,0.0,5000.0,1,0
100000004286573100,2026-07-14,1,0,16590.0,0.0,16590.0,1,0
100000004291560100,2026-07-24,1,0,47190.0,0.0,47190.0,1,0
100000004291663100,2026-07-31,1,0,25000.0,0.0,25000.0,1,0
100000004292885100,2026-07-01,1,0,112700.0,0.0,112700.0,1,0
100000004299488100,2026-07-08,4,3,629000.0,70000.0,559000.0,3,1
100000004299488100,2026-07-09,3,0,215000.0,0.0,215000.0,1,0
100000004299488100,2026-07-11,6,2,510000.0,16000.0,494000.0,3,1
100000004299488100,2026-07-12,3,2,132000.0,90000.0,42000.0,3,1
100000004299488100,2026-07-13,1,1,104000.0,20000.0,84000.0,1,1
100000004299488100,2026-07-14,1,0,8000.0,0.0,8000.0,1,0
100000004299488100,2026-07-15,1,2,52000.0,90000.0,-38000.0,1,1
100000004299488100,2026-07-17,1,2,6000.0,30000.0,-24000.0,1,1
100000004299488100,2026-07-18,0,1,0.0,8999.0,-8999.0,0,1
100000004299488100,2026-07-19,1,0,58000.0,0.0,58000.0,1,0
100000004299488100,2026-07-20,1,0,35000.0,0.0,35000.0,1,0
100000004299488100,2026-07-23,0,1,0.0,20000.0,-20000.0,0,1
100000004315838100,2026-07-01,0,1,0.0,18000.0,-18000.0,0,1
100000004315838100,2026-07-03,1,0,25000.0,0.0,25000.0,1,0
100000004315838100,2026-07-23,1,0,25000.0,0.0,25000.0,1,0
100000004318918100,2026-07-21,1,0,75600.0,0.0,75600.0,1,0
100000004321983100,2026-07-04,0,1,0.0,6200.0,-6200.0,0,1
100000004321983100,2026-07-27,1,0,10840.0,0.0,10840.0,1,0
100000004321983100,2026-07-31,0,2,0.0,30000.0,-30000.0,0,1
100000004325327100,2026-07-03,1,0,47472.0,0.0,47472.0,1,0
100000004325327100,2026-07-05,0,1,0.0,70000.0,-70000.0,0,1
100000004325327100,2026-07-23,1,0,9893.0,0.0,9893.0,1,0
100000004325327100,2026-07-29,1,0,13452.0,0.0,13452.0,1,0
100000004326224100,2026-07-04,1,0,60000.0,0.0,60000.0,1,0
100000004330371100,2026-07-08,1,1,20226.0,8600.0,11626.0,1,1
100000004330371100,2026-07-12,0,2,0.0,31781.0,-31781.0,0,2
100000004330371100,2026-07-14,4,0,48045.0,0.0,48045.0,2,0
100000004330371100,2026-07-21,4,2,104400.0,45300.0,59100.0,2,1
100000004330371100,2026-07-23,1,0,5000.0,0.0,5000.0,1,0
100000004330371100,2026-07-27,1,0,28000.0,0.0,28000.0,1,0
100000004330371100,2026-07-28,1,0,58500.0,0.0,58500.0,1,0
100000004330371100,2026-07-30,0,1,0.0,5000.0,-5000.0,0,1
100000004331458100,2026-07-01,1,0,210000.0,0.0,210000.0,1,0
100000004331458100,2026-07-16,1,0,40000.0,0.0,40000.0,1,0
100000004336228100,2026-07-27,2,0,51407.0,0.0,51407.0,1,0
100000004336312100,2026-07-01,1,0,13915.0,0.0,13915.0,1,0
100000004336312100,2026-07-16,3,0,50500.0,0.0,50500.0,3,0
100000004336312100,2026-07-18,2,0,21000.0,0.0,21000.0,2,0
100000004336312100,2026-07-19,1,1,5000.0,37650.0,-32650.0,1,1
100000004336312100,2026-07-24,0,1,0.0,15000.0,-15000.0,0,1
100000004336312100,2026-07-31,0,1,0.0,20000.0,-20000.0,0,1
100000004340038100,2026-07-08,1,0,9978.0,0.0,9978.0,1,0
100000004340038100,2026-07-17,0,1,0.0,49000.0,-49000.0,0,1
100000004350094100,2026-07-06,1,0,20000.0,0.0,20000.0,1,0
100000004351795100,2026-07-01,1,0,66404.0,0.0,66404.0,1,0
100000004351795100,2026-07-03,1,1,29511.0,90000.0,-60489.0,1,1
100000004351795100,2026-07-05,0,1,0.0,46501.0,-46501.0,0,1
100000004351795100,2026-07-09,0,4,0.0,64100.0,-64100.0,0,1
100000004351795100,2026-07-10,0,1,0.0,23000.0,-23000.0,0,1
100000004351795100,2026-07-12,0,1,0.0,28000.0,-28000.0,0,1
100000004351795100,2026-07-14,0,2,0.0,63800.0,-63800.0,0,2
100000004351795100,2026-07-15,0,1,0.0,57800.0,-57800.0,0,1
100000004351795100,2026-07-16,0,2,0.0,92000.0,-92000.0,0,2
100000004351795100,2026-07-17,0,1,0.0,49000.0,-49000.0,0,1
100000004351795100,2026-07-18,0,2,0.0,42500.0,-42500.0,0,2
100000004351795100,2026-07-19,0,3,0.0,133000.0,-133000.0,0,3
100000004351795100,2026-07-22,0,4,0.0,255000.0,-255000.0,0,3
100000004351795100,2026-07-23,0,2,0.0,67000.0,-67000.0,0,1
100000004351795100,2026-07-25,0,1,0.0,39800.0,-39800.0,0,1
100000004351795100,2026-07-27,0,1,0.0,150000.0,-150000.0,0,1
100000004351795100,2026-07-28,1,3,22418.0,190000.0,-167582.0,1,3
100000004351795100,2026-07-29,0,2,0.0,82900.0,-82900.0,0,2
100000004351795100,2026-07-30,0,5,0.0,240760.0,-240760.0,0,5
100000004356593100,2026-07-07,1,0,50000.0,0.0,50000.0,1,0
100000004356593100,2026-07-14,0,1,0.0,10000.0,-10000.0,0,1
100000004358004100,2026-07-15,0,1,0.0,46000.0,-46000.0,0,1
100000004358004100,2026-07-16,0,1,0.0,9000.0,-9000.0,0,1
100000004358004100,2026-07-18,0,1,0.0,43000.0,-43000.0,0,1
100000004358004100,2026-07-19,0,1,0.0,35000.0,-35000.0,0,1
100000004358004100,2026-07-20,0,1,0.0,47000.0,-47000.0,0,1
100000004358004100,2026-07-21,0,1,0.0,37000.0,-37000.0,0,1
100000004358004100,2026-07-22,0,1,0.0,65000.0,-65000.0,0,1
100000004358004100,2026-07-23,0,1,0.0,83000.0,-83000.0,0,1
100000004358004100,2026-07-24,0,2,0.0,83000.0,-83000.0,0,1
100000004358004100,2026-07-25,0,2,0.0,115000.0,-115000.0,0,2
100000004358004100,2026-07-27,0,2,0.0,137850.0,-137850.0,0,2
100000004358004100,2026-07-28,0,3,0.0,280000.0,-280000.0,0,3
100000004360785100,2026-07-13,1,0,94705.0,0.0,94705.0,1,0
100000004368189100,2026-07-08,0,1,0.0,6500.0,-6500.0,0,1
100000004368189100,2026-07-11,1,0,384600.0,0.0,384600.0,1,0
100000004368189100,2026-07-12,0,1,0.0,21700.0,-21700.0,0,1
100000004377043100,2026-07-21,1,0,5700.0,0.0,5700.0,1,0
100000004379306100,2026-07-12,1,0,15000.0,0.0,15000.0,1,0
100000004386258100,2026-07-05,1,0,5000.0,0.0,5000.0,1,0
100000004386258100,2026-07-25,0,1,0.0,10000.0,-10000.0,0,1
100000004386258100,2026-07-30,2,2,56700.0,30000.0,26700.0,2,2
100000004386286100,2026-07-29,1,0,12500.0,0.0,12500.0,1,0
100000004386331100,2026-07-05,0,1,0.0,5000.0,-5000.0,0,1
100000004386331100,2026-07-29,0,1,0.0,12500.0,-12500.0,0,1
100000004386331100,2026-07-30,1,0,20000.0,0.0,20000.0,1,0
100000004388209100,2026-07-30,1,0,11800.0,0.0,11800.0,1,0
100000004388353100,2026-07-11,1,0,28000.0,0.0,28000.0,1,0
100000004388353100,2026-07-19,1,0,34960.0,0.0,34960.0,1,0
100000004388983100,2026-07-27,0,1,0.0,14000.0,-14000.0,0,1
100000004388983100,2026-07-28,0,6,0.0,83000.0,-83000.0,0,1
100000004388983100,2026-07-29,0,6,0.0,164000.0,-164000.0,0,2
100000004388983100,2026-07-30,0,1,0.0,20000.0,-20000.0,0,1
100000004388983100,2026-07-31,0,9,0.0,169816.0,-169816.0,0,2
100000004390333100,2026-07-02,1,0,45751.0,0.0,45751.0,1,0
100000004390333100,2026-07-03,1,3,18807.0,110000.0,-91193.0,1,2
100000004390333100,2026-07-16,0,2,0.0,110000.0,-110000.0,0,2
100000004390333100,2026-07-17,0,2,0.0,100000.0,-100000.0,0,1
100000004390333100,2026-07-18,0,1,0.0,50000.0,-50000.0,0,1
100000004390333100,2026-07-24,0,1,0.0,25000.0,-25000.0,0,1
100000004390333100,2026-07-26,0,3,0.0,61500.0,-61500.0,0,2
100000004390333100,2026-07-30,0,1,0.0,40000.0,-40000.0,0,1
100000004390333100,2026-07-31,0,1,0.0,10000.0,-10000.0,0,1
100000004394765100,2026-07-09,0,1,0.0,47000.0,-47000.0,0,1
100000004394765100,2026-07-11,3,0,298646.0,0.0,298646.0,2,0
100000004394765100,2026-07-13,4,0,224727.0,0.0,224727.0,1,0
100000004394765100,2026-07-14,0,1,0.0,35500.0,-35500.0,0,1
100000004394765100,2026-07-16,1,0,24670.0,0.0,24670.0,1,0
100000004394765100,2026-07-23,1,0,23321.0,0.0,23321.0,1,0
100000004394765100,2026-07-27,1,0,32480.0,0.0,32480.0,1,0
100000004398811100,2026-07-13,0,1,0.0,8500.0,-8500.0,0,1
100000004398811100,2026-07-24,0,1,0.0,483000.0,-483000.0,0,1
100000004398811100,2026-07-27,1,1,426000.0,411000.0,15000.0,1,1
100000004398811100,2026-07-31,0,1,0.0,138172.0,-138172.0,0,1
100000004399686100,2026-07-09,2,0,806000.0,0.0,806000.0,1,0
100000004400305100,2026-07-03,0,9,0.0,518199.0,-518199.0,0,9
100000004400305100,2026-07-05,2,2,30000.0,50150.0,-20150.0,2,2
100000004400305100,2026-07-06,0,6,0.0,436630.0,-436630.0,0,6
100000004400305100,2026-07-07,0,9,0.0,291920.0,-291920.0,0,7
100000004400305100,2026-07-08,0,3,0.0,141260.0,-141260.0,0,3
100000004400305100,2026-07-10,0,5,0.0,269177.0,-269177.0,0,5
100000004400305100,2026-07-12,1,5,9000.0,481870.0,-472870.0,1,5
100000004400305100,2026-07-14,1,4,19800.0,42768.0,-22968.0,1,4
100000004400305100,2026-07-15,0,1,0.0,9000.0,-9000.0,0,1
100000004400305100,2026-07-16,0,6,0.0,236945.0,-236945.0,0,6
100000004400305100,2026-07-17,0,2,0.0,153268.0,-153268.0,0,2
100000004400305100,2026-07-18,0,1,0.0,15000.0,-15000.0,0,1
100000004400305100,2026-07-19,0,2,0.0,114067.0,-114067.0,0,2
100000004400305100,2026-07-20,1,5,20000.0,693953.0,-673953.0,1,5
100000004400305100,2026-07-21,0,4,0.0,232968.0,-232968.0,0,4
100000004400305100,2026-07-22,0,6,0.0,141499.0,-141499.0,0,6
100000004400305100,2026-07-23,3,8,135000.0,360368.0,-225368.0,2,8
100000004400305100,2026-07-24,0,6,0.0,491274.0,-491274.0,0,6
100000004400305100,2026-07-25,0,4,0.0,297879.0,-297879.0,0,4
100000004400305100,2026-07-26,0,2,0.0,38306.0,-38306.0,0,2
100000004400305100,2026-07-27,1,6,9000.0,251228.0,-242228.0,1,6
100000004400305100,2026-07-29,0,5,0.0,562452.0,-562452.0,0,5
100000004400361100,2026-07-03,1,0,10000.0,0.0,10000.0,1,0
100000004400480100,2026-07-12,1,0,21700.0,0.0,21700.0,1,0
100000004403548100,2026-07-02,1,0,5000.0,0.0,5000.0,1,0
100000004403641100,2026-07-30,1,0,171500.0,0.0,171500.0,1,0
100000004403675100,2026-07-01,1,0,48100.0,0.0,48100.0,1,0
100000004403675100,2026-07-04,0,1,0.0,62264.0,-62264.0,0,1
100000004403675100,2026-07-05,1,0,47187.0,0.0,47187.0,1,0
100000004403675100,2026-07-09,0,1,0.0,59435.0,-59435.0,0,1
100000004403675100,2026-07-17,1,0,23693.0,0.0,23693.0,1,0
100000004403675100,2026-07-18,1,0,20000.0,0.0,20000.0,1,0
100000004403675100,2026-07-19,2,3,10000.0,122000.0,-112000.0,1,2
100000004403675100,2026-07-20,2,1,34000.0,21000.0,13000.0,1,1
100000004407753100,2026-07-08,1,0,40000.0,0.0,40000.0,1,0
100000004407753100,2026-07-09,1,0,100000.0,0.0,100000.0,1,0
100000004407753100,2026-07-10,0,1,0.0,100000.0,-100000.0,0,1
100000004407753100,2026-07-14,2,0,110000.0,0.0,110000.0,1,0
100000004408683100,2026-07-05,1,0,31771.68,0.0,31771.68,1,0
100000004408683100,2026-07-09,1,0,29702.0,0.0,29702.0,1,0
100000004408683100,2026-07-14,1,0,51446.0,0.0,51446.0,1,0
100000004410489100,2026-07-12,1,0,54000.0,0.0,54000.0,1,0
100000004417753100,2026-07-30,2,0,192099.0,0.0,192099.0,2,0
100000004418967100,2026-07-21,1,0,100000.0,0.0,100000.0,1,0
100000004420041100,2026-07-01,0,5,0.0,511025.0,-511025.0,0,5
100000004420041100,2026-07-02,0,1,0.0,13805.0,-13805.0,0,1
100000004420041100,2026-07-07,0,1,0.0,5000.0,-5000.0,0,1
100000004420041100,2026-07-10,0,1,0.0,5000.0,-5000.0,0,1
100000004420041100,2026-07-12,0,1,0.0,10000.0,-10000.0,0,1
100000004420041100,2026-07-20,0,1,0.0,100000.0,-100000.0,0,1
100000004420041100,2026-07-21,0,1,0.0,7000.0,-7000.0,0,1
100000004420041100,2026-07-31,1,0,69638.0,0.0,69638.0,1,0
100000004424023100,2026-07-01,0,1,0.0,100000.0,-100000.0,0,1
100000004424023100,2026-07-09,1,0,50000.0,0.0,50000.0,1,0
100000004433250100,2026-07-25,1,0,8000.0,0.0,8000.0,1,0
100000004435304100,2026-07-31,1,0,26200.0,0.0,26200.0,1,0
100000004441291100,2026-07-03,1,0,20000.0,0.0,20000.0,1,0
100000004445291100,2026-07-04,1,0,8500.0,0.0,8500.0,1,0
100000004445291100,2026-07-05,1,0,11000.0,0.0,11000.0,1,0
100000004449824100,2026-07-28,1,0,9000.0,0.0,9000.0,1,0
100000004450649100,2026-07-13,0,1,0.0,41300.0,-41300.0,0,1
100000004450649100,2026-07-23,1,0,140970.0,0.0,140970.0,1,0
100000004450649100,2026-07-25,1,0,51558.0,0.0,51558.0,1,0
100000004450649100,2026-07-27,0,1,0.0,5227.0,-5227.0,0,1
100000004451012100,2026-07-06,0,3,0.0,65740.0,-65740.0,0,3
100000004451012100,2026-07-26,1,0,91245.0,0.0,91245.0,1,0
100000004456564100,2026-07-24,1,0,5000.0,0.0,5000.0,1,0
100000004456564100,2026-07-27,1,0,5000.0,0.0,5000.0,1,0
100000004463277100,2026-07-05,1,0,35000.0,0.0,35000.0,1,0
100000004467157100,2026-07-09,1,0,5000.0,0.0,5000.0,1,0
100000004467157100,2026-07-25,0,1,0.0,7000.0,-7000.0,0,1
100000004467157100,2026-07-28,1,0,5000.0,0.0,5000.0,1,0
100000004467157100,2026-07-31,1,0,10000.0,0.0,10000.0,1,0
100000004472936100,2026-07-21,1,0,5000.0,0.0,5000.0,1,0
100000004475818100,2026-07-30,1,1,13000.0,11765.0,1235.0,1,1
100000004475818100,2026-07-31,0,2,0.0,42224.0,-42224.0,0,2
100000004479404100,2026-07-02,1,0,50000.0,0.0,50000.0,1,0
100000004479404100,2026-07-03,2,0,200000.0,0.0,200000.0,1,0
100000004479404100,2026-07-07,1,0,30000.0,0.0,30000.0,1,0
100000004479404100,2026-07-10,2,0,1200000.0,0.0,1200000.0,1,0
100000004479404100,2026-07-11,1,0,6000.0,0.0,6000.0,1,0
100000004479404100,2026-07-12,1,0,6000.0,0.0,6000.0,1,0
100000004479404100,2026-07-27,0,1,0.0,250000.0,-250000.0,0,1
100000004479404100,2026-07-28,0,1,0.0,50000.0,-50000.0,0,1
100000004480280100,2026-07-05,0,1,0.0,16000.0,-16000.0,0,1
100000004480280100,2026-07-10,0,1,0.0,5000.0,-5000.0,0,1
100000004480280100,2026-07-14,0,1,0.0,46500.0,-46500.0,0,1
100000004480280100,2026-07-22,1,0,146694.0,0.0,146694.0,1,0
100000004480280100,2026-07-23,0,2,0.0,71000.0,-71000.0,0,2
100000004480280100,2026-07-25,0,1,0.0,7350.0,-7350.0,0,1
100000004480280100,2026-07-27,0,1,0.0,150000.0,-150000.0,0,1
100000004486525100,2026-07-01,6,1,103965.0,16090.0,87875.0,3,1
100000004486525100,2026-07-02,4,0,67947.0,0.0,67947.0,4,0
100000004486525100,2026-07-03,6,0,95312.0,0.0,95312.0,5,0
100000004486525100,2026-07-04,4,0,87700.0,0.0,87700.0,3,0
100000004486525100,2026-07-06,1,2,6000.0,254955.0,-248955.0,1,1
100000004488265100,2026-07-18,1,0,38740.0,0.0,38740.0,1,0
100000004491749100,2026-07-31,1,0,50000.0,0.0,50000.0,1,0
100000004491881100,2026-07-16,1,0,17144.0,0.0,17144.0,1,0
100000004493586100,2026-07-05,1,0,7500.0,0.0,7500.0,1,0
100000004494983100,2026-07-14,1,0,35000.0,0.0,35000.0,1,0
100000004497606100,2026-07-15,1,0,15534.0,0.0,15534.0,1,0
100000004500444100,2026-07-01,1,0,20000.0,0.0,20000.0,1,0
100000004500444100,2026-07-08,1,0,20000.0,0.0,20000.0,1,0
100000004500444100,2026-07-13,2,2,80000.0,43000.0,37000.0,1,1
100000004500444100,2026-07-14,0,2,0.0,21000.0,-21000.0,0,1
100000004500444100,2026-07-16,1,0,20000.0,0.0,20000.0,1,0
100000004500444100,2026-07-18,1,0,20000.0,0.0,20000.0,1,0
100000004500444100,2026-07-21,1,0,20000.0,0.0,20000.0,1,0
100000004500444100,2026-07-23,0,1,0.0,10000.0,-10000.0,0,1
100000004500781100,2026-07-13,2,0,43000.0,0.0,43000.0,1,0
100000004500781100,2026-07-14,2,0,21000.0,0.0,21000.0,1,0
100000004500781100,2026-07-23,1,0,10000.0,0.0,10000.0,1,0
100000004502048100,2026-07-06,1,0,13888.0,0.0,13888.0,1,0
100000004508696100,2026-07-05,0,1,0.0,5000.0,-5000.0,0,1
100000004508696100,2026-07-20,1,2,7000.0,99000.0,-92000.0,1,2
100000004508696100,2026-07-22,0,1,0.0,7000.0,-7000.0,0,1
100000004509286100,2026-07-20,1,0,40000.0,0.0,40000.0,1,0
100000004526651100,2026-07-17,1,0,33000.0,0.0,33000.0,1,0
100000004527381100,2026-07-29,1,1,119333.17,273866.11,-154532.94,1,1
100000004539443100,2026-07-18,2,0,61990.0,0.0,61990.0,2,0
100000004544958100,2026-07-08,1,0,15000.0,0.0,15000.0,1,0
100000004544958100,2026-07-12,0,1,0.0,18000.0,-18000.0,0,1
100000004544958100,2026-07-13,2,0,153000.0,0.0,153000.0,1,0
100000004544958100,2026-07-15,0,1,0.0,5200.0,-5200.0,0,1
100000004549591100,2026-07-20,1,0,49000.0,0.0,49000.0,1,0
100000004552204100,2026-07-01,0,1,0.0,5000.0,-5000.0,0,1
100000004552204100,2026-07-18,1,0,15500.0,0.0,15500.0,1,0
100000004552204100,2026-07-26,0,1,0.0,5000.0,-5000.0,0,1
100000004552204100,2026-07-31,1,0,7000.0,0.0,7000.0,1,0
100000004553349100,2026-07-15,1,0,7755.0,0.0,7755.0,1,0
100000004559194100,2026-07-09,1,0,47400.0,0.0,47400.0,1,0
100000004559194100,2026-07-10,2,0,99220.0,0.0,99220.0,1,0
100000004559194100,2026-07-11,1,0,51865.0,0.0,51865.0,1,0
100000004559194100,2026-07-13,1,0,36660.0,0.0,36660.0,1,0
100000004559194100,2026-07-14,1,0,47000.0,0.0,47000.0,1,0
100000004564736100,2026-07-20,1,0,5000.0,0.0,5000.0,1,0
100000004564736100,2026-07-23,1,0,10000.0,0.0,10000.0,1,0
100000004569484100,2026-07-03,1,0,32607.0,0.0,32607.0,1,0
100000004569484100,2026-07-06,0,2,0.0,90000.0,-90000.0,0,2
100000004569484100,2026-07-20,0,1,0.0,25000.0,-25000.0,0,1
100000004569484100,2026-07-24,0,1,0.0,41000.0,-41000.0,0,1
100000004569484100,2026-07-25,1,0,42525.0,0.0,42525.0,1,0
100000004569484100,2026-07-28,1,0,23180.0,0.0,23180.0,1,0
100000004569637100,2026-07-28,1,0,5500.0,0.0,5500.0,1,0
100000004571634100,2026-07-16,1,0,20000.0,0.0,20000.0,1,0
100000004573782100,2026-07-26,1,0,15000.0,0.0,15000.0,1,0
100000004580202100,2026-07-06,0,1,0.0,20000.0,-20000.0,0,1
100000004580202100,2026-07-18,1,0,9000.0,0.0,9000.0,1,0
100000004580202100,2026-07-20,0,1,0.0,5000.0,-5000.0,0,1
100000004580202100,2026-07-23,0,2,0.0,20000.0,-20000.0,0,2
100000004580254100,2026-07-15,1,0,13070.0,0.0,13070.0,1,0
100000004580254100,2026-07-19,1,0,14870.0,0.0,14870.0,1,0
100000004584730100,2026-07-28,1,0,47000.0,0.0,47000.0,1,0
100000004586598100,2026-07-05,1,0,160230.0,0.0,160230.0,1,0
100000004586598100,2026-07-15,1,0,200000.0,0.0,200000.0,1,0
100000004586598100,2026-07-18,1,0,361025.0,0.0,361025.0,1,0
100000004586598100,2026-07-28,1,0,40000.0,0.0,40000.0,1,0
100000004587414100,2026-07-02,1,0,320200.0,0.0,320200.0,1,0
100000004587414100,2026-07-14,1,0,213403.0,0.0,213403.0,1,0
100000004588479100,2026-07-07,1,0,33540.0,0.0,33540.0,1,0
100000004588479100,2026-07-13,1,0,144093.0,0.0,144093.0,1,0
100000004591973100,2026-07-19,0,1,0.0,100000.0,-100000.0,0,1
100000004591973100,2026-07-25,1,0,10000.0,0.0,10000.0,1,0
100000004592467100,2026-07-27,1,0,7000.0,0.0,7000.0,1,0
100000004596284100,2026-07-11,1,0,30000.0,0.0,30000.0,1,0
100000004601193100,2026-07-20,1,0,11000.0,0.0,11000.0,1,0
100000004601193100,2026-07-26,1,0,45000.0,0.0,45000.0,1,0
100000004601193100,2026-07-30,1,0,28000.0,0.0,28000.0,1,0
100000004603109100,2026-07-02,1,0,1000000.0,0.0,1000000.0,1,0
100000004603109100,2026-07-03,1,0,300000.0,0.0,300000.0,1,0
100000004603109100,2026-07-04,1,0,200000.0,0.0,200000.0,1,0
100000004603109100,2026-07-06,1,0,200000.0,0.0,200000.0,1,0
100000004603109100,2026-07-08,3,1,972500.0,100000.0,872500.0,2,1
100000004603109100,2026-07-12,1,1,57500.0,300000.0,-242500.0,1,1
100000004610802100,2026-07-03,1,0,10000.0,0.0,10000.0,1,0
100000004610802100,2026-07-05,1,0,25000.0,0.0,25000.0,1,0
100000004610802100,2026-07-07,1,0,8000.0,0.0,8000.0,1,0
100000004610802100,2026-07-08,2,0,10000.0,0.0,10000.0,1,0
100000004610802100,2026-07-09,2,0,55000.0,0.0,55000.0,1,0
100000004610802100,2026-07-10,1,0,6000.0,0.0,6000.0,1,0
100000004610802100,2026-07-13,2,0,27000.0,0.0,27000.0,1,0
100000004610802100,2026-07-19,1,0,5000.0,0.0,5000.0,1,0
100000004610802100,2026-07-20,1,0,5000.0,0.0,5000.0,1,0
100000004610802100,2026-07-22,2,0,35000.0,0.0,35000.0,1,0
100000004610802100,2026-07-24,1,0,5000.0,0.0,5000.0,1,0
100000004610802100,2026-07-26,1,0,5000.0,0.0,5000.0,1,0
100000004610802100,2026-07-27,1,0,5000.0,0.0,5000.0,1,0
100000004610802100,2026-07-29,1,0,40000.0,0.0,40000.0,1,0
100000004611571100,2026-07-03,1,0,22550.0,0.0,22550.0,1,0
100000004613582100,2026-07-03,1,0,5000.0,0.0,5000.0,1,0
100000004613582100,2026-07-18,0,1,0.0,9500.0,-9500.0,0,1
100000004616845100,2026-07-26,1,0,6200.0,0.0,6200.0,1,0
100000004616845100,2026-07-27,1,0,14000.0,0.0,14000.0,1,0
100000004622227100,2026-07-03,1,0,24931.0,0.0,24931.0,1,0
100000004622227100,2026-07-06,0,2,0.0,12000.0,-12000.0,0,2
100000004622227100,2026-07-14,0,1,0.0,7000.0,-7000.0,0,1
100000004629688100,2026-07-19,0,1,0.0,5000.0,-5000.0,0,1
100000004629688100,2026-07-21,1,0,5000.0,0.0,5000.0,1,0
100000004629688100,2026-07-24,0,1,0.0,10000.0,-10000.0,0,1
100000004634420100,2026-07-22,1,0,26150.0,0.0,26150.0,1,0
100000004635886100,2026-07-19,1,0,23000.0,0.0,23000.0,1,0
100000004644615100,2026-07-06,0,1,0.0,25000.0,-25000.0,0,1
100000004644615100,2026-07-07,1,1,50810.0,17400.0,33410.0,1,1
100000004644615100,2026-07-13,0,1,0.0,45000.0,-45000.0,0,1
100000004644615100,2026-07-14,0,1,0.0,17300.0,-17300.0,0,1
100000004644615100,2026-07-18,0,1,0.0,10000.0,-10000.0,0,1
100000004644615100,2026-07-21,0,1,0.0,50000.0,-50000.0,0,1
100000004644615100,2026-07-22,0,2,0.0,80000.0,-80000.0,0,1
100000004644615100,2026-07-23,0,1,0.0,5200.0,-5200.0,0,1
100000004644615100,2026-07-24,0,1,0.0,84500.0,-84500.0,0,1
100000004644615100,2026-07-25,0,2,0.0,16265.0,-16265.0,0,2
100000004644615100,2026-07-28,0,1,0.0,14000.0,-14000.0,0,1
100000004644615100,2026-07-30,0,1,0.0,15000.0,-15000.0,0,1
100000004652395100,2026-07-20,5,0,101528.0,0.0,101528.0,3,0
100000004655046100,2026-07-29,1,0,24000.0,0.0,24000.0,1,0
100000004657034100,2026-07-16,1,0,141250.0,0.0,141250.0,1,0
100000004659919100,2026-07-07,1,0,100000.0,0.0,100000.0,1,0
100000004659919100,2026-07-08,1,0,10000.0,0.0,10000.0,1,0
100000004659919100,2026-07-21,0,1,0.0,39000.0,-39000.0,0,1
100000004662806100,2026-07-05,1,0,9005.0,0.0,9005.0,1,0
100000004662806100,2026-07-06,0,1,0.0,10000.0,-10000.0,0,1
100000004662806100,2026-07-12,1,0,97580.0,0.0,97580.0,1,0
100000004662806100,2026-07-14,0,2,0.0,49900.0,-49900.0,0,1
100000004664515100,2026-07-09,1,0,37691.0,0.0,37691.0,1,0
100000004664905100,2026-07-10,1,0,94400.0,0.0,94400.0,1,0
100000004664905100,2026-07-12,1,0,47560.0,0.0,47560.0,1,0
100000004664905100,2026-07-17,1,0,70030.0,0.0,70030.0,1,0
100000004664905100,2026-07-21,1,0,117030.0,0.0,117030.0,1,0
100000004666651100,2026-07-28,1,0,429250.0,0.0,429250.0,1,0
100000004670388100,2026-07-03,1,2,160354.0,380000.0,-219646.0,1,1
100000004670388100,2026-07-08,0,1,0.0,150000.0,-150000.0,0,1
100000004670388100,2026-07-24,0,1,0.0,190000.0,-190000.0,0,1
100000004671609100,2026-07-31,1,0,100000.0,0.0,100000.0,1,0
100000004673335100,2026-07-05,1,0,80000.0,0.0,80000.0,1,0
100000004674178100,2026-07-07,1,0,20000.0,0.0,20000.0,1,0
100000004674389100,2026-07-17,1,0,15000.0,0.0,15000.0,1,0
100000004674412100,2026-07-31,1,0,46000.0,0.0,46000.0,1,0
100000004674799100,2026-07-15,2,0,90000.0,0.0,90000.0,1,0
100000004674799100,2026-07-17,2,0,30000.0,0.0,30000.0,1,0
100000004674799100,2026-07-23,1,0,20000.0,0.0,20000.0,1,0
100000004676985100,2026-07-08,1,0,32260.0,0.0,32260.0,1,0
100000004676985100,2026-07-11,0,1,0.0,27102.0,-27102.0,0,1
100000004677680100,2026-07-03,1,0,45000.0,0.0,45000.0,1,0
100000004677680100,2026-07-08,0,1,0.0,15000.0,-15000.0,0,1
100000004677680100,2026-07-12,1,0,18000.0,0.0,18000.0,1,0
100000004677680100,2026-07-13,0,2,0.0,153000.0,-153000.0,0,1
100000004679953100,2026-07-12,2,0,303535.0,0.0,303535.0,2,0
100000004679953100,2026-07-14,1,0,40003.0,0.0,40003.0,1,0
100000004679953100,2026-07-15,0,1,0.0,16000.0,-16000.0,0,1
100000004679953100,2026-07-16,0,1,0.0,5300.0,-5300.0,0,1
100000004679953100,2026-07-21,0,1,0.0,12800.0,-12800.0,0,1
100000004687099100,2026-07-18,1,0,30000.0,0.0,30000.0,1,0
100000004687282100,2026-07-07,1,0,20000.0,0.0,20000.0,1,0
100000004689658100,2026-07-22,0,1,0.0,7092.0,-7092.0,0,1
100000004689658100,2026-07-23,1,0,456100.0,0.0,456100.0,1,0
100000004691350100,2026-07-05,1,0,13300.0,0.0,13300.0,1,0
100000004692798100,2026-07-14,1,0,5000.0,0.0,5000.0,1,0
100000004692798100,2026-07-15,1,0,190305.0,0.0,190305.0,1,0
100000004692798100,2026-07-23,1,2,5000.0,15000.0,-10000.0,1,1
100000004692798100,2026-07-24,1,0,40000.0,0.0,40000.0,1,0
100000004697956100,2026-07-07,1,0,10000.0,0.0,10000.0,1,0
100000004697956100,2026-07-10,0,1,0.0,10000.0,-10000.0,0,1
100000004698193100,2026-07-02,1,0,5000.0,0.0,5000.0,1,0
100000004698193100,2026-07-03,1,0,20000.0,0.0,20000.0,1,0
100000004698193100,2026-07-04,2,0,20000.0,0.0,20000.0,1,0
100000004698193100,2026-07-05,1,0,10000.0,0.0,10000.0,1,0
100000004698193100,2026-07-07,1,0,10000.0,0.0,10000.0,1,0
100000004698193100,2026-07-08,1,0,10000.0,0.0,10000.0,1,0
100000004698193100,2026-07-11,0,1,0.0,6000.0,-6000.0,0,1
100000004698193100,2026-07-12,2,0,25000.0,0.0,25000.0,1,0
100000004698193100,2026-07-13,1,0,10000.0,0.0,10000.0,1,0
100000004698193100,2026-07-15,2,0,20000.0,0.0,20000.0,1,0
100000004698193100,2026-07-17,1,1,15000.0,6000.0,9000.0,1,1
100000004698193100,2026-07-18,1,1,7700.0,6000.0,1700.0,1,1
100000004698193100,2026-07-28,1,0,70000.0,0.0,70000.0,1,0
100000004698193100,2026-07-31,0,2,0.0,20000.0,-20000.0,0,2
100000004707703100,2026-07-03,1,2,120000.0,88000.0,32000.0,1,2
100000004707703100,2026-07-04,0,1,0.0,75000.0,-75000.0,0,1
100000004707703100,2026-07-05,0,1,0.0,23000.0,-23000.0,0,1
100000004707703100,2026-07-07,1,1,112300.0,20000.0,92300.0,1,1
100000004707703100,2026-07-20,0,1,0.0,25650.0,-25650.0,0,1
100000004707703100,2026-07-24,1,0,7000.0,0.0,7000.0,1,0
100000004713684100,2026-07-24,1,0,37500.0,0.0,37500.0,1,0
100000004714705100,2026-07-23,0,1,0.0,36550.0,-36550.0,0,1
100000004715209100,2026-07-02,0,1,0.0,11000.0,-11000.0,0,1
100000004715209100,2026-07-03,0,1,0.0,18000.0,-18000.0,0,1
100000004715209100,2026-07-04,0,2,0.0,147000.0,-147000.0,0,2
100000004715209100,2026-07-07,0,1,0.0,5000.0,-5000.0,0,1
100000004715209100,2026-07-08,0,1,0.0,68000.0,-68000.0,0,1
100000004715209100,2026-07-09,0,1,0.0,6500.0,-6500.0,0,1
100000004715209100,2026-07-11,0,1,0.0,9000.0,-9000.0,0,1
100000004715209100,2026-07-14,1,1,5000.0,15000.0,-10000.0,1,1
100000004715209100,2026-07-16,0,2,0.0,29800.0,-29800.0,0,1
100000004715209100,2026-07-18,0,1,0.0,8850.0,-8850.0,0,1
100000004715209100,2026-07-19,0,2,0.0,12800.0,-12800.0,0,1
100000004715209100,2026-07-20,0,1,0.0,5500.0,-5500.0,0,1
100000004715209100,2026-07-26,0,2,0.0,14000.0,-14000.0,0,1
100000004717647100,2026-07-02,0,1,0.0,50000.0,-50000.0,0,1
100000004717647100,2026-07-03,0,2,0.0,200000.0,-200000.0,0,1
100000004717647100,2026-07-07,0,2,0.0,195000.0,-195000.0,0,2
100000004717647100,2026-07-10,0,2,0.0,1200000.0,-1200000.0,0,1
100000004717647100,2026-07-11,0,1,0.0,448000.0,-448000.0,0,1
100000004717647100,2026-07-21,0,1,0.0,100000.0,-100000.0,0,1
100000004717647100,2026-07-27,1,0,250000.0,0.0,250000.0,1,0
100000004717647100,2026-07-28,1,1,50000.0,47000.0,3000.0,1,1
100000004722630100,2026-07-08,1,0,150000.0,0.0,150000.0,1,0
100000004722630100,2026-07-24,1,0,190000.0,0.0,190000.0,1,0
100000004722765100,2026-07-08,0,1,0.0,48500.0,-48500.0,0,1
100000004722765100,2026-07-09,0,2,0.0,390000.0,-390000.0,0,1
100000004722765100,2026-07-12,0,1,0.0,984000.0,-984000.0,0,1
100000004722765100,2026-07-14,1,1,230000.0,165000.0,65000.0,1,1
100000004722765100,2026-07-15,0,1,0.0,10000.0,-10000.0,0,1
100000004722765100,2026-07-23,0,3,0.0,687000.0,-687000.0,0,1
100000004723755100,2026-07-25,0,2,0.0,50000.0,-50000.0,0,1
100000004723755100,2026-07-26,0,1,0.0,7000.0,-7000.0,0,1
100000004723755100,2026-07-27,0,1,0.0,23000.0,-23000.0,0,1
100000004723755100,2026-07-28,0,1,0.0,15000.0,-15000.0,0,1
100000004726132100,2026-07-15,1,0,349000.0,0.0,349000.0,1,0
100000004726132100,2026-07-19,0,1,0.0,15000.0,-15000.0,0,1
100000004726132100,2026-07-22,0,1,0.0,9000.0,-9000.0,0,1
100000004732589100,2026-07-20,1,0,227520.0,0.0,227520.0,1,0
100000004737477100,2026-07-01,0,1,0.0,20000.0,-20000.0,0,1
100000004737477100,2026-07-03,1,0,19471.0,0.0,19471.0,1,0
100000004737477100,2026-07-05,2,0,30127.0,0.0,30127.0,1,0
100000004737477100,2026-07-06,0,1,0.0,15000.0,-15000.0,0,1
100000004737477100,2026-07-08,0,1,0.0,5500.0,-5500.0,0,1
100000004737764100,2026-07-30,1,0,600000.0,0.0,600000.0,1,0
100000004739664100,2026-07-02,0,1,0.0,10000.0,-10000.0,0,1
100000004739664100,2026-07-23,1,0,12000.0,0.0,12000.0,1,0
100000004741837100,2026-07-09,1,0,25596.0,0.0,25596.0,1,0
100000004744306100,2026-07-03,1,0,69000.0,0.0,69000.0,1,0
100000004744306100,2026-07-06,0,1,0.0,39000.0,-39000.0,0,1
100000004744306100,2026-07-09,0,1,0.0,34000.0,-34000.0,0,1
100000004744306100,2026-07-12,0,1,0.0,19000.0,-19000.0,0,1
100000004746397100,2026-07-02,0,1,0.0,7500.0,-7500.0,0,1
100000004746397100,2026-07-29,1,0,219520.0,0.0,219520.0,1,0
100000004747154100,2026-07-04,1,0,67000.0,0.0,67000.0,1,0
100000004750321100,2026-07-23,1,0,44695.0,0.0,44695.0,1,0
100000004750321100,2026-07-30,1,0,5490.0,0.0,5490.0,1,0
100000004750897100,2026-07-21,1,0,10000.0,0.0,10000.0,1,0
100000004756901100,2026-07-03,1,0,153248.0,0.0,153248.0,1,0
100000004759121100,2026-07-01,0,1,0.0,70000.0,-70000.0,0,1
100000004759121100,2026-07-02,0,1,0.0,30000.0,-30000.0,0,1
100000004759121100,2026-07-03,0,1,0.0,50000.0,-50000.0,0,1
100000004759121100,2026-07-05,1,1,55000.0,12000.0,43000.0,1,1
100000004759121100,2026-07-06,0,1,0.0,100000.0,-100000.0,0,1
100000004759121100,2026-07-08,1,0,220000.0,0.0,220000.0,1,0
100000004759121100,2026-07-09,1,1,150000.0,50000.0,100000.0,1,1
100000004759121100,2026-07-10,1,0,50000.0,0.0,50000.0,1,0
100000004759121100,2026-07-11,1,0,100000.0,0.0,100000.0,1,0
100000004759121100,2026-07-15,1,0,50000.0,0.0,50000.0,1,0
100000004759121100,2026-07-16,1,0,60000.0,0.0,60000.0,1,0
100000004759121100,2026-07-25,1,0,10000.0,0.0,10000.0,1,0
100000004759121100,2026-07-27,1,0,10000.0,0.0,10000.0,1,0
100000004759121100,2026-07-30,1,0,5000.0,0.0,5000.0,1,0
100000004765639100,2026-07-09,0,1,0.0,5000.0,-5000.0,0,1
100000004765639100,2026-07-24,1,1,5000.0,6000.0,-1000.0,1,1
100000004770073100,2026-07-02,1,1,5462.4,5466.97,-4.57,1,1
100000004777215100,2026-07-20,1,0,60000.0,0.0,60000.0,1,0
100000004779204100,2026-07-21,0,1,0.0,10000.0,-10000.0,0,1
100000004779204100,2026-07-23,1,1,30450.0,10000.0,20450.0,1,1
100000004780083100,2026-07-26,1,0,9999.0,0.0,9999.0,1,0
100000004780327100,2026-07-24,1,0,12000.0,0.0,12000.0,1,0
100000004783447100,2026-07-14,1,0,26200.0,0.0,26200.0,1,0
100000004784224100,2026-07-11,1,0,15000.0,0.0,15000.0,1,0
100000004784224100,2026-07-12,1,0,8500.0,0.0,8500.0,1,0
100000004784224100,2026-07-17,0,1,0.0,100000.0,-100000.0,0,1
100000004788983100,2026-07-17,1,0,27000.0,0.0,27000.0,1,0
100000004790991100,2026-07-04,1,0,64868.0,0.0,64868.0,1,0
100000004790991100,2026-07-06,1,0,115200.0,0.0,115200.0,1,0
100000004790991100,2026-07-08,1,0,40545.0,0.0,40545.0,1,0
100000004790991100,2026-07-15,1,0,18800.0,0.0,18800.0,1,0
100000004791226100,2026-07-07,1,0,20000.0,0.0,20000.0,1,0
100000004792397100,2026-07-31,1,0,73520.0,0.0,73520.0,1,0
100000004797167100,2026-07-08,1,0,31000.0,0.0,31000.0,1,0
100000004798515100,2026-07-01,1,0,100000.0,0.0,100000.0,1,0
100000004798515100,2026-07-20,1,0,100000.0,0.0,100000.0,1,0
100000004800452100,2026-07-24,1,0,6544.53,0.0,6544.53,1,0
100000004800648100,2026-07-01,1,0,131000.0,0.0,131000.0,1,0
100000004806903100,2026-07-01,1,0,18000.0,0.0,18000.0,1,0
100000004813068100,2026-07-01,0,1,0.0,5000.0,-5000.0,0,1
100000004813068100,2026-07-03,0,1,0.0,248500.0,-248500.0,0,1
100000004813068100,2026-07-08,0,1,0.0,20000.0,-20000.0,0,1
100000004813068100,2026-07-11,0,1,0.0,15000.0,-15000.0,0,1
100000004813068100,2026-07-12,0,1,0.0,8500.0,-8500.0,0,1
100000004816564100,2026-07-29,1,0,285480.0,0.0,285480.0,1,0
100000004816564100,2026-07-30,0,1,0.0,5000.0,-5000.0,0,1
100000004820260100,2026-07-16,1,1,13000.0,5000.0,8000.0,1,1
100000004820260100,2026-07-20,1,1,15000.0,50000.0,-35000.0,1,1
100000004820260100,2026-07-22,2,3,31400.0,31000.0,400.0,1,2
100000004820260100,2026-07-23,0,1,0.0,5750.0,-5750.0,0,1
100000004820260100,2026-07-25,2,0,52000.0,0.0,52000.0,1,0
100000004820260100,2026-07-26,1,0,24000.0,0.0,24000.0,1,0
100000004820260100,2026-07-27,1,0,14800.0,0.0,14800.0,1,0
100000004820260100,2026-07-28,1,0,15000.0,0.0,15000.0,1,0
100000004820260100,2026-07-29,2,2,44000.0,81000.0,-37000.0,1,2
100000004820260100,2026-07-31,1,2,25000.0,42600.0,-17600.0,1,1
100000004825069100,2026-07-08,2,0,13000.0,0.0,13000.0,1,0
100000004825069100,2026-07-17,1,0,5000.0,0.0,5000.0,1,0
100000004825069100,2026-07-28,1,0,12000.0,0.0,12000.0,1,0
100000004840086100,2026-07-20,2,0,100000.0,0.0,100000.0,1,0
100000004841728100,2026-07-17,1,0,52208.0,0.0,52208.0,1,0
100000004847758100,2026-07-03,1,0,47067.0,0.0,47067.0,1,0
100000004847758100,2026-07-06,1,0,18775.0,0.0,18775.0,1,0
100000004847758100,2026-07-07,0,3,0.0,50000.0,-50000.0,0,3
100000004847758100,2026-07-10,0,1,0.0,15000.0,-15000.0,0,1
100000004847758100,2026-07-11,0,2,0.0,51000.0,-51000.0,0,2
100000004847758100,2026-07-12,0,1,0.0,54000.0,-54000.0,0,1
100000004847758100,2026-07-13,0,3,0.0,84200.0,-84200.0,0,3
100000004847758100,2026-07-14,0,1,0.0,30600.0,-30600.0,0,1
100000004847758100,2026-07-15,1,0,23717.0,0.0,23717.0,1,0
100000004847758100,2026-07-17,1,1,25612.0,15000.0,10612.0,1,1
100000004847758100,2026-07-18,0,1,0.0,20000.0,-20000.0,0,1
100000004847758100,2026-07-19,0,2,0.0,41000.0,-41000.0,0,2
100000004847758100,2026-07-20,0,1,0.0,20000.0,-20000.0,0,1
100000004847758100,2026-07-21,0,1,0.0,22000.0,-22000.0,0,1
100000004847758100,2026-07-25,0,1,0.0,14000.0,-14000.0,0,1
100000004847758100,2026-07-26,0,1,0.0,14000.0,-14000.0,0,1
100000004847758100,2026-07-27,0,1,0.0,14000.0,-14000.0,0,1
100000004847758100,2026-07-28,0,1,0.0,14000.0,-14000.0,0,1
100000004847758100,2026-07-30,0,1,0.0,15000.0,-15000.0,0,1
100000004847758100,2026-07-31,0,1,0.0,15000.0,-15000.0,0,1
100000004848236100,2026-07-23,1,0,7500.0,0.0,7500.0,1,0
100000004850609100,2026-07-26,1,0,10000.0,0.0,10000.0,1,0
100000004856746100,2026-07-31,1,0,20000.0,0.0,20000.0,1,0
100000004877085100,2026-07-01,0,1,0.0,5000.0,-5000.0,0,1
100000004877085100,2026-07-06,1,5,25000.0,67600.0,-42600.0,1,3
100000004877085100,2026-07-16,0,1,0.0,5000.0,-5000.0,0,1
100000004877085100,2026-07-20,0,1,0.0,8000.0,-8000.0,0,1
100000004877085100,2026-07-26,0,1,0.0,10000.0,-10000.0,0,1
100000004889043100,2026-07-14,2,0,109000.0,0.0,109000.0,2,0
100000004889043100,2026-07-15,1,0,9000.0,0.0,9000.0,1,0
100000004889043100,2026-07-21,1,0,154000.0,0.0,154000.0,1,0
100000004890713100,2026-07-14,1,0,40485.0,0.0,40485.0,1,0
100000004891562100,2026-07-07,1,0,103400.0,0.0,103400.0,1,0
100000004892144100,2026-07-02,1,0,1000000.0,0.0,1000000.0,1,0
100000004892144100,2026-07-04,1,0,200000.0,0.0,200000.0,1,0
100000004892144100,2026-07-08,2,0,600000.0,0.0,600000.0,2,0
100000004892144100,2026-07-12,0,1,0.0,180300.0,-180300.0,0,1
100000004892144100,2026-07-16,3,0,2700000.0,0.0,2700000.0,1,0
100000004904960100,2026-07-04,1,0,15000.0,0.0,15000.0,1,0
100000004904960100,2026-07-06,1,0,17000.0,0.0,17000.0,1,0
100000004905207100,2026-07-25,1,0,380000.0,0.0,380000.0,1,0
100000004906181100,2026-07-01,0,1,0.0,75000.0,-75000.0,0,1
100000004906181100,2026-07-02,0,1,0.0,21711.0,-21711.0,0,1
100000004906181100,2026-07-03,0,1,0.0,9000.0,-9000.0,0,1
100000004906181100,2026-07-05,1,6,100000.0,318000.0,-218000.0,1,2
100000004906181100,2026-07-07,0,4,0.0,1270000.0,-1270000.0,0,2
100000004906181100,2026-07-08,0,3,0.0,86000.0,-86000.0,0,2
100000004906181100,2026-07-09,0,3,0.0,146000.0,-146000.0,0,3
100000004906181100,2026-07-10,0,2,0.0,80000.0,-80000.0,0,2
100000004906181100,2026-07-11,0,3,0.0,65000.0,-65000.0,0,2
100000004906181100,2026-07-12,0,3,0.0,110000.0,-110000.0,0,2
100000004906181100,2026-07-13,0,2,0.0,144000.0,-144000.0,0,2
100000004906181100,2026-07-14,0,1,0.0,20200.0,-20200.0,0,1
100000004906181100,2026-07-15,0,3,0.0,128506.91,-128506.91,0,3
100000004908173100,2026-07-19,1,0,21000.0,0.0,21000.0,1,0
100000004911971100,2026-07-11,2,0,25000.0,0.0,25000.0,1,0
100000004911971100,2026-07-12,1,0,10000.0,0.0,10000.0,1,0
100000004917367100,2026-07-10,1,0,20000.0,0.0,20000.0,1,0
100000004917367100,2026-07-23,1,0,100000.0,0.0,100000.0,1,0
100000004921657100,2026-07-18,1,1,8300.0,22190.0,-13890.0,1,1
100000004931931100,2026-07-07,1,0,23938.0,0.0,23938.0,1,0
100000004931931100,2026-07-10,0,1,0.0,45000.0,-45000.0,0,1
100000004948177100,2026-07-02,1,0,48000.0,0.0,48000.0,1,0
100000004948177100,2026-07-03,1,0,48000.0,0.0,48000.0,1,0
100000004948177100,2026-07-04,1,0,96100.0,0.0,96100.0,1,0
100000004948177100,2026-07-05,2,0,72225.0,0.0,72225.0,1,0
100000004948177100,2026-07-07,1,0,37200.0,0.0,37200.0,1,0
100000004948177100,2026-07-09,1,0,41238.0,0.0,41238.0,1,0
100000004948177100,2026-07-10,1,0,94400.0,0.0,94400.0,1,0
100000004950490100,2026-07-29,1,0,10000.0,0.0,10000.0,1,0
100000004959752100,2026-07-31,1,0,22200.0,0.0,22200.0,1,0
100000004962193100,2026-07-01,1,0,16090.0,0.0,16090.0,1,0
100000004962193100,2026-07-02,1,0,242000.0,0.0,242000.0,1,0
100000004962193100,2026-07-03,2,0,140000.0,0.0,140000.0,2,0
100000004962193100,2026-07-06,1,0,24000.0,0.0,24000.0,1,0
100000004962193100,2026-07-08,6,0,478378.0,0.0,478378.0,5,0
100000004970752100,2026-07-01,1,0,10000.0,0.0,10000.0,1,0
100000004971871100,2026-07-18,1,0,10100.0,0.0,10100.0,1,0
100000004971871100,2026-07-19,1,0,5700.0,0.0,5700.0,1,0
100000004971871100,2026-07-21,0,1,0.0,5650.0,-5650.0,0,1
100000004971871100,2026-07-23,1,0,9600.0,0.0,9600.0,1,0
100000004975919100,2026-07-02,0,1,0.0,5000.0,-5000.0,0,1
100000004975919100,2026-07-09,0,1,0.0,10000.0,-10000.0,0,1
100000004975919100,2026-07-21,1,0,22351.0,0.0,22351.0,1,0
100000004976946100,2026-07-09,1,0,246000.0,0.0,246000.0,1,0
100000004979264100,2026-07-21,1,0,39800.0,0.0,39800.0,1,0
100000004979283100,2026-07-05,1,0,40132.0,0.0,40132.0,1,0
100000004979498100,2026-07-10,1,1,200000.0,200000.0,0.0,1,1
100000004979498100,2026-07-11,1,0,500000.0,0.0,500000.0,1,0
100000004981068100,2026-07-10,1,0,10000.0,0.0,10000.0,1,0
100000004984689100,2026-07-08,1,0,53030.0,0.0,53030.0,1,0
100000004988240100,2026-07-21,1,0,20000.0,0.0,20000.0,1,0
100000004991593100,2026-07-02,1,0,10000.0,0.0,10000.0,1,0
100000004991593100,2026-07-03,1,0,35000.0,0.0,35000.0,1,0
100000004991812100,2026-07-23,1,0,10000.0,0.0,10000.0,1,0
100000004993576100,2026-07-31,1,0,167000.0,0.0,167000.0,1,0
100000004997515100,2026-07-01,0,1,0.0,17500.0,-17500.0,0,1
100000004997515100,2026-07-02,0,1,0.0,10000.0,-10000.0,0,1
100000004997515100,2026-07-06,1,0,40000.0,0.0,40000.0,1,0
100000004997515100,2026-07-13,1,0,100000.0,0.0,100000.0,1,0
100000004997515100,2026-07-16,0,1,0.0,13000.0,-13000.0,0,1
100000004997515100,2026-07-23,0,1,0.0,14000.0,-14000.0,0,1
100000004997515100,2026-07-28,1,0,125000.0,0.0,125000.0,1,0
100000004997515100,2026-07-31,1,0,130000.0,0.0,130000.0,1,0
100000005008589100,2026-07-01,1,0,42806.68,0.0,42806.68,1,0
100000005010159100,2026-07-22,1,0,7092.0,0.0,7092.0,1,0
100000005022552100,2026-07-11,1,0,41000.0,0.0,41000.0,1,0
100000005022552100,2026-07-12,1,0,110000.0,0.0,110000.0,1,0
100000005022552100,2026-07-14,1,0,90000.0,0.0,90000.0,1,0
100000005022552100,2026-07-26,0,1,0.0,5000.0,-5000.0,0,1
100000005022964100,2026-07-26,1,0,20000.0,0.0,20000.0,1,0
100000005025629100,2026-07-27,1,0,5227.0,0.0,5227.0,1,0
100000005030592100,2026-07-30,1,0,10000.0,0.0,10000.0,1,0
100000005031696100,2026-07-03,1,0,5000.0,0.0,5000.0,1,0
100000005031696100,2026-07-05,0,1,0.0,5000.0,-5000.0,0,1
100000005031696100,2026-07-07,0,1,0.0,100000.0,-100000.0,0,1
100000005031696100,2026-07-08,0,1,0.0,10000.0,-10000.0,0,1
100000005032294100,2026-07-08,1,0,10000.0,0.0,10000.0,1,0
100000005034574100,2026-07-27,1,0,14000.0,0.0,14000.0,1,0
100000005034574100,2026-07-28,6,0,83000.0,0.0,83000.0,1,0
100000005034574100,2026-07-29,2,0,32000.0,0.0,32000.0,1,0
100000005034574100,2026-07-30,1,0,20000.0,0.0,20000.0,1,0
100000005034574100,2026-07-31,6,0,109816.0,0.0,109816.0,1,0
100000005037490100,2026-07-16,0,1,0.0,10000.0,-10000.0,0,1
100000005037490100,2026-07-23,0,1,0.0,6000.0,-6000.0,0,1
100000005037490100,2026-07-24,1,1,15000.0,14000.0,1000.0,1,1
100000005041147100,2026-07-26,1,0,10000.0,0.0,10000.0,1,0
100000005041905100,2026-07-08,0,1,0.0,320072.0,-320072.0,0,1
100000005041905100,2026-07-13,0,1,0.0,198256.0,-198256.0,0,1
100000005041905100,2026-07-21,0,1,0.0,320514.0,-320514.0,0,1
100000005041905100,2026-07-28,0,2,0.0,241509.0,-241509.0,0,1
100000005041905100,2026-07-31,1,0,5000.0,0.0,5000.0,1,0
100000005042822100,2026-07-20,1,0,1000000.0,0.0,1000000.0,1,0
100000005048668100,2026-07-02,0,1,0.0,10000.0,-10000.0,0,1
100000005048668100,2026-07-03,0,2,0.0,40000.0,-40000.0,0,2
100000005048668100,2026-07-13,1,0,6500.0,0.0,6500.0,1,0
100000005048668100,2026-07-16,0,2,0.0,37000.0,-37000.0,0,2
100000005048668100,2026-07-21,0,1,0.0,7000.0,-7000.0,0,1
100000005048668100,2026-07-23,1,1,10168.0,7000.0,3168.0,1,1
100000005048668100,2026-07-24,0,1,0.0,5900.0,-5900.0,0,1
100000005048668100,2026-07-25,0,1,0.0,35000.0,-35000.0,0,1
100000005048668100,2026-07-26,0,1,0.0,10000.0,-10000.0,0,1
100000005048668100,2026-07-31,0,1,0.0,7500.0,-7500.0,0,1
100000005049404100,2026-07-01,1,0,8000.0,0.0,8000.0,1,0
100000005049404100,2026-07-10,1,0,90000.0,0.0,90000.0,1,0
100000005052998100,2026-07-10,0,1,0.0,28400.0,-28400.0,0,1
100000005052998100,2026-07-14,1,0,9500.0,0.0,9500.0,1,0
100000005053653100,2026-07-09,0,1,0.0,25000.0,-25000.0,0,1
100000005053653100,2026-07-11,1,0,33873.0,0.0,33873.0,1,0
100000005053653100,2026-07-13,1,0,29200.0,0.0,29200.0,1,0
100000005055454100,2026-07-14,1,0,6500.0,0.0,6500.0,1,0
100000005056870100,2026-07-20,1,0,20000.0,0.0,20000.0,1,0
100000005059998100,2026-07-13,1,0,18000.0,0.0,18000.0,1,0
100000005061890100,2026-07-25,1,0,90000.0,0.0,90000.0,1,0
100000005074393100,2026-07-05,0,1,0.0,400000.0,-400000.0,0,1
100000005074393100,2026-07-06,0,1,0.0,5000.0,-5000.0,0,1
100000005074393100,2026-07-08,1,0,30000.0,0.0,30000.0,1,0
100000005074393100,2026-07-13,1,0,81750.0,0.0,81750.0,1,0
100000005074393100,2026-07-14,0,1,0.0,15500.0,-15500.0,0,1
100000005074393100,2026-07-19,0,2,0.0,15000.0,-15000.0,0,2
100000005074393100,2026-07-20,1,0,247383.0,0.0,247383.0,1,0
100000005074393100,2026-07-23,1,0,10000.0,0.0,10000.0,1,0
100000005074393100,2026-07-24,1,1,193893.0,10000.0,183893.0,1,1
100000005074393100,2026-07-26,0,1,0.0,20000.0,-20000.0,0,1
100000005074393100,2026-07-27,0,1,0.0,10000.0,-10000.0,0,1
100000005074393100,2026-07-28,0,2,0.0,210000.0,-210000.0,0,2
100000005075949100,2026-07-09,2,0,390000.0,0.0,390000.0,1,0
100000005075949100,2026-07-12,1,0,984000.0,0.0,984000.0,1,0
100000005075949100,2026-07-14,1,0,165000.0,0.0,165000.0,1,0
100000005075949100,2026-07-23,3,0,687000.0,0.0,687000.0,1,0
100000005077484100,2026-07-04,1,1,150000.0,7050.0,142950.0,1,1
100000005077484100,2026-07-14,0,1,0.0,6500.0,-6500.0,0,1
100000005079473100,2026-07-18,1,0,39312.0,0.0,39312.0,1,0
100000005079754100,2026-07-16,0,1,0.0,102000.0,-102000.0,0,1
100000005079754100,2026-07-25,1,0,70000.0,0.0,70000.0,1,0
100000005079754100,2026-07-26,0,1,0.0,20000.0,-20000.0,0,1
100000005082652100,2026-07-02,1,0,30000.0,0.0,30000.0,1,0
100000005087923100,2026-07-21,1,0,20000.0,0.0,20000.0,1,0
100000005089460100,2026-07-08,1,0,12300.0,0.0,12300.0,1,0
100000005092518100,2026-07-07,1,0,26144.0,0.0,26144.0,1,0
100000005093521100,2026-07-20,1,0,15200.0,0.0,15200.0,1,0
100000005100475100,2026-07-22,1,0,40000.0,0.0,40000.0,1,0
100000005105153100,2026-07-02,1,0,30000.0,0.0,30000.0,1,0
100000005124479100,2026-07-06,0,1,0.0,17000.0,-17000.0,0,1
100000005124479100,2026-07-13,1,0,88947.0,0.0,88947.0,1,0
100000005124479100,2026-07-17,0,1,0.0,5000.0,-5000.0,0,1
100000005124479100,2026-07-20,1,0,48806.0,0.0,48806.0,1,0
100000005127767100,2026-07-06,1,0,7000.0,0.0,7000.0,1,0
100000005133757100,2026-07-17,1,0,25000.0,0.0,25000.0,1,0
100000005133757100,2026-07-20,1,0,40000.0,0.0,40000.0,1,0
100000005140601100,2026-07-05,1,0,8685.0,0.0,8685.0,1,0
100000005140601100,2026-07-07,0,1,0.0,100000.0,-100000.0,0,1
100000005140601100,2026-07-14,0,1,0.0,5000.0,-5000.0,0,1
100000005140601100,2026-07-21,1,2,25000.0,85300.0,-60300.0,1,2
100000005140601100,2026-07-23,0,1,0.0,5000.0,-5000.0,0,1
100000005140601100,2026-07-25,2,0,19000.0,0.0,19000.0,2,0
100000005142492100,2026-07-28,1,1,10000.0,57000.0,-47000.0,1,1
100000005142589100,2026-07-26,2,0,50000.0,0.0,50000.0,1,0
100000005146665100,2026-07-21,1,0,5500.0,0.0,5500.0,1,0
100000005168487100,2026-07-01,0,1,0.0,8000.0,-8000.0,0,1
100000005168487100,2026-07-13,0,2,0.0,20000.0,-20000.0,0,1
100000005168487100,2026-07-15,0,1,0.0,7000.0,-7000.0,0,1
100000005168487100,2026-07-17,0,1,0.0,6500.0,-6500.0,0,1
100000005168487100,2026-07-19,0,1,0.0,7000.0,-7000.0,0,1
100000005168487100,2026-07-20,1,0,15000.0,0.0,15000.0,1,0
100000005168487100,2026-07-21,0,1,0.0,12010.0,-12010.0,0,1
100000005168487100,2026-07-22,0,1,0.0,6000.0,-6000.0,0,1
100000005168487100,2026-07-23,0,1,0.0,6000.0,-6000.0,0,1
100000005168487100,2026-07-26,0,2,0.0,12000.0,-12000.0,0,1
100000005168487100,2026-07-27,0,1,0.0,6000.0,-6000.0,0,1
100000005168487100,2026-07-30,0,2,0.0,13000.0,-13000.0,0,1
100000005171642100,2026-07-04,1,1,6200.0,6000.0,200.0,1,1
100000005171642100,2026-07-08,0,1,0.0,20000.0,-20000.0,0,1
100000005171642100,2026-07-09,1,0,17000.0,0.0,17000.0,1,0
100000005171642100,2026-07-10,1,0,15000.0,0.0,15000.0,1,0
100000005171642100,2026-07-15,1,0,6600.0,0.0,6600.0,1,0
100000005171642100,2026-07-22,1,1,652000.0,652000.0,0.0,1,1
100000005171642100,2026-07-27,0,1,0.0,5600.0,-5600.0,0,1
100000005172860100,2026-07-01,1,0,15209.2,0.0,15209.2,1,0
100000005175148100,2026-07-20,1,0,50000.0,0.0,50000.0,1,0
100000005175148100,2026-07-21,0,1,0.0,15000.0,-15000.0,0,1
100000005175148100,2026-07-22,2,0,24000.0,0.0,24000.0,1,0
100000005175148100,2026-07-23,1,0,5000.0,0.0,5000.0,1,0
100000005182219100,2026-07-03,1,0,30000.0,0.0,30000.0,1,0
100000005182219100,2026-07-14,1,0,25000.0,0.0,25000.0,1,0
100000005183943100,2026-07-01,1,0,50000.0,0.0,50000.0,1,0
100000005183943100,2026-07-11,1,0,5000.0,0.0,5000.0,1,0
100000005183943100,2026-07-13,1,0,5900.0,0.0,5900.0,1,0
100000005183943100,2026-07-15,1,0,20000.0,0.0,20000.0,1,0
100000005183943100,2026-07-16,1,0,500000.0,0.0,500000.0,1,0
100000005183943100,2026-07-19,1,0,30000.0,0.0,30000.0,1,0
100000005183943100,2026-07-22,1,0,40000.0,0.0,40000.0,1,0
100000005183943100,2026-07-26,1,0,10000.0,0.0,10000.0,1,0
100000005183943100,2026-07-29,1,0,20000.0,0.0,20000.0,1,0
100000005186109100,2026-07-30,1,0,5000.0,0.0,5000.0,1,0
100000005186131100,2026-07-07,1,1,10000.0,10000.0,0.0,1,1
100000005187208100,2026-07-17,1,0,14160.0,0.0,14160.0,1,0
100000005189258100,2026-07-16,1,0,50000.0,0.0,50000.0,1,0
100000005198498100,2026-07-09,1,0,28800.0,0.0,28800.0,1,0
100000005198906100,2026-07-04,0,1,0.0,60000.0,-60000.0,0,1
100000005198906100,2026-07-18,1,0,227970.0,0.0,227970.0,1,0
100000005203590100,2026-07-26,1,0,90000.0,0.0,90000.0,1,0
100000005205745100,2026-07-19,1,0,6000.0,0.0,6000.0,1,0
100000005209352100,2026-07-07,1,0,5000.0,0.0,5000.0,1,0
100000005222360100,2026-07-03,1,0,5000.0,0.0,5000.0,1,0
100000005222360100,2026-07-07,0,1,0.0,27000.0,-27000.0,0,1
100000005226217100,2026-07-01,1,0,17500.0,0.0,17500.0,1,0
100000005228059100,2026-07-08,1,0,26000.0,0.0,26000.0,1,0
100000005233755100,2026-07-08,1,1,25000.0,5000.0,20000.0,1,1
100000005237935150,2026-07-20,1,0,34508.0,0.0,34508.0,1,0
100000005241556100,2026-07-08,1,0,100000.0,0.0,100000.0,1,0
100000005242320100,2026-07-01,0,2,0.0,581390.0,-581390.0,0,2
100000005242320100,2026-07-03,0,3,0.0,1159300.0,-1159300.0,0,2
100000005242320100,2026-07-04,0,2,0.0,750000.0,-750000.0,0,2
100000005242320100,2026-07-05,0,1,0.0,200000.0,-200000.0,0,1
100000005242320100,2026-07-07,0,2,0.0,607315.0,-607315.0,0,2
100000005242320100,2026-07-10,0,2,0.0,603500.0,-603500.0,0,1
100000005242320100,2026-07-11,0,4,0.0,972100.0,-972100.0,0,4
100000005242320100,2026-07-13,0,1,0.0,496400.0,-496400.0,0,1
100000005242320100,2026-07-14,1,0,180000.0,0.0,180000.0,1,0
100000005242320100,2026-07-15,0,2,0.0,557000.0,-557000.0,0,2
100000005242320100,2026-07-16,0,2,0.0,265000.0,-265000.0,0,2
100000005242320100,2026-07-17,0,3,0.0,1138700.0,-1138700.0,0,2
100000005242320100,2026-07-18,0,1,0.0,305550.0,-305550.0,0,1
100000005242320100,2026-07-19,0,1,0.0,400000.0,-400000.0,0,1
100000005242320100,2026-07-20,1,2,185700.0,600040.0,-414340.0,1,2
100000005242320100,2026-07-21,0,1,0.0,300000.0,-300000.0,0,1
100000005264874100,2026-07-01,0,1,0.0,13000.0,-13000.0,0,1
100000005264874100,2026-07-15,0,1,0.0,15000.0,-15000.0,0,1
100000005264874100,2026-07-17,0,1,0.0,50000.0,-50000.0,0,1
100000005264874100,2026-07-20,1,0,30000.0,0.0,30000.0,1,0
100000005264990100,2026-07-03,0,1,0.0,69000.0,-69000.0,0,1
100000005264990100,2026-07-10,1,0,17070.0,0.0,17070.0,1,0
100000005264990100,2026-07-14,0,1,0.0,53000.0,-53000.0,0,1
100000005265073100,2026-07-07,0,1,0.0,9000.0,-9000.0,0,1
100000005265073100,2026-07-21,1,0,5000.0,0.0,5000.0,1,0
100000005268319100,2026-07-02,1,2,9167.8,15000.0,-5832.2,1,1
100000005268319100,2026-07-04,1,1,10545.0,9000.0,1545.0,1,1
100000005268319100,2026-07-08,0,2,0.0,28000.0,-28000.0,0,1
100000005268319100,2026-07-09,0,1,0.0,5000.0,-5000.0,0,1
100000005268319100,2026-07-13,0,1,0.0,7500.0,-7500.0,0,1
100000005268319100,2026-07-14,0,1,0.0,7500.0,-7500.0,0,1
100000005268319100,2026-07-16,0,1,0.0,9000.0,-9000.0,0,1
100000005268319100,2026-07-26,0,1,0.0,10000.0,-10000.0,0,1
100000005272139100,2026-07-21,1,0,165000.0,0.0,165000.0,1,0
100000005287097100,2026-07-03,0,2,0.0,22000.0,-22000.0,0,1
100000005287097100,2026-07-04,0,4,0.0,77500.0,-77500.0,0,2
100000005287097100,2026-07-05,0,1,0.0,22000.0,-22000.0,0,1
100000005287097100,2026-07-06,0,2,0.0,93000.0,-93000.0,0,1
100000005287097100,2026-07-07,0,4,0.0,110200.0,-110200.0,0,3
100000005287097100,2026-07-08,0,3,0.0,56300.0,-56300.0,0,1
100000005287097100,2026-07-11,2,3,54223.0,65000.0,-10777.0,1,2
100000005287097100,2026-07-12,0,1,0.0,6000.0,-6000.0,0,1
100000005287097100,2026-07-14,1,4,47000.0,21800.0,25200.0,1,3
100000005287097100,2026-07-17,1,0,9500.0,0.0,9500.0,1,0
100000005287097100,2026-07-18,0,2,0.0,10600.0,-10600.0,0,1
100000005287097100,2026-07-19,0,4,0.0,21900.0,-21900.0,0,2
100000005287097100,2026-07-20,0,2,0.0,20500.0,-20500.0,0,2
100000005287097100,2026-07-21,0,3,0.0,33500.0,-33500.0,0,2
100000005287097100,2026-07-23,0,3,0.0,56500.0,-56500.0,0,1
100000005287097100,2026-07-27,0,2,0.0,30000.0,-30000.0,0,1
100000005287097100,2026-07-30,0,1,0.0,5500.0,-5500.0,0,1
100000005287097100,2026-07-31,1,1,16450.0,45000.0,-28550.0,1,1
100000005293969100,2026-07-02,1,0,5466.97,0.0,5466.97,1,0
100000005308954100,2026-07-06,1,0,69020.0,0.0,69020.0,1,0
100000005308954100,2026-07-11,0,1,0.0,30000.0,-30000.0,0,1
100000005314565100,2026-07-07,3,0,218500.0,0.0,218500.0,1,0
100000005316708100,2026-07-12,0,1,0.0,30000.0,-30000.0,0,1
100000005316708100,2026-07-24,0,1,0.0,80000.0,-80000.0,0,1
100000005316708100,2026-07-25,0,2,0.0,147500.0,-147500.0,0,1
100000005316708100,2026-07-27,1,0,90000.0,0.0,90000.0,1,0
100000005317181100,2026-07-05,0,1,0.0,14500.0,-14500.0,0,1
100000005317181100,2026-07-16,1,0,141250.0,0.0,141250.0,1,0
100000005326681100,2026-07-27,1,0,31228.0,0.0,31228.0,1,0
100000005328215100,2026-07-20,1,0,27000.0,0.0,27000.0,1,0
100000005339662100,2026-07-16,2,2,31925.0,40860.0,-8935.0,2,2
100000005339662100,2026-07-17,0,1,0.0,28100.0,-28100.0,0,1
100000005339662100,2026-07-20,0,1,0.0,15000.0,-15000.0,0,1
100000005339662100,2026-07-21,1,0,15000.0,0.0,15000.0,1,0
100000005339662100,2026-07-22,1,2,7000.0,31400.0,-24400.0,1,1
100000005339662100,2026-07-23,1,1,5750.0,5000.0,750.0,1,1
100000005339662100,2026-07-25,0,2,0.0,52000.0,-52000.0,0,1
100000005339662100,2026-07-26,0,1,0.0,24000.0,-24000.0,0,1
100000005339662100,2026-07-27,0,1,0.0,14800.0,-14800.0,0,1
100000005339662100,2026-07-28,0,1,0.0,15000.0,-15000.0,0,1
100000005339662100,2026-07-29,2,2,100664.0,44000.0,56664.0,2,1
100000005339662100,2026-07-31,2,1,42600.0,25000.0,17600.0,1,1
100000005342513100,2026-07-08,1,1,155000.0,30000.0,125000.0,1,1
100000005342513100,2026-07-10,1,0,80000.0,0.0,80000.0,1,0
100000005357034100,2026-07-16,1,0,9754.0,0.0,9754.0,1,0
100000005357705100,2026-07-22,0,1,0.0,168335.0,-168335.0,0,1
100000005357705100,2026-07-24,0,1,0.0,52980.0,-52980.0,0,1
100000005357705100,2026-07-25,0,1,0.0,60300.0,-60300.0,0,1
100000005357705100,2026-07-26,1,2,52595.0,105465.0,-52870.0,1,1
100000005360814100,2026-07-10,1,0,35000.0,0.0,35000.0,1,0
100000005360814100,2026-07-11,1,0,50000.0,0.0,50000.0,1,0
100000005360814100,2026-07-17,1,0,59000.0,0.0,59000.0,1,0
100000005362848100,2026-07-03,1,0,29000.0,0.0,29000.0,1,0
100000005363908100,2026-07-06,1,1,19500.0,19500.0,0.0,1,1
100000005367180100,2026-07-23,1,0,7700.0,0.0,7700.0,1,0
100000005367284100,2026-07-02,0,1,0.0,8000.0,-8000.0,0,1
100000005367284100,2026-07-03,0,1,0.0,6000.0,-6000.0,0,1
100000005367284100,2026-07-06,0,1,0.0,14600.0,-14600.0,0,1
100000005367284100,2026-07-07,1,1,13700.0,13700.0,0.0,1,1
100000005367284100,2026-07-15,0,1,0.0,6000.0,-6000.0,0,1
100000005367445100,2026-07-22,1,0,5000.0,0.0,5000.0,1,0
100000005367445100,2026-07-23,0,1,0.0,5000.0,-5000.0,0,1
100000005370558100,2026-07-09,1,0,5000.0,0.0,5000.0,1,0
100000005370580100,2026-07-28,1,0,24075.0,0.0,24075.0,1,0
100000005375968100,2026-07-03,0,1,0.0,50000.0,-50000.0,0,1
100000005375968100,2026-07-04,0,1,0.0,6000.0,-6000.0,0,1
100000005375968100,2026-07-25,1,1,170082.0,20000.0,150082.0,1,1
100000005375968100,2026-07-27,0,1,0.0,10000.0,-10000.0,0,1
100000005382566100,2026-07-09,2,0,14066.0,0.0,14066.0,2,0
100000005382566100,2026-07-11,2,0,93000.0,0.0,93000.0,2,0
100000005382566100,2026-07-14,2,0,93000.0,0.0,93000.0,2,0
100000005382566100,2026-07-16,1,0,26000.0,0.0,26000.0,1,0
100000005382566100,2026-07-18,1,0,29000.0,0.0,29000.0,1,0
100000005382566100,2026-07-19,1,1,48000.0,50000.0,-2000.0,1,1
100000005382566100,2026-07-21,2,0,90000.0,0.0,90000.0,2,0
100000005386383100,2026-07-18,0,1,0.0,29000.0,-29000.0,0,1
100000005386383100,2026-07-24,2,0,37500.0,0.0,37500.0,2,0
100000005392290100,2026-07-29,0,1,0.0,81465.0,-81465.0,0,1
100000005394708100,2026-07-11,1,0,26000.0,0.0,26000.0,1,0
100000005394708100,2026-07-12,0,1,0.0,65000.0,-65000.0,0,1
100000005395727100,2026-07-30,1,0,17000.0,0.0,17000.0,1,0
100000005402643100,2026-07-22,0,1,0.0,90000.0,-90000.0,0,1
100000005402643100,2026-07-29,1,0,127800.0,0.0,127800.0,1,0
100000005409156100,2026-07-11,1,0,189160.0,0.0,189160.0,1,0
100000005409156100,2026-07-17,1,0,70920.0,0.0,70920.0,1,0
100000005409680100,2026-07-01,1,0,22060.0,0.0,22060.0,1,0
100000005409680100,2026-07-02,1,0,33000.0,0.0,33000.0,1,0
100000005413948100,2026-07-12,1,0,23215.0,0.0,23215.0,1,0
100000005413948100,2026-07-22,0,1,0.0,5000.0,-5000.0,0,1
100000005413948100,2026-07-23,1,0,5000.0,0.0,5000.0,1,0
100000005417257100,2026-07-11,0,1,0.0,26000.0,-26000.0,0,1
100000005417257100,2026-07-20,0,1,0.0,80000.0,-80000.0,0,1
100000005432267100,2026-07-22,2,0,350001.0,0.0,350001.0,2,0
100000005454368100,2026-07-19,1,0,29600.0,0.0,29600.0,1,0
100000005454368100,2026-07-20,1,0,19000.0,0.0,19000.0,1,0
100000005456919100,2026-07-04,1,0,54500.0,0.0,54500.0,1,0
100000005456919100,2026-07-06,1,0,18000.0,0.0,18000.0,1,0
100000005456919100,2026-07-10,2,0,108500.0,0.0,108500.0,1,0
100000005456919100,2026-07-12,1,0,20000.0,0.0,20000.0,1,0
100000005456919100,2026-07-13,2,0,89800.0,0.0,89800.0,1,0
100000005456919100,2026-07-17,3,0,189150.0,0.0,189150.0,2,0
100000005456919100,2026-07-19,0,1,0.0,5000.0,-5000.0,0,1
100000005473151100,2026-07-04,0,1,0.0,20000.0,-20000.0,0,1
100000005473151100,2026-07-08,1,4,1060000.0,180000.0,880000.0,1,2
100000005473151100,2026-07-10,0,1,0.0,25000.0,-25000.0,0,1
100000005473151100,2026-07-18,3,0,160000.0,0.0,160000.0,2,0
100000005474472100,2026-07-17,1,0,100000.0,0.0,100000.0,1,0
100000005475379100,2026-07-16,0,1,0.0,20000.0,-20000.0,0,1
100000005475379100,2026-07-17,0,1,0.0,15000.0,-15000.0,0,1
100000005475379100,2026-07-22,1,0,108370.0,0.0,108370.0,1,0
100000005475379100,2026-07-31,0,1,0.0,46000.0,-46000.0,0,1
100000005481280100,2026-07-18,0,1,0.0,16000.0,-16000.0,0,1
100000005481280100,2026-07-24,0,1,0.0,17000.0,-17000.0,0,1
100000005481280100,2026-07-29,1,0,32700.0,0.0,32700.0,1,0
100000005481280100,2026-07-30,0,1,0.0,17000.0,-17000.0,0,1
100000005485830100,2026-07-04,0,1,0.0,25000.0,-25000.0,0,1
100000005485830100,2026-07-07,0,1,0.0,24500.0,-24500.0,0,1
100000005485830100,2026-07-10,0,1,0.0,40000.0,-40000.0,0,1
100000005485830100,2026-07-11,0,1,0.0,30000.0,-30000.0,0,1
100000005485830100,2026-07-13,0,3,0.0,128000.0,-128000.0,0,3
100000005485830100,2026-07-19,0,1,0.0,8385.0,-8385.0,0,1
100000005485830100,2026-07-20,0,1,0.0,20000.0,-20000.0,0,1
100000005493505100,2026-07-18,1,0,10000.0,0.0,10000.0,1,0
100000005493505100,2026-07-19,1,0,26020.0,0.0,26020.0,1,0
100000005493505100,2026-07-23,1,0,26000.0,0.0,26000.0,1,0
100000005495211100,2026-07-05,1,0,14500.0,0.0,14500.0,1,0
100000005496254100,2026-07-17,1,0,12700.0,0.0,12700.0,1,0
100000005497148100,2026-07-12,1,0,14000.0,0.0,14000.0,1,0
100000005497148100,2026-07-13,1,0,10000.0,0.0,10000.0,1,0
100000005498992100,2026-07-17,0,5,0.0,295226.0,-295226.0,0,5
100000005498992100,2026-07-19,0,1,0.0,30202.0,-30202.0,0,1
100000005498992100,2026-07-20,0,2,0.0,425000.0,-425000.0,0,2
100000005498992100,2026-07-21,0,2,0.0,300300.0,-300300.0,0,2
100000005498992100,2026-07-22,0,1,0.0,165700.0,-165700.0,0,1
100000005498992100,2026-07-23,0,1,0.0,159300.0,-159300.0,0,1
100000005498992100,2026-07-24,0,4,0.0,338520.0,-338520.0,0,4
100000005498992100,2026-07-27,0,1,0.0,162610.0,-162610.0,0,1
100000005498992100,2026-07-29,0,1,0.0,200000.0,-200000.0,0,1
100000005498992100,2026-07-31,0,1,0.0,186010.0,-186010.0,0,1
100000005505655100,2026-07-05,1,0,20000.0,0.0,20000.0,1,0
100000005505655100,2026-07-08,1,1,13070.0,20000.0,-6930.0,1,1
100000005507142100,2026-07-01,1,0,13000.0,0.0,13000.0,1,0
100000005507142100,2026-07-16,1,0,23000.0,0.0,23000.0,1,0
100000005507142100,2026-07-20,0,1,0.0,30000.0,-30000.0,0,1
100000005507142100,2026-07-24,0,1,0.0,40000.0,-40000.0,0,1
100000005507142100,2026-07-25,0,1,0.0,15000.0,-15000.0,0,1
100000005507142100,2026-07-27,0,1,0.0,15000.0,-15000.0,0,1
100000005507142100,2026-07-28,1,0,15000.0,0.0,15000.0,1,0
100000005514161100,2026-07-09,0,1,0.0,50000.0,-50000.0,0,1
100000005514161100,2026-07-24,2,0,110000.0,0.0,110000.0,2,0
100000005514161100,2026-07-25,2,0,147500.0,0.0,147500.0,1,0
100000005514161100,2026-07-26,1,0,19000.0,0.0,19000.0,1,0
100000005514161100,2026-07-31,2,0,125000.0,0.0,125000.0,1,0
100000005519347100,2026-07-05,1,0,23000.0,0.0,23000.0,1,0
100000005519347100,2026-07-09,1,0,50100.0,0.0,50100.0,1,0
100000005519347100,2026-07-15,0,1,0.0,99000.0,-99000.0,0,1
100000005519998100,2026-07-05,0,2,0.0,30000.0,-30000.0,0,1
100000005519998100,2026-07-06,0,1,0.0,10000.0,-10000.0,0,1
100000005519998100,2026-07-08,1,0,12000.0,0.0,12000.0,1,0
100000005519998100,2026-07-09,0,1,0.0,7000.0,-7000.0,0,1
100000005519998100,2026-07-18,1,0,80000.0,0.0,80000.0,1,0
100000005519998100,2026-07-19,1,1,50000.0,5000.0,45000.0,1,1
100000005519998100,2026-07-20,0,1,0.0,50000.0,-50000.0,0,1
100000005519998100,2026-07-21,1,0,20000.0,0.0,20000.0,1,0
100000005519998100,2026-07-24,0,1,0.0,6000.0,-6000.0,0,1
100000005519998100,2026-07-26,0,1,0.0,80000.0,-80000.0,0,1
100000005519998100,2026-07-31,1,0,20000.0,0.0,20000.0,1,0
100000005523088100,2026-07-05,2,0,700000.0,0.0,700000.0,1,0
100000005527892100,2026-07-01,1,0,120001.0,0.0,120001.0,1,0
100000005527892100,2026-07-03,1,0,30000.0,0.0,30000.0,1,0
100000005527892100,2026-07-05,0,1,0.0,109000.0,-109000.0,0,1
100000005527892100,2026-07-24,0,1,0.0,88179.0,-88179.0,0,1
100000005527892100,2026-07-27,0,1,0.0,54510.0,-54510.0,0,1
100000005527892100,2026-07-28,1,2,70000.0,130810.0,-60810.0,1,2
100000005527892100,2026-07-29,0,2,0.0,104510.0,-104510.0,0,2
100000005527892100,2026-07-31,0,1,0.0,65410.0,-65410.0,0,1
100000005530114100,2026-07-04,1,0,46970.0,0.0,46970.0,1,0
100000005530114100,2026-07-06,0,1,0.0,25000.0,-25000.0,0,1
100000005530114100,2026-07-13,1,0,90000.0,0.0,90000.0,1,0
100000005532138100,2026-07-09,1,0,25046.0,0.0,25046.0,1,0
100000005539201100,2026-07-05,0,1,0.0,25000.0,-25000.0,0,1
100000005539201100,2026-07-09,1,0,45504.0,0.0,45504.0,1,0
100000005539910100,2026-07-16,1,0,102000.0,0.0,102000.0,1,0
100000005539910100,2026-07-20,0,2,0.0,22000.0,-22000.0,0,2
100000005543136100,2026-07-18,0,1,0.0,10000.0,-10000.0,0,1
100000005546031100,2026-07-03,4,0,41300.0,0.0,41300.0,2,0
100000005546031100,2026-07-05,0,1,0.0,8000.0,-8000.0,0,1
100000005546031100,2026-07-06,1,0,19500.0,0.0,19500.0,1,0
100000005546031100,2026-07-07,1,0,6000.0,0.0,6000.0,1,0
100000005547096100,2026-07-01,0,1,0.0,210000.0,-210000.0,0,1
100000005547096100,2026-07-03,0,2,0.0,16300.0,-16300.0,0,1
100000005547096100,2026-07-05,1,0,8000.0,0.0,8000.0,1,0
100000005553088100,2026-07-09,1,0,17500.0,0.0,17500.0,1,0
100000005561741100,2026-07-10,1,0,25000.0,0.0,25000.0,1,0
100000005567828100,2026-07-30,1,0,94000.0,0.0,94000.0,1,0
100000005572303100,2026-07-02,0,1,0.0,20000.0,-20000.0,0,1
100000005572303100,2026-07-07,1,0,75000.0,0.0,75000.0,1,0
100000005578559100,2026-07-01,0,1,0.0,50000.0,-50000.0,0,1
100000005578559100,2026-07-02,0,2,0.0,37998.0,-37998.0,0,2
100000005578559100,2026-07-03,0,3,0.0,63340.0,-63340.0,0,3
100000005578559100,2026-07-04,0,1,0.0,38000.0,-38000.0,0,1
100000005578559100,2026-07-05,0,3,0.0,177596.0,-177596.0,0,3
100000005578559100,2026-07-06,1,7,51000.0,236395.0,-185395.0,1,7
100000005578559100,2026-07-07,1,1,80000.0,27000.0,53000.0,1,1
100000005578559100,2026-07-08,0,1,0.0,58000.0,-58000.0,0,1
100000005578559100,2026-07-09,0,1,0.0,85000.0,-85000.0,0,1
100000005578559100,2026-07-11,0,1,0.0,83000.0,-83000.0,0,1
100000005578559100,2026-07-12,0,1,0.0,27067.67,-27067.67,0,1
100000005578559100,2026-07-13,0,1,0.0,9767.0,-9767.0,0,1
100000005584222100,2026-07-02,0,1,0.0,15000.0,-15000.0,0,1
100000005584222100,2026-07-06,1,0,6500.0,0.0,6500.0,1,0
100000005584222100,2026-07-11,1,0,10000.0,0.0,10000.0,1,0
100000005584222100,2026-07-13,1,0,40000.0,0.0,40000.0,1,0
100000005584222100,2026-07-15,0,1,0.0,53587.0,-53587.0,0,1
100000005584222100,2026-07-16,3,1,136217.0,40000.0,96217.0,1,1
100000005588444100,2026-07-23,1,0,12300.0,0.0,12300.0,1,0
100000005589319100,2026-07-21,1,0,26000.0,0.0,26000.0,1,0
100000005602999100,2026-07-24,0,1,0.0,5000.0,-5000.0,0,1
100000005602999100,2026-07-26,1,0,5000.0,0.0,5000.0,1,0
100000005602999100,2026-07-28,0,2,0.0,11000.0,-11000.0,0,2
100000005608515100,2026-07-03,1,0,9000.0,0.0,9000.0,1,0
100000005608515100,2026-07-12,1,0,5000.0,0.0,5000.0,1,0
100000005608515100,2026-07-14,2,0,50000.0,0.0,50000.0,1,0
100000005610717100,2026-07-04,0,1,0.0,43000.0,-43000.0,0,1
100000005610717100,2026-07-10,1,0,32600.0,0.0,32600.0,1,0
100000005610717100,2026-07-14,1,2,156400.0,54700.0,101700.0,1,1
100000005610717100,2026-07-15,1,1,46700.0,14900.0,31800.0,1,1
100000005610717100,2026-07-17,1,0,186200.0,0.0,186200.0,1,0
100000005610717100,2026-07-18,0,1,0.0,90000.0,-90000.0,0,1
100000005610717100,2026-07-23,1,1,48900.0,48900.0,0.0,1,1
100000005610717100,2026-07-27,1,1,13700.0,13700.0,0.0,1,1
100000005612411100,2026-07-03,0,1,0.0,21200.0,-21200.0,0,1
100000005612411100,2026-07-14,0,1,0.0,200000.0,-200000.0,0,1
100000005612411100,2026-07-24,1,2,25000.0,89966.0,-64966.0,1,2
100000005612411100,2026-07-25,1,1,65000.0,66647.0,-1647.0,1,1
100000005612411100,2026-07-26,2,1,25500.0,50000.0,-24500.0,2,1
100000005612411100,2026-07-27,0,1,0.0,54184.0,-54184.0,0,1
100000005612411100,2026-07-29,0,1,0.0,25000.0,-25000.0,0,1
100000005614315100,2026-07-17,1,0,455000.0,0.0,455000.0,1,0
100000005616568100,2026-07-03,1,0,530000.0,0.0,530000.0,1,0
100000005619339100,2026-07-12,0,1,0.0,5442.6,-5442.6,0,1
100000005619339100,2026-07-30,1,0,5000.0,0.0,5000.0,1,0
100000005620225100,2026-07-02,1,0,5922.66,0.0,5922.66,1,0
100000005620225100,2026-07-03,1,0,43923.0,0.0,43923.0,1,0
100000005621418100,2026-07-07,1,0,30000.0,0.0,30000.0,1,0
100000005628518100,2026-07-06,1,0,10000.0,0.0,10000.0,1,0
100000005628518100,2026-07-10,1,0,47000.0,0.0,47000.0,1,0
100000005628518100,2026-07-25,1,0,20000.0,0.0,20000.0,1,0
100000005634552100,2026-07-09,0,2,0.0,247000.0,-247000.0,0,1
100000005634552100,2026-07-14,0,1,0.0,759000.0,-759000.0,0,1
100000005634552100,2026-07-18,0,1,0.0,190000.0,-190000.0,0,1
100000005634552100,2026-07-21,1,0,25850.0,0.0,25850.0,1,0
100000005636951100,2026-07-07,1,0,40000.0,0.0,40000.0,1,0
100000005660203100,2026-07-01,2,0,170000.0,0.0,170000.0,1,0
100000005660203100,2026-07-08,1,0,9999.0,0.0,9999.0,1,0
100000005660203100,2026-07-13,1,1,15000.0,5000.0,10000.0,1,1
100000005660203100,2026-07-14,1,0,100000.0,0.0,100000.0,1,0
100000005660203100,2026-07-15,1,0,10000.0,0.0,10000.0,1,0
100000005660203100,2026-07-17,1,0,42000.0,0.0,42000.0,1,0
100000005660203100,2026-07-18,1,0,10000.0,0.0,10000.0,1,0
100000005660203100,2026-07-19,0,1,0.0,18000.0,-18000.0,0,1
100000005660203100,2026-07-22,1,0,25900.0,0.0,25900.0,1,0
100000005660203100,2026-07-24,0,2,0.0,11000.0,-11000.0,0,1
100000005660203100,2026-07-26,1,0,40000.0,0.0,40000.0,1,0
100000005660203100,2026-07-27,1,1,100000.0,7000.0,93000.0,1,1
100000005660203100,2026-07-31,1,0,50000.0,0.0,50000.0,1,0
100000005661528100,2026-07-19,1,0,25000.0,0.0,25000.0,1,0
100000005661829100,2026-07-25,0,1,0.0,6572.0,-6572.0,0,1
100000005661829100,2026-07-26,1,2,37790.0,16500.0,21290.0,1,1
100000005661829100,2026-07-27,0,1,0.0,17290.0,-17290.0,0,1
100000005664632100,2026-07-24,3,0,22000.0,0.0,22000.0,1,0
100000005664632100,2026-07-26,8,0,75500.0,0.0,75500.0,1,0
100000005664632100,2026-07-27,1,0,12000.0,0.0,12000.0,1,0
100000005664632100,2026-07-29,5,0,81620.0,0.0,81620.0,1,0
100000005664632100,2026-07-30,1,0,7500.0,0.0,7500.0,1,0
100000005664922100,2026-07-01,0,1,0.0,5000.0,-5000.0,0,1
100000005664922100,2026-07-15,0,1,0.0,8000.0,-8000.0,0,1
100000005664922100,2026-07-16,0,2,0.0,524000.0,-524000.0,0,2
100000005664922100,2026-07-21,1,0,17000.0,0.0,17000.0,1,0
100000005664922100,2026-07-27,1,0,5000.0,0.0,5000.0,1,0
100000005665181100,2026-07-15,0,3,0.0,30225.0,-30225.0,0,3
100000005665181100,2026-07-17,0,3,0.0,94595.0,-94595.0,0,3
100000005665181100,2026-07-18,1,1,5000.0,14000.0,-9000.0,1,1
100000005665181100,2026-07-24,1,0,5000.0,0.0,5000.0,1,0
100000005665181100,2026-07-25,1,0,8000.0,0.0,8000.0,1,0
100000005665181100,2026-07-30,0,4,0.0,43095.0,-43095.0,0,4
100000005665181100,2026-07-31,2,0,27498.0,0.0,27498.0,2,0
100000005667841100,2026-07-17,2,0,186000.0,0.0,186000.0,2,0
100000005668605100,2026-07-20,1,0,21000.0,0.0,21000.0,1,0
100000005668605100,2026-07-21,1,0,54000.0,0.0,54000.0,1,0
100000005668605100,2026-07-22,1,0,19500.0,0.0,19500.0,1,0
100000005669845100,2026-07-04,1,0,20000.0,0.0,20000.0,1,0
100000005674387100,2026-07-13,1,0,26200.0,0.0,26200.0,1,0
100000005685783100,2026-07-29,1,0,26150.0,0.0,26150.0,1,0
100000005704413100,2026-07-12,1,5,27067.67,170960.0,-143892.33,1,5
100000005704413100,2026-07-13,2,2,29767.0,83600.0,-53833.0,2,2
100000005704413100,2026-07-14,0,6,0.0,246745.0,-246745.0,0,6
100000005704413100,2026-07-20,0,4,0.0,78590.0,-78590.0,0,3
100000005704413100,2026-07-21,0,2,0.0,100943.0,-100943.0,0,2
100000005704413100,2026-07-23,0,4,0.0,185595.0,-185595.0,0,4
100000005704413100,2026-07-24,1,1,41000.0,30000.0,11000.0,1,1
100000005704413100,2026-07-25,0,1,0.0,42525.0,-42525.0,0,1
100000005704413100,2026-07-26,0,2,0.0,33275.0,-33275.0,0,2
100000005704413100,2026-07-27,0,3,0.0,162360.0,-162360.0,0,3
100000005704413100,2026-07-28,0,4,0.0,135000.0,-135000.0,0,4
100000005704413100,2026-07-30,0,1,0.0,94000.0,-94000.0,0,1
100000005709551100,2026-07-03,1,0,24560.0,0.0,24560.0,1,0
100000005711521100,2026-07-11,1,0,238000.0,0.0,238000.0,1,0
100000005723580100,2026-07-14,1,0,35000.0,0.0,35000.0,1,0
100000005730108100,2026-07-14,1,0,8000.0,0.0,8000.0,1,0
100000005744674100,2026-07-09,0,1,0.0,9066.0,-9066.0,0,1
100000005744674100,2026-07-11,0,1,0.0,41000.0,-41000.0,0,1
100000005745873100,2026-07-15,1,0,223000.0,0.0,223000.0,1,0
100000005754335100,2026-07-11,1,0,44037.0,0.0,44037.0,1,0
100000005756189100,2026-07-02,1,1,65000.0,49050.0,15950.0,1,1
100000005756535100,2026-07-18,1,0,20000.0,0.0,20000.0,1,0
100000005767403100,2026-07-08,1,0,800000.0,0.0,800000.0,1,0
100000005767403100,2026-07-31,1,0,300000.0,0.0,300000.0,1,0
100000005778283100,2026-07-08,1,0,205760.0,0.0,205760.0,1,0
100000005778283100,2026-07-13,1,0,140000.0,0.0,140000.0,1,0
100000005778283100,2026-07-15,1,0,270000.0,0.0,270000.0,1,0
100000005782781100,2026-07-04,1,0,17000.0,0.0,17000.0,1,0
100000005782781100,2026-07-05,2,1,45688.0,71000.0,-25312.0,1,1
100000005782781100,2026-07-06,0,1,0.0,19468.0,-19468.0,0,1
100000005782781100,2026-07-07,1,0,13000.0,0.0,13000.0,1,0
100000005782781100,2026-07-08,1,0,18500.0,0.0,18500.0,1,0
100000005782781100,2026-07-09,0,2,0.0,254157.0,-254157.0,0,2
100000005782781100,2026-07-10,3,1,51500.0,66000.0,-14500.0,3,1
100000005782781100,2026-07-11,1,0,10200.0,0.0,10200.0,1,0
100000005782781100,2026-07-15,1,5,16000.0,852972.0,-836972.0,1,5
100000005782886100,2026-07-23,1,0,14000.0,0.0,14000.0,1,0
100000005783452100,2026-07-28,2,0,286500.0,0.0,286500.0,2,0
100000005799271100,2026-07-07,1,0,35000.0,0.0,35000.0,1,0
100000005799271100,2026-07-26,1,0,10000.0,0.0,10000.0,1,0
100000005807278100,2026-07-19,1,0,8385.0,0.0,8385.0,1,0
100000005809252100,2026-07-30,1,0,25000.0,0.0,25000.0,1,0
100000005815602100,2026-07-02,1,0,20000.0,0.0,20000.0,1,0
100000005815602100,2026-07-21,0,1,0.0,165000.0,-165000.0,0,1
100000005820746100,2026-07-16,2,0,1989000.0,0.0,1989000.0,1,0
100000005820746100,2026-07-20,0,1,0.0,60000.0,-60000.0,0,1
100000005830339100,2026-07-01,1,0,49780.0,0.0,49780.0,1,0
100000005830339100,2026-07-03,1,0,94167.0,0.0,94167.0,1,0
100000005830339100,2026-07-05,1,0,47367.0,0.0,47367.0,1,0
100000005830339100,2026-07-07,1,0,46767.0,0.0,46767.0,1,0
100000005830339100,2026-07-08,1,0,46968.0,0.0,46968.0,1,0
100000005830339100,2026-07-13,1,0,23218.0,0.0,23218.0,1,0
100000005830339100,2026-07-17,1,0,23268.0,0.0,23268.0,1,0
100000005830339100,2026-07-18,1,0,27570.0,0.0,27570.0,1,0
100000005830339100,2026-07-21,0,1,0.0,339251.0,-339251.0,0,1
100000005830339100,2026-07-24,1,0,46968.0,0.0,46968.0,1,0
100000005830339100,2026-07-25,1,0,25000.0,0.0,25000.0,1,0
100000005830339100,2026-07-27,2,0,45268.0,0.0,45268.0,1,0
100000005834479100,2026-07-11,0,1,0.0,9000.0,-9000.0,0,1
100000005834479100,2026-07-13,0,1,0.0,5470.0,-5470.0,0,1
100000005834479100,2026-07-15,1,0,7500.0,0.0,7500.0,1,0
100000005844459100,2026-07-09,1,0,150000.0,0.0,150000.0,1,0
100000005844459100,2026-07-30,1,0,93400.0,0.0,93400.0,1,0
100000005847078100,2026-07-23,1,0,16300.0,0.0,16300.0,1,0
100000005849100100,2026-07-15,1,0,33300.0,0.0,33300.0,1,0
100000005849862100,2026-07-05,1,0,6000.0,0.0,6000.0,1,0
100000005849862100,2026-07-22,1,0,7000.0,0.0,7000.0,1,0
100000005852946100,2026-07-16,1,0,23746.0,0.0,23746.0,1,0
100000005857058100,2026-07-01,1,0,31500.0,0.0,31500.0,1,0
100000005857058100,2026-07-05,1,0,39212.0,0.0,39212.0,1,0
100000005857058100,2026-07-06,1,0,9510.0,0.0,9510.0,1,0
100000005873152100,2026-07-03,0,1,0.0,10000.0,-10000.0,0,1
100000005873152100,2026-07-05,1,0,10000.0,0.0,10000.0,1,0
100000005877725100,2026-07-01,1,0,70000.0,0.0,70000.0,1,0
100000005878334100,2026-07-12,1,0,43400.0,0.0,43400.0,1,0
100000005878334100,2026-07-28,1,0,33000.0,0.0,33000.0,1,0
100000005882013100,2026-07-22,1,0,15000.0,0.0,15000.0,1,0
100000005882013100,2026-07-23,0,1,0.0,10000.0,-10000.0,0,1
100000005882013100,2026-07-24,1,0,10000.0,0.0,10000.0,1,0
100000005882013100,2026-07-28,1,0,110000.0,0.0,110000.0,1,0
100000005888829100,2026-07-13,1,0,197000.0,0.0,197000.0,1,0
100000005893892100,2026-07-10,1,0,102780.0,0.0,102780.0,1,0
100000005895525100,2026-07-10,1,0,40000.0,0.0,40000.0,1,0
100000005895525100,2026-07-11,1,0,30000.0,0.0,30000.0,1,0
100000005895525100,2026-07-13,1,0,50000.0,0.0,50000.0,1,0
100000005897462100,2026-07-15,1,0,98400.0,0.0,98400.0,1,0
100000005901606100,2026-07-23,1,0,35660.0,0.0,35660.0,1,0
100000005904580100,2026-07-01,2,0,72000.0,0.0,72000.0,2,0
100000005910114100,2026-07-01,0,3,0.0,65614.0,-65614.0,0,1
100000005910114100,2026-07-02,0,2,0.0,92732.0,-92732.0,0,2
100000005910114100,2026-07-03,0,2,0.0,45872.0,-45872.0,0,2
100000005910114100,2026-07-04,0,6,0.0,143287.0,-143287.0,0,4
100000005910114100,2026-07-05,0,4,0.0,60688.0,-60688.0,0,2
100000005910114100,2026-07-06,0,4,0.0,78968.0,-78968.0,0,2
100000005910114100,2026-07-07,1,0,140967.0,0.0,140967.0,1,0
100000005910114100,2026-07-08,0,3,0.0,80983.0,-80983.0,0,3
100000005910114100,2026-07-10,1,6,92009.0,190133.0,-98124.0,1,5
100000005910114100,2026-07-11,0,2,0.0,61180.0,-61180.0,0,2
100000005910114100,2026-07-12,1,3,93168.0,92977.0,191.0,1,3
100000005910114100,2026-07-13,0,4,0.0,90875.0,-90875.0,0,3
100000005910114100,2026-07-14,0,3,0.0,104420.0,-104420.0,0,3
100000005910114100,2026-07-15,0,2,0.0,48066.0,-48066.0,0,1
100000005910114100,2026-07-16,0,1,0.0,27230.0,-27230.0,0,1
100000005910114100,2026-07-17,0,1,0.0,25373.0,-25373.0,0,1
100000005910114100,2026-07-18,0,3,0.0,48497.0,-48497.0,0,2
100000005910114100,2026-07-19,0,4,0.0,110341.0,-110341.0,0,2
100000005910114100,2026-07-20,0,2,0.0,75028.0,-75028.0,0,1
100000005910114100,2026-07-21,0,1,0.0,27729.0,-27729.0,0,1
100000005910895100,2026-07-30,1,0,5100.0,0.0,5100.0,1,0
100000005911352100,2026-07-06,0,1,0.0,7000.0,-7000.0,0,1
100000005911352100,2026-07-20,0,1,0.0,7000.0,-7000.0,0,1
100000005911352100,2026-07-22,1,0,7000.0,0.0,7000.0,1,0
100000005911352100,2026-07-25,1,0,8000.0,0.0,8000.0,1,0
100000005911352100,2026-07-30,0,1,0.0,10000.0,-10000.0,0,1
100000005931985100,2026-07-31,1,0,76000.0,0.0,76000.0,1,0
100000005932987100,2026-07-07,1,0,10000.0,0.0,10000.0,1,0
100000005932987100,2026-07-20,1,0,5000.0,0.0,5000.0,1,0
100000005932987100,2026-07-31,1,0,10000.0,0.0,10000.0,1,0
100000005933757100,2026-07-01,0,4,0.0,140250.0,-140250.0,0,4
100000005933757100,2026-07-02,0,2,0.0,84407.0,-84407.0,0,2
100000005933757100,2026-07-03,0,5,0.0,223253.0,-223253.0,0,5
100000005933757100,2026-07-04,0,3,0.0,209105.0,-209105.0,0,3
100000005933757100,2026-07-06,2,2,69000.0,133186.0,-64186.0,2,2
100000005933757100,2026-07-07,1,0,27000.0,0.0,27000.0,1,0
100000005933757100,2026-07-08,1,6,420000.0,323555.0,96445.0,1,6
100000005933757100,2026-07-09,0,2,0.0,185262.0,-185262.0,0,2
100000005933757100,2026-07-10,0,1,0.0,23000.0,-23000.0,0,1
100000005933757100,2026-07-13,0,1,0.0,186980.0,-186980.0,0,1
100000005933757100,2026-07-16,2,4,730000.0,155605.0,574395.0,1,4
100000005933757100,2026-07-17,0,1,0.0,22740.0,-22740.0,0,1
100000005933757100,2026-07-18,0,10,0.0,992230.0,-992230.0,0,8
100000005933757100,2026-07-20,0,2,0.0,256395.0,-256395.0,0,2
100000005933757100,2026-07-21,0,3,0.0,66660.0,-66660.0,0,3
100000005939154100,2026-07-07,1,0,7000.0,0.0,7000.0,1,0
100000005939154100,2026-07-20,1,0,15000.0,0.0,15000.0,1,0
100000005940652100,2026-07-16,1,0,8395.0,0.0,8395.0,1,0
100000005941908100,2026-07-25,1,0,10000.0,0.0,10000.0,1,0
100000005942793100,2026-07-06,2,0,35000.0,0.0,35000.0,2,0
100000005942793100,2026-07-07,2,0,20000.0,0.0,20000.0,2,0
100000005958064100,2026-07-03,1,0,5746.0,0.0,5746.0,1,0
100000005958064100,2026-07-29,0,3,0.0,163986.84,-163986.84,0,2
100000005961971100,2026-07-20,1,0,47353.0,0.0,47353.0,1,0
100000005974542100,2026-07-01,1,0,7500.0,0.0,7500.0,1,0
100000005974542100,2026-07-10,1,0,20000.0,0.0,20000.0,1,0
100000005974542100,2026-07-14,1,0,67000.0,0.0,67000.0,1,0
100000005979037100,2026-07-25,1,0,60300.0,0.0,60300.0,1,0
100000005995391100,2026-07-14,1,0,17200.0,0.0,17200.0,1,0
100000005996909100,2026-07-29,1,0,5500.0,0.0,5500.0,1,0
100000006008169100,2026-07-12,1,0,70000.0,0.0,70000.0,1,0
100000006020215100,2026-07-01,0,1,0.0,13300.0,-13300.0,0,1
100000006020215100,2026-07-11,1,0,30000.0,0.0,30000.0,1,0
100000006020215100,2026-07-24,0,1,0.0,20500.0,-20500.0,0,1
100000006030946100,2026-07-08,1,0,73289.0,0.0,73289.0,1,0
100000006048193100,2026-07-26,1,0,41559.0,0.0,41559.0,1,0
100000006069103100,2026-07-03,0,2,0.0,225000.0,-225000.0,0,2
100000006069103100,2026-07-04,1,0,190000.0,0.0,190000.0,1,0
100000006069103100,2026-07-05,0,1,0.0,25000.0,-25000.0,0,1
100000006069103100,2026-07-07,1,1,29118.0,20000.0,9118.0,1,1
100000006069103100,2026-07-08,1,0,9700.0,0.0,9700.0,1,0
100000006100920100,2026-07-04,1,0,100000.0,0.0,100000.0,1,0
100000006111439100,2026-07-02,1,0,5544.0,0.0,5544.0,1,0
100000006111439100,2026-07-03,1,0,5720.0,0.0,5720.0,1,0
100000006111439100,2026-07-11,0,1,0.0,5000.0,-5000.0,0,1
100000006111439100,2026-07-12,0,1,0.0,5000.0,-5000.0,0,1
100000006111439100,2026-07-18,0,1,0.0,9000.0,-9000.0,0,1
100000006111439100,2026-07-23,0,1,0.0,5000.0,-5000.0,0,1
100000006111439100,2026-07-26,1,0,9306.0,0.0,9306.0,1,0
100000006111442100,2026-07-17,1,0,64000.0,0.0,64000.0,1,0
100000006122699100,2026-07-01,2,0,45865.0,0.0,45865.0,2,0
100000006126743100,2026-07-14,1,0,55000.0,0.0,55000.0,1,0
100000006161893100,2026-07-16,1,0,14000.0,0.0,14000.0,1,0
100000006165886100,2026-07-19,1,0,104067.0,0.0,104067.0,1,0
100000006165886100,2026-07-30,1,1,80414.0,75000.0,5414.0,1,1
100000006169033100,2026-07-01,0,1,0.0,98000.0,-98000.0,0,1
100000006169033100,2026-07-02,0,1,0.0,102000.0,-102000.0,0,1
100000006169033100,2026-07-03,0,1,0.0,70000.0,-70000.0,0,1
100000006169033100,2026-07-05,0,1,0.0,76000.0,-76000.0,0,1
100000006169033100,2026-07-11,1,0,49000.0,0.0,49000.0,1,0
100000006169033100,2026-07-14,0,1,0.0,108000.0,-108000.0,0,1
100000006169033100,2026-07-15,0,1,0.0,149000.0,-149000.0,0,1
100000006169033100,2026-07-16,0,1,0.0,149000.0,-149000.0,0,1
100000006169033100,2026-07-19,0,2,0.0,257771.0,-257771.0,0,2
100000006169033100,2026-07-21,0,1,0.0,130500.0,-130500.0,0,1
100000006171671100,2026-07-07,1,0,10000.0,0.0,10000.0,1,0
100000006177176100,2026-07-16,1,0,8911.0,0.0,8911.0,1,0
100000006209210100,2026-07-09,1,0,229111.0,0.0,229111.0,1,0
100000006225798100,2026-07-06,0,2,0.0,26300.0,-26300.0,0,2
100000006225798100,2026-07-09,1,0,400000.0,0.0,400000.0,1,0
100000006225798100,2026-07-21,1,0,42000.0,0.0,42000.0,1,0
100000006225798100,2026-07-22,1,0,140000.0,0.0,140000.0,1,0
100000006225798100,2026-07-23,1,0,140000.0,0.0,140000.0,1,0
100000006232642100,2026-07-14,1,0,108000.0,0.0,108000.0,1,0
100000006232642100,2026-07-15,1,0,149000.0,0.0,149000.0,1,0
100000006232642100,2026-07-16,1,0,149000.0,0.0,149000.0,1,0
100000006232642100,2026-07-19,1,0,50000.0,0.0,50000.0,1,0
100000006232815100,2026-07-03,0,1,0.0,16500.0,-16500.0,0,1
100000006232815100,2026-07-04,0,1,0.0,20000.0,-20000.0,0,1
100000006232815100,2026-07-13,1,0,110000.0,0.0,110000.0,1,0
100000006232815100,2026-07-17,0,2,0.0,140000.0,-140000.0,0,2
100000006232815100,2026-07-18,0,1,0.0,120000.0,-120000.0,0,1
100000006232815100,2026-07-24,1,0,50000.0,0.0,50000.0,1,0
100000006240939100,2026-07-03,0,1,0.0,73050.0,-73050.0,0,1
100000006240939100,2026-07-05,0,2,0.0,500000.0,-500000.0,0,2
100000006240939100,2026-07-06,0,1,0.0,40000.0,-40000.0,0,1
100000006240939100,2026-07-07,1,1,160000.0,164965.0,-4965.0,1,1
100000006248077100,2026-07-22,1,0,50000.0,0.0,50000.0,1,0
100000006249740100,2026-07-21,0,1,0.0,10000.0,-10000.0,0,1
100000006249740100,2026-07-23,0,1,0.0,25000.0,-25000.0,0,1
100000006249740100,2026-07-24,0,1,0.0,25000.0,-25000.0,0,1
100000006249740100,2026-07-30,0,1,0.0,10000.0,-10000.0,0,1
100000006249740100,2026-07-31,0,1,0.0,23007.0,-23007.0,0,1
100000006257675100,2026-07-20,2,0,70000.0,0.0,70000.0,1,0
100000006274203100,2026-07-02,0,2,0.0,67000.0,-67000.0,0,2
100000006274203100,2026-07-05,1,0,41200.0,0.0,41200.0,1,0
100000006274203100,2026-07-11,1,1,40000.0,5000.0,35000.0,1,1
100000006274203100,2026-07-12,1,0,70000.0,0.0,70000.0,1,0
100000006274203100,2026-07-13,2,0,116000.0,0.0,116000.0,1,0
100000006274203100,2026-07-14,4,0,243412.0,0.0,243412.0,1,0
100000006274203100,2026-07-15,2,0,268000.0,0.0,268000.0,1,0
100000006274203100,2026-07-16,2,0,136000.0,0.0,136000.0,1,0
100000006274203100,2026-07-17,2,0,130000.0,0.0,130000.0,1,0
100000006274203100,2026-07-18,3,0,362000.0,0.0,362000.0,1,0
100000006274203100,2026-07-19,2,0,163100.0,0.0,163100.0,1,0
100000006274203100,2026-07-20,1,0,40000.0,0.0,40000.0,1,0
100000006274203100,2026-07-22,1,0,97000.0,0.0,97000.0,1,0
100000006274203100,2026-07-23,1,0,135400.0,0.0,135400.0,1,0
100000006274203100,2026-07-25,4,0,378000.0,0.0,378000.0,1,0
100000006274203100,2026-07-26,2,0,113400.0,0.0,113400.0,1,0
100000006274203100,2026-07-27,1,0,250000.0,0.0,250000.0,1,0
100000006274203100,2026-07-28,1,0,65000.0,0.0,65000.0,1,0
100000006274203100,2026-07-29,3,0,144000.0,0.0,144000.0,1,0
100000006274203100,2026-07-30,4,0,375000.0,0.0,375000.0,1,0
100000006274203100,2026-07-31,3,0,250000.0,0.0,250000.0,1,0
100000006288612100,2026-07-02,1,0,13805.0,0.0,13805.0,1,0
100000006288612100,2026-07-12,1,0,10000.0,0.0,10000.0,1,0
100000006288612100,2026-07-21,1,0,7000.0,0.0,7000.0,1,0
100000006308406100,2026-07-11,1,0,13000.0,0.0,13000.0,1,0
100000006308406100,2026-07-20,1,0,170000.0,0.0,170000.0,1,0
100000006326645100,2026-07-18,1,0,25264.0,0.0,25264.0,1,0
100000006351075100,2026-07-31,2,0,40000.0,0.0,40000.0,1,0
100000006369769100,2026-07-10,1,0,40000.0,0.0,40000.0,1,0
100000006381453100,2026-07-02,1,0,45000.0,0.0,45000.0,1,0
100000006385877100,2026-07-07,0,1,0.0,10000.0,-10000.0,0,1
100000006385877100,2026-07-09,0,1,0.0,5500.0,-5500.0,0,1
100000006385877100,2026-07-10,0,1,0.0,10000.0,-10000.0,0,1
100000006385877100,2026-07-15,2,1,23706.62,5000.0,18706.62,1,1
100000006385877100,2026-07-30,3,1,30000.0,6102.93,23897.07,1,1
100000006412162100,2026-07-30,2,0,15000.0,0.0,15000.0,1,0
100000006416061100,2026-07-28,1,0,30000.0,0.0,30000.0,1,0
100000006424479100,2026-07-05,1,0,400000.0,0.0,400000.0,1,0
100000006424479100,2026-07-19,0,3,0.0,220000.0,-220000.0,0,2
100000006424479100,2026-07-28,1,0,100000.0,0.0,100000.0,1,0
100000006443391100,2026-07-07,1,0,10000.0,0.0,10000.0,1,0
100000006443391100,2026-07-09,1,0,5500.0,0.0,5500.0,1,0
100000006443391100,2026-07-10,1,0,10000.0,0.0,10000.0,1,0
100000006443391100,2026-07-12,1,0,25000.0,0.0,25000.0,1,0
100000006443391100,2026-07-15,1,2,5000.0,23706.62,-18706.62,1,1
100000006443391100,2026-07-17,1,0,25173.0,0.0,25173.0,1,0
100000006443391100,2026-07-28,0,1,0.0,6335.09,-6335.09,0,1
100000006443391100,2026-07-30,1,3,6102.93,30000.0,-23897.07,1,1
100000006444163100,2026-07-10,1,0,6026.0,0.0,6026.0,1,0
100000006445501100,2026-07-14,1,0,91000.0,0.0,91000.0,1,0
100000006446271100,2026-07-25,2,0,80000.0,0.0,80000.0,2,0
100000006471232100,2026-07-16,1,0,41800.0,0.0,41800.0,1,0
100000006476758100,2026-07-15,1,0,5200.0,0.0,5200.0,1,0
100000006490557100,2026-07-23,1,0,5000.0,0.0,5000.0,1,0
100000006490615100,2026-07-01,1,0,5000.0,0.0,5000.0,1,0
100000006490615100,2026-07-06,2,0,13600.0,0.0,13600.0,1,0
100000006490615100,2026-07-16,1,0,5000.0,0.0,5000.0,1,0
100000006490615100,2026-07-20,1,0,8000.0,0.0,8000.0,1,0
100000006490615100,2026-07-26,1,0,10000.0,0.0,10000.0,1,0
100000006491272100,2026-07-01,1,0,26200.0,0.0,26200.0,1,0
100000006491963100,2026-07-27,1,0,5000.0,0.0,5000.0,1,0
100000006491963100,2026-07-29,1,0,6000.0,0.0,6000.0,1,0
100000006491963100,2026-07-30,1,0,5000.0,0.0,5000.0,1,0
100000006492770100,2026-07-06,1,0,269000.0,0.0,269000.0,1,0
100000006492770100,2026-07-07,0,1,0.0,20000.0,-20000.0,0,1
100000006512787100,2026-07-21,1,0,10000.0,0.0,10000.0,1,0
100000006512787100,2026-07-23,1,0,10000.0,0.0,10000.0,1,0
100000006518161100,2026-07-01,0,2,0.0,170000.0,-170000.0,0,1
100000006518161100,2026-07-06,1,0,37700.0,0.0,37700.0,1,0
100000006518161100,2026-07-07,1,0,46000.0,0.0,46000.0,1,0
100000006518161100,2026-07-08,0,1,0.0,9999.0,-9999.0,0,1
100000006518161100,2026-07-13,2,1,148500.0,15000.0,133500.0,2,1
100000006518161100,2026-07-14,1,1,138600.0,100000.0,38600.0,1,1
100000006518161100,2026-07-15,0,1,0.0,10000.0,-10000.0,0,1
100000006518161100,2026-07-17,1,1,36500.0,42000.0,-5500.0,1,1
100000006518161100,2026-07-18,1,1,46000.0,10000.0,36000.0,1,1
100000006518161100,2026-07-19,0,1,0.0,23000.0,-23000.0,0,1
100000006518161100,2026-07-21,1,0,47000.0,0.0,47000.0,1,0
100000006518161100,2026-07-22,1,1,25900.0,25900.0,0.0,1,1
100000006518161100,2026-07-24,2,0,11000.0,0.0,11000.0,1,0
100000006518161100,2026-07-26,0,1,0.0,40000.0,-40000.0,0,1
100000006518161100,2026-07-27,1,1,7000.0,100000.0,-93000.0,1,1
100000006518161100,2026-07-31,1,1,50000.0,50000.0,0.0,1,1
100000006522972100,2026-07-17,1,0,9515.0,0.0,9515.0,1,0
100000006523053100,2026-07-17,1,0,5000.0,0.0,5000.0,1,0
100000006527156100,2026-07-08,1,0,48500.0,0.0,48500.0,1,0
100000006530134100,2026-07-03,1,0,23423.0,0.0,23423.0,1,0
100000006530134100,2026-07-16,1,0,121240.0,0.0,121240.0,1,0
100000006532229100,2026-07-12,1,0,105000.0,0.0,105000.0,1,0
100000006534886100,2026-07-08,1,0,8600.0,0.0,8600.0,1,0
100000006534886100,2026-07-12,1,0,12800.0,0.0,12800.0,1,0
100000006534886100,2026-07-14,0,3,0.0,28000.0,-28000.0,0,1
100000006534886100,2026-07-21,2,2,45300.0,48000.0,-2700.0,1,1
100000006534886100,2026-07-23,0,1,0.0,5000.0,-5000.0,0,1
100000006534886100,2026-07-27,0,1,0.0,28000.0,-28000.0,0,1
100000006534886100,2026-07-28,0,1,0.0,58500.0,-58500.0,0,1
100000006534886100,2026-07-30,1,0,5000.0,0.0,5000.0,1,0
100000006557763100,2026-07-06,1,0,10000.0,0.0,10000.0,1,0
100000006562026100,2026-07-02,1,0,5000.0,0.0,5000.0,1,0
100000006562026100,2026-07-08,1,0,5000.0,0.0,5000.0,1,0
100000006562026100,2026-07-09,1,0,5000.0,0.0,5000.0,1,0
100000006562026100,2026-07-21,1,0,10000.0,0.0,10000.0,1,0
100000006562026100,2026-07-23,1,0,25000.0,0.0,25000.0,1,0
100000006562026100,2026-07-24,1,0,25000.0,0.0,25000.0,1,0
100000006564102100,2026-07-23,1,0,233235.0,0.0,233235.0,1,0
100000006567935100,2026-07-18,1,0,200000.0,0.0,200000.0,1,0
100000006573438100,2026-07-11,1,0,5000.0,0.0,5000.0,1,0
100000006579678100,2026-07-08,0,1,0.0,51600.0,-51600.0,0,1
100000006579678100,2026-07-09,1,2,42930.0,201600.0,-158670.0,1,2
100000006579678100,2026-07-10,1,0,150000.0,0.0,150000.0,1,0
100000006579678100,2026-07-14,0,6,0.0,547400.0,-547400.0,0,2
100000006579678100,2026-07-15,0,4,0.0,528000.0,-528000.0,0,1
100000006579678100,2026-07-24,0,2,0.0,340200.0,-340200.0,0,1
100000006595426100,2026-07-09,1,0,10000.0,0.0,10000.0,1,0
100000006595426100,2026-07-10,1,0,20000.0,0.0,20000.0,1,0
100000006595426100,2026-07-15,1,0,54800.0,0.0,54800.0,1,0
100000006612238100,2026-07-22,1,1,160000.0,25000.0,135000.0,1,1
100000006638021100,2026-07-31,2,0,388500.0,0.0,388500.0,2,0
100000006641671100,2026-07-04,0,1,0.0,5000.0,-5000.0,0,1
100000006641671100,2026-07-11,1,1,9000.0,9000.0,0.0,1,1
100000006641671100,2026-07-27,1,1,13000.0,11000.0,2000.0,1,1
100000006656003100,2026-07-20,1,1,20000.0,9000.0,11000.0,1,1
100000006658598100,2026-07-19,1,0,9000.0,0.0,9000.0,1,0
100000006664478100,2026-07-04,1,0,10000.0,0.0,10000.0,1,0
100000006664478100,2026-07-07,2,1,45000.0,40000.0,5000.0,1,1
100000006664478100,2026-07-21,0,1,0.0,20000.0,-20000.0,0,1
100000006679055100,2026-07-15,1,0,25000.0,0.0,25000.0,1,0
100000006684930100,2026-07-27,1,0,10000.0,0.0,10000.0,1,0
100000006687202100,2026-07-15,1,0,50000.0,0.0,50000.0,1,0
100000006689603100,2026-07-09,1,0,100000.0,0.0,100000.0,1,0
100000006689603100,2026-07-11,1,0,300000.0,0.0,300000.0,1,0
100000006693788100,2026-07-18,1,0,10764.0,0.0,10764.0,1,0
100000006701983100,2026-07-03,1,0,27000.0,0.0,27000.0,1,0
100000006704530100,2026-07-05,0,1,0.0,10000.0,-10000.0,0,1
100000006704530100,2026-07-14,0,1,0.0,6500.0,-6500.0,0,1
100000006704530100,2026-07-16,1,0,450500.0,0.0,450500.0,1,0
100000006704530100,2026-07-19,0,2,0.0,380500.0,-380500.0,0,2
100000006704530100,2026-07-27,0,1,0.0,31000.0,-31000.0,0,1
100000006706519100,2026-07-04,1,0,6000.0,0.0,6000.0,1,0
100000006706519100,2026-07-25,1,0,20000.0,0.0,20000.0,1,0
100000006706519100,2026-07-27,1,0,10000.0,0.0,10000.0,1,0
100000006707582100,2026-07-18,0,2,0.0,50000.0,-50000.0,0,2
100000006707582100,2026-07-19,1,3,17520.0,46040.0,-28520.0,1,3
100000006707582100,2026-07-20,0,5,0.0,404838.0,-404838.0,0,5
100000006707582100,2026-07-21,0,5,0.0,460260.0,-460260.0,0,5
100000006707582100,2026-07-24,1,0,22000.0,0.0,22000.0,1,0
100000006710485100,2026-07-24,1,0,20000.0,0.0,20000.0,1,0
100000006714366100,2026-07-21,1,1,10500.0,5000.0,5500.0,1,1
100000006734214100,2026-07-02,1,0,20000.0,0.0,20000.0,1,0
100000006734214100,2026-07-03,1,0,65000.0,0.0,65000.0,1,0
100000006734214100,2026-07-05,2,0,150000.0,0.0,150000.0,2,0
100000006734214100,2026-07-07,1,0,70000.0,0.0,70000.0,1,0
100000006734214100,2026-07-08,1,0,35000.0,0.0,35000.0,1,0
100000006734214100,2026-07-10,0,2,0.0,18000.0,-18000.0,0,1
100000006734214100,2026-07-11,1,0,80000.0,0.0,80000.0,1,0
100000006734214100,2026-07-16,1,0,100000.0,0.0,100000.0,1,0
100000006734214100,2026-07-19,0,1,0.0,10000.0,-10000.0,0,1
100000006734214100,2026-07-20,1,0,60000.0,0.0,60000.0,1,0
100000006734214100,2026-07-29,1,1,30000.0,8000.0,22000.0,1,1
100000006734554100,2026-07-03,1,0,16500.0,0.0,16500.0,1,0
100000006734554100,2026-07-22,0,1,0.0,25000.0,-25000.0,0,1
100000006735545100,2026-07-03,1,0,5000.0,0.0,5000.0,1,0
100000006745291100,2026-07-17,1,0,82534.0,0.0,82534.0,1,0
100000006746688100,2026-07-21,1,0,41000.0,0.0,41000.0,1,0
100000006755850100,2026-07-21,2,0,368475.8,0.0,368475.8,1,0
100000006755850100,2026-07-22,1,0,75000.0,0.0,75000.0,1,0
100000006756956100,2026-07-04,1,0,6200.0,0.0,6200.0,1,0
100000006756956100,2026-07-05,2,0,15000.0,0.0,15000.0,1,0
100000006756956100,2026-07-06,3,0,40000.0,0.0,40000.0,1,0
100000006756956100,2026-07-18,1,0,5000.0,0.0,5000.0,1,0
100000006756956100,2026-07-19,2,0,55000.0,0.0,55000.0,1,0
100000006787636100,2026-07-07,1,0,20000.0,0.0,20000.0,1,0
100000006788200100,2026-07-09,0,1,0.0,10000.0,-10000.0,0,1
100000006788200100,2026-07-10,1,0,46970.0,0.0,46970.0,1,0
100000006788200100,2026-07-18,0,1,0.0,31000.0,-31000.0,0,1
100000006788200100,2026-07-19,0,1,0.0,6000.0,-6000.0,0,1
100000006788200100,2026-07-21,0,1,0.0,17500.0,-17500.0,0,1
100000006788200100,2026-07-23,1,0,93200.0,0.0,93200.0,1,0
100000006788200100,2026-07-28,1,0,63018.0,0.0,63018.0,1,0
100000006788200100,2026-07-29,1,0,68967.8,0.0,68967.8,1,0
100000006789108100,2026-07-02,1,0,37500.0,0.0,37500.0,1,0
100000006831291100,2026-07-02,0,1,0.0,5000.0,-5000.0,0,1
100000006831291100,2026-07-08,0,1,0.0,5000.0,-5000.0,0,1
100000006831291100,2026-07-09,0,1,0.0,5000.0,-5000.0,0,1
100000006844004100,2026-07-22,1,0,20600.0,0.0,20600.0,1,0
100000006844768100,2026-07-01,1,0,70000.0,0.0,70000.0,1,0
100000006844768100,2026-07-03,1,0,50000.0,0.0,50000.0,1,0
100000006844768100,2026-07-04,0,1,0.0,13000.0,-13000.0,0,1
100000006844768100,2026-07-05,1,0,12000.0,0.0,12000.0,1,0
100000006844768100,2026-07-06,1,0,100000.0,0.0,100000.0,1,0
100000006844768100,2026-07-09,1,1,50000.0,150000.0,-100000.0,1,1
100000006844768100,2026-07-25,0,1,0.0,10000.0,-10000.0,0,1
100000006844768100,2026-07-27,0,1,0.0,10000.0,-10000.0,0,1
100000006844768100,2026-07-30,0,1,0.0,5000.0,-5000.0,0,1
100000006852430100,2026-07-20,1,0,37000.0,0.0,37000.0,1,0
100000006866783100,2026-07-01,1,4,95500.0,226008.0,-130508.0,1,4
100000006866783100,2026-07-02,0,8,0.0,378803.0,-378803.0,0,8
100000006866783100,2026-07-03,0,7,0.0,190957.0,-190957.0,0,7
100000006866783100,2026-07-04,3,2,81617.0,132416.0,-50799.0,2,2
100000006866783100,2026-07-05,1,11,10000.0,387059.0,-377059.0,1,10
100000006866783100,2026-07-06,1,1,38968.0,18775.0,20193.0,1,1
100000006866783100,2026-07-08,3,3,56685.0,180702.0,-124017.0,3,3
100000006866783100,2026-07-09,1,18,30000.0,651102.0,-621102.0,1,13
100000006866783100,2026-07-11,6,3,143980.0,390148.0,-246168.0,4,3
100000006866783100,2026-07-12,5,6,102500.0,160427.0,-57927.0,4,6
100000006866783100,2026-07-13,1,3,10000.0,196746.0,-186746.0,1,2
100000006866783100,2026-07-14,5,5,117496.0,145439.0,-27943.0,5,5
100000006866783100,2026-07-15,3,5,92066.0,311059.0,-218993.0,2,5
100000006866783100,2026-07-16,1,8,60000.0,250717.0,-190717.0,1,6
100000006866783100,2026-07-17,0,3,0.0,107254.0,-107254.0,0,3
100000006866783100,2026-07-18,0,3,0.0,220425.0,-220425.0,0,3
100000006866831100,2026-07-23,1,0,16500.0,0.0,16500.0,1,0
100000006882208100,2026-07-19,1,0,18000.0,0.0,18000.0,1,0
100000006888238100,2026-07-03,0,1,0.0,30000.0,-30000.0,0,1
100000006888238100,2026-07-08,1,0,18000.0,0.0,18000.0,1,0
100000006889963100,2026-07-20,1,0,151000.0,0.0,151000.0,1,0
100000006889963100,2026-07-21,5,2,1280000.0,368475.8,911524.2,4,1
100000006889963100,2026-07-22,0,1,0.0,75000.0,-75000.0,0,1
100000006894637100,2026-07-23,1,0,52831.0,0.0,52831.0,1,0
100000006901046100,2026-07-27,1,0,20000.0,0.0,20000.0,1,0
100000006901046100,2026-07-30,2,0,55800.0,0.0,55800.0,1,0
100000006901046100,2026-07-31,0,1,0.0,5500.0,-5500.0,0,1
100000006903193100,2026-07-05,1,0,9000.0,0.0,9000.0,1,0
100000006912294100,2026-07-05,0,1,0.0,5000.0,-5000.0,0,1
100000006912294100,2026-07-12,0,1,0.0,25000.0,-25000.0,0,1
100000006912294100,2026-07-28,1,0,6335.09,0.0,6335.09,1,0
100000006918814100,2026-07-23,1,0,10000.0,0.0,10000.0,1,0
100000006918814100,2026-07-30,1,0,10000.0,0.0,10000.0,1,0
100000006919124100,2026-07-25,1,0,25000.0,0.0,25000.0,1,0
100000006952718100,2026-07-16,1,0,71489.0,0.0,71489.0,1,0
100000006965162100,2026-07-03,1,0,10000.0,0.0,10000.0,1,0
100000006967370100,2026-07-08,1,1,33225.0,13526.27,19698.73,1,1
100000006972210100,2026-07-15,1,0,93555.0,0.0,93555.0,1,0
100000006972210100,2026-07-22,1,0,165700.0,0.0,165700.0,1,0
100000006972210100,2026-07-24,1,0,79520.0,0.0,79520.0,1,0
100000006972210100,2026-07-27,1,0,150000.0,0.0,150000.0,1,0
100000006977207100,2026-07-01,0,2,0.0,320001.0,-320001.0,0,2
100000006977207100,2026-07-03,0,1,0.0,599966.0,-599966.0,0,1
100000006977207100,2026-07-06,0,2,0.0,260611.0,-260611.0,0,2
100000006977207100,2026-07-07,0,1,0.0,460408.0,-460408.0,0,1
100000006977207100,2026-07-08,0,1,0.0,379966.0,-379966.0,0,1
100000006977207100,2026-07-09,0,4,0.0,1508257.0,-1508257.0,0,4
100000006977207100,2026-07-10,0,1,0.0,192912.0,-192912.0,0,1
100000006977207100,2026-07-11,0,1,0.0,91486.0,-91486.0,0,1
100000006977207100,2026-07-14,0,1,0.0,37001.0,-37001.0,0,1
100000006977207100,2026-07-15,0,1,0.0,306410.0,-306410.0,0,1
100000006977207100,2026-07-23,1,0,414000.0,0.0,414000.0,1,0
100000006989106100,2026-07-23,1,0,46000.0,0.0,46000.0,1,0
100000006989106100,2026-07-25,1,0,18000.0,0.0,18000.0,1,0
100000006989232100,2026-07-16,1,0,22194.0,0.0,22194.0,1,0
100000006994985100,2026-07-18,1,0,31000.0,0.0,31000.0,1,0
100000006994985100,2026-07-19,0,1,0.0,5200.0,-5200.0,0,1
100000006994985100,2026-07-21,1,0,17500.0,0.0,17500.0,1,0
100000006994985100,2026-07-22,0,1,0.0,5000.0,-5000.0,0,1
100000007005380100,2026-07-15,1,0,9400.0,0.0,9400.0,1,0
100000007018630100,2026-07-10,0,1,0.0,30000.0,-30000.0,0,1
100000007018630100,2026-07-11,0,3,0.0,120000.0,-120000.0,0,1
100000007018630100,2026-07-12,0,1,0.0,50000.0,-50000.0,0,1
100000007020162100,2026-07-20,1,0,86395.0,0.0,86395.0,1,0
100000007022818100,2026-07-07,1,0,17200.0,0.0,17200.0,1,0
100000007034089100,2026-07-25,2,0,198000.0,0.0,198000.0,2,0
100000007042175100,2026-07-13,1,0,60000.0,0.0,60000.0,1,0
100000007055802100,2026-07-08,4,1,170000.0,367000.0,-197000.0,2,1
100000007055802100,2026-07-11,2,0,16000.0,0.0,16000.0,1,0
100000007055802100,2026-07-12,5,1,410000.0,10000.0,400000.0,3,1
100000007055802100,2026-07-13,4,1,400000.0,104000.0,296000.0,3,1
100000007055802100,2026-07-14,3,1,238000.0,8000.0,230000.0,2,1
100000007055802100,2026-07-15,9,1,552000.0,52000.0,500000.0,2,1
100000007055802100,2026-07-16,1,0,60000.0,0.0,60000.0,1,0
100000007055802100,2026-07-17,0,1,0.0,6000.0,-6000.0,0,1
100000007055802100,2026-07-18,5,0,138999.0,0.0,138999.0,4,0
100000007055802100,2026-07-19,1,1,40000.0,58000.0,-18000.0,1,1
100000007071852100,2026-07-24,1,0,195000.0,0.0,195000.0,1,0
100000007129492100,2026-07-20,1,1,25990.0,37000.0,-11010.0,1,1
100000007129492100,2026-07-21,1,0,25000.0,0.0,25000.0,1,0
100000007131370100,2026-07-24,0,1,0.0,30000.0,-30000.0,0,1
100000007131370100,2026-07-29,1,0,30000.0,0.0,30000.0,1,0
100000007138613100,2026-07-02,0,1,0.0,144000.0,-144000.0,0,1
100000007138613100,2026-07-06,0,1,0.0,35000.0,-35000.0,0,1
100000007138613100,2026-07-28,1,0,82000.0,0.0,82000.0,1,0
100000007138613100,2026-07-29,1,0,450000.0,0.0,450000.0,1,0
100000007138613100,2026-07-30,1,0,470000.0,0.0,470000.0,1,0
100000007140834100,2026-07-19,1,0,5200.0,0.0,5200.0,1,0
100000007140834100,2026-07-22,1,0,5000.0,0.0,5000.0,1,0
100000007153161100,2026-07-06,1,0,44997.0,0.0,44997.0,1,0
100000007170072100,2026-07-11,1,0,100000.0,0.0,100000.0,1,0
100000007170072100,2026-07-13,0,9,0.0,99500.0,-99500.0,0,2
100000007173936100,2026-07-14,1,0,10000.0,0.0,10000.0,1,0
100000007175718100,2026-07-13,1,0,20000.0,0.0,20000.0,1,0
100000007181706100,2026-07-22,2,0,176272.0,0.0,176272.0,2,0
100000007197866100,2026-07-12,1,1,20000.0,15000.0,5000.0,1,1
100000007229557100,2026-07-28,3,0,878000.0,0.0,878000.0,3,0
100000007242833100,2026-07-11,3,0,107500.0,0.0,107500.0,1,0
100000007242833100,2026-07-12,0,2,0.0,45000.0,-45000.0,0,1
100000007267915100,2026-07-01,1,0,5000.0,0.0,5000.0,1,0
100000007267915100,2026-07-03,0,1,0.0,10000.0,-10000.0,0,1
100000007267915100,2026-07-05,1,0,5000.0,0.0,5000.0,1,0
100000007267915100,2026-07-15,1,0,11000.0,0.0,11000.0,1,0
100000007274584100,2026-07-26,1,0,38000.0,0.0,38000.0,1,0
100000007281639100,2026-07-06,1,0,6000.0,0.0,6000.0,1,0
100000007281639100,2026-07-23,1,0,141000.0,0.0,141000.0,1,0
100000007281639100,2026-07-27,1,0,45800.0,0.0,45800.0,1,0
100000007281639100,2026-07-31,1,0,23970.0,0.0,23970.0,1,0
100000007283257100,2026-07-29,4,0,132000.0,0.0,132000.0,1,0
100000007283257100,2026-07-31,3,0,60000.0,0.0,60000.0,1,0
100000007289427100,2026-07-10,1,0,12300.0,0.0,12300.0,1,0
100000007303047100,2026-07-28,1,0,52250.0,0.0,52250.0,1,0
100000007311010100,2026-07-03,0,1,0.0,20000.0,-20000.0,0,1
100000007311010100,2026-07-18,1,0,26480.0,0.0,26480.0,1,0
100000007311010100,2026-07-22,1,0,38000.0,0.0,38000.0,1,0
100000007322059100,2026-07-18,1,1,24000.0,15500.0,8500.0,1,1
100000007322059100,2026-07-26,1,0,5000.0,0.0,5000.0,1,0
100000007322059100,2026-07-31,0,1,0.0,7000.0,-7000.0,0,1
100000007330432100,2026-07-01,1,0,584900.0,0.0,584900.0,1,0
100000007333038100,2026-07-01,0,2,0.0,34994.0,-34994.0,0,2
100000007333038100,2026-07-25,1,0,17500.0,0.0,17500.0,1,0
100000007334196100,2026-07-15,1,0,150002.0,0.0,150002.0,1,0
100000007337374100,2026-07-13,1,0,10000.0,0.0,10000.0,1,0
100000007337374100,2026-07-27,1,0,10000.0,0.0,10000.0,1,0
100000007347733100,2026-07-31,1,0,23007.0,0.0,23007.0,1,0
100000007357489100,2026-07-23,2,0,164500.0,0.0,164500.0,2,0
100000007381662100,2026-07-31,1,0,11000.0,0.0,11000.0,1,0
100000007382152100,2026-07-30,1,0,5860.0,0.0,5860.0,1,0
100000007382543100,2026-07-02,0,1,0.0,110000.0,-110000.0,0,1
100000007382543100,2026-07-03,0,1,0.0,10000.0,-10000.0,0,1
100000007382543100,2026-07-06,0,1,0.0,47000.0,-47000.0,0,1
100000007382543100,2026-07-08,0,1,0.0,40000.0,-40000.0,0,1
100000007382543100,2026-07-09,1,1,110000.0,100000.0,10000.0,1,1
100000007382543100,2026-07-10,1,0,100000.0,0.0,100000.0,1,0
100000007382543100,2026-07-11,1,0,8000.0,0.0,8000.0,1,0
100000007382543100,2026-07-14,0,2,0.0,110000.0,-110000.0,0,1
100000007382543100,2026-07-25,0,1,0.0,10000.0,-10000.0,0,1
100000007390016100,2026-07-03,1,1,105000.0,30000.0,75000.0,1,1
100000007390016100,2026-07-04,3,2,161000.0,95000.0,66000.0,1,1
100000007390016100,2026-07-07,1,7,70000.0,123000.0,-53000.0,1,1
100000007390016100,2026-07-10,0,3,0.0,92500.0,-92500.0,0,1
100000007390016100,2026-07-11,0,1,0.0,6000.0,-6000.0,0,1
100000007390016100,2026-07-16,1,0,75000.0,0.0,75000.0,1,0
100000007390016100,2026-07-17,7,0,100000.0,0.0,100000.0,1,0
100000007392365100,2026-07-01,0,1,0.0,254600.0,-254600.0,0,1
100000007392365100,2026-07-07,0,1,0.0,330000.0,-330000.0,0,1
100000007392365100,2026-07-09,0,1,0.0,246000.0,-246000.0,0,1
100000007392365100,2026-07-15,0,1,0.0,223000.0,-223000.0,0,1
100000007392365100,2026-07-16,0,1,0.0,266000.0,-266000.0,0,1
100000007392365100,2026-07-21,0,1,0.0,307000.0,-307000.0,0,1
100000007392365100,2026-07-23,0,1,0.0,99000.0,-99000.0,0,1
100000007392365100,2026-07-27,1,0,9613.0,0.0,9613.0,1,0
100000007392365100,2026-07-31,0,2,0.0,40000.0,-40000.0,0,1
100000007442518100,2026-07-02,1,0,65000.0,0.0,65000.0,1,0
100000007442518100,2026-07-03,1,0,60000.0,0.0,60000.0,1,0
100000007442518100,2026-07-09,2,0,50000.0,0.0,50000.0,1,0
100000007442518100,2026-07-13,0,1,0.0,50000.0,-50000.0,0,1
100000007442518100,2026-07-14,0,2,0.0,60000.0,-60000.0,0,2
100000007442518100,2026-07-15,1,2,6000.0,175000.0,-169000.0,1,2
100000007442518100,2026-07-16,0,1,0.0,99999.0,-99999.0,0,1
100000007442518100,2026-07-17,0,2,0.0,300000.0,-300000.0,0,2
100000007442518100,2026-07-18,0,2,0.0,335000.0,-335000.0,0,2
100000007442518100,2026-07-19,2,0,134000.0,0.0,134000.0,1,0
100000007442518100,2026-07-20,1,0,195000.0,0.0,195000.0,1,0
100000007442518100,2026-07-21,0,1,0.0,3000000.0,-3000000.0,0,1
100000007442518100,2026-07-22,0,1,0.0,400000.0,-400000.0,0,1
100000007472293100,2026-07-27,1,0,5000.0,0.0,5000.0,1,0
100000007472293100,2026-07-31,0,3,0.0,345900.0,-345900.0,0,3
100000007484343100,2026-07-10,2,0,26757.0,0.0,26757.0,2,0
100000007487729100,2026-07-20,1,0,25000.0,0.0,25000.0,1,0
100000007507343100,2026-07-14,1,0,370000.0,0.0,370000.0,1,0
100000007510567100,2026-07-13,1,0,52000.0,0.0,52000.0,1,0
100000007510875100,2026-07-05,1,0,5000.0,0.0,5000.0,1,0
100000007511163100,2026-07-01,0,2,0.0,33052.0,-33052.0,0,2
100000007511163100,2026-07-02,1,1,49000.0,49000.0,0.0,1,1
100000007511163100,2026-07-05,1,0,14666.0,0.0,14666.0,1,0
100000007511780100,2026-07-01,1,0,150000.0,0.0,150000.0,1,0
100000007511780100,2026-07-27,1,0,5000.0,0.0,5000.0,1,0
100000007534354100,2026-07-02,0,1,0.0,50000.0,-50000.0,0,1
100000007534354100,2026-07-07,0,2,0.0,97810.0,-97810.0,0,2
100000007534354100,2026-07-10,1,0,50000.0,0.0,50000.0,1,0
100000007536804100,2026-07-25,1,0,100000.0,0.0,100000.0,1,0
100000007536804100,2026-07-27,0,1,0.0,45000.0,-45000.0,0,1
100000007536804100,2026-07-29,0,1,0.0,10000.0,-10000.0,0,1
100000007539296100,2026-07-19,1,0,25000.0,0.0,25000.0,1,0
100000007539296100,2026-07-27,1,0,21000.0,0.0,21000.0,1,0
100000007544358100,2026-07-04,1,1,22500.0,100000.0,-77500.0,1,1
100000007544358100,2026-07-10,0,1,0.0,100000.0,-100000.0,0,1
100000007544358100,2026-07-18,1,0,300000.0,0.0,300000.0,1,0
100000007544358100,2026-07-21,0,1,0.0,150000.0,-150000.0,0,1
100000007591246100,2026-07-22,0,1,0.0,120000.0,-120000.0,0,1
100000007591246100,2026-07-28,1,0,12190.0,0.0,12190.0,1,0
100000007593823100,2026-07-02,0,1,0.0,6000.0,-6000.0,0,1
100000007593823100,2026-07-03,0,2,0.0,11000.0,-11000.0,0,1
100000007593823100,2026-07-04,1,0,10000.0,0.0,10000.0,1,0
100000007593823100,2026-07-07,0,1,0.0,5000.0,-5000.0,0,1
100000007593823100,2026-07-08,0,2,0.0,21000.0,-21000.0,0,1
100000007593823100,2026-07-10,0,1,0.0,17000.0,-17000.0,0,1
100000007593823100,2026-07-13,0,3,0.0,17600.0,-17600.0,0,3
100000007593823100,2026-07-15,0,1,0.0,5000.0,-5000.0,0,1
100000007593823100,2026-07-18,0,1,0.0,5000.0,-5000.0,0,1
100000007593823100,2026-07-19,1,1,10000.0,18000.0,-8000.0,1,1
100000007593823100,2026-07-20,0,4,0.0,32300.0,-32300.0,0,3
100000007593823100,2026-07-21,1,2,5000.0,15000.0,-10000.0,1,2
100000007593823100,2026-07-28,0,2,0.0,10000.0,-10000.0,0,2
100000007594394100,2026-07-11,2,1,45385.0,40000.0,5385.0,2,1
100000007594394100,2026-07-12,0,1,0.0,70000.0,-70000.0,0,1
100000007594394100,2026-07-13,0,2,0.0,116000.0,-116000.0,0,1
100000007594394100,2026-07-14,1,4,40000.0,243412.0,-203412.0,1,1
100000007594394100,2026-07-15,2,2,180000.0,268000.0,-88000.0,2,1
100000007594394100,2026-07-16,0,2,0.0,136000.0,-136000.0,0,1
100000007594394100,2026-07-17,1,2,130000.0,130000.0,0.0,1,1
100000007594394100,2026-07-18,0,3,0.0,362000.0,-362000.0,0,1
100000007594394100,2026-07-19,0,2,0.0,163100.0,-163100.0,0,1
100000007594394100,2026-07-20,0,1,0.0,40000.0,-40000.0,0,1
100000007594394100,2026-07-22,0,1,0.0,97000.0,-97000.0,0,1
100000007594394100,2026-07-23,0,1,0.0,135400.0,-135400.0,0,1
100000007594394100,2026-07-25,0,4,0.0,378000.0,-378000.0,0,1
100000007594394100,2026-07-26,0,2,0.0,113400.0,-113400.0,0,1
100000007594394100,2026-07-27,0,1,0.0,250000.0,-250000.0,0,1
100000007594394100,2026-07-28,0,1,0.0,65000.0,-65000.0,0,1
100000007594394100,2026-07-29,0,3,0.0,144000.0,-144000.0,0,1
100000007594394100,2026-07-30,0,4,0.0,375000.0,-375000.0,0,1
100000007594394100,2026-07-31,0,3,0.0,250000.0,-250000.0,0,1
100000007597382100,2026-07-10,1,0,15700.0,0.0,15700.0,1,0
100000007617808100,2026-07-07,1,0,450000.0,0.0,450000.0,1,0
100000007618425100,2026-07-08,1,0,39348.0,0.0,39348.0,1,0
100000007629096100,2026-07-02,1,0,48785.0,0.0,48785.0,1,0
100000007629096100,2026-07-03,0,1,0.0,48785.0,-48785.0,0,1
100000007629096100,2026-07-14,2,2,166385.0,166385.0,0.0,2,1
100000007629096100,2026-07-17,0,1,0.0,50035.0,-50035.0,0,1
100000007629096100,2026-07-20,1,0,360000.0,0.0,360000.0,1,0
100000007629096100,2026-07-30,1,0,500000.0,0.0,500000.0,1,0
100000007629096100,2026-07-31,0,1,0.0,500000.0,-500000.0,0,1
100000007629121100,2026-07-23,1,0,29000.0,0.0,29000.0,1,0
100000007631637100,2026-07-01,1,0,15341.0,0.0,15341.0,1,0
100000007639767100,2026-07-03,0,1,0.0,20000.0,-20000.0,0,1
100000007639767100,2026-07-05,0,2,0.0,20000.0,-20000.0,0,2
100000007639767100,2026-07-10,1,0,27868.0,0.0,27868.0,1,0
100000007639767100,2026-07-12,1,0,23018.0,0.0,23018.0,1,0
100000007639767100,2026-07-16,1,0,16305.0,0.0,16305.0,1,0
100000007639767100,2026-07-18,0,1,0.0,20000.0,-20000.0,0,1
100000007639767100,2026-07-21,0,1,0.0,15744.0,-15744.0,0,1
100000007639767100,2026-07-22,1,0,23722.0,0.0,23722.0,1,0
100000007639767100,2026-07-24,0,1,0.0,58250.0,-58250.0,0,1
100000007639767100,2026-07-28,0,3,0.0,63000.0,-63000.0,0,2
100000007639767100,2026-07-29,0,3,0.0,125250.0,-125250.0,0,3
100000007639767100,2026-07-30,0,1,0.0,500000.0,-500000.0,0,1
100000007641183100,2026-07-06,1,0,28000.0,0.0,28000.0,1,0
100000007641801100,2026-07-20,1,0,200000.0,0.0,200000.0,1,0
100000007647294100,2026-07-16,1,0,385000.0,0.0,385000.0,1,0
100000007648946100,2026-07-02,1,0,19550.0,0.0,19550.0,1,0
100000007648946100,2026-07-05,0,1,0.0,25000.0,-25000.0,0,1
100000007653003100,2026-07-15,1,0,100000.0,0.0,100000.0,1,0
100000007653094100,2026-07-07,1,0,16000.0,0.0,16000.0,1,0
100000007689942100,2026-07-06,0,1,0.0,20000.0,-20000.0,0,1
100000007689942100,2026-07-27,0,1,0.0,5000.0,-5000.0,0,1
100000007689942100,2026-07-28,1,0,5000.0,0.0,5000.0,1,0
100000007731977100,2026-07-02,1,0,50000.0,0.0,50000.0,1,0
100000007737775100,2026-07-06,1,0,6000.0,0.0,6000.0,1,0
100000007745062100,2026-07-19,1,0,100000.0,0.0,100000.0,1,0
100000007747786100,2026-07-04,0,3,0.0,373700.0,-373700.0,0,3
100000007747786100,2026-07-07,0,1,0.0,61360.0,-61360.0,0,1
100000007747786100,2026-07-08,0,3,0.0,231360.4,-231360.4,0,3
100000007747786100,2026-07-09,0,2,0.0,189450.0,-189450.0,0,2
100000007747786100,2026-07-10,0,2,0.0,457000.0,-457000.0,0,2
100000007747786100,2026-07-11,0,1,0.0,46520.0,-46520.0,0,1
100000007747786100,2026-07-13,0,1,0.0,217704.0,-217704.0,0,1
100000007747786100,2026-07-14,0,2,0.0,459782.0,-459782.0,0,1
100000007747786100,2026-07-15,0,1,0.0,26790.0,-26790.0,0,1
100000007747786100,2026-07-16,0,4,0.0,654670.0,-654670.0,0,4
100000007747786100,2026-07-17,0,2,0.0,342000.0,-342000.0,0,2
100000007747786100,2026-07-18,0,4,0.0,266540.0,-266540.0,0,3
100000007747786100,2026-07-20,0,2,0.0,234423.0,-234423.0,0,2
100000007747786100,2026-07-21,0,1,0.0,200000.0,-200000.0,0,1
100000007747786100,2026-07-22,0,2,0.0,308000.0,-308000.0,0,2
100000007747786100,2026-07-23,0,1,0.0,12300.0,-12300.0,0,1
100000007747786100,2026-07-24,0,1,0.0,30000.0,-30000.0,0,1
100000007747786100,2026-07-25,0,2,0.0,126410.0,-126410.0,0,2
100000007749092100,2026-07-03,0,1,0.0,9500.0,-9500.0,0,1
100000007749092100,2026-07-04,0,2,0.0,43575.0,-43575.0,0,1
100000007749092100,2026-07-06,0,1,0.0,9000.0,-9000.0,0,1
100000007749092100,2026-07-10,0,1,0.0,8300.0,-8300.0,0,1
100000007749092100,2026-07-13,1,0,7650.0,0.0,7650.0,1,0
100000007749747100,2026-07-14,1,0,50000.0,0.0,50000.0,1,0
100000007754369100,2026-07-15,1,0,82424.0,0.0,82424.0,1,0
100000007777377100,2026-07-04,1,0,50000.0,0.0,50000.0,1,0
100000007777377100,2026-07-08,1,1,100000.0,5000.0,95000.0,1,1
100000007777377100,2026-07-10,1,0,200000.0,0.0,200000.0,1,0
100000007777377100,2026-07-12,1,0,13000.0,0.0,13000.0,1,0
100000007777377100,2026-07-13,1,0,33290.0,0.0,33290.0,1,0
100000007777377100,2026-07-15,1,1,40000.0,5000.0,35000.0,1,1
100000007777377100,2026-07-20,1,0,20000.0,0.0,20000.0,1,0
100000007793871100,2026-07-11,1,0,6000.0,0.0,6000.0,1,0
100000007793871100,2026-07-16,1,0,10000.0,0.0,10000.0,1,0
100000007793871100,2026-07-25,1,0,10000.0,0.0,10000.0,1,0
100000007797290100,2026-07-22,1,0,100000.0,0.0,100000.0,1,0
100000007797290100,2026-07-31,0,1,0.0,20000.0,-20000.0,0,1
100000007811950100,2026-07-30,1,0,50000.0,0.0,50000.0,1,0
100000007841978100,2026-07-31,1,0,449000.0,0.0,449000.0,1,0
100000007861311100,2026-07-22,1,0,45000.0,0.0,45000.0,1,0
100000007863304100,2026-07-03,1,0,25000.0,0.0,25000.0,1,0
100000007864477100,2026-07-01,0,1,0.0,13000.0,-13000.0,0,1
100000007864477100,2026-07-02,0,1,0.0,25000.0,-25000.0,0,1
100000007864477100,2026-07-03,1,2,70000.0,35500.0,34500.0,1,2
100000007864477100,2026-07-04,0,2,0.0,40000.0,-40000.0,0,2
100000007864477100,2026-07-06,0,1,0.0,25000.0,-25000.0,0,1
100000007864477100,2026-07-08,0,1,0.0,25000.0,-25000.0,0,1
100000007864477100,2026-07-09,0,1,0.0,10000.0,-10000.0,0,1
100000007864477100,2026-07-13,0,1,0.0,30000.0,-30000.0,0,1
100000007864477100,2026-07-15,1,0,6000.0,0.0,6000.0,1,0
100000007865484100,2026-07-01,1,0,254600.0,0.0,254600.0,1,0
100000007865484100,2026-07-07,1,0,330000.0,0.0,330000.0,1,0
100000007867364100,2026-07-06,1,0,41852.0,0.0,41852.0,1,0
100000007898453100,2026-07-02,1,0,24750.0,0.0,24750.0,1,0
100000007898453100,2026-07-03,0,1,0.0,300000.0,-300000.0,0,1
100000007898453100,2026-07-10,0,1,0.0,20000.0,-20000.0,0,1
100000007908818100,2026-07-03,0,2,0.0,97000.0,-97000.0,0,2
100000007908818100,2026-07-08,0,3,0.0,65000.0,-65000.0,0,3
100000007908818100,2026-07-11,0,1,0.0,91000.0,-91000.0,0,1
100000007908818100,2026-07-13,0,1,0.0,14000.0,-14000.0,0,1
100000007908818100,2026-07-16,0,1,0.0,10000.0,-10000.0,0,1
100000007908818100,2026-07-17,1,0,165875.0,0.0,165875.0,1,0
100000007908818100,2026-07-18,0,1,0.0,5000.0,-5000.0,0,1
100000007908818100,2026-07-19,0,2,0.0,10000.0,-10000.0,0,2
100000007908818100,2026-07-21,2,0,351600.0,0.0,351600.0,2,0
100000007908818100,2026-07-22,1,0,210000.0,0.0,210000.0,1,0
100000007908818100,2026-07-28,0,2,0.0,10000.0,-10000.0,0,2
100000007930878100,2026-07-09,1,0,5000.0,0.0,5000.0,1,0
100000007938486100,2026-07-06,1,0,39500.0,0.0,39500.0,1,0
100000007939160100,2026-07-09,0,2,0.0,14300.0,-14300.0,0,2
100000007939160100,2026-07-20,1,0,195000.0,0.0,195000.0,1,0
100000007939160100,2026-07-24,1,0,600000.0,0.0,600000.0,1,0
100000007953156100,2026-07-14,1,0,18000.0,0.0,18000.0,1,0
100000007953156100,2026-07-25,0,1,0.0,10000.0,-10000.0,0,1
100000007960337100,2026-07-21,1,0,35500.0,0.0,35500.0,1,0
100000007982728100,2026-07-18,0,3,0.0,369384.0,-369384.0,0,2
100000007982728100,2026-07-20,0,1,0.0,41800.0,-41800.0,0,1
100000007982728100,2026-07-23,0,4,0.0,793200.0,-793200.0,0,2
100000007982728100,2026-07-26,0,1,0.0,250000.0,-250000.0,0,1
100000007982728100,2026-07-27,0,2,0.0,240000.0,-240000.0,0,2
100000007982728100,2026-07-28,0,1,0.0,110000.0,-110000.0,0,1
100000007982908100,2026-07-20,1,0,31080.0,0.0,31080.0,1,0
100000007988344100,2026-07-02,1,0,8000.0,0.0,8000.0,1,0
100000007988344100,2026-07-03,1,0,6000.0,0.0,6000.0,1,0
100000007988344100,2026-07-15,1,0,6000.0,0.0,6000.0,1,0
100000007997939100,2026-07-16,1,0,13000.0,0.0,13000.0,1,0
100000007998965100,2026-07-01,1,0,50000.0,0.0,50000.0,1,0
100000007998965100,2026-07-02,2,0,72000.0,0.0,72000.0,2,0
100000007998965100,2026-07-11,0,1,0.0,6000.0,-6000.0,0,1
100000007998965100,2026-07-16,0,1,0.0,10000.0,-10000.0,0,1
100000007998965100,2026-07-19,1,0,11000.0,0.0,11000.0,1,0
100000007998965100,2026-07-20,1,0,100000.0,0.0,100000.0,1,0
100000007998965100,2026-07-24,2,0,45000.0,0.0,45000.0,2,0
100000007998965100,2026-07-25,0,1,0.0,10000.0,-10000.0,0,1
100000007999728100,2026-07-04,1,0,23250.0,0.0,23250.0,1,0
100000008002020100,2026-07-14,1,0,73860.0,0.0,73860.0,1,0
100000008002020100,2026-07-21,0,1,0.0,17000.0,-17000.0,0,1
100000008003034100,2026-07-06,0,1,0.0,30000.0,-30000.0,0,1
100000008003034100,2026-07-08,1,1,12201.0,48500.0,-36299.0,1,1
100000008003034100,2026-07-14,0,1,0.0,28000.0,-28000.0,0,1
100000008003034100,2026-07-20,0,1,0.0,28500.0,-28500.0,0,1
100000008008463100,2026-07-28,1,0,54180.0,0.0,54180.0,1,0
100000008011159100,2026-07-01,1,0,98000.0,0.0,98000.0,1,0
100000008011159100,2026-07-02,1,0,102000.0,0.0,102000.0,1,0
100000008011159100,2026-07-03,1,0,70000.0,0.0,70000.0,1,0
100000008011159100,2026-07-05,1,0,76000.0,0.0,76000.0,1,0
100000008011159100,2026-07-11,0,3,0.0,98037.0,-98037.0,0,3
100000008011159100,2026-07-13,1,0,10000.0,0.0,10000.0,1,0
100000008011159100,2026-07-14,1,2,7000.0,55000.0,-48000.0,1,2
100000008011573100,2026-07-08,1,0,15000.0,0.0,15000.0,1,0
100000008027922100,2026-07-17,1,0,70000.0,0.0,70000.0,1,0
100000008028628100,2026-07-08,1,0,57224.0,0.0,57224.0,1,0
100000008029279100,2026-07-10,1,0,17000.0,0.0,17000.0,1,0
100000008038077100,2026-07-13,2,0,499850.0,0.0,499850.0,1,0
100000008042075100,2026-07-01,1,0,5000.0,0.0,5000.0,1,0
100000008043184100,2026-07-19,1,0,50564.0,0.0,50564.0,1,0
100000008050986100,2026-07-05,1,0,48000.0,0.0,48000.0,1,0
100000008050986100,2026-07-07,1,0,47000.0,0.0,47000.0,1,0
100000008055972100,2026-07-10,1,0,28300.0,0.0,28300.0,1,0
100000008060273100,2026-07-19,1,0,5000.0,0.0,5000.0,1,0
100000008060273100,2026-07-28,1,0,5000.0,0.0,5000.0,1,0
100000008066326100,2026-07-03,1,0,19320.0,0.0,19320.0,1,0
100000008070101100,2026-07-29,1,0,100000.0,0.0,100000.0,1,0
100000008071620100,2026-07-14,1,0,46968.0,0.0,46968.0,1,0
100000008071749100,2026-07-21,1,0,24943.0,0.0,24943.0,1,0
100000008074304100,2026-07-03,1,0,5500.0,0.0,5500.0,1,0
100000008077552100,2026-07-24,1,0,214000.0,0.0,214000.0,1,0
100000008086440100,2026-07-05,0,1,0.0,9000.0,-9000.0,0,1
100000008086440100,2026-07-11,0,2,0.0,46900.0,-46900.0,0,2
100000008086440100,2026-07-13,0,1,0.0,41500.0,-41500.0,0,1
100000008086440100,2026-07-14,1,0,199733.0,0.0,199733.0,1,0
100000008086440100,2026-07-16,0,1,0.0,38000.0,-38000.0,0,1
100000008086440100,2026-07-24,0,1,0.0,25900.0,-25900.0,0,1
100000008088082100,2026-07-08,1,0,39138.0,0.0,39138.0,1,0
100000008088082100,2026-07-28,0,1,0.0,50000.0,-50000.0,0,1
100000008094734100,2026-07-02,1,0,150000.0,0.0,150000.0,1,0
100000008094734100,2026-07-09,1,0,9249.0,0.0,9249.0,1,0
100000008094734100,2026-07-18,1,0,30000.0,0.0,30000.0,1,0
100000008094734100,2026-07-20,1,0,47000.0,0.0,47000.0,1,0
100000008097580100,2026-07-04,1,0,5000.0,0.0,5000.0,1,0
100000008097580100,2026-07-11,1,0,9000.0,0.0,9000.0,1,0
100000008097580100,2026-07-27,1,0,11000.0,0.0,11000.0,1,0
100000008097580100,2026-07-31,1,0,7000.0,0.0,7000.0,1,0
100000008104567100,2026-07-07,1,0,27500.0,0.0,27500.0,1,0
100000008104567100,2026-07-13,0,1,0.0,20000.0,-20000.0,0,1
100000008104567100,2026-07-18,1,2,20550.0,12000.0,8550.0,1,1
100000008104567100,2026-07-22,0,1,0.0,8000.0,-8000.0,0,1
100000008104567100,2026-07-28,1,0,5500.0,0.0,5500.0,1,0
100000008106997100,2026-07-22,1,1,20600.0,20600.0,0.0,1,1
100000008106997100,2026-07-31,1,0,15000.0,0.0,15000.0,1,0
100000008111003100,2026-07-10,2,0,33700.0,0.0,33700.0,2,0
100000008111003100,2026-07-11,1,0,10000.0,0.0,10000.0,1,0
100000008111003100,2026-07-13,2,0,56016.0,0.0,56016.0,1,0
100000008111003100,2026-07-16,1,0,27000.0,0.0,27000.0,1,0
100000008111003100,2026-07-18,2,1,86000.0,35000.0,51000.0,2,1
100000008111003100,2026-07-19,1,0,10000.0,0.0,10000.0,1,0
100000008116374100,2026-07-09,1,0,31284.0,0.0,31284.0,1,0
100000008121806100,2026-07-10,1,1,67000.0,35000.0,32000.0,1,1
100000008121806100,2026-07-11,0,1,0.0,50000.0,-50000.0,0,1
100000008121806100,2026-07-17,0,1,0.0,59000.0,-59000.0,0,1
100000008121806100,2026-07-18,0,2,0.0,99509.0,-99509.0,0,2
100000008121806100,2026-07-19,0,1,0.0,5000.0,-5000.0,0,1
100000008129393100,2026-07-30,1,0,10000.0,0.0,10000.0,1,0
100000008130868100,2026-07-01,1,0,22782.0,0.0,22782.0,1,0
100000008136608100,2026-07-10,1,0,170000.0,0.0,170000.0,1,0
100000008137435100,2026-07-02,0,1,0.0,100000.0,-100000.0,0,1
100000008137435100,2026-07-03,0,2,0.0,300000.0,-300000.0,0,2
100000008137435100,2026-07-05,2,1,93906.0,418000.0,-324094.0,2,1
100000008137435100,2026-07-17,0,1,0.0,201300.0,-201300.0,0,1
100000008137435100,2026-07-31,0,2,0.0,400400.0,-400400.0,0,2
100000008141170100,2026-07-06,1,0,11000.0,0.0,11000.0,1,0
100000008144528100,2026-07-12,1,0,5442.6,0.0,5442.6,1,0
100000008144528100,2026-07-14,6,0,501900.0,0.0,501900.0,2,0
100000008144528100,2026-07-15,4,0,528000.0,0.0,528000.0,1,0
100000008144528100,2026-07-16,2,0,32860.0,0.0,32860.0,2,0
100000008151098100,2026-07-19,1,0,30000.0,0.0,30000.0,1,0
100000008165763100,2026-07-08,0,2,0.0,197310.0,-197310.0,0,2
100000008165763100,2026-07-10,2,1,28200.0,30000.0,-1800.0,2,1
100000008165763100,2026-07-12,5,2,97930.0,54050.0,43880.0,4,2
100000008165763100,2026-07-14,0,1,0.0,40000.0,-40000.0,0,1
100000008165763100,2026-07-15,2,3,73385.0,224100.0,-150715.0,2,3
100000008165763100,2026-07-18,0,1,0.0,26480.0,-26480.0,0,1
100000008165763100,2026-07-19,0,2,0.0,181183.0,-181183.0,0,2
100000008165763100,2026-07-21,1,1,37000.0,116500.0,-79500.0,1,1
100000008165763100,2026-07-22,6,1,334000.0,125000.0,209000.0,3,1
100000008165763100,2026-07-23,4,2,486000.0,243235.0,242765.0,4,2
100000008165763100,2026-07-25,1,1,14000.0,30000.0,-16000.0,1,1
100000008165763100,2026-07-27,3,0,53300.0,0.0,53300.0,2,0
100000008165763100,2026-07-28,2,0,42000.0,0.0,42000.0,2,0
100000008168850100,2026-07-02,1,0,23490.0,0.0,23490.0,1,0
100000008168850100,2026-07-20,1,0,164420.0,0.0,164420.0,1,0
100000008169544100,2026-07-10,0,1,0.0,5000.0,-5000.0,0,1
100000008169544100,2026-07-11,0,1,0.0,5000.0,-5000.0,0,1
100000008169544100,2026-07-15,0,1,0.0,5500.0,-5500.0,0,1
100000008169544100,2026-07-18,0,1,0.0,10000.0,-10000.0,0,1
100000008169544100,2026-07-19,2,0,137104.0,0.0,137104.0,1,0
100000008169544100,2026-07-20,0,2,0.0,12300.0,-12300.0,0,1
100000008169544100,2026-07-27,0,1,0.0,5000.0,-5000.0,0,1
100000008172352100,2026-07-11,0,1,0.0,6750.0,-6750.0,0,1
100000008172352100,2026-07-15,0,1,0.0,51500.0,-51500.0,0,1
100000008172352100,2026-07-18,2,1,78500.0,24000.0,54500.0,2,1
100000008172352100,2026-07-20,0,1,0.0,141000.0,-141000.0,0,1
100000008172352100,2026-07-23,0,1,0.0,9300.0,-9300.0,0,1
100000008172352100,2026-07-30,1,3,11765.0,56960.0,-45195.0,1,2
100000008172721100,2026-07-22,1,0,168335.0,0.0,168335.0,1,0
100000008173359100,2026-07-23,1,0,6110.0,0.0,6110.0,1,0
100000008174521100,2026-07-25,1,0,82110.0,0.0,82110.0,1,0
100000008175078100,2026-07-02,1,0,21711.0,0.0,21711.0,1,0
100000008175078100,2026-07-05,4,0,305000.0,0.0,305000.0,1,0
100000008175078100,2026-07-07,3,0,1260000.0,0.0,1260000.0,1,0
100000008175078100,2026-07-08,2,0,60000.0,0.0,60000.0,1,0
100000008175078100,2026-07-09,1,0,30000.0,0.0,30000.0,1,0
100000008175078100,2026-07-10,1,0,20000.0,0.0,20000.0,1,0
100000008175078100,2026-07-12,2,0,100000.0,0.0,100000.0,1,0
100000008175078100,2026-07-15,1,0,50000.0,0.0,50000.0,1,0
100000008183752100,2026-07-26,1,0,140000.0,0.0,140000.0,1,0
100000008188026100,2026-07-03,1,0,23324.0,0.0,23324.0,1,0
100000008188026100,2026-07-08,2,0,32900.0,0.0,32900.0,1,0
100000008188026100,2026-07-13,1,0,7134.0,0.0,7134.0,1,0
100000008188026100,2026-07-19,1,0,23110.0,0.0,23110.0,1,0
100000008188026100,2026-07-29,0,2,0.0,259333.17,-259333.17,0,2
100000008188026100,2026-07-30,0,2,0.0,78650.0,-78650.0,0,2
100000008190411100,2026-07-02,1,0,11000.0,0.0,11000.0,1,0
100000008190411100,2026-07-03,1,0,18000.0,0.0,18000.0,1,0
100000008190411100,2026-07-04,1,0,80000.0,0.0,80000.0,1,0
100000008190411100,2026-07-11,1,0,9000.0,0.0,9000.0,1,0
100000008190411100,2026-07-14,1,0,15000.0,0.0,15000.0,1,0
100000008190411100,2026-07-16,2,0,29800.0,0.0,29800.0,1,0
100000008190411100,2026-07-18,1,0,8850.0,0.0,8850.0,1,0
100000008190411100,2026-07-19,2,0,12800.0,0.0,12800.0,1,0
100000008190411100,2026-07-26,2,0,14000.0,0.0,14000.0,1,0
100000008190442100,2026-07-16,1,0,13000.0,0.0,13000.0,1,0
100000008192264100,2026-07-02,0,1,0.0,23490.0,-23490.0,0,1
100000008192264100,2026-07-20,1,1,162810.0,164420.0,-1610.0,1,1
100000008193258100,2026-07-11,1,0,60000.0,0.0,60000.0,1,0
100000008193258100,2026-07-16,1,0,15000.0,0.0,15000.0,1,0
100000008193258100,2026-07-24,0,1,0.0,30000.0,-30000.0,0,1
100000008193577100,2026-07-04,0,1,0.0,54500.0,-54500.0,0,1
100000008193577100,2026-07-05,0,1,0.0,14590.0,-14590.0,0,1
100000008193577100,2026-07-06,0,1,0.0,18000.0,-18000.0,0,1
100000008193577100,2026-07-10,0,2,0.0,108500.0,-108500.0,0,1
100000008193577100,2026-07-16,0,1,0.0,5000.0,-5000.0,0,1
100000008193577100,2026-07-17,0,1,0.0,35000.0,-35000.0,0,1
100000008193577100,2026-07-18,3,1,65000.0,6500.0,58500.0,1,1
100000008193577100,2026-07-20,0,1,0.0,15500.0,-15500.0,0,1
100000008193577100,2026-07-22,0,1,0.0,32500.0,-32500.0,0,1
100000008193577100,2026-07-23,2,0,67300.0,0.0,67300.0,1,0
100000008193577100,2026-07-24,0,1,0.0,6490.0,-6490.0,0,1
100000008193577100,2026-07-25,0,1,0.0,21500.0,-21500.0,0,1
100000008193577100,2026-07-26,0,4,0.0,162100.0,-162100.0,0,3
100000008193577100,2026-07-29,1,0,22000.0,0.0,22000.0,1,0
100000008200810100,2026-07-03,1,0,475000.0,0.0,475000.0,1,0
100000008205937100,2026-07-06,1,0,5000.0,0.0,5000.0,1,0
100000008205937100,2026-07-19,1,0,10000.0,0.0,10000.0,1,0
100000008205937100,2026-07-26,1,0,20000.0,0.0,20000.0,1,0
100000008213966100,2026-07-03,1,4,23000.0,142300.0,-119300.0,1,1
100000008213966100,2026-07-04,1,0,39000.0,0.0,39000.0,1,0
100000008213966100,2026-07-24,3,0,55000.0,0.0,55000.0,1,0
100000008213966100,2026-07-25,1,1,51000.0,100000.0,-49000.0,1,1
100000008213966100,2026-07-28,0,1,0.0,35000.0,-35000.0,0,1
100000008213966100,2026-07-29,0,1,0.0,30600.0,-30600.0,0,1
100000008213966100,2026-07-30,1,1,19004.0,129000.0,-109996.0,1,1
100000008219168100,2026-07-15,1,0,26790.0,0.0,26790.0,1,0
100000008219168100,2026-07-25,1,0,26410.0,0.0,26410.0,1,0
100000008221543100,2026-07-13,1,0,522000.0,0.0,522000.0,1,0
100000008221543100,2026-07-14,1,0,20000.0,0.0,20000.0,1,0
100000008221765100,2026-07-01,1,0,156354.0,0.0,156354.0,1,0
100000008223661100,2026-07-09,0,1,0.0,50007.0,-50007.0,0,1
100000008223661100,2026-07-13,0,1,0.0,154700.0,-154700.0,0,1
100000008223661100,2026-07-15,2,1,202000.0,33385.0,168615.0,2,1
100000008223661100,2026-07-17,0,1,0.0,15846.0,-15846.0,0,1
100000008223661100,2026-07-20,0,1,0.0,8642.0,-8642.0,0,1
100000008223756100,2026-07-19,1,0,316170.0,0.0,316170.0,1,0
100000008223756100,2026-07-22,1,0,15512.0,0.0,15512.0,1,0
100000008229700100,2026-07-14,1,0,23500.0,0.0,23500.0,1,0
100000008229700100,2026-07-25,0,1,0.0,7200.0,-7200.0,0,1
100000008232832100,2026-07-10,0,1,0.0,138000.0,-138000.0,0,1
100000008232832100,2026-07-17,2,0,337000.0,0.0,337000.0,1,0
100000008237827100,2026-07-16,1,0,40001.0,0.0,40001.0,1,0
100000008238112100,2026-07-20,1,0,190000.0,0.0,190000.0,1,0
100000008238989100,2026-07-02,1,0,100000.0,0.0,100000.0,1,0
100000008238989100,2026-07-03,1,0,100000.0,0.0,100000.0,1,0
100000008244300100,2026-07-02,1,0,5080.0,0.0,5080.0,1,0
100000008244300100,2026-07-10,1,0,27350.0,0.0,27350.0,1,0
100000008244300100,2026-07-13,1,0,7500.0,0.0,7500.0,1,0
100000008244300100,2026-07-14,1,0,7500.0,0.0,7500.0,1,0
100000008244300100,2026-07-16,1,0,9000.0,0.0,9000.0,1,0
100000008244300100,2026-07-18,1,0,9000.0,0.0,9000.0,1,0
100000008251939100,2026-07-12,1,0,44360.0,0.0,44360.0,1,0
100000008254069100,2026-07-12,0,2,0.0,15000.0,-15000.0,0,2
100000008254069100,2026-07-13,2,1,10200.0,10000.0,200.0,1,1
100000008254069100,2026-07-21,0,2,0.0,63000.0,-63000.0,0,2
100000008254069100,2026-07-22,0,1,0.0,19500.0,-19500.0,0,1
100000008254576100,2026-07-03,0,1,0.0,60000.0,-60000.0,0,1
100000008254576100,2026-07-31,1,0,8000.0,0.0,8000.0,1,0
100000008255655100,2026-07-02,1,0,5400.0,0.0,5400.0,1,0
100000008258083100,2026-07-02,1,0,26000.0,0.0,26000.0,1,0
100000008258083100,2026-07-03,2,1,20000.0,636350.0,-616350.0,1,1
100000008258083100,2026-07-07,0,1,0.0,466400.0,-466400.0,0,1
100000008258083100,2026-07-08,1,0,13000.0,0.0,13000.0,1,0
100000008258083100,2026-07-09,2,1,14000.0,171100.0,-157100.0,1,1
100000008258083100,2026-07-10,0,1,0.0,473000.0,-473000.0,0,1
100000008258083100,2026-07-11,2,0,16000.0,0.0,16000.0,1,0
100000008258083100,2026-07-12,2,0,18500.0,0.0,18500.0,1,0
100000008258083100,2026-07-13,1,1,10000.0,283800.0,-273800.0,1,1
100000008258083100,2026-07-14,1,0,32000.0,0.0,32000.0,1,0
100000008258083100,2026-07-21,1,0,3000000.0,0.0,3000000.0,1,0
100000008258083100,2026-07-31,0,1,0.0,15000.0,-15000.0,0,1
100000008258458100,2026-07-02,0,2,0.0,446400.0,-446400.0,0,1
100000008258458100,2026-07-03,0,1,0.0,544000.0,-544000.0,0,1
100000008258458100,2026-07-17,1,1,19000.0,567588.0,-548588.0,1,1
100000008259451100,2026-07-03,1,0,55000.0,0.0,55000.0,1,0
100000008279405100,2026-07-20,1,0,94367.0,0.0,94367.0,1,0
100000008279405100,2026-07-30,1,0,140371.0,0.0,140371.0,1,0
100000008283183100,2026-07-08,1,0,29000.0,0.0,29000.0,1,0
100000008289539100,2026-07-29,1,0,14912.0,0.0,14912.0,1,0
100000008293431100,2026-07-16,0,2,0.0,220000.0,-220000.0,0,2
100000008293431100,2026-07-23,0,1,0.0,40000.0,-40000.0,0,1
100000008293431100,2026-07-24,0,1,0.0,5000.0,-5000.0,0,1
100000008293431100,2026-07-25,0,1,0.0,8000.0,-8000.0,0,1
100000008293431100,2026-07-26,0,1,0.0,9000.0,-9000.0,0,1
100000008293431100,2026-07-28,0,1,0.0,15000.0,-15000.0,0,1
100000008293431100,2026-07-30,1,0,15000.0,0.0,15000.0,1,0
100000008295429100,2026-07-20,1,0,352000.0,0.0,352000.0,1,0
100000008297199100,2026-07-06,1,0,42268.0,0.0,42268.0,1,0
100000008304115100,2026-07-12,1,0,51000.0,0.0,51000.0,1,0
100000008304139100,2026-07-02,1,1,26091.75,15000.0,11091.75,1,1
100000008304139100,2026-07-04,0,1,0.0,30000.0,-30000.0,0,1
100000008304139100,2026-07-05,1,0,23567.0,0.0,23567.0,1,0
100000008304139100,2026-07-07,0,3,0.0,78000.0,-78000.0,0,3
100000008304139100,2026-07-08,0,4,0.0,139297.0,-139297.0,0,4
100000008304139100,2026-07-09,0,1,0.0,26000.0,-26000.0,0,1
100000008304139100,2026-07-10,0,2,0.0,54500.0,-54500.0,0,2
100000008304139100,2026-07-12,0,2,0.0,35000.0,-35000.0,0,1
100000008304139100,2026-07-13,0,2,0.0,50000.0,-50000.0,0,2
100000008304139100,2026-07-14,0,3,0.0,158000.0,-158000.0,0,3
100000008304139100,2026-07-15,0,3,0.0,100500.0,-100500.0,0,3
100000008304139100,2026-07-16,0,2,0.0,90000.0,-90000.0,0,2
100000008304139100,2026-07-19,0,1,0.0,21000.0,-21000.0,0,1
100000008304139100,2026-07-20,0,2,0.0,94000.0,-94000.0,0,2
100000008304139100,2026-07-21,0,1,0.0,100000.0,-100000.0,0,1
100000008304139100,2026-07-22,1,0,93570.0,0.0,93570.0,1,0
100000008304139100,2026-07-23,0,4,0.0,188000.0,-188000.0,0,3
100000008304139100,2026-07-24,0,3,0.0,138200.0,-138200.0,0,2
100000008304139100,2026-07-25,0,3,0.0,102000.0,-102000.0,0,1
100000008304139100,2026-07-26,0,1,0.0,30000.0,-30000.0,0,1
100000008304139100,2026-07-27,1,0,46101.0,0.0,46101.0,1,0
100000008304139100,2026-07-29,0,1,0.0,28000.0,-28000.0,0,1
100000008304139100,2026-07-30,0,1,0.0,59000.0,-59000.0,0,1
100000008304139100,2026-07-31,0,2,0.0,156500.0,-156500.0,0,2
100000008306857100,2026-07-16,1,0,125000.0,0.0,125000.0,1,0
100000008308418100,2026-07-03,1,0,50000.0,0.0,50000.0,1,0
100000008309514100,2026-07-09,1,0,17200.0,0.0,17200.0,1,0
100000008314203100,2026-07-01,0,3,0.0,30000.0,-30000.0,0,1
100000008314203100,2026-07-02,0,1,0.0,113000.0,-113000.0,0,1
100000008314203100,2026-07-06,1,0,60000.0,0.0,60000.0,1,0
100000008314203100,2026-07-07,1,1,23076.0,70000.0,-46924.0,1,1
100000008314203100,2026-07-09,1,2,114000.0,20000.0,94000.0,1,1
100000008314203100,2026-07-12,1,0,47000.0,0.0,47000.0,1,0
100000008314203100,2026-07-13,0,1,0.0,9000.0,-9000.0,0,1
100000008314203100,2026-07-14,4,0,40000.0,0.0,40000.0,1,0
100000008314203100,2026-07-15,0,3,0.0,40000.0,-40000.0,0,1
100000008314203100,2026-07-16,0,1,0.0,20000.0,-20000.0,0,1
100000008314203100,2026-07-17,0,1,0.0,25000.0,-25000.0,0,1
100000008314203100,2026-07-20,1,0,68000.0,0.0,68000.0,1,0
100000008314203100,2026-07-21,1,0,30000.0,0.0,30000.0,1,0
100000008314863100,2026-07-20,1,0,12000.0,0.0,12000.0,1,0
100000008321975100,2026-07-11,1,0,5900.0,0.0,5900.0,1,0
100000008324800100,2026-07-03,2,1,80000.0,105000.0,-25000.0,2,1
100000008324800100,2026-07-04,2,3,95000.0,161000.0,-66000.0,1,1
100000008324800100,2026-07-05,1,0,60000.0,0.0,60000.0,1,0
100000008324800100,2026-07-07,7,1,123000.0,70000.0,53000.0,1,1
100000008324800100,2026-07-10,3,0,92500.0,0.0,92500.0,1,0
100000008324800100,2026-07-11,1,0,6000.0,0.0,6000.0,1,0
100000008324800100,2026-07-16,1,1,70000.0,75000.0,-5000.0,1,1
100000008324800100,2026-07-17,0,7,0.0,100000.0,-100000.0,0,1
100000008327791100,2026-07-29,1,0,11000.0,0.0,11000.0,1,0
100000008331280100,2026-07-05,1,0,10000.0,0.0,10000.0,1,0
100000008331280100,2026-07-27,1,0,31000.0,0.0,31000.0,1,0
100000008332511100,2026-07-01,1,0,100000.0,0.0,100000.0,1,0
100000008333492100,2026-07-31,1,0,216400.0,0.0,216400.0,1,0
100000008335401100,2026-07-08,3,0,150000.0,0.0,150000.0,1,0
100000008336318100,2026-07-27,1,0,170000.0,0.0,170000.0,1,0
100000008337304100,2026-07-26,2,0,105465.0,0.0,105465.0,1,0
100000008343415100,2026-07-11,3,0,100000.0,0.0,100000.0,1,0
100000008343874100,2026-07-09,1,0,175350.0,0.0,175350.0,1,0
100000008343874100,2026-07-10,1,0,108185.0,0.0,108185.0,1,0
100000008343874100,2026-07-11,0,3,0.0,100000.0,-100000.0,0,1
100000008343874100,2026-07-12,0,1,0.0,43400.0,-43400.0,0,1
100000008343874100,2026-07-28,0,1,0.0,33000.0,-33000.0,0,1
100000008346837100,2026-07-02,0,2,0.0,43580.0,-43580.0,0,2
100000008346837100,2026-07-03,0,2,0.0,54071.0,-54071.0,0,2
100000008346837100,2026-07-06,0,1,0.0,25000.0,-25000.0,0,1
100000008346837100,2026-07-08,0,3,0.0,64116.0,-64116.0,0,3
100000008346837100,2026-07-10,2,4,40000.0,205997.0,-165997.0,1,4
100000008346837100,2026-07-11,0,3,0.0,88873.0,-88873.0,0,3
100000008346837100,2026-07-12,3,0,132059.0,0.0,132059.0,2,0
100000008346837100,2026-07-13,0,2,0.0,88250.0,-88250.0,0,2
100000008346837100,2026-07-16,1,0,7000.0,0.0,7000.0,1,0
100000008346837100,2026-07-17,0,1,0.0,29289.0,-29289.0,0,1
100000008346837100,2026-07-18,0,1,0.0,10000.0,-10000.0,0,1
100000008346837100,2026-07-19,1,1,5000.0,121344.0,-116344.0,1,1
100000008346837100,2026-07-20,4,2,64300.0,272744.0,-208444.0,4,2
100000008346837100,2026-07-21,1,3,6000.0,244500.0,-238500.0,1,3
100000008346837100,2026-07-22,0,1,0.0,10879.0,-10879.0,0,1
100000008349675100,2026-07-11,1,1,46520.0,18500.0,28020.0,1,1
100000008349675100,2026-07-19,0,1,0.0,18150.0,-18150.0,0,1
100000008349740100,2026-07-07,1,0,10000.0,0.0,10000.0,1,0
100000008349740100,2026-07-10,1,0,60000.0,0.0,60000.0,1,0
100000008352542100,2026-07-18,1,0,50220.0,0.0,50220.0,1,0
100000008356606100,2026-07-08,1,0,48500.0,0.0,48500.0,1,0
100000008356606100,2026-07-22,1,0,120000.0,0.0,120000.0,1,0
100000008376089100,2026-07-18,1,0,135000.0,0.0,135000.0,1,0
100000008376785100,2026-07-22,1,0,118250.0,0.0,118250.0,1,0
100000008376785100,2026-07-29,1,0,116000.0,0.0,116000.0,1,0
100000008379273100,2026-07-02,0,1,0.0,10000.0,-10000.0,0,1
100000008379273100,2026-07-03,1,0,16000.0,0.0,16000.0,1,0
100000008379273100,2026-07-14,1,0,20000.0,0.0,20000.0,1,0
100000008379273100,2026-07-17,0,2,0.0,23000.0,-23000.0,0,2
100000008379273100,2026-07-20,0,1,0.0,5000.0,-5000.0,0,1
100000008383405100,2026-07-01,1,0,5000.0,0.0,5000.0,1,0
100000008383405100,2026-07-08,1,0,20000.0,0.0,20000.0,1,0
100000008388049100,2026-07-13,1,0,496400.0,0.0,496400.0,1,0
100000008389800100,2026-07-01,0,1,0.0,20000.0,-20000.0,0,1
100000008389800100,2026-07-02,1,1,49000.0,49000.0,0.0,1,1
100000008389800100,2026-07-03,0,1,0.0,48000.0,-48000.0,0,1
100000008389800100,2026-07-06,0,3,0.0,166220.0,-166220.0,0,2
100000008389800100,2026-07-08,1,0,20000.0,0.0,20000.0,1,0
100000008389800100,2026-07-09,1,0,120000.0,0.0,120000.0,1,0
100000008389800100,2026-07-10,0,2,0.0,118400.0,-118400.0,0,2
100000008405209100,2026-07-11,1,0,54400.0,0.0,54400.0,1,0
100000008406609100,2026-07-09,1,0,34000.0,0.0,34000.0,1,0
100000008413748100,2026-07-02,0,3,0.0,55613.3,-55613.3,0,2
100000008413748100,2026-07-05,0,3,0.0,413322.0,-413322.0,0,3
100000008413748100,2026-07-07,2,0,26480.0,0.0,26480.0,2,0
100000008413748100,2026-07-08,0,14,0.0,458384.92,-458384.92,0,14
100000008413748100,2026-07-10,0,1,0.0,450000.0,-450000.0,0,1
100000008416433100,2026-07-16,1,0,20000.0,0.0,20000.0,1,0
100000008417029100,2026-07-29,1,0,100000.0,0.0,100000.0,1,0
100000008417359100,2026-07-06,0,1,0.0,6000.0,-6000.0,0,1
100000008417359100,2026-07-07,0,1,0.0,14760.0,-14760.0,0,1
100000008417359100,2026-07-12,1,0,30810.0,0.0,30810.0,1,0
100000008417359100,2026-07-13,0,1,0.0,90000.0,-90000.0,0,1
100000008417359100,2026-07-31,1,0,10000.0,0.0,10000.0,1,0
100000008418835100,2026-07-01,1,0,54000.0,0.0,54000.0,1,0
100000008418835100,2026-07-02,1,0,47000.0,0.0,47000.0,1,0
100000008418835100,2026-07-06,1,0,16000.0,0.0,16000.0,1,0
100000008418835100,2026-07-09,8,0,198000.0,0.0,198000.0,1,0
100000008418835100,2026-07-10,4,0,123000.0,0.0,123000.0,1,0
100000008418835100,2026-07-11,4,0,72000.0,0.0,72000.0,1,0
100000008418835100,2026-07-12,11,1,225000.0,52124.0,172876.0,1,1
100000008418835100,2026-07-13,2,0,44000.0,0.0,44000.0,1,0
100000008418835100,2026-07-14,9,0,120000.0,0.0,120000.0,1,0
100000008418835100,2026-07-15,1,0,13000.0,0.0,13000.0,1,0
100000008418835100,2026-07-16,9,1,146000.0,31500.0,114500.0,1,1
100000008418835100,2026-07-17,3,0,67000.0,0.0,67000.0,1,0
100000008418835100,2026-07-18,6,0,106000.0,0.0,106000.0,1,0
100000008418835100,2026-07-19,2,0,26000.0,0.0,26000.0,1,0
100000008418835100,2026-07-20,0,1,0.0,10000.0,-10000.0,0,1
100000008418835100,2026-07-23,4,2,82000.0,65555.0,16445.0,1,1
100000008418835100,2026-07-28,1,0,33000.0,0.0,33000.0,1,0
100000008418835100,2026-07-31,0,1,0.0,27000.0,-27000.0,0,1
100000008418934100,2026-07-26,1,0,360000.0,0.0,360000.0,1,0
100000008422226100,2026-07-03,1,0,87450.0,0.0,87450.0,1,0
100000008427027100,2026-07-03,1,0,300000.0,0.0,300000.0,1,0
100000008430691100,2026-07-01,1,1,20000.0,584900.0,-564900.0,1,1
100000008430691100,2026-07-08,0,1,0.0,20000.0,-20000.0,0,1
100000008432942100,2026-07-16,1,0,28230.0,0.0,28230.0,1,0
100000008432942100,2026-07-27,1,0,16312.0,0.0,16312.0,1,0
100000008436257100,2026-07-18,2,0,35000.0,0.0,35000.0,2,0
100000008438656100,2026-07-03,1,0,25000.0,0.0,25000.0,1,0
100000008438656100,2026-07-17,1,1,55000.0,5000.0,50000.0,1,1
100000008443341100,2026-07-01,0,1,0.0,19000.0,-19000.0,0,1
100000008443341100,2026-07-11,1,0,10000.0,0.0,10000.0,1,0
100000008443341100,2026-07-16,1,2,24500.0,24000.0,500.0,1,2
100000008443341100,2026-07-18,0,1,0.0,7000.0,-7000.0,0,1
100000008454065100,2026-07-01,1,0,24050.0,0.0,24050.0,1,0
100000008459449100,2026-07-03,1,0,53700.0,0.0,53700.0,1,0
100000008460102100,2026-07-07,0,1,0.0,103400.0,-103400.0,0,1
100000008460102100,2026-07-24,0,8,0.0,88050.0,-88050.0,0,8
100000008460102100,2026-07-25,1,2,17500.0,43500.0,-26000.0,1,2
100000008460102100,2026-07-26,0,4,0.0,35750.0,-35750.0,0,4
100000008460102100,2026-07-27,0,2,0.0,10060.0,-10060.0,0,2
100000008460102100,2026-07-28,0,5,0.0,44550.0,-44550.0,0,5
100000008460102100,2026-07-29,0,4,0.0,67200.0,-67200.0,0,4
100000008460102100,2026-07-30,0,6,0.0,44300.0,-44300.0,0,5
100000008460102100,2026-07-31,0,2,0.0,39760.0,-39760.0,0,2
100000008461217100,2026-07-24,1,0,18000.0,0.0,18000.0,1,0
100000008461532100,2026-07-16,1,6,5300.0,1398460.0,-1393160.0,1,6
100000008461532100,2026-07-23,0,1,0.0,11630.0,-11630.0,0,1
100000008461532100,2026-07-30,1,2,560000.0,1120000.0,-560000.0,1,1
100000008463968100,2026-07-30,1,0,10000.0,0.0,10000.0,1,0
100000008465789100,2026-07-12,0,1,0.0,150000.0,-150000.0,0,1
100000008465789100,2026-07-13,0,2,0.0,300000.0,-300000.0,0,2
100000008465789100,2026-07-14,1,3,30099.0,358600.0,-328501.0,1,3
100000008465789100,2026-07-15,0,2,0.0,192000.0,-192000.0,0,2
100000008465789100,2026-07-16,0,4,0.0,337500.0,-337500.0,0,4
100000008465789100,2026-07-17,0,4,0.0,490000.0,-490000.0,0,4
100000008465789100,2026-07-19,0,1,0.0,30000.0,-30000.0,0,1
100000008466579100,2026-07-13,0,1,0.0,100000.0,-100000.0,0,1
100000008466579100,2026-07-14,0,1,0.0,155000.0,-155000.0,0,1
100000008466579100,2026-07-15,0,2,0.0,175000.0,-175000.0,0,2
100000008466579100,2026-07-16,0,5,0.0,388000.0,-388000.0,0,3
100000008466579100,2026-07-17,0,4,0.0,470000.0,-470000.0,0,4
100000008466579100,2026-07-18,0,5,0.0,520000.0,-520000.0,0,5
100000008466579100,2026-07-19,1,0,30000.0,0.0,30000.0,1,0
100000008466579100,2026-07-20,0,1,0.0,50000.0,-50000.0,0,1
100000008466579100,2026-07-21,1,1,6952.0,75000.0,-68048.0,1,1
100000008468762100,2026-07-27,2,0,170000.0,0.0,170000.0,2,0
100000008469048100,2026-07-04,1,0,43000.0,0.0,43000.0,1,0
100000008469048100,2026-07-14,2,0,54700.0,0.0,54700.0,1,0
100000008469048100,2026-07-15,1,0,14900.0,0.0,14900.0,1,0
100000008469048100,2026-07-18,1,0,90000.0,0.0,90000.0,1,0
100000008469048100,2026-07-23,1,0,48900.0,0.0,48900.0,1,0
100000008469048100,2026-07-27,1,0,13700.0,0.0,13700.0,1,0
100000008470470100,2026-07-16,1,0,33547.0,0.0,33547.0,1,0
100000008471634100,2026-07-10,1,0,20000.0,0.0,20000.0,1,0
100000008472324100,2026-07-20,1,0,205200.0,0.0,205200.0,1,0
100000008473207100,2026-07-03,1,0,82000.0,0.0,82000.0,1,0
100000008473207100,2026-07-08,1,0,15000.0,0.0,15000.0,1,0
100000008473207100,2026-07-11,1,0,91000.0,0.0,91000.0,1,0
100000008473207100,2026-07-13,1,0,14000.0,0.0,14000.0,1,0
100000008473765100,2026-07-04,1,0,30000.0,0.0,30000.0,1,0
100000008474308100,2026-07-11,0,1,0.0,10000.0,-10000.0,0,1
100000008474308100,2026-07-16,1,0,7000.0,0.0,7000.0,1,0
100000008474308100,2026-07-18,1,0,7000.0,0.0,7000.0,1,0
100000008474391100,2026-07-06,1,0,20000.0,0.0,20000.0,1,0
100000008477350100,2026-07-01,0,2,0.0,74490.0,-74490.0,0,2
100000008477350100,2026-07-03,0,5,0.0,193685.0,-193685.0,0,5
100000008477350100,2026-07-04,0,5,0.0,178678.0,-178678.0,0,4
100000008477350100,2026-07-05,0,3,0.0,106212.0,-106212.0,0,3
100000008477350100,2026-07-06,0,2,0.0,132733.0,-132733.0,0,2
100000008477350100,2026-07-07,0,6,0.0,531807.0,-531807.0,0,6
100000008477350100,2026-07-08,1,6,30000.0,592289.0,-562289.0,1,5
100000008477350100,2026-07-10,1,3,28400.0,207057.0,-178657.0,1,3
100000008477350100,2026-07-11,1,1,18900.0,340000.0,-321100.0,1,1
100000008477350100,2026-07-13,2,1,74000.0,16000.0,58000.0,2,1
100000008477350100,2026-07-14,2,2,87000.0,356133.0,-269133.0,2,2
100000008477350100,2026-07-15,1,0,12000.0,0.0,12000.0,1,0
100000008477350100,2026-07-16,2,3,37000.0,180555.0,-143555.0,2,3
100000008477350100,2026-07-21,0,1,0.0,233968.0,-233968.0,0,1
100000008477350100,2026-07-24,2,0,60800.0,0.0,60800.0,2,0
100000008477350100,2026-07-26,0,3,0.0,137859.0,-137859.0,0,3
100000008477350100,2026-07-30,2,1,262000.0,93400.0,168600.0,2,1
100000008478414100,2026-07-24,1,0,10000.0,0.0,10000.0,1,0
100000008486520100,2026-07-16,0,1,0.0,14000.0,-14000.0,0,1
100000008486520100,2026-07-18,2,0,35720.0,0.0,35720.0,1,0
100000008488166100,2026-07-21,1,0,5600.0,0.0,5600.0,1,0
100000008489604100,2026-07-02,1,0,11000.0,0.0,11000.0,1,0
100000008489922100,2026-07-13,0,3,0.0,547000.0,-547000.0,0,3
100000008489922100,2026-07-14,0,5,0.0,222200.0,-222200.0,0,4
100000008489922100,2026-07-15,0,2,0.0,51500.0,-51500.0,0,2
100000008489922100,2026-07-16,2,7,48000.0,425700.0,-377700.0,1,7
100000008489922100,2026-07-17,0,2,0.0,183000.0,-183000.0,0,2
100000008489922100,2026-07-19,2,0,139010.0,0.0,139010.0,2,0
100000008489922100,2026-07-20,0,1,0.0,110000.0,-110000.0,0,1
100000008489922100,2026-07-21,1,0,75000.0,0.0,75000.0,1,0
100000008489922100,2026-07-22,0,1,0.0,170000.0,-170000.0,0,1
100000008489922100,2026-07-23,0,2,0.0,131000.0,-131000.0,0,2
100000008489922100,2026-07-25,0,5,0.0,703000.0,-703000.0,0,5
100000008489922100,2026-07-26,0,4,0.0,370000.0,-370000.0,0,4
100000008489922100,2026-07-27,0,1,0.0,163000.0,-163000.0,0,1
100000008489922100,2026-07-28,0,6,0.0,408500.0,-408500.0,0,6
100000008489922100,2026-07-31,0,2,0.0,305000.0,-305000.0,0,2
100000008490127100,2026-07-01,0,2,0.0,108000.0,-108000.0,0,2
100000008490127100,2026-07-03,0,1,0.0,530000.0,-530000.0,0,1
100000008490127100,2026-07-04,0,2,0.0,70000.0,-70000.0,0,2
100000008490127100,2026-07-05,0,2,0.0,78000.0,-78000.0,0,2
100000008490127100,2026-07-07,0,1,0.0,47000.0,-47000.0,0,1
100000008490127100,2026-07-10,0,1,0.0,90000.0,-90000.0,0,1
100000008490127100,2026-07-20,2,0,431755.0,0.0,431755.0,1,0
100000008491390100,2026-07-05,1,0,36000.0,0.0,36000.0,1,0
100000008493007100,2026-07-28,1,0,26150.0,0.0,26150.0,1,0
100000008493007100,2026-07-29,0,1,0.0,26150.0,-26150.0,0,1
100000008497298100,2026-07-29,1,0,600000.0,0.0,600000.0,1,0
100000008501413100,2026-07-28,1,0,5000.0,0.0,5000.0,1,0
100000008501413100,2026-07-30,0,1,0.0,5100.0,-5100.0,0,1
100000008502995100,2026-07-05,1,0,15000.0,0.0,15000.0,1,0
100000008502995100,2026-07-12,1,0,10000.0,0.0,10000.0,1,0
100000008503177100,2026-07-31,1,0,33951.0,0.0,33951.0,1,0
100000008507703100,2026-07-03,1,0,28500.0,0.0,28500.0,1,0
100000008512552100,2026-07-02,1,1,49000.0,549000.0,-500000.0,1,1
100000008512552100,2026-07-03,0,1,0.0,95863.0,-95863.0,0,1
100000008512552100,2026-07-06,1,0,6000.0,0.0,6000.0,1,0
100000008512552100,2026-07-07,1,1,14760.0,65760.0,-51000.0,1,1
100000008512552100,2026-07-09,0,1,0.0,34530.0,-34530.0,0,1
100000008512552100,2026-07-14,1,0,57800.0,0.0,57800.0,1,0
100000008512552100,2026-07-15,1,2,57800.0,116868.0,-59068.0,1,1
100000008512552100,2026-07-16,3,1,161500.0,210000.0,-48500.0,2,1
100000008512552100,2026-07-17,0,1,0.0,142800.0,-142800.0,0,1
100000008512552100,2026-07-18,0,2,0.0,39954.0,-39954.0,0,2
100000008512552100,2026-07-19,1,1,47500.0,47500.0,0.0,1,1
100000008512827100,2026-07-18,1,0,10000.0,0.0,10000.0,1,0
100000008512827100,2026-07-22,0,1,0.0,101500.0,-101500.0,0,1
100000008512827100,2026-07-26,0,1,0.0,290000.0,-290000.0,0,1
100000008512827100,2026-07-27,1,0,54510.0,0.0,54510.0,1,0
100000008512827100,2026-07-28,0,1,0.0,180000.0,-180000.0,0,1
100000008512827100,2026-07-29,0,4,0.0,840000.0,-840000.0,0,4
100000008512827100,2026-07-30,1,0,43439.0,0.0,43439.0,1,0
100000008512827100,2026-07-31,0,3,0.0,533000.0,-533000.0,0,3
100000008514970100,2026-07-08,1,1,379966.0,31000.0,348966.0,1,1
100000008516839100,2026-07-06,2,0,71000.0,0.0,71000.0,2,0
100000008516839100,2026-07-12,2,0,84000.0,0.0,84000.0,2,0
100000008517061100,2026-07-16,4,0,1844000.0,0.0,1844000.0,1,0
100000008517538100,2026-07-14,2,0,15000.0,0.0,15000.0,1,0
100000008517538100,2026-07-15,1,0,26500.0,0.0,26500.0,1,0
100000008517538100,2026-07-16,1,1,29000.0,14000.0,15000.0,1,1
100000008517538100,2026-07-17,0,2,0.0,161000.0,-161000.0,0,2
100000008517538100,2026-07-18,0,1,0.0,10000.0,-10000.0,0,1
100000008517538100,2026-07-20,1,0,50000.0,0.0,50000.0,1,0
100000008517538100,2026-07-22,0,1,0.0,107000.0,-107000.0,0,1
100000008517538100,2026-07-23,0,2,0.0,215000.0,-215000.0,0,2
100000008517538100,2026-07-25,1,3,35000.0,400000.0,-365000.0,1,3
100000008517538100,2026-07-27,0,2,0.0,160000.0,-160000.0,0,2
100000008517538100,2026-07-28,0,2,0.0,160000.0,-160000.0,0,2
100000008517538100,2026-07-29,0,2,0.0,40000.0,-40000.0,0,2
100000008517538100,2026-07-31,0,2,0.0,172000.0,-172000.0,0,2
100000008522127100,2026-07-01,0,1,0.0,30000.0,-30000.0,0,1
100000008522127100,2026-07-11,0,1,0.0,60000.0,-60000.0,0,1
100000008522127100,2026-07-13,0,1,0.0,55000.0,-55000.0,0,1
100000008524903100,2026-07-16,1,0,15000.0,0.0,15000.0,1,0
100000008525136100,2026-07-10,1,0,14100.0,0.0,14100.0,1,0
100000008531133100,2026-07-01,0,1,0.0,31500.0,-31500.0,0,1
100000008531133100,2026-07-02,0,1,0.0,95000.0,-95000.0,0,1
100000008531133100,2026-07-05,1,1,25000.0,31771.68,-6771.68,1,1
100000008531186100,2026-07-22,1,0,125000.0,0.0,125000.0,1,0
100000008532050100,2026-07-15,1,0,455156.0,0.0,455156.0,1,0
100000008536546100,2026-07-26,2,0,250000.0,0.0,250000.0,2,0
100000008537380100,2026-07-21,1,0,8000.0,0.0,8000.0,1,0
100000008545727100,2026-07-08,1,2,30000.0,1190000.0,-1160000.0,1,2
100000008545727100,2026-07-16,0,1,0.0,169000.0,-169000.0,0,1
100000008545727100,2026-07-17,0,1,0.0,48000.0,-48000.0,0,1
100000008545727100,2026-07-19,0,2,0.0,287500.0,-287500.0,0,2
100000008545727100,2026-07-21,0,1,0.0,172000.0,-172000.0,0,1
100000008546855100,2026-07-26,3,0,25500.0,0.0,25500.0,2,0
100000008546855100,2026-07-27,5,1,46290.0,5000.0,41290.0,5,1
100000008546855100,2026-07-28,0,1,0.0,5000.0,-5000.0,0,1
100000008547295100,2026-07-31,1,0,15000.0,0.0,15000.0,1,0
100000008547844100,2026-07-12,0,1,0.0,105000.0,-105000.0,0,1
100000008547844100,2026-07-13,0,3,0.0,516000.0,-516000.0,0,3
100000008547844100,2026-07-14,0,4,0.0,310399.0,-310399.0,0,4
100000008547844100,2026-07-15,0,1,0.0,195000.0,-195000.0,0,1
100000008547844100,2026-07-16,1,4,8600.0,341000.0,-332400.0,1,3
100000008547844100,2026-07-17,0,2,0.0,215500.0,-215500.0,0,2
100000008547844100,2026-07-18,0,1,0.0,25000.0,-25000.0,0,1
100000008547844100,2026-07-19,1,0,100000.0,0.0,100000.0,1,0
100000008547844100,2026-07-20,1,1,69000.0,148300.0,-79300.0,1,1
100000008547844100,2026-07-22,0,2,0.0,102000.0,-102000.0,0,2
100000008547844100,2026-07-28,0,2,0.0,84000.0,-84000.0,0,2
100000008547948100,2026-07-16,4,2,121000.0,224000.0,-103000.0,4,1
100000008547948100,2026-07-17,0,2,0.0,74000.0,-74000.0,0,2
100000008547948100,2026-07-18,2,2,85197.0,315000.0,-229803.0,2,2
100000008547948100,2026-07-19,0,2,0.0,187000.0,-187000.0,0,2
100000008547948100,2026-07-21,1,0,6468.0,0.0,6468.0,1,0
100000008547948100,2026-07-22,0,3,0.0,201500.0,-201500.0,0,3
100000008547948100,2026-07-23,0,2,0.0,120000.0,-120000.0,0,2
100000008547948100,2026-07-25,0,1,0.0,192000.0,-192000.0,0,1
100000008547948100,2026-07-26,0,4,0.0,718000.0,-718000.0,0,3
100000008547948100,2026-07-28,0,5,0.0,1179000.0,-1179000.0,0,4
100000008547948100,2026-07-29,0,4,0.0,936500.0,-936500.0,0,4
100000008547948100,2026-07-30,0,1,0.0,300000.0,-300000.0,0,1
100000008547948100,2026-07-31,0,3,0.0,738600.0,-738600.0,0,3
100000008548853100,2026-07-09,1,0,14000.0,0.0,14000.0,1,0
100000008551752100,2026-07-21,1,0,307000.0,0.0,307000.0,1,0
100000008551752100,2026-07-23,1,0,99000.0,0.0,99000.0,1,0
100000008554390100,2026-07-24,1,0,14000.0,0.0,14000.0,1,0
100000008555233100,2026-07-31,1,0,440600.0,0.0,440600.0,1,0
100000008555918100,2026-07-06,0,1,0.0,10000.0,-10000.0,0,1
100000008555918100,2026-07-15,0,1,0.0,33300.0,-33300.0,0,1
100000008555918100,2026-07-19,1,0,139211.0,0.0,139211.0,1,0
100000008556318100,2026-07-14,1,0,63500.0,0.0,63500.0,1,0
100000008556318100,2026-07-19,1,0,116632.0,0.0,116632.0,1,0
100000008557672100,2026-07-02,1,0,49125.0,0.0,49125.0,1,0
100000008560263100,2026-07-01,1,0,100000.0,0.0,100000.0,1,0
100000008560717100,2026-07-05,1,0,35000.0,0.0,35000.0,1,0
100000008560717100,2026-07-08,2,0,45000.0,0.0,45000.0,2,0
100000008560717100,2026-07-09,1,0,45000.0,0.0,45000.0,1,0
100000008560717100,2026-07-11,1,0,127000.0,0.0,127000.0,1,0
100000008560717100,2026-07-13,1,0,40000.0,0.0,40000.0,1,0
100000008560717100,2026-07-16,2,0,60000.0,0.0,60000.0,2,0
100000008560717100,2026-07-18,1,0,177000.0,0.0,177000.0,1,0
100000008560717100,2026-07-30,0,1,0.0,25000.0,-25000.0,0,1
100000008561016100,2026-07-25,1,2,80000.0,55000.0,25000.0,1,1
100000008561016100,2026-07-26,1,2,100000.0,130000.0,-30000.0,1,1
100000008566737100,2026-07-20,2,0,230000.0,0.0,230000.0,2,0
100000008568512100,2026-07-12,1,0,199640.0,0.0,199640.0,1,0
100000008571243100,2026-07-19,1,0,134000.0,0.0,134000.0,1,0
100000008571433100,2026-07-09,1,0,150000.0,0.0,150000.0,1,0
100000008571433100,2026-07-10,1,1,200000.0,200000.0,0.0,1,1
100000008571433100,2026-07-11,0,1,0.0,864000.0,-864000.0,0,1
100000008571433100,2026-07-14,0,1,0.0,370000.0,-370000.0,0,1
100000008571443100,2026-07-10,1,0,40000.0,0.0,40000.0,1,0
100000008571443100,2026-07-22,1,0,25000.0,0.0,25000.0,1,0
100000008575624100,2026-07-03,0,2,0.0,25000.0,-25000.0,0,1
100000008575624100,2026-07-06,0,1,0.0,19500.0,-19500.0,0,1
100000008575624100,2026-07-07,0,1,0.0,6000.0,-6000.0,0,1
100000008575624100,2026-07-16,0,1,0.0,39000.0,-39000.0,0,1
100000008576243100,2026-07-08,2,0,70920.0,0.0,70920.0,2,0
100000008576243100,2026-07-09,1,0,5000.0,0.0,5000.0,1,0
100000008576243100,2026-07-10,1,0,7000.0,0.0,7000.0,1,0
100000008576528100,2026-07-26,1,0,28000.0,0.0,28000.0,1,0
100000008579978100,2026-07-18,0,3,0.0,50000.0,-50000.0,0,1
100000008579978100,2026-07-19,1,2,34000.0,10000.0,24000.0,1,1
100000008579978100,2026-07-20,0,1,0.0,17000.0,-17000.0,0,1
100000008582730100,2026-07-27,1,1,5000.0,5000.0,0.0,1,1
100000008583360100,2026-07-05,1,0,112843.0,0.0,112843.0,1,0
100000008583360100,2026-07-10,0,1,0.0,170000.0,-170000.0,0,1
100000008583971100,2026-07-23,1,0,40000.0,0.0,40000.0,1,0
100000008583971100,2026-07-28,1,0,11000.0,0.0,11000.0,1,0
100000008586731100,2026-07-16,1,0,12000.0,0.0,12000.0,1,0
100000008587459100,2026-07-01,0,1,0.0,95500.0,-95500.0,0,1
100000008587459100,2026-07-02,0,1,0.0,242000.0,-242000.0,0,1
100000008587459100,2026-07-08,0,2,0.0,349000.0,-349000.0,0,1
100000008587459100,2026-07-10,1,0,132507.0,0.0,132507.0,1,0
100000008587459100,2026-07-15,1,0,49000.0,0.0,49000.0,1,0
100000008588665100,2026-07-05,1,0,25000.0,0.0,25000.0,1,0
100000008595687100,2026-07-11,1,0,64395.0,0.0,64395.0,1,0
100000008595687100,2026-07-12,0,1,0.0,10400.0,-10400.0,0,1
100000008596924100,2026-07-31,1,0,100000.0,0.0,100000.0,1,0
100000008598972100,2026-07-06,1,0,120000.0,0.0,120000.0,1,0
100000008599354100,2026-07-10,1,0,177000.0,0.0,177000.0,1,0
100000008599354100,2026-07-20,0,1,0.0,31200.0,-31200.0,0,1
100000008599354100,2026-07-21,0,1,0.0,7000.0,-7000.0,0,1
100000008601794100,2026-07-01,0,1,0.0,45000.0,-45000.0,0,1
100000008601794100,2026-07-03,0,1,0.0,44000.0,-44000.0,0,1
100000008601794100,2026-07-04,0,2,0.0,89000.0,-89000.0,0,1
100000008601794100,2026-07-05,0,1,0.0,5000.0,-5000.0,0,1
100000008601794100,2026-07-06,0,1,0.0,24000.0,-24000.0,0,1
100000008601794100,2026-07-07,0,1,0.0,31000.0,-31000.0,0,1
100000008601794100,2026-07-10,0,1,0.0,312000.0,-312000.0,0,1
100000008601794100,2026-07-12,0,1,0.0,120000.0,-120000.0,0,1
100000008601794100,2026-07-14,1,1,5000.0,120000.0,-115000.0,1,1
100000008601794100,2026-07-16,1,1,30000.0,50000.0,-20000.0,1,1
100000008601794100,2026-07-19,1,0,99000.0,0.0,99000.0,1,0
100000008601794100,2026-07-23,1,1,8200.0,15400.0,-7200.0,1,1
100000008601794100,2026-07-24,0,1,0.0,16000.0,-16000.0,0,1
100000008601794100,2026-07-26,1,0,217800.0,0.0,217800.0,1,0
100000008601794100,2026-07-28,1,0,87500.0,0.0,87500.0,1,0
100000008601794100,2026-07-30,1,0,27900.0,0.0,27900.0,1,0
100000008601794100,2026-07-31,1,0,19000.0,0.0,19000.0,1,0
100000008603331100,2026-07-04,0,1,0.0,55000.0,-55000.0,0,1
100000008603331100,2026-07-05,0,1,0.0,83420.0,-83420.0,0,1
100000008603331100,2026-07-07,1,0,5000.0,0.0,5000.0,1,0
100000008603331100,2026-07-09,1,1,6500.0,24354.0,-17854.0,1,1
100000008603331100,2026-07-13,0,1,0.0,274000.0,-274000.0,0,1
100000008603331100,2026-07-14,1,2,28000.0,305000.0,-277000.0,1,2
100000008603629100,2026-07-03,2,0,60000.0,0.0,60000.0,1,0
100000008603629100,2026-07-04,0,3,0.0,157009.0,-157009.0,0,3
100000008603629100,2026-07-06,0,1,0.0,55656.0,-55656.0,0,1
100000008603629100,2026-07-07,1,2,66000.0,76067.0,-10067.0,1,2
100000008603629100,2026-07-08,0,1,0.0,53030.0,-53030.0,0,1
100000008603629100,2026-07-09,0,1,0.0,45000.0,-45000.0,0,1
100000008603629100,2026-07-10,4,3,64028.0,187320.0,-123292.0,4,3
100000008603629100,2026-07-12,2,3,83690.0,233767.0,-150077.0,2,3
100000008603629100,2026-07-13,1,0,50000.0,0.0,50000.0,1,0
100000008603629100,2026-07-14,2,0,53339.0,0.0,53339.0,2,0
100000008603629100,2026-07-15,1,3,13126.0,115107.0,-101981.0,1,3
100000008603629100,2026-07-16,2,0,68000.0,0.0,68000.0,2,0
100000008603629100,2026-07-17,0,4,0.0,415987.0,-415987.0,0,4
100000008603629100,2026-07-18,4,7,103497.0,456151.0,-352654.0,3,7
100000008603629100,2026-07-19,3,4,75341.0,200652.0,-125311.0,2,3
100000008603629100,2026-07-20,0,4,0.0,368073.0,-368073.0,0,4
100000008603629100,2026-07-21,3,3,149729.0,91351.0,58378.0,3,3
100000008603629100,2026-07-22,0,5,0.0,306719.0,-306719.0,0,5
100000008603629100,2026-07-23,6,2,385900.0,479000.0,-93100.0,4,2
100000008603629100,2026-07-24,2,1,85900.0,214000.0,-128100.0,2,1
100000008603629100,2026-07-25,3,5,89500.0,363050.0,-273550.0,3,5
100000008603629100,2026-07-26,0,3,0.0,114539.0,-114539.0,0,3
100000008603629100,2026-07-27,2,7,200000.0,266675.0,-66675.0,1,5
100000008603629100,2026-07-28,3,4,80000.0,153307.0,-73307.0,2,4
100000008603629100,2026-07-29,2,0,53250.0,0.0,53250.0,2,0
100000008603629100,2026-07-30,2,4,136000.0,292940.0,-156940.0,2,4
100000008603629100,2026-07-31,0,4,0.0,340756.0,-340756.0,0,4
100000008612257100,2026-07-08,1,0,9500.0,0.0,9500.0,1,0
100000008619159100,2026-07-02,2,0,446400.0,0.0,446400.0,1,0
100000008619857100,2026-07-06,0,1,0.0,5000.0,-5000.0,0,1
100000008619857100,2026-07-26,1,1,29000.0,8000.0,21000.0,1,1
100000008620570100,2026-07-03,0,1,0.0,21800.0,-21800.0,0,1
100000008620570100,2026-07-10,1,1,65000.0,10000.0,55000.0,1,1
100000008620570100,2026-07-22,1,0,80000.0,0.0,80000.0,1,0
100000008624978100,2026-07-05,1,0,109000.0,0.0,109000.0,1,0
100000008625905100,2026-07-05,0,2,0.0,635000.0,-635000.0,0,2
100000008625905100,2026-07-31,1,0,197800.0,0.0,197800.0,1,0
100000008628231100,2026-07-23,1,0,50000.0,0.0,50000.0,1,0
100000008628231100,2026-07-24,0,3,0.0,22000.0,-22000.0,0,1
100000008628231100,2026-07-26,0,8,0.0,75500.0,-75500.0,0,1
100000008628231100,2026-07-27,0,1,0.0,12000.0,-12000.0,0,1
100000008628231100,2026-07-28,0,1,0.0,429250.0,-429250.0,0,1
100000008628231100,2026-07-29,0,5,0.0,81620.0,-81620.0,0,1
100000008628231100,2026-07-30,0,1,0.0,7500.0,-7500.0,0,1
100000008628818100,2026-07-28,1,0,46310.0,0.0,46310.0,1,0
100000008629504100,2026-07-16,1,0,20000.0,0.0,20000.0,1,0
100000008629581100,2026-07-27,1,0,54184.0,0.0,54184.0,1,0
100000008631800100,2026-07-28,1,0,12850.0,0.0,12850.0,1,0
100000008632060100,2026-07-01,0,1,0.0,23000.0,-23000.0,0,1
100000008632060100,2026-07-05,0,1,0.0,20000.0,-20000.0,0,1
100000008632060100,2026-07-06,1,0,6000.0,0.0,6000.0,1,0
100000008632060100,2026-07-10,0,1,0.0,20500.0,-20500.0,0,1
100000008632060100,2026-07-13,0,1,0.0,50000.0,-50000.0,0,1
100000008632060100,2026-07-14,0,1,0.0,20000.0,-20000.0,0,1
100000008632060100,2026-07-17,0,1,0.0,12000.0,-12000.0,0,1
100000008632060100,2026-07-19,0,1,0.0,20000.0,-20000.0,0,1
100000008632060100,2026-07-20,0,3,0.0,106200.0,-106200.0,0,3
100000008632060100,2026-07-21,0,1,0.0,37500.0,-37500.0,0,1
100000008632060100,2026-07-22,0,1,0.0,30000.0,-30000.0,0,1
100000008633099100,2026-07-06,1,0,19468.0,0.0,19468.0,1,0
100000008633099100,2026-07-14,0,1,0.0,13500.0,-13500.0,0,1
100000008634520100,2026-07-16,1,0,90000.0,0.0,90000.0,1,0
100000008636603100,2026-07-01,1,1,22710.0,24750.0,-2040.0,1,1
100000008636603100,2026-07-02,1,2,12750.0,25625.0,-12875.0,1,2
100000008636603100,2026-07-04,0,1,0.0,8500.0,-8500.0,0,1
100000008636603100,2026-07-05,0,1,0.0,34700.0,-34700.0,0,1
100000008636603100,2026-07-20,0,1,0.0,19000.0,-19000.0,0,1
100000008636603100,2026-07-30,0,1,0.0,46800.0,-46800.0,0,1
100000008637537100,2026-07-01,4,1,60000.0,169000.0,-109000.0,2,1
100000008637537100,2026-07-02,2,4,119000.0,140000.0,-21000.0,2,1
100000008637537100,2026-07-03,0,3,0.0,534000.0,-534000.0,0,1
100000008637537100,2026-07-04,0,6,0.0,389000.0,-389000.0,0,1
100000008637537100,2026-07-05,3,2,178080.0,326000.0,-147920.0,1,1
100000008637537100,2026-07-06,0,2,0.0,96100.0,-96100.0,0,2
100000008637537100,2026-07-07,1,1,15000.0,15000.0,0.0,1,1
100000008637537100,2026-07-08,3,0,30000.0,0.0,30000.0,1,0
100000008637537100,2026-07-09,2,0,20000.0,0.0,20000.0,1,0
100000008637537100,2026-07-10,0,4,0.0,45000.0,-45000.0,0,1
100000008637537100,2026-07-11,1,0,98010.0,0.0,98010.0,1,0
100000008637537100,2026-07-13,1,5,9000.0,615000.0,-606000.0,1,1
100000008637537100,2026-07-15,3,0,40000.0,0.0,40000.0,1,0
100000008637537100,2026-07-16,2,1,50800.0,8395.0,42405.0,2,1
100000008637537100,2026-07-17,0,1,0.0,14000.0,-14000.0,0,1
100000008638859100,2026-07-02,1,0,34000.0,0.0,34000.0,1,0
100000008647905100,2026-07-08,1,0,50000.0,0.0,50000.0,1,0
100000008647905100,2026-07-09,0,1,0.0,230800.0,-230800.0,0,1
100000008647905100,2026-07-14,0,1,0.0,113422.0,-113422.0,0,1
100000008648783100,2026-07-28,1,0,5200.0,0.0,5200.0,1,0
100000008649416100,2026-07-08,1,0,5000.0,0.0,5000.0,1,0
100000008650785100,2026-07-05,1,0,56500.0,0.0,56500.0,1,0
100000008650785100,2026-07-06,0,1,0.0,70020.0,-70020.0,0,1
100000008650785100,2026-07-09,0,1,0.0,50100.0,-50100.0,0,1
100000008650785100,2026-07-14,1,0,35500.0,0.0,35500.0,1,0
100000008652094100,2026-07-16,1,0,35000.0,0.0,35000.0,1,0
100000008653041100,2026-07-22,1,0,28000.0,0.0,28000.0,1,0
100000008654653100,2026-07-11,0,1,0.0,54000.0,-54000.0,0,1
100000008655035100,2026-07-05,1,0,30000.0,0.0,30000.0,1,0
100000008655779100,2026-07-06,1,0,47000.0,0.0,47000.0,1,0
100000008655779100,2026-07-21,0,1,0.0,5700.0,-5700.0,0,1
100000008655779100,2026-07-30,0,1,0.0,19004.0,-19004.0,0,1
100000008656043100,2026-07-28,1,0,26200.0,0.0,26200.0,1,0
100000008659445100,2026-07-05,1,0,14590.0,0.0,14590.0,1,0
100000008659445100,2026-07-12,0,1,0.0,20000.0,-20000.0,0,1
100000008659445100,2026-07-13,0,2,0.0,89800.0,-89800.0,0,1
100000008659445100,2026-07-17,0,2,0.0,154150.0,-154150.0,0,1
100000008659445100,2026-07-18,1,3,6500.0,65000.0,-58500.0,1,1
100000008659445100,2026-07-19,1,0,5000.0,0.0,5000.0,1,0
100000008659445100,2026-07-20,1,0,15500.0,0.0,15500.0,1,0
100000008659445100,2026-07-22,1,0,12300.0,0.0,12300.0,1,0
100000008659445100,2026-07-23,0,3,0.0,168700.0,-168700.0,0,2
100000008659445100,2026-07-25,0,2,0.0,107000.0,-107000.0,0,2
100000008659445100,2026-07-26,2,0,84600.0,0.0,84600.0,2,0
100000008659445100,2026-07-27,0,1,0.0,100000.0,-100000.0,0,1
100000008659445100,2026-07-28,0,2,0.0,119500.0,-119500.0,0,1
100000008659445100,2026-07-29,0,1,0.0,22000.0,-22000.0,0,1
100000008659445100,2026-07-31,0,1,0.0,29000.0,-29000.0,0,1
100000008659950100,2026-07-13,1,0,246000.0,0.0,246000.0,1,0
100000008661550100,2026-07-01,1,0,22800.0,0.0,22800.0,1,0
100000008661585100,2026-07-01,1,0,43141.0,0.0,43141.0,1,0
100000008662216100,2026-07-01,1,0,26200.0,0.0,26200.0,1,0
100000008662805100,2026-07-01,1,0,16500.0,0.0,16500.0,1,0
100000008663007100,2026-07-01,1,0,14000.0,0.0,14000.0,1,0
100000008663723100,2026-07-01,1,0,15600.0,0.0,15600.0,1,0
100000008664469100,2026-07-23,1,0,25000.0,0.0,25000.0,1,0
100000008664774100,2026-07-02,1,0,16300.0,0.0,16300.0,1,0
100000008665380100,2026-07-06,1,0,59100.0,0.0,59100.0,1,0
100000008665380100,2026-07-07,0,1,0.0,18200.0,-18200.0,0,1
100000008665380100,2026-07-09,1,0,10000.0,0.0,10000.0,1,0
100000008666075100,2026-07-02,1,0,26217.0,0.0,26217.0,1,0
100000008667058100,2026-07-03,1,0,17534.0,0.0,17534.0,1,0
100000008667795100,2026-07-02,1,0,34000.0,0.0,34000.0,1,0
100000008667799100,2026-07-02,1,0,34000.0,0.0,34000.0,1,0
100000008668099100,2026-07-02,1,0,15700.0,0.0,15700.0,1,0
100000008669310100,2026-07-03,1,0,13000.0,0.0,13000.0,1,0
100000008669310100,2026-07-27,1,0,46567.0,0.0,46567.0,1,0
100000008670667100,2026-07-03,1,0,15534.0,0.0,15534.0,1,0
100000008671026100,2026-07-03,1,0,23534.0,0.0,23534.0,1,0
100000008671081100,2026-07-03,1,0,37200.0,0.0,37200.0,1,0
100000008671129100,2026-07-03,1,0,26200.0,0.0,26200.0,1,0
100000008671929100,2026-07-19,1,0,25000.0,0.0,25000.0,1,0
100000008671929100,2026-07-21,1,0,50000.0,0.0,50000.0,1,0
100000008672162100,2026-07-03,1,0,15550.0,0.0,15550.0,1,0
100000008672200100,2026-07-03,1,0,8511.0,0.0,8511.0,1,0
100000008672480100,2026-07-03,1,0,13000.0,0.0,13000.0,1,0
100000008672493100,2026-07-03,1,0,14000.0,0.0,14000.0,1,0
100000008672603100,2026-07-03,1,0,21200.0,0.0,21200.0,1,0
100000008672762100,2026-07-03,1,0,13000.0,0.0,13000.0,1,0
100000008673001100,2026-07-20,1,0,80000.0,0.0,80000.0,1,0
100000008675322100,2026-07-09,1,0,110000.0,0.0,110000.0,1,0
100000008675322100,2026-07-11,1,0,40000.0,0.0,40000.0,1,0
100000008675322100,2026-07-13,1,0,120000.0,0.0,120000.0,1,0
100000008675322100,2026-07-15,1,0,70000.0,0.0,70000.0,1,0
100000008676812100,2026-07-09,1,0,230800.0,0.0,230800.0,1,0
100000008677215100,2026-07-05,1,0,9000.0,0.0,9000.0,1,0
100000008677368100,2026-07-14,1,0,13500.0,0.0,13500.0,1,0
100000008677518100,2026-07-05,1,0,48700.0,0.0,48700.0,1,0
100000008679986100,2026-07-06,1,0,19000.0,0.0,19000.0,1,0
100000008680061100,2026-07-07,1,0,26200.0,0.0,26200.0,1,0
100000008680061100,2026-07-09,1,0,15100.0,0.0,15100.0,1,0
100000008680451100,2026-07-06,1,0,23534.0,0.0,23534.0,1,0
100000008680731100,2026-07-11,0,2,0.0,115410.0,-115410.0,0,2
100000008680731100,2026-07-12,0,5,0.0,408080.0,-408080.0,0,5
100000008680731100,2026-07-13,0,5,0.0,240217.0,-240217.0,0,5
100000008680731100,2026-07-14,0,10,0.0,385301.0,-385301.0,0,9
100000008680731100,2026-07-15,0,5,0.0,303346.0,-303346.0,0,5
100000008680731100,2026-07-16,0,1,0.0,12000.0,-12000.0,0,1
100000008680912100,2026-07-06,1,0,39086.0,0.0,39086.0,1,0
100000008680912100,2026-07-10,1,0,6026.0,0.0,6026.0,1,0
100000008680912100,2026-07-11,0,1,0.0,5990.85,-5990.85,0,1
100000008682426100,2026-07-18,1,0,20000.0,0.0,20000.0,1,0
100000008683818100,2026-07-07,1,0,17400.0,0.0,17400.0,1,0
100000008684452100,2026-07-08,1,0,51800.0,0.0,51800.0,1,0
100000008684767100,2026-07-07,1,0,31100.0,0.0,31100.0,1,0
100000008684951100,2026-07-07,1,0,17200.0,0.0,17200.0,1,0
100000008686214100,2026-07-22,1,0,25000.0,0.0,25000.0,1,0
100000008686234100,2026-07-08,1,0,39778.0,0.0,39778.0,1,0
100000008686247100,2026-07-15,1,0,8000.0,0.0,8000.0,1,0
100000008686247100,2026-07-16,1,0,14000.0,0.0,14000.0,1,0
100000008686247100,2026-07-27,0,1,0.0,5000.0,-5000.0,0,1
100000008686313100,2026-07-09,1,0,10341.0,0.0,10341.0,1,0
100000008686313100,2026-07-11,1,2,140180.0,37200.0,102980.0,1,2
100000008686313100,2026-07-12,1,0,11954.0,0.0,11954.0,1,0
100000008686313100,2026-07-14,0,2,0.0,70800.0,-70800.0,0,2
100000008686313100,2026-07-15,1,1,62706.0,50000.0,12706.0,1,1
100000008686313100,2026-07-16,0,1,0.0,50000.0,-50000.0,0,1
100000008686313100,2026-07-18,1,0,75693.0,0.0,75693.0,1,0
100000008686313100,2026-07-19,1,0,177147.0,0.0,177147.0,1,0
100000008686313100,2026-07-20,0,1,0.0,29200.0,-29200.0,0,1
100000008686313100,2026-07-21,1,0,23118.0,0.0,23118.0,1,0
100000008686313100,2026-07-22,1,0,406843.0,0.0,406843.0,1,0
100000008686313100,2026-07-23,1,0,70800.0,0.0,70800.0,1,0
100000008686313100,2026-07-24,2,1,156292.0,25800.0,130492.0,2,1
100000008686313100,2026-07-25,1,1,128925.0,28500.0,100425.0,1,1
100000008686313100,2026-07-26,1,0,224275.0,0.0,224275.0,1,0
100000008686313100,2026-07-27,1,1,197242.0,5000.0,192242.0,1,1
100000008686313100,2026-07-28,0,2,0.0,32300.0,-32300.0,0,2
100000008686313100,2026-07-29,0,1,0.0,5000.0,-5000.0,0,1
100000008686313100,2026-07-30,1,0,175800.0,0.0,175800.0,1,0
100000008686313100,2026-07-31,1,0,51400.0,0.0,51400.0,1,0
100000008686494100,2026-07-08,1,0,15700.0,0.0,15700.0,1,0
100000008687492100,2026-07-08,1,0,15000.0,0.0,15000.0,1,0
100000008687617100,2026-07-08,1,0,17200.0,0.0,17200.0,1,0
100000008687617100,2026-07-15,1,0,26150.0,0.0,26150.0,1,0
100000008687671100,2026-07-09,1,0,37500.0,0.0,37500.0,1,0
100000008687733100,2026-07-08,1,0,14650.0,0.0,14650.0,1,0
100000008687990100,2026-07-08,1,0,17600.0,0.0,17600.0,1,0
100000008688109100,2026-07-08,1,0,12800.0,0.0,12800.0,1,0
100000008688155100,2026-07-08,1,0,23600.0,0.0,23600.0,1,0
100000008688476100,2026-07-08,1,0,24000.0,0.0,24000.0,1,0
100000008688881100,2026-07-08,1,0,44211.0,0.0,44211.0,1,0
100000008690762100,2026-07-09,1,0,26750.0,0.0,26750.0,1,0
100000008690932100,2026-07-09,1,0,23000.0,0.0,23000.0,1,0
100000008691027100,2026-07-09,1,0,17534.0,0.0,17534.0,1,0
100000008691168100,2026-07-09,1,0,24000.0,0.0,24000.0,1,0
100000008691330100,2026-07-09,1,0,21440.0,0.0,21440.0,1,0
100000008691495100,2026-07-09,1,0,27000.0,0.0,27000.0,1,0
100000008692291100,2026-07-14,0,1,0.0,35000.0,-35000.0,0,1
100000008692291100,2026-07-18,2,0,150000.0,0.0,150000.0,2,0
100000008692291100,2026-07-19,0,1,0.0,21000.0,-21000.0,0,1
100000008692291100,2026-07-21,0,1,0.0,100000.0,-100000.0,0,1
100000008692291100,2026-07-30,1,0,10000.0,0.0,10000.0,1,0
100000008693069100,2026-07-09,1,0,20000.0,0.0,20000.0,1,0
100000008695133100,2026-07-10,1,0,36610.0,0.0,36610.0,1,0
100000008695157100,2026-07-10,1,0,16112.0,0.0,16112.0,1,0
100000008695157100,2026-07-16,1,0,191434.0,0.0,191434.0,1,0
100000008695157100,2026-07-30,1,0,218000.0,0.0,218000.0,1,0
100000008695495100,2026-07-10,1,0,21000.0,0.0,21000.0,1,0
100000008695566100,2026-07-10,1,0,33700.0,0.0,33700.0,1,0
100000008695689100,2026-07-10,1,0,26200.0,0.0,26200.0,1,0
100000008696692100,2026-07-10,1,0,19000.0,0.0,19000.0,1,0
100000008696919100,2026-07-10,1,0,31945.0,0.0,31945.0,1,0
100000008697670100,2026-07-10,1,0,25350.0,0.0,25350.0,1,0
100000008699083100,2026-07-30,1,0,238500.0,0.0,238500.0,1,0
100000008701256100,2026-07-24,1,0,58250.0,0.0,58250.0,1,0
100000008701944100,2026-07-12,1,0,52124.0,0.0,52124.0,1,0
100000008703533100,2026-07-16,1,0,75000.0,0.0,75000.0,1,0
100000008706846100,2026-07-13,1,0,14200.0,0.0,14200.0,1,0
100000008706947100,2026-07-13,1,0,17200.0,0.0,17200.0,1,0
100000008707810100,2026-07-13,1,0,26200.0,0.0,26200.0,1,0
100000008708025100,2026-07-25,1,0,10000.0,0.0,10000.0,1,0
100000008708061100,2026-07-13,1,0,8650.0,0.0,8650.0,1,0
100000008708207100,2026-07-31,2,0,465000.0,0.0,465000.0,2,0
100000008708368100,2026-07-13,1,0,23677.0,0.0,23677.0,1,0
100000008708595100,2026-07-13,1,0,17200.0,0.0,17200.0,1,0
100000008708743100,2026-07-13,1,0,15550.0,0.0,15550.0,1,0
100000008710791100,2026-07-16,1,0,12000.0,0.0,12000.0,1,0
100000008710791100,2026-07-21,0,1,0.0,100111.0,-100111.0,0,1
100000008710791100,2026-07-22,0,3,0.0,747500.0,-747500.0,0,3
100000008710791100,2026-07-25,1,3,115000.0,341000.0,-226000.0,1,3
100000008710791100,2026-07-26,0,2,0.0,368000.0,-368000.0,0,2
100000008710791100,2026-07-27,0,1,0.0,410000.0,-410000.0,0,1
100000008710791100,2026-07-28,1,3,54510.0,865000.0,-810490.0,1,3
100000008710791100,2026-07-29,0,5,0.0,1268400.0,-1268400.0,0,5
100000008710791100,2026-07-30,0,4,0.0,616500.0,-616500.0,0,4
100000008710791100,2026-07-31,0,3,0.0,805000.0,-805000.0,0,3
100000008710843100,2026-07-14,1,0,6200.0,0.0,6200.0,1,0
100000008710843100,2026-07-16,1,0,12000.0,0.0,12000.0,1,0
100000008710843100,2026-07-20,0,1,0.0,69000.0,-69000.0,0,1
100000008710843100,2026-07-21,1,1,15744.0,15000.0,744.0,1,1
100000008710843100,2026-07-24,0,1,0.0,10000.0,-10000.0,0,1
100000008710843100,2026-07-25,0,1,0.0,35000.0,-35000.0,0,1
100000008710843100,2026-07-26,0,2,0.0,346000.0,-346000.0,0,2
100000008710843100,2026-07-27,0,1,0.0,140000.0,-140000.0,0,1
100000008710843100,2026-07-28,0,1,0.0,173000.0,-173000.0,0,1
100000008710843100,2026-07-29,0,1,0.0,160000.0,-160000.0,0,1
100000008710843100,2026-07-30,0,3,0.0,692000.0,-692000.0,0,2
100000008710843100,2026-07-31,0,2,0.0,345500.0,-345500.0,0,2
100000008710913100,2026-07-16,1,0,14000.0,0.0,14000.0,1,0
100000008712036100,2026-07-14,1,0,21000.0,0.0,21000.0,1,0
100000008712184100,2026-07-14,1,0,18000.0,0.0,18000.0,1,0
100000008712827100,2026-07-14,1,0,76000.0,0.0,76000.0,1,0
100000008712991100,2026-07-14,1,0,66100.0,0.0,66100.0,1,0
100000008713270100,2026-07-22,0,1,0.0,40000.0,-40000.0,0,1
100000008713270100,2026-07-29,1,0,30000.0,0.0,30000.0,1,0
100000008713270100,2026-07-31,0,2,0.0,150000.0,-150000.0,0,2
100000008713685100,2026-07-14,1,0,49700.0,0.0,49700.0,1,0
100000008714412100,2026-07-16,1,0,169000.0,0.0,169000.0,1,0
100000008715513100,2026-07-31,1,0,32500.0,0.0,32500.0,1,0
100000008715887100,2026-07-15,1,0,18000.0,0.0,18000.0,1,0
100000008716072100,2026-07-15,1,0,12100.0,0.0,12100.0,1,0
100000008716222100,2026-07-15,1,0,18000.0,0.0,18000.0,1,0
100000008716439100,2026-07-15,1,0,12267.0,0.0,12267.0,1,0
100000008716773100,2026-07-15,1,0,15677.0,0.0,15677.0,1,0
100000008717340100,2026-07-15,1,0,41500.0,0.0,41500.0,1,0
100000008717341100,2026-07-15,1,0,14627.0,0.0,14627.0,1,0
100000008717375100,2026-07-24,1,0,29506.0,0.0,29506.0,1,0
100000008717802100,2026-07-15,1,0,26150.0,0.0,26150.0,1,0
100000008718089100,2026-07-15,1,0,15534.0,0.0,15534.0,1,0
100000008718811100,2026-07-15,1,0,73300.0,0.0,73300.0,1,0
100000008720668100,2026-07-16,1,0,16000.0,0.0,16000.0,1,0
100000008720798100,2026-07-20,1,0,15534.0,0.0,15534.0,1,0
100000008720856100,2026-07-19,0,1,0.0,25000.0,-25000.0,0,1
100000008720856100,2026-07-27,0,1,0.0,21000.0,-21000.0,0,1
100000008720856100,2026-07-30,1,0,18105.0,0.0,18105.0,1,0
100000008721637100,2026-07-18,0,1,0.0,115000.0,-115000.0,0,1
100000008721637100,2026-07-22,1,1,24041.0,12000.0,12041.0,1,1
100000008722328100,2026-07-16,1,0,23677.0,0.0,23677.0,1,0
100000008722417100,2026-07-16,1,1,331900.0,260000.0,71900.0,1,1
100000008722417100,2026-07-19,0,1,0.0,60000.0,-60000.0,0,1
100000008722417100,2026-07-20,0,1,0.0,180000.0,-180000.0,0,1
100000008722417100,2026-07-25,0,1,0.0,60000.0,-60000.0,0,1
100000008722417100,2026-07-28,0,1,0.0,100000.0,-100000.0,0,1
100000008722417100,2026-07-31,0,1,0.0,60000.0,-60000.0,0,1
100000008722541100,2026-07-19,1,0,60000.0,0.0,60000.0,1,0
100000008722541100,2026-07-25,1,0,60000.0,0.0,60000.0,1,0
100000008722541100,2026-07-28,1,0,100000.0,0.0,100000.0,1,0
100000008722541100,2026-07-31,1,0,60000.0,0.0,60000.0,1,0
100000008723830100,2026-07-16,1,0,454000.0,0.0,454000.0,1,0
100000008723830100,2026-07-17,0,1,0.0,455000.0,-455000.0,0,1
100000008723830100,2026-07-18,1,0,5785.0,0.0,5785.0,1,0
100000008724279100,2026-07-20,1,0,11750.0,0.0,11750.0,1,0
100000008724461100,2026-07-21,1,1,100111.0,130000.0,-29889.0,1,1
100000008727982100,2026-07-31,2,0,30000.0,0.0,30000.0,1,0
100000008728457100,2026-07-20,1,0,45000.0,0.0,45000.0,1,0
100000008729597100,2026-07-18,1,0,83090.0,0.0,83090.0,1,0
100000008729801100,2026-07-18,1,0,17534.0,0.0,17534.0,1,0
100000008730021100,2026-07-20,1,0,10000.0,0.0,10000.0,1,0
100000008730021100,2026-07-23,2,0,65555.0,0.0,65555.0,1,0
100000008730238100,2026-07-18,1,0,113000.0,0.0,113000.0,1,0
100000008730371100,2026-07-18,1,0,400000.0,0.0,400000.0,1,0
100000008730371100,2026-07-20,1,0,100000.0,0.0,100000.0,1,0
100000008730371100,2026-07-31,1,0,20000.0,0.0,20000.0,1,0
100000008730846100,2026-07-19,4,2,56000.0,185000.0,-129000.0,3,1
100000008730846100,2026-07-20,3,1,59242.0,70000.0,-10758.0,3,1
100000008730846100,2026-07-21,4,0,39800.0,0.0,39800.0,4,0
100000008730846100,2026-07-22,0,1,0.0,108370.0,-108370.0,0,1
100000008731444100,2026-07-20,0,3,0.0,267800.0,-267800.0,0,3
100000008731444100,2026-07-22,1,0,50000.0,0.0,50000.0,1,0
100000008731444100,2026-07-23,1,1,94000.0,50000.0,44000.0,1,1
100000008731444100,2026-07-25,0,1,0.0,31000.0,-31000.0,0,1
100000008731444100,2026-07-28,1,1,150000.0,82000.0,68000.0,1,1
100000008731444100,2026-07-29,1,1,50000.0,68967.8,-18967.8,1,1
100000008731444100,2026-07-30,1,1,95000.0,60000.0,35000.0,1,1
100000008731444100,2026-07-31,0,1,0.0,320000.0,-320000.0,0,1
100000008732098100,2026-07-18,1,0,15677.0,0.0,15677.0,1,0
100000008732488100,2026-07-27,1,1,137000.0,10000.0,127000.0,1,1
100000008733049100,2026-07-23,1,0,10000.0,0.0,10000.0,1,0
100000008733194100,2026-07-19,1,2,121344.0,55620.0,65724.0,1,2
100000008733194100,2026-07-21,1,1,70880.0,12000.0,58880.0,1,1
100000008733194100,2026-07-23,0,1,0.0,26000.0,-26000.0,0,1
100000008733194100,2026-07-24,2,1,59200.0,15000.0,44200.0,2,1
100000008733194100,2026-07-26,0,1,0.0,5000.0,-5000.0,0,1
100000008733194100,2026-07-28,0,2,0.0,46075.0,-46075.0,0,2
100000008734279100,2026-07-23,1,0,31650.0,0.0,31650.0,1,0
100000008734364100,2026-07-20,1,0,26200.0,0.0,26200.0,1,0
100000008735384100,2026-07-22,1,0,39220.0,0.0,39220.0,1,0
100000008735802100,2026-07-24,1,0,40000.0,0.0,40000.0,1,0
100000008735802100,2026-07-29,1,0,45000.0,0.0,45000.0,1,0
100000008735832100,2026-07-20,1,0,17600.0,0.0,17600.0,1,0
100000008736173100,2026-07-20,1,0,31060.0,0.0,31060.0,1,0
100000008736394100,2026-07-20,1,0,16000.0,0.0,16000.0,1,0
100000008736760100,2026-07-20,1,0,54757.0,0.0,54757.0,1,0
100000008736940100,2026-07-22,1,1,32500.0,12300.0,20200.0,1,1
100000008736940100,2026-07-23,2,4,72000.0,104800.0,-32800.0,1,2
100000008736940100,2026-07-24,1,0,6490.0,0.0,6490.0,1,0
100000008736940100,2026-07-25,2,0,53500.0,0.0,53500.0,2,0
100000008736940100,2026-07-26,3,1,115500.0,65000.0,50500.0,2,1
100000008736940100,2026-07-28,3,0,142100.0,0.0,142100.0,2,0
100000008736940100,2026-07-31,1,0,29000.0,0.0,29000.0,1,0
100000008737422100,2026-07-20,1,0,76903.0,0.0,76903.0,1,0
100000008737514100,2026-07-26,1,0,85000.0,0.0,85000.0,1,0
100000008737958100,2026-07-20,1,0,31373.0,0.0,31373.0,1,0
100000008737958100,2026-07-28,1,0,22000.0,0.0,22000.0,1,0
100000008738325100,2026-07-21,0,1,0.0,54000.0,-54000.0,0,1
100000008738325100,2026-07-23,1,0,36550.0,0.0,36550.0,1,0
100000008738526100,2026-07-21,1,0,15000.0,0.0,15000.0,1,0
100000008738526100,2026-07-26,0,1,0.0,140000.0,-140000.0,0,1
100000008738658100,2026-07-21,1,0,29920.0,0.0,29920.0,1,0
100000008739887100,2026-07-21,1,0,44000.0,0.0,44000.0,1,0
100000008739887100,2026-07-22,1,0,97000.0,0.0,97000.0,1,0
100000008739887100,2026-07-26,1,1,73000.0,57000.0,16000.0,1,1
100000008739887100,2026-07-28,0,1,0.0,250000.0,-250000.0,0,1
100000008740295100,2026-07-26,1,0,300000.0,0.0,300000.0,1,0
100000008740793100,2026-07-21,1,0,21000.0,0.0,21000.0,1,0
100000008741372100,2026-07-21,1,0,35975.0,0.0,35975.0,1,0
100000008742053100,2026-07-23,1,0,10000.0,0.0,10000.0,1,0
100000008742053100,2026-07-26,0,1,0.0,420000.0,-420000.0,0,1
100000008742053100,2026-07-27,0,1,0.0,232000.0,-232000.0,0,1
100000008742053100,2026-07-28,0,1,0.0,200000.0,-200000.0,0,1
100000008742053100,2026-07-29,0,2,0.0,621000.0,-621000.0,0,2
100000008742053100,2026-07-30,0,5,0.0,691000.0,-691000.0,0,5
100000008742053100,2026-07-31,0,2,0.0,625000.0,-625000.0,0,2
100000008742266100,2026-07-21,1,0,21000.0,0.0,21000.0,1,0
100000008743913100,2026-07-22,1,0,9000.0,0.0,9000.0,1,0
100000008743913100,2026-07-26,0,2,0.0,302000.0,-302000.0,0,2
100000008743913100,2026-07-27,0,3,0.0,17000.0,-17000.0,0,3
100000008743913100,2026-07-28,2,2,140300.0,730000.0,-589700.0,2,2
100000008743913100,2026-07-29,0,3,0.0,99000.0,-99000.0,0,3
100000008743913100,2026-07-31,0,3,0.0,702600.0,-702600.0,0,3
100000008744364100,2026-07-22,1,0,23700.0,0.0,23700.0,1,0
100000008744799100,2026-07-22,1,0,12600.0,0.0,12600.0,1,0
100000008744849100,2026-07-22,1,0,44445.0,0.0,44445.0,1,0
100000008745474100,2026-07-22,1,0,40559.0,0.0,40559.0,1,0
100000008745489100,2026-07-22,1,0,55539.0,0.0,55539.0,1,0
100000008745643100,2026-07-22,1,0,20313.0,0.0,20313.0,1,0
100000008745676100,2026-07-22,1,0,34547.0,0.0,34547.0,1,0
100000008745725100,2026-07-22,1,0,47060.0,0.0,47060.0,1,0
100000008745863100,2026-07-22,1,0,22900.0,0.0,22900.0,1,0
100000008745884100,2026-07-22,1,0,20000.0,0.0,20000.0,1,0
100000008746025100,2026-07-22,1,0,22000.0,0.0,22000.0,1,0
100000008746449100,2026-07-22,1,0,10000.0,0.0,10000.0,1,0
100000008746449100,2026-07-25,0,1,0.0,110000.0,-110000.0,0,1
100000008746449100,2026-07-27,0,7,0.0,423000.0,-423000.0,0,7
100000008746449100,2026-07-28,0,1,0.0,176000.0,-176000.0,0,1
100000008746449100,2026-07-29,0,1,0.0,300000.0,-300000.0,0,1
100000008746673100,2026-07-22,1,0,53048.0,0.0,53048.0,1,0
100000008747113100,2026-07-26,2,0,197801.0,0.0,197801.0,2,0
100000008748408100,2026-07-26,1,1,250000.0,90000.0,160000.0,1,1
100000008748408100,2026-07-27,0,3,0.0,153590.0,-153590.0,0,3
100000008748408100,2026-07-28,1,6,110000.0,522540.0,-412540.0,1,6
100000008748408100,2026-07-29,0,5,0.0,337790.0,-337790.0,0,5
100000008748408100,2026-07-30,0,4,0.0,207570.0,-207570.0,0,4
100000008748408100,2026-07-31,0,3,0.0,188470.0,-188470.0,0,3
100000008748795100,2026-07-23,1,0,47057.0,0.0,47057.0,1,0
100000008748914100,2026-07-23,0,7,0.0,1395147.0,-1395147.0,0,6
100000008748914100,2026-07-24,0,4,0.0,859000.0,-859000.0,0,2
100000008748914100,2026-07-25,2,1,50000.0,70700.0,-20700.0,1,1
100000008748914100,2026-07-26,1,0,7000.0,0.0,7000.0,1,0
100000008748914100,2026-07-27,1,5,23000.0,1341000.0,-1318000.0,1,4
100000008748914100,2026-07-28,1,1,15000.0,114000.0,-99000.0,1,1
100000008748914100,2026-07-29,4,0,85000.0,0.0,85000.0,1,0
100000008748914100,2026-07-30,0,2,0.0,542000.0,-542000.0,0,2
100000008748914100,2026-07-31,0,1,0.0,150000.0,-150000.0,0,1
100000008749063100,2026-07-23,1,0,19000.0,0.0,19000.0,1,0
100000008749405100,2026-07-23,1,0,37150.0,0.0,37150.0,1,0
100000008749406100,2026-07-23,1,0,17144.0,0.0,17144.0,1,0
100000008749618100,2026-07-23,1,0,47280.0,0.0,47280.0,1,0
100000008749900100,2026-07-23,1,0,17150.0,0.0,17150.0,1,0
100000008749989100,2026-07-23,1,0,16000.0,0.0,16000.0,1,0
100000008750464100,2026-07-23,1,0,8500.0,0.0,8500.0,1,0
100000008751349100,2026-07-23,1,0,11630.0,0.0,11630.0,1,0
100000008751380100,2026-07-24,1,0,7780.0,0.0,7780.0,1,0
100000008751380100,2026-07-31,1,0,338000.0,0.0,338000.0,1,0
100000008751429100,2026-07-23,3,0,134200.0,0.0,134200.0,2,0
100000008751429100,2026-07-25,1,0,75000.0,0.0,75000.0,1,0
100000008751429100,2026-07-26,1,1,77000.0,50000.0,27000.0,1,1
100000008751429100,2026-07-27,1,0,100000.0,0.0,100000.0,1,0
100000008751429100,2026-07-28,0,1,0.0,22600.0,-22600.0,0,1
100000008752616100,2026-07-24,1,0,10000.0,0.0,10000.0,1,0
100000008752616100,2026-07-29,1,3,54510.0,540000.0,-485490.0,1,3
100000008752616100,2026-07-30,0,1,0.0,140000.0,-140000.0,0,1
100000008752616100,2026-07-31,0,3,0.0,585000.0,-585000.0,0,3
100000008753061100,2026-07-24,1,0,14700.0,0.0,14700.0,1,0
100000008753061100,2026-07-28,1,0,13700.0,0.0,13700.0,1,0
100000008753193100,2026-07-24,1,0,35225.0,0.0,35225.0,1,0
100000008753897100,2026-07-24,1,0,24050.0,0.0,24050.0,1,0
100000008754608100,2026-07-30,1,0,12300.0,0.0,12300.0,1,0
100000008754747100,2026-07-24,1,0,45500.0,0.0,45500.0,1,0
100000008754997100,2026-07-24,1,0,18000.0,0.0,18000.0,1,0
100000008755168100,2026-07-24,1,0,17600.0,0.0,17600.0,1,0
100000008755361100,2026-07-24,1,0,14627.0,0.0,14627.0,1,0
100000008755580100,2026-07-24,1,0,16000.0,0.0,16000.0,1,0
100000008755754100,2026-07-29,1,0,7000.0,0.0,7000.0,1,0
100000008757301100,2026-07-25,1,0,5900.0,0.0,5900.0,1,0
100000008757301100,2026-07-26,1,0,25960.0,0.0,25960.0,1,0
100000008757301100,2026-07-27,1,0,26538.0,0.0,26538.0,1,0
100000008757369100,2026-07-25,0,1,0.0,5900.0,-5900.0,0,1
100000008757369100,2026-07-26,1,1,25961.0,25960.0,1.0,1,1
100000008757369100,2026-07-27,0,1,0.0,26538.0,-26538.0,0,1
100000008758106100,2026-07-25,1,0,10000.0,0.0,10000.0,1,0
100000008758168100,2026-07-25,1,0,10000.0,0.0,10000.0,1,0
100000008758168100,2026-07-28,0,1,0.0,250000.0,-250000.0,0,1
100000008758168100,2026-07-29,0,1,0.0,65000.0,-65000.0,0,1
100000008758168100,2026-07-30,0,2,0.0,778000.0,-778000.0,0,2
100000008758168100,2026-07-31,1,1,65410.0,440600.0,-375190.0,1,1
100000008758607100,2026-07-28,1,0,5000.0,0.0,5000.0,1,0
100000008759795100,2026-07-26,1,0,17000.0,0.0,17000.0,1,0
100000008759857100,2026-07-27,1,0,5000.0,0.0,5000.0,1,0
100000008759857100,2026-07-30,0,1,0.0,298000.0,-298000.0,0,1
100000008759857100,2026-07-31,0,2,0.0,696000.0,-696000.0,0,1
100000008760098100,2026-07-27,1,0,7000.0,0.0,7000.0,1,0
100000008760098100,2026-07-31,0,1,0.0,390000.0,-390000.0,0,1
100000008761132100,2026-07-26,1,0,10000.0,0.0,10000.0,1,0
100000008761219100,2026-07-28,1,0,20000.0,0.0,20000.0,1,0
100000008761219100,2026-07-29,1,1,30000.0,5000.0,25000.0,1,1
100000008761219100,2026-07-31,0,1,0.0,370000.0,-370000.0,0,1
100000008761220100,2026-07-26,1,0,10000.0,0.0,10000.0,1,0
100000008762005100,2026-07-27,1,0,5000.0,0.0,5000.0,1,0
100000008762728100,2026-07-29,1,0,17026.0,0.0,17026.0,1,0
100000008762832100,2026-07-29,0,4,0.0,85000.0,-85000.0,0,1
100000008762832100,2026-07-31,1,0,150000.0,0.0,150000.0,1,0
100000008762843100,2026-07-27,1,0,7000.0,0.0,7000.0,1,0
100000008762885100,2026-07-27,1,0,7000.0,0.0,7000.0,1,0
100000008763688100,2026-07-27,1,0,21000.0,0.0,21000.0,1,0
100000008764436100,2026-07-27,1,0,13100.0,0.0,13100.0,1,0
100000008764654100,2026-07-27,1,0,26150.0,0.0,26150.0,1,0
100000008765494100,2026-07-27,1,0,24000.0,0.0,24000.0,1,0
100000008765627100,2026-07-28,1,0,60000.0,0.0,60000.0,1,0
100000008766031100,2026-07-29,1,0,5000.0,0.0,5000.0,1,0
100000008766764100,2026-07-28,1,0,5000.0,0.0,5000.0,1,0
100000008767027100,2026-07-29,1,0,5000.0,0.0,5000.0,1,0
100000008767065100,2026-07-29,1,0,10000.0,0.0,10000.0,1,0
100000008767925100,2026-07-28,1,0,17144.0,0.0,17144.0,1,0
100000008767950100,2026-07-28,1,0,17350.0,0.0,17350.0,1,0
100000008768896100,2026-07-28,1,0,47060.0,0.0,47060.0,1,0
100000008769097100,2026-07-28,1,0,31100.0,0.0,31100.0,1,0
100000008769636100,2026-07-28,1,0,23118.0,0.0,23118.0,1,0
100000008770483100,2026-07-29,1,0,5000.0,0.0,5000.0,1,0
100000008771627100,2026-07-29,1,0,16500.0,0.0,16500.0,1,0
100000008771814100,2026-07-29,1,0,23700.0,0.0,23700.0,1,0
100000008771819100,2026-07-29,1,0,38900.0,0.0,38900.0,1,0
100000008772058100,2026-07-29,1,0,50000.0,0.0,50000.0,1,0
100000008772246100,2026-07-29,1,0,44500.0,0.0,44500.0,1,0
100000008773876100,2026-07-29,1,0,26120.0,0.0,26120.0,1,0
100000008774237100,2026-07-29,1,0,50000.0,0.0,50000.0,1,0
100000008774237100,2026-07-30,0,1,0.0,10000.0,-10000.0,0,1
100000008775471100,2026-07-30,2,0,580000.0,0.0,580000.0,1,0
100000008775747100,2026-07-31,1,0,5000.0,0.0,5000.0,1,0
100000008776298100,2026-07-30,1,0,42800.0,0.0,42800.0,1,0
100000008776310100,2026-07-30,1,0,19200.0,0.0,19200.0,1,0
100000008776420100,2026-07-30,1,0,69500.0,0.0,69500.0,1,0
100000008776576100,2026-07-30,1,0,14765.0,0.0,14765.0,1,0
100000008776720100,2026-07-30,1,0,26150.0,0.0,26150.0,1,0
100000008777088100,2026-07-30,1,0,18000.0,0.0,18000.0,1,0
100000008778010100,2026-07-30,2,0,76950.0,0.0,76950.0,1,0
100000008778753100,2026-07-30,1,0,10000.0,0.0,10000.0,1,0
100000008779584100,2026-07-30,1,0,31400.0,0.0,31400.0,1,0
100000008782056100,2026-07-31,1,0,29082.0,0.0,29082.0,1,0
100000008782421100,2026-07-31,1,0,49680.0,0.0,49680.0,1,0
100000008782800100,2026-07-31,1,0,43381.0,0.0,43381.0,1,0
