gid,direction,rank,counterparty_gid,sum_kzt,n_tx,counterparty_role,counterparty_cluster,counterparty_seed
100000000011452100,in,1,100000006866783100,75000.0,3,distributor,1,True
100000000011452100,in,2,100000008603629100,20000.0,1,coordinator,7,False
100000000011452100,in,3,100000005140601100,15000.0,3,peripheral,7,False
100000000011452100,out,1,100000005140601100,16685.0,2,peripheral,7,False
100000000018102100,in,1,100000000288317100,7000.0,1,peripheral,1,False
100000000031787100,in,1,100000000267734100,90000.0,2,peripheral,11,False
100000000031787100,out,1,100000000267734100,60000.0,3,peripheral,11,False
100000000031787100,out,2,100000005082652100,30000.0,1,terminal,11,False
100000000041368100,in,1,100000003684369100,160000.0,1,distributor,4,True
100000000076451100,in,1,100000004156082100,42707.0,1,coordinator,16,False
100000000076451100,in,2,100000007131370100,30000.0,1,transit,16,False
100000000076451100,in,3,100000004629688100,15000.0,2,peripheral,16,False
100000000076451100,out,1,100000007131370100,30000.0,1,transit,16,False
100000000076451100,out,2,100000002575080100,13000.0,1,transit,16,False
100000000076451100,out,3,100000004750897100,10000.0,1,terminal,16,False
100000000089154100,in,1,100000006866783100,10000.0,1,distributor,1,True
100000000089154100,out,1,100000006595426100,84800.0,3,terminal,1,False
100000000089154100,out,2,100000008111003100,53700.0,3,consolidator,1,False
100000000089154100,out,3,100000003684369100,49500.0,1,distributor,4,True
100000000190228100,in,1,100000003071930100,5000.0,1,peripheral,3,False
100000000190228100,out,1,100000002613929100,28560.0,1,terminal,3,False
100000000201868100,in,1,100000006069103100,190000.0,1,transit,55,False
100000000201868100,out,1,100000006069103100,190000.0,1,transit,55,False
100000000254336100,in,1,100000004400305100,69588.0,1,distributor,1,False
100000000254336100,in,2,100000000437046100,27589.0,1,coordinator,1,False
100000000254336100,out,1,100000007042175100,60000.0,1,peripheral,1,False
100000000267734100,in,1,100000007747786100,120000.0,1,distributor,11,True
100000000267734100,in,2,100000000031787100,60000.0,3,transit,11,False
100000000267734100,out,1,100000000031787100,90000.0,2,transit,11,False
100000000267734100,out,2,100000002842337100,50000.0,1,terminal,11,False
100000000267734100,out,3,100000007861311100,45000.0,1,terminal,11,False
100000000274067100,in,1,100000002958343100,300000.0,8,peripheral,11,False
100000000274067100,in,2,100000007747786100,217704.0,1,distributor,11,True
100000000274067100,out,1,100000002958343100,2900000.0,4,peripheral,11,False
100000000274067100,out,2,100000005608515100,64000.0,4,terminal,11,False
100000000274067100,out,3,100000006490557100,5000.0,1,terminal,11,False
100000000287768100,in,1,100000000437046100,35168.0,1,coordinator,1,False
100000000288317100,in,1,100000008603629100,50000.0,1,coordinator,7,False
100000000288317100,in,2,100000008731444100,50000.0,1,distributor,1,False
100000000288317100,out,1,100000006416061100,30000.0,1,peripheral,1,False
100000000288317100,out,2,100000006866831100,16500.0,1,peripheral,1,False
100000000288317100,out,3,100000000018102100,7000.0,1,peripheral,1,False
100000000291906100,in,1,100000004670388100,380000.0,2,peripheral,51,False
100000000291906100,in,2,100000002214301100,8000.0,1,peripheral,1,False
100000000291906100,out,1,100000000291908100,295500.0,5,peripheral,51,False
100000000291906100,out,2,100000004670388100,160354.0,1,peripheral,51,False
100000000291908100,in,1,100000000291906100,295500.0,5,transit,51,False
100000000291908100,out,1,100000004691350100,13300.0,1,peripheral,51,False
100000000297649100,in,1,100000001899164100,40000.0,1,peripheral,13,False
100000000297649100,out,1,100000001899164100,70600.0,2,peripheral,13,False
100000000299820100,in,1,100000004975919100,10000.0,1,peripheral,7,False
100000000307908100,in,1,100000008193577100,5000.0,1,peripheral,44,False
100000000331309100,in,1,100000003880331100,320000.0,3,distributor,7,False
100000000331309100,in,2,100000008748914100,242000.0,1,distributor,4,False
100000000331309100,in,3,100000003796063100,233200.0,2,distributor,6,False
100000000331309100,out,1,100000001330685100,2071530.0,5,peripheral,6,False
100000000331309100,out,2,100000001875167100,1000000.0,2,terminal,6,False
100000000331309100,out,3,100000001222263100,745570.0,1,peripheral,6,False
100000000332284100,in,1,100000004475818100,23726.0,1,peripheral,6,False
100000000332284100,in,2,100000008304139100,18000.0,1,distributor,4,False
100000000332284100,in,3,100000004140487100,13800.0,2,distributor,4,False
100000000332284100,out,1,100000001611488100,273000.0,1,terminal,6,False
100000000332284100,out,2,100000002513028100,9500.0,1,peripheral,61,False
100000000332284100,out,3,100000008097580100,7000.0,1,terminal,7,False
100000000343175100,in,1,100000005287097100,58800.0,6,distributor,5,False
100000000343175100,in,2,100000008418835100,31500.0,1,peripheral,16,True
100000000343175100,in,3,100000005339662100,28100.0,1,peripheral,16,False
100000000343175100,out,1,100000003115284100,622000.0,3,consolidator,12,False
100000000343175100,out,2,100000003014659100,280000.0,1,terminal,12,False
100000000343175100,out,3,100000001463701100,248000.0,1,terminal,12,False
100000000369781100,in,1,100000001252290100,5000.0,1,peripheral,6,False
100000000375150100,in,1,100000000733451100,300000.0,1,peripheral,14,False
100000000404740100,in,1,100000002984403100,25000.0,1,peripheral,27,False
100000000408846100,in,1,100000008461532100,40500.0,1,distributor,28,False
100000000413678100,in,1,100000000331309100,156500.0,1,coordinator,6,False
100000000413678100,in,2,100000003880331100,150000.0,1,distributor,7,False
100000000413678100,out,1,100000003985389100,422698.0,16,peripheral,7,False
100000000413678100,out,2,100000002968096100,70000.0,1,peripheral,7,False
100000000413678100,out,3,100000007960337100,35500.0,1,peripheral,7,False
100000000424935100,in,1,100000003001661100,15000.0,1,peripheral,29,False
100000000425407100,in,1,100000002306369100,20000.0,1,peripheral,4,False
100000000437046100,in,1,100000004351795100,542000.0,9,coordinator,1,False
100000000437046100,in,2,100000008293431100,215000.0,2,peripheral,1,False
100000000437046100,in,3,100000004390333100,100000.0,2,distributor,1,False
100000000437046100,out,1,100000008686313100,1104983.0,6,peripheral,1,False
100000000437046100,out,2,100000007055802100,1015000.0,16,consolidator,1,False
100000000437046100,out,3,100000008730371100,500000.0,2,terminal,1,False
100000000440392100,in,1,100000003016635100,105705.0,4,distributor,5,True
100000000470237100,in,1,100000000838385100,32500.0,1,peripheral,29,False
100000000481716100,in,1,100000008104567100,8000.0,1,peripheral,8,False
100000000489417100,in,1,100000004070318100,28504.0,1,distributor,1,False
100000000489417100,in,2,100000007648946100,25000.0,1,peripheral,14,False
100000000489417100,in,3,100000007639767100,20000.0,1,distributor,1,False
100000000489417100,out,1,100000001236706100,80000.0,1,peripheral,14,False
100000000490383100,in,1,100000006579678100,51600.0,1,peripheral,5,False
100000000490383100,in,2,100000005287097100,6000.0,1,distributor,5,False
100000000490383100,in,3,100000002938501100,5000.0,1,peripheral,5,False
100000000490383100,out,1,100000000706545100,343500.0,1,peripheral,5,False
100000000490383100,out,2,100000004948177100,48000.0,1,terminal,5,False
100000000490383100,out,3,100000007544358100,22500.0,1,transit,5,False
100000000500040100,in,1,100000003213473100,20000.0,1,distributor,1,False
100000000507799100,in,1,100000003016635100,5132.0,1,distributor,5,True
100000000507799100,out,1,100000005911352100,8000.0,1,peripheral,39,False
100000000533217100,in,1,100000005584222100,53587.0,1,peripheral,1,False
100000000534581100,in,1,100000008603629100,46972.0,1,coordinator,7,False
100000000534581100,in,2,100000008346837100,8988.0,1,coordinator,14,False
100000000534581100,out,1,100000001220124100,40000.0,1,peripheral,7,False
100000000542087100,in,1,100000004906181100,8506.91,1,peripheral,37,False
100000000552584100,in,1,100000002224132100,2500000.0,3,peripheral,25,False
100000000552584100,out,1,100000004603109100,57500.0,1,peripheral,25,False
100000000555721100,in,1,100000006866783100,95000.0,2,distributor,1,True
100000000555721100,in,2,100000008477350100,18000.0,1,coordinator,1,False
100000000557536100,in,1,100000004906181100,153000.0,7,peripheral,37,False
100000000560751100,in,1,100000005053653100,25000.0,1,peripheral,14,False
100000000561160100,in,1,100000003528285100,240000.0,1,peripheral,4,False
100000000569479100,in,1,100000008731444100,320000.0,1,distributor,1,False
100000000572276100,in,1,100000002578405100,13075.0,1,distributor,2,False
100000000572276100,out,1,100000008745676100,34547.0,1,peripheral,2,False
100000000580561100,in,1,100000003888271100,18680.0,2,peripheral,45,False
100000000580561100,in,2,100000007939160100,9300.0,1,peripheral,45,False
100000000580561100,out,1,100000007939160100,795000.0,2,peripheral,45,False
100000000580561100,out,2,100000005183943100,680900.0,9,terminal,45,False
100000000580561100,out,3,100000003888271100,12177.0,2,peripheral,45,False
100000000581662100,in,1,100000002989353100,21160.0,1,peripheral,10,False
100000000581682100,in,1,100000003001661100,5000.0,1,peripheral,29,False
100000000583220100,in,1,100000008733194100,5000.0,1,distributor,14,False
100000000583220100,out,1,100000004586598100,761255.0,4,peripheral,68,False
100000000594783100,in,1,100000002224132100,2635000.0,10,peripheral,25,False
100000000594783100,out,1,100000004603109100,92500.0,1,peripheral,25,False
100000000594783100,out,2,100000002224132100,60000.0,1,peripheral,25,False
100000000596954100,in,1,100000003946524100,120000.0,1,transit,4,False
100000000596954100,out,1,100000004539443100,39800.0,1,terminal,4,False
100000000596954100,out,2,100000004921657100,8300.0,1,peripheral,4,False
100000000600707100,in,1,100000002612809100,89000.0,2,peripheral,38,False
100000000607731100,in,1,100000006232815100,20000.0,1,peripheral,30,True
100000000607731100,out,1,100000004192865100,66666.0,1,terminal,30,False
100000000607941100,in,1,100000005287097100,30000.0,2,distributor,5,False
100000000607941100,in,2,100000003406094100,20000.0,1,peripheral,5,False
100000000607941100,out,1,100000003406094100,70000.0,4,peripheral,5,False
100000000608031100,in,1,100000008193258100,30000.0,1,peripheral,17,False
100000000611474100,in,1,100000003104347100,32000.0,1,peripheral,24,False
100000000625169100,in,1,100000001697501100,10000.0,1,distributor,2,False
100000000627521100,in,1,100000002241986100,6500.0,1,peripheral,40,False
100000000629812100,in,1,100000002205022100,12000.0,1,peripheral,56,False
100000000629812100,in,2,100000001530983100,10000.0,1,distributor,5,False
100000000634341100,in,1,100000004726132100,24000.0,2,peripheral,1,False
100000000640800100,in,1,100000001857829100,80000.0,1,coordinator,7,False
100000000640800100,out,1,100000008695157100,425546.0,3,peripheral,7,False
100000000640800100,out,2,100000008512827100,43439.0,1,distributor,10,False
100000000640800100,out,3,100000008734279100,31650.0,1,peripheral,7,False
100000000646541100,in,1,100000008686313100,10300.0,2,peripheral,1,False
100000000646541100,in,2,100000003951827100,10000.0,1,peripheral,1,False
100000000646541100,in,3,100000006111439100,5000.0,1,transit,6,False
100000000655469100,in,1,100000001427082100,20000.0,2,peripheral,23,False
100000000656682100,in,1,100000004400305100,71000.0,1,distributor,1,False
100000000656682100,out,1,100000002599729100,65000.0,2,peripheral,1,False
100000000656682100,out,2,100000008524903100,15000.0,1,peripheral,1,False
100000000661131100,in,1,100000002578405100,15600.0,1,distributor,2,False
100000000661912100,in,1,100000003131016100,126000.0,4,peripheral,7,False
100000000661912100,in,2,100000008603629100,101224.0,2,coordinator,7,False
100000000661912100,in,3,100000008477350100,70633.0,1,coordinator,1,False
100000000661912100,out,1,100000003131016100,405700.0,7,peripheral,7,False
100000000661912100,out,2,100000003246024100,25000.0,1,peripheral,7,False
100000000667713100,in,1,100000003016635100,106745.0,9,distributor,5,True
100000000667713100,in,2,100000008636603100,12750.0,1,peripheral,5,False
100000000667713100,out,1,100000002481735100,22436.0,2,terminal,5,False
100000000667713100,out,2,100000004186824100,14350.0,1,peripheral,5,False
100000000667713100,out,3,100000008636603100,12750.0,1,peripheral,5,False
100000000673868100,in,1,100000008258083100,2030650.0,5,peripheral,31,False
100000000673868100,out,1,100000008258083100,149500.0,12,peripheral,31,False
100000000673868100,out,2,100000007442518100,115000.0,3,peripheral,31,False
100000000673868100,out,3,100000004673335100,80000.0,1,peripheral,31,False
100000000673915100,in,1,100000004906181100,20200.0,1,peripheral,37,False
100000000703894100,in,1,100000006232815100,120000.0,1,peripheral,30,True
100000000703894100,out,1,100000004463277100,35000.0,1,terminal,30,False
100000000703902100,in,1,100000002527114100,25499.0,1,distributor,2,True
100000000704700100,in,1,100000004064431100,10000.0,1,peripheral,26,False
100000000706545100,in,1,100000003016635100,721300.0,6,distributor,5,True
100000000706545100,in,2,100000000490383100,343500.0,1,distributor,5,False
100000000706545100,in,3,100000006901046100,5500.0,1,peripheral,5,False
100000000706545100,out,1,100000006901046100,75800.0,3,peripheral,5,False
100000000718427100,in,1,100000001697501100,6000.0,1,distributor,2,False
100000000723383100,in,1,100000004180097100,6800.0,1,peripheral,1,False
100000000723383100,out,1,100000003154105100,60000.0,1,peripheral,23,False
100000000723383100,out,2,100000002185328100,15000.0,1,peripheral,23,False
100000000724540100,in,1,100000005527892100,50000.0,1,coordinator,21,False
100000000724540100,out,1,100000005241556100,100000.0,1,terminal,21,False
100000000733373100,in,1,100000004188160100,10710.0,1,peripheral,5,False
100000000733451100,in,1,100000006424479100,70000.0,2,peripheral,14,False
100000000733451100,out,1,100000000375150100,300000.0,1,peripheral,14,False
100000000733940100,in,1,100000001317336100,752000.0,2,peripheral,32,False
100000000737152100,in,1,100000007138613100,35000.0,1,peripheral,1,False
100000000749118100,in,1,100000004400305100,10330.0,1,distributor,1,False
100000000749118100,out,1,100000000981693100,16500.0,1,peripheral,1,False
100000000764836100,in,1,100000008603629100,251716.0,1,coordinator,7,False
100000000764836100,out,1,100000001598625100,25000.0,1,peripheral,7,False
100000000764836100,out,2,100000002369454100,25000.0,1,peripheral,7,False
100000000765628100,in,1,100000008169544100,5000.0,1,peripheral,5,False
100000000769919100,in,1,100000002371751100,250000.0,1,peripheral,62,False
100000000782285100,in,1,100000002741024100,6151.0,1,peripheral,1,False
100000000783406100,in,1,100000002217161100,6066.0,1,peripheral,36,False
100000000785800100,in,1,100000001872484100,19000.0,1,peripheral,57,False
100000000785800100,out,1,100000008601794100,19000.0,1,peripheral,57,True
100000000790311100,in,1,100000004156082100,46300.0,1,coordinator,16,False
100000000791285100,in,1,100000008461532100,1120000.0,2,distributor,28,False
100000000791285100,out,1,100000008461532100,560000.0,1,distributor,28,False
100000000791285100,out,2,100000002404112100,60000.0,1,peripheral,28,False
100000000791285100,out,3,100000005621418100,30000.0,1,peripheral,28,False
100000000795033100,in,1,100000008665380100,18200.0,1,peripheral,1,False
100000000795129100,in,1,100000004156082100,332000.0,1,coordinator,16,False
100000000795374100,in,1,100000008603629100,50000.0,1,coordinator,7,False
100000000802149100,in,1,100000000437046100,104128.0,1,coordinator,1,False
100000000803368100,in,1,100000001073568100,139503.0,1,peripheral,15,False
100000000806727100,in,1,100000007908818100,45000.0,1,peripheral,4,False
100000000806727100,out,1,100000001346560100,5000.0,1,peripheral,4,False
100000000810551100,in,1,100000003684369100,100000.0,1,distributor,4,True
100000000810551100,out,1,100000002205022100,7100.0,1,peripheral,56,False
100000000817146100,in,1,100000008650785100,70020.0,1,peripheral,5,True
100000000821507100,in,1,100000007442518100,400000.0,1,peripheral,31,False
100000000831684100,in,1,100000004692798100,15000.0,2,peripheral,13,False
100000000831684100,out,1,100000004692798100,50000.0,3,peripheral,13,False
100000000838385100,in,1,100000008213966100,436900.0,8,peripheral,29,False
100000000838385100,out,1,100000008213966100,145000.0,5,peripheral,29,False
100000000838385100,out,2,100000000470237100,32500.0,1,peripheral,29,False
100000000850297100,in,1,100000006707582100,17520.0,1,distributor,12,False
100000000850297100,out,1,100000006707582100,17520.0,1,distributor,12,False
100000000860514100,in,1,100000001526235100,12000.0,1,distributor,27,False
100000000860514100,out,1,100000007811950100,50000.0,1,peripheral,27,False
100000000861294100,in,1,100000008748408100,150000.0,1,distributor,9,False
100000000870121100,in,1,100000008733194100,12000.0,1,distributor,14,False
100000000878006100,in,1,100000000331309100,47003.0,1,coordinator,6,False
100000000896111100,in,1,100000001965374100,287100.0,1,peripheral,25,False
100000000907277100,in,1,100000002527114100,17534.0,1,distributor,2,True
100000000910216100,in,1,100000004847758100,71000.0,3,distributor,4,False
100000000910216100,out,1,100000008489922100,52010.0,1,coordinator,3,False
100000000912487100,in,1,100000008165763100,10000.0,1,transit,4,False
100000000913911100,in,1,100000008748914100,426000.0,1,distributor,4,False
100000000913911100,in,2,100000002901457100,41000.0,1,peripheral,1,False
100000000913911100,out,1,100000004737764100,600000.0,1,terminal,4,False
100000000917179100,in,1,100000005958064100,94465.0,2,peripheral,15,False
100000000922570100,in,1,100000008680731100,47101.0,1,distributor,13,True
100000000922570100,out,1,100000003922499100,50000.0,1,terminal,13,False
100000000926078100,in,1,100000008739887100,250000.0,1,peripheral,7,False
100000000926766100,in,1,100000001526235100,18750.0,1,distributor,27,False
100000000926766100,out,1,100000001526235100,6000.0,1,distributor,27,False
100000000933075100,in,1,100000002193259100,40000.0,1,peripheral,13,False
100000000933075100,out,1,100000002193259100,40000.0,1,peripheral,13,False
100000000933075100,out,2,100000002653187100,15000.0,1,peripheral,13,False
100000000941942100,in,1,100000003684369100,130000.0,1,distributor,4,True
100000000942301100,in,1,100000008477350100,57580.0,2,coordinator,1,False
100000000943371100,in,1,100000005074393100,15500.0,1,peripheral,14,False
100000000945428100,in,1,100000006866783100,89629.0,1,distributor,1,True
100000000954884100,in,1,100000002217161100,34000.0,1,peripheral,36,False
100000000955444100,in,1,100000003888271100,6910.0,1,peripheral,45,False
100000000955529100,in,1,100000005578559100,27000.0,1,distributor,8,False
100000000955529100,out,1,100000008556318100,63500.0,1,terminal,4,False
100000000957746100,in,1,100000006225798100,5300.0,1,peripheral,17,False
100000000961900100,in,1,100000006866783100,27000.0,2,distributor,1,True
100000000961900100,in,2,100000002957787100,9000.0,1,coordinator,1,False
100000000967918100,in,1,100000001126374100,21200.0,3,consolidator,1,False
100000000968253100,in,1,100000002527114100,15000.0,1,distributor,2,True
100000000971908100,in,1,100000008748408100,89000.0,1,distributor,9,False
100000000976943100,in,1,100000008730846100,70000.0,1,consolidator,12,False
100000000976943100,out,1,100000004601193100,84000.0,3,peripheral,12,False
100000000978041100,in,1,100000002527114100,44445.0,1,distributor,2,True
100000000979567100,in,1,100000004739664100,10000.0,1,transit,2,False
100000000979923100,in,1,100000000343175100,97900.0,1,distributor,12,True
100000000981693100,in,1,100000000749118100,16500.0,1,peripheral,1,False
100000000993112100,in,1,100000008172352100,141000.0,1,peripheral,33,False
100000000998559100,in,1,100000003684369100,100000.0,1,distributor,4,True
100000001009583100,in,1,100000000331309100,393740.0,1,coordinator,6,False
100000001046057100,in,1,100000008603331100,83420.0,1,peripheral,3,False
100000001046626100,in,1,100000000331309100,150000.0,1,coordinator,6,False
100000001049200100,in,1,100000003854444100,70610.0,1,distributor,18,False
100000001049200100,in,2,100000003016635100,6014.0,1,distributor,5,True
100000001049200100,out,1,100000004156082100,21000.0,2,coordinator,16,False
100000001049200100,out,2,100000003016635100,5000.0,1,distributor,5,True
100000001049200100,out,3,100000005619339100,5000.0,1,transit,5,False
100000001052789100,in,1,100000003854444100,70975.0,1,distributor,18,False
100000001052945100,in,1,100000005933757100,56520.0,1,distributor,15,False
100000001052945100,out,1,100000001131403100,1570000.0,3,peripheral,58,False
100000001052945100,out,2,100000004616845100,20200.0,2,peripheral,58,False
100000001052945100,out,3,100000005146665100,5500.0,1,peripheral,58,False
100000001053894100,in,1,100000002241986100,2000000.0,7,peripheral,40,False
100000001056414100,in,1,100000005242320100,250000.0,1,distributor,10,False
100000001063678100,in,1,100000002267998100,35000.0,1,peripheral,24,False
100000001063678100,out,1,100000008027922100,70000.0,1,peripheral,24,False
100000001063678100,out,2,100000001275557100,20000.0,1,peripheral,24,False
100000001065234100,in,1,100000008625905100,360000.0,1,peripheral,59,False
100000001065481100,in,1,100000005037490100,16000.0,2,peripheral,14,False
100000001066017100,in,1,100000004400305100,97000.0,1,distributor,1,False
100000001066017100,in,2,100000008477350100,39123.0,2,coordinator,1,False
100000001066017100,out,1,100000003091142100,40000.0,1,peripheral,1,False
100000001066017100,out,2,100000004788983100,27000.0,1,peripheral,1,False
100000001066017100,out,3,100000002597074100,8000.0,1,peripheral,1,False
100000001072022100,in,1,100000003684369100,740000.0,2,distributor,4,True
100000001072022100,in,2,100000000331309100,624000.0,3,coordinator,6,False
100000001072022100,in,3,100000008748914100,320000.0,1,distributor,4,False
100000001073568100,in,1,100000005933757100,707465.0,4,distributor,15,False
100000001073568100,out,1,100000000803368100,139503.0,1,peripheral,15,False
100000001073568100,out,2,100000004500444100,80000.0,2,peripheral,15,False
100000001074553100,in,1,100000005498992100,15000.0,1,distributor,3,True
100000001074553100,in,2,100000008680731100,13971.0,1,distributor,13,True
100000001083990100,in,1,100000004662806100,49900.0,2,peripheral,13,False
100000001089055100,in,1,100000003178549100,13000.0,1,peripheral,17,False
100000001102676100,in,1,100000005612411100,50000.0,1,distributor,4,False
100000001102676100,out,1,100000003684369100,50000.0,1,distributor,4,True
100000001103905100,in,1,100000002527114100,18000.0,1,distributor,2,True
100000001110358100,in,1,100000008477350100,23000.0,1,coordinator,1,False
100000001110358100,in,2,100000003242289100,9000.0,1,coordinator,17,False
100000001111763100,in,1,100000002527114100,17144.0,1,distributor,2,True
100000001114385100,in,1,100000008304139100,29500.0,1,distributor,4,False
100000001126374100,in,1,100000004400305100,140000.0,3,distributor,1,False
100000001126374100,in,2,100000006866783100,20000.0,2,distributor,1,True
100000001126374100,in,3,100000008477350100,16000.0,1,coordinator,1,False
100000001126374100,out,1,100000000967918100,21200.0,3,terminal,1,False
100000001126374100,out,2,100000005730108100,8000.0,1,terminal,1,False
100000001130176100,in,1,100000003068941100,25000.0,2,peripheral,1,False
100000001130553100,in,1,100000006734214100,18000.0,2,peripheral,6,False
100000001131403100,in,1,100000001052945100,1570000.0,3,peripheral,58,False
100000001138283100,in,1,100000008603629100,81805.0,1,coordinator,7,False
100000001138283100,out,1,100000008603629100,40000.0,1,coordinator,7,False
100000001138283100,out,2,100000004177936100,10000.0,1,peripheral,7,False
100000001138376100,in,1,100000004156082100,15300.0,1,coordinator,16,False
100000001140785100,in,1,100000008547844100,115000.0,1,coordinator,3,False
100000001140785100,in,2,100000008465789100,100000.0,1,distributor,3,False
100000001141268100,in,1,100000008758168100,250000.0,1,peripheral,22,False
100000001141268100,in,2,100000008743913100,230000.0,1,distributor,22,False
100000001141268100,out,1,100000002540033100,10000.0,1,peripheral,22,False
100000001145749100,in,1,100000005539910100,10000.0,1,peripheral,4,False
100000001149815100,in,1,100000002578405100,12000.0,1,distributor,2,False
100000001155773100,in,1,100000002578405100,21500.0,1,distributor,2,False
100000001160401100,in,1,100000002957787100,47190.0,2,coordinator,1,False
100000001162560100,in,1,100000005498992100,331300.0,2,distributor,3,True
100000001162560100,out,1,100000008497298100,600000.0,1,terminal,3,False
100000001162560100,out,2,100000003034546100,486715.0,2,terminal,3,False
100000001162560100,out,3,100000002718366100,419200.0,1,consolidator,3,False
100000001164648100,in,1,100000008460102100,7260.0,1,distributor,19,False
100000001164648100,in,2,100000003016635100,6400.0,1,distributor,5,True
100000001166289100,in,1,100000002733905100,482839.0,1,peripheral,2,False
100000001166289100,in,2,100000001697501100,238200.0,9,distributor,2,False
100000001166289100,out,1,100000002733905100,25000.0,1,peripheral,2,False
100000001169666100,in,1,100000008545727100,220000.0,2,peripheral,8,False
100000001169666100,out,1,100000004655046100,24000.0,1,peripheral,8,False
100000001184915100,in,1,100000004156082100,201000.0,2,coordinator,16,False
100000001194266100,in,1,100000003684369100,50000.0,1,distributor,4,True
100000001202637100,in,1,100000001650895100,10000.0,1,peripheral,8,False
100000001202787100,in,1,100000002645993100,8850.0,1,peripheral,1,False
100000001202787100,in,2,100000008379273100,6000.0,1,transit,8,False
100000001220124100,in,1,100000000534581100,40000.0,1,peripheral,7,False
100000001222245100,in,1,100000001222263100,420000.0,5,peripheral,6,False
100000001222263100,in,1,100000000331309100,745570.0,1,coordinator,6,False
100000001222263100,out,1,100000001222245100,420000.0,5,peripheral,6,False
100000001223977100,in,1,100000005031696100,5000.0,1,peripheral,52,False
100000001223977100,out,1,100000008461217100,18000.0,1,peripheral,52,False
100000001227106100,in,1,100000000331309100,164765.0,1,coordinator,6,False
100000001229743100,in,1,100000002957787100,7000.0,1,coordinator,1,False
100000001229743100,out,1,100000003481025100,9000.0,1,peripheral,1,False
100000001232297100,in,1,100000005074393100,5000.0,1,peripheral,14,False
100000001232297100,out,1,100000005074393100,30000.0,1,peripheral,14,False
100000001232297100,out,2,100000005882013100,15000.0,1,peripheral,14,False
100000001236706100,in,1,100000000489417100,80000.0,1,transit,14,False
100000001236706100,in,2,100000000331309100,35800.0,1,coordinator,6,False
100000001236706100,in,3,100000008346837100,26900.0,1,coordinator,14,False
100000001236706100,out,1,100000003370425100,20000.0,1,peripheral,14,False
100000001236706100,out,2,100000007653094100,16000.0,1,peripheral,14,False
100000001241318100,in,1,100000002606567100,53000.0,1,peripheral,1,False
100000001246806100,in,1,100000008724461100,130000.0,1,peripheral,3,False
100000001248999100,in,1,100000003242289100,23425.0,1,coordinator,17,False
100000001249054100,in,1,100000005704413100,17375.0,1,distributor,8,False
100000001250022100,in,1,100000008748408100,50000.0,1,distributor,9,False
100000001251686100,in,1,100000008165763100,18000.0,1,transit,4,False
100000001252290100,in,1,100000000331309100,141005.0,1,coordinator,6,False
100000001252290100,out,1,100000000369781100,5000.0,1,peripheral,6,False
100000001253557100,in,1,100000008466579100,80000.0,1,distributor,3,False
100000001253557100,in,2,100000003589877100,50000.0,1,peripheral,3,False
100000001253557100,in,3,100000008680731100,30000.0,1,distributor,13,True
100000001256409100,in,1,100000002508637100,8000.0,1,peripheral,21,False
100000001262647100,in,1,100000008188026100,23650.0,1,peripheral,16,False
100000001270349100,in,1,100000006240939100,200000.0,1,peripheral,9,False
100000001270470100,in,1,100000005367284100,28300.0,2,peripheral,1,False
100000001273783100,in,1,100000006707582100,23200.0,1,distributor,12,False
100000001275557100,in,1,100000001063678100,20000.0,1,peripheral,24,False
100000001275752100,in,1,100000008710791100,151500.0,1,distributor,3,False
100000001276409100,in,1,100000005704413100,94760.0,1,distributor,8,False
100000001279272100,in,1,100000000437046100,250000.0,1,coordinator,1,False
100000001279272100,out,1,100000000331309100,130000.0,1,coordinator,6,False
100000001279272100,out,2,100000001297206100,6758.0,1,peripheral,1,False
100000001279875100,in,1,100000002748180100,49235.0,1,distributor,10,False
100000001280798100,in,1,100000005578559100,23785.0,1,distributor,8,False
100000001282143100,in,1,100000005242320100,600000.0,2,distributor,10,False
100000001282143100,in,2,100000008742053100,480000.0,1,distributor,10,False
100000001282143100,in,3,100000008710791100,440000.0,1,distributor,3,False
100000001285440100,in,1,100000008758168100,178000.0,1,peripheral,22,False
100000001285440100,in,2,100000008710791100,65000.0,1,distributor,3,False
100000001286703100,in,1,100000002241986100,20500.0,1,peripheral,40,False
100000001287955100,in,1,100000006707582100,17520.0,1,distributor,12,False
100000001287955100,out,1,100000005242320100,185700.0,1,distributor,10,False
100000001287955100,out,2,100000004015047100,89300.0,2,consolidator,9,False
100000001287955100,out,3,100000007333038100,17500.0,1,peripheral,10,False
100000001290243100,in,1,100000000667713100,10000.0,1,peripheral,5,False
100000001297206100,in,1,100000001279272100,6758.0,1,peripheral,1,False
100000001298099100,in,1,100000005578559100,19000.0,1,distributor,8,False
100000001299323100,in,1,100000008489922100,109000.0,1,coordinator,3,False
100000001299443100,in,1,100000008460102100,8000.0,1,distributor,19,False
100000001299828100,in,1,100000004071444100,100000.0,1,peripheral,1,False
100000001303311100,in,1,100000008758168100,600000.0,1,peripheral,22,False
100000001303311100,in,2,100000008759857100,298000.0,1,peripheral,22,False
100000001303311100,in,3,100000008710791100,250000.0,1,distributor,3,False
100000001307612100,in,1,100000002527114100,38483.0,1,distributor,2,True
100000001308856100,in,1,100000001697501100,27000.0,1,distributor,2,False
100000001311175100,in,1,100000002989353100,300000.0,1,peripheral,10,False
100000001317336100,in,1,100000002175422100,131196.0,1,peripheral,32,False
100000001317336100,out,1,100000005042822100,1000000.0,1,peripheral,32,False
100000001317336100,out,2,100000000733940100,752000.0,2,peripheral,32,False
100000001325618100,in,1,100000008460102100,9300.0,1,distributor,19,False
100000001329153100,in,1,100000004400305100,150687.0,1,distributor,1,False
100000001330595100,in,1,100000004160650100,45000.0,3,distributor,26,False
100000001330595100,in,2,100000002731501100,22000.0,2,peripheral,26,False
100000001330595100,in,3,100000003275398100,20000.0,1,peripheral,26,False
100000001330595100,out,1,100000002257794100,154000.0,1,terminal,26,False
100000001330685100,in,1,100000000331309100,2071530.0,5,coordinator,6,False
100000001330685100,in,2,100000008477350100,233968.0,1,coordinator,1,False
100000001330685100,in,3,100000006866783100,130425.0,1,distributor,1,True
100000001330685100,out,1,100000002087788100,100500.0,1,terminal,6,False
100000001339466100,in,1,100000008165763100,30000.0,1,transit,4,False
100000001346560100,in,1,100000000806727100,5000.0,1,peripheral,4,False
100000001346560100,in,2,100000007908818100,5000.0,1,peripheral,4,False
100000001346560100,out,1,100000004959752100,22200.0,1,terminal,4,False
100000001362940100,in,1,100000003684369100,81000.0,1,distributor,4,True
100000001363952100,in,1,100000003880331100,127500.0,1,distributor,7,False
100000001363952100,in,2,100000006866783100,69155.0,1,distributor,1,True
100000001363952100,out,1,100000002779485100,91000.0,2,terminal,7,False
100000001373265100,in,1,100000008603629100,142482.0,1,coordinator,7,False
100000001373265100,out,1,100000002994441100,5000.0,1,peripheral,7,False
100000001378288100,in,1,100000002481974100,268000.0,3,peripheral,7,False
100000001379511100,in,1,100000008603331100,55000.0,1,peripheral,3,False
100000001380054100,in,1,100000006232815100,120000.0,1,peripheral,30,True
100000001380054100,in,2,100000005077484100,7050.0,1,peripheral,30,False
100000001380054100,out,1,100000006232815100,160000.0,2,peripheral,30,True
100000001380054100,out,2,100000005077484100,150000.0,1,peripheral,30,False
100000001380054100,out,3,100000001782980100,50000.0,1,peripheral,30,False
100000001380107100,in,1,100000002205022100,6000.0,1,peripheral,56,False
100000001380986100,in,1,100000001162560100,70170.0,1,distributor,3,False
100000001382002100,in,1,100000005584222100,55000.0,2,peripheral,1,False
100000001382002100,out,1,100000005584222100,56500.0,3,peripheral,1,False
100000001384826100,in,1,100000000331309100,364260.0,1,coordinator,6,False
100000001384826100,out,1,100000002728246100,10000.0,1,peripheral,6,False
100000001386612100,in,1,100000004403675100,62264.0,1,coordinator,20,False
100000001389255100,in,1,100000002527114100,16136.0,1,distributor,2,True
100000001411870100,in,1,100000007982728100,700000.0,3,distributor,9,True
100000001411870100,in,2,100000003923946100,200000.0,1,peripheral,9,False
100000001415126100,in,1,100000003823811100,27000.0,1,peripheral,20,False
100000001418900100,in,1,100000001697501100,40140.0,2,distributor,2,False
100000001420847100,in,1,100000003873332100,20000.0,2,peripheral,18,False
100000001427082100,in,1,100000007777377100,5000.0,1,peripheral,5,False
100000001427082100,out,1,100000004777215100,60000.0,1,peripheral,23,False
100000001427082100,out,2,100000002478829100,34000.0,1,peripheral,23,False
100000001427082100,out,3,100000000655469100,20000.0,2,peripheral,23,False
100000001429930100,in,1,100000008733194100,26000.0,1,distributor,14,False
100000001439416100,in,1,100000002741024100,10000.0,1,peripheral,1,False
100000001439416100,out,1,100000007511780100,155000.0,2,peripheral,1,False
100000001439416100,out,2,100000002741024100,10000.0,1,peripheral,1,False
100000001445848100,in,1,100000002217161100,546000.0,13,peripheral,36,False
100000001445848100,out,1,100000002217161100,351850.0,14,peripheral,36,False
100000001463701100,in,1,100000001831496100,373000.0,1,peripheral,12,False
100000001463701100,in,2,100000000343175100,248000.0,1,distributor,12,True
100000001471706100,in,1,100000003190207100,377000.0,8,peripheral,20,False
100000001477796100,in,1,100000004358004100,182000.0,1,distributor,4,True
100000001484381100,in,1,100000005704413100,71800.0,3,distributor,8,False
100000001484381100,in,2,100000005578559100,23785.0,1,distributor,8,False
100000001490461100,in,1,100000005473151100,20000.0,1,peripheral,8,False
100000001490461100,out,1,100000003671721100,5000.0,1,terminal,8,False
100000001498732100,in,1,100000004715209100,5500.0,1,peripheral,3,False
100000001524952100,in,1,100000006866783100,103807.0,1,distributor,1,True
100000001526235100,in,1,100000001788284100,56000.0,2,peripheral,27,False
100000001526235100,in,2,100000005505655100,20000.0,1,peripheral,27,False
100000001526235100,in,3,100000000926766100,6000.0,1,peripheral,27,False
100000001526235100,out,1,100000002472632100,309500.0,1,peripheral,27,False
100000001526235100,out,2,100000002708624100,25000.0,1,terminal,27,False
100000001526235100,out,3,100000002984403100,20000.0,1,peripheral,27,False
100000001527186100,in,1,100000003684369100,678000.0,2,distributor,4,True
100000001530709100,in,1,100000004400305100,53961.0,1,distributor,1,False
100000001530740100,in,1,100000003163256100,15000.0,1,transit,5,False
100000001530983100,in,1,100000003016635100,333890.0,1,distributor,5,True
100000001530983100,in,2,100000000331309100,104000.0,1,coordinator,6,False
100000001530983100,in,3,100000004150593100,67544.0,1,distributor,5,False
100000001530983100,out,1,100000007777377100,456290.0,7,peripheral,5,False
100000001530983100,out,2,100000007617808100,450000.0,1,terminal,5,False
100000001530983100,out,3,100000002939838100,340000.0,1,terminal,5,False
100000001533161100,in,1,100000004717647100,100000.0,1,peripheral,46,False
100000001534244100,in,1,100000008547948100,190000.0,1,coordinator,3,False
100000001534244100,in,2,100000008746449100,176000.0,1,distributor,3,False
100000001534244100,out,1,100000006381453100,45000.0,1,peripheral,3,False
100000001537524100,in,1,100000008742053100,150000.0,1,distributor,10,False
100000001538095100,in,1,100000008512827100,180000.0,1,distributor,10,False
100000001538095100,in,2,100000008517538100,100000.0,1,distributor,3,False
100000001541418100,in,1,100000001162560100,50000.0,1,distributor,3,False
100000001541418100,in,2,100000005933757100,46900.0,1,distributor,15,False
100000001549194100,in,1,100000005933757100,46500.0,1,distributor,15,False
100000001550388100,in,1,100000006866783100,50000.0,1,distributor,1,True
100000001550419100,in,1,100000005933757100,23000.0,1,distributor,15,False
100000001554432100,in,1,100000003684369100,53920.0,1,distributor,4,True
100000001557930100,in,1,100000008748408100,34610.0,1,distributor,9,False
100000001567366100,in,1,100000003016635100,824070.0,4,distributor,5,True
100000001578517100,in,1,100000001530983100,30000.0,1,distributor,5,False
100000001584286100,in,1,100000005242320100,638700.0,2,distributor,10,False
100000001584286100,in,2,100000007442518100,99999.0,1,peripheral,31,False
100000001590795100,in,1,100000008460102100,5060.0,1,distributor,19,False
100000001597424100,in,1,100000005933757100,48100.0,1,distributor,15,False
100000001597505100,in,1,100000008172352100,26460.0,1,peripheral,33,False
100000001597505100,out,1,100000004015047100,12920.0,1,consolidator,9,False
100000001598625100,in,1,100000000764836100,25000.0,1,peripheral,7,False
100000001600934100,in,1,100000005140601100,180300.0,2,peripheral,7,False
100000001600934100,out,1,100000005140601100,11000.0,1,peripheral,7,False
100000001601320100,in,1,100000000267734100,34000.0,1,peripheral,11,False
100000001601320100,in,2,100000004613582100,9500.0,1,peripheral,11,False
100000001601320100,out,1,100000004096559100,46200.0,1,terminal,11,False
100000001609499100,in,1,100000004400305100,113520.0,1,distributor,1,False
100000001609499100,in,2,100000006866783100,93937.0,1,distributor,1,True
100000001609499100,in,3,100000008603629100,55656.0,1,coordinator,7,False
100000001609499100,out,1,100000006866783100,11000.0,1,distributor,1,True
100000001609499100,out,2,100000002398779100,10000.0,1,consolidator,1,False
100000001611488100,in,1,100000000331309100,506300.0,2,coordinator,6,False
100000001611488100,in,2,100000000332284100,273000.0,1,consolidator,6,False
100000001616816100,in,1,100000004015047100,69195.0,7,consolidator,9,False
100000001616816100,in,2,100000001937767100,53000.0,1,peripheral,15,False
100000001616816100,in,3,100000005316708100,30000.0,1,peripheral,10,False
100000001616816100,out,1,100000004015047100,110500.0,8,consolidator,9,False
100000001616816100,out,2,100000001937767100,53000.0,1,peripheral,15,False
100000001616816100,out,3,100000001641789100,17826.0,1,terminal,9,False
100000001632325100,in,1,100000002578405100,85600.0,3,distributor,2,False
100000001633685100,in,1,100000004351795100,28000.0,1,coordinator,1,False
100000001633685100,in,2,100000008632060100,12000.0,1,distributor,1,False
100000001633685100,in,3,100000007593823100,5000.0,1,coordinator,1,False
100000001637376100,in,1,100000000331309100,116700.0,1,coordinator,6,False
100000001637376100,out,1,100000008376785100,234250.0,2,peripheral,6,False
100000001639766100,in,1,100000003509750100,20000.0,1,transit,9,False
100000001641789100,in,1,100000001616816100,17826.0,1,peripheral,9,True
100000001641951100,in,1,100000007908818100,25000.0,4,peripheral,4,False
100000001648936100,in,1,100000008748408100,92740.0,1,distributor,9,False
100000001650895100,in,1,100000008545727100,153500.0,1,peripheral,8,False
100000001650895100,out,1,100000001202637100,10000.0,1,peripheral,8,False
100000001660397100,in,1,100000008603629100,29300.0,1,coordinator,7,False
100000001660397100,in,2,100000006866783100,19300.0,1,distributor,1,True
100000001660397100,out,1,100000006866783100,24000.0,2,distributor,1,True
100000001660397100,out,2,100000008413748100,13000.0,1,distributor,17,False
100000001660397100,out,3,100000008477350100,12000.0,1,coordinator,1,False
100000001669260100,in,1,100000002531406100,500000.0,1,transit,21,False
100000001674850100,in,1,100000008465789100,190000.0,1,distributor,3,False
100000001674850100,in,2,100000008547948100,47000.0,1,coordinator,3,False
100000001677389100,in,1,100000008512552100,11000.0,1,peripheral,17,False
100000001677389100,out,1,100000008255655100,5400.0,1,peripheral,17,False
100000001677929100,in,1,100000002394199100,76777.0,1,peripheral,11,False
100000001677929100,in,2,100000007536804100,45000.0,1,peripheral,11,False
100000001677929100,in,3,100000001740277100,5000.0,1,peripheral,11,False
100000001677929100,out,1,100000002394199100,277398.0,3,peripheral,11,False
100000001677929100,out,2,100000001740277100,8700.0,1,peripheral,11,False
100000001680944100,in,1,100000008743913100,393000.0,1,distributor,22,False
100000001684867100,in,1,100000003016635100,30550.0,1,distributor,5,True
100000001686328100,in,1,100000008752616100,140000.0,1,peripheral,3,False
100000001688676100,in,1,100000003854444100,133700.0,1,distributor,18,False
100000001689968100,in,1,100000000331309100,188767.0,1,coordinator,6,False
100000001689968100,in,2,100000008413748100,96700.0,1,distributor,17,False
100000001689968100,in,3,100000002957787100,58866.75,1,coordinator,1,False
100000001690439100,in,1,100000003741418100,14200.0,1,consolidator,6,False
100000001690558100,in,1,100000003854444100,740000.0,1,distributor,18,False
100000001696818100,in,1,100000004358004100,53550.0,1,distributor,4,True
100000001697501100,in,1,100000002578405100,73700.0,1,distributor,2,False
100000001697501100,in,2,100000002527114100,25000.0,1,distributor,2,True
100000001697501100,in,3,100000006612238100,25000.0,1,peripheral,2,False
100000001697501100,out,1,100000001166289100,238200.0,9,peripheral,2,False
100000001697501100,out,2,100000006612238100,160000.0,1,peripheral,2,False
100000001697501100,out,3,100000002578405100,120000.0,2,distributor,2,False
100000001703168100,in,1,100000008304139100,45000.0,1,distributor,4,False
100000001703168100,out,1,100000005061890100,90000.0,1,terminal,4,False
100000001714173100,in,1,100000002748532100,638905.0,6,peripheral,22,False
100000001714413100,in,1,100000000331309100,250172.0,1,coordinator,6,False
100000001714883100,in,1,100000008460102100,6900.0,1,distributor,19,False
100000001716579100,in,1,100000002527114100,13916.0,1,distributor,2,True
100000001724740100,in,1,100000008561016100,185000.0,4,transit,3,False
100000001726614100,in,1,100000000437046100,138717.0,1,coordinator,1,False
100000001732159100,in,1,100000008637537100,2283100.0,28,peripheral,41,True
100000001732159100,in,2,100000008314203100,95000.0,2,peripheral,41,True
100000001732159100,out,1,100000003404627100,465000.0,2,consolidator,41,False
100000001732159100,out,2,100000008637537100,381890.0,10,peripheral,41,True
100000001732159100,out,3,100000008232832100,337000.0,2,peripheral,41,False
100000001733216100,in,1,100000003221510100,60000.0,2,peripheral,1,False
100000001733687100,in,1,100000008547948100,300000.0,1,coordinator,3,False
100000001737722100,in,1,100000005612411100,60460.0,1,distributor,4,False
100000001740277100,in,1,100000001677929100,8700.0,1,peripheral,11,False
100000001740277100,out,1,100000001677929100,5000.0,1,peripheral,11,False
100000001745217100,in,1,100000000437046100,50000.0,1,coordinator,1,False
100000001746925100,in,1,100000003684369100,65250.0,1,distributor,4,True
100000001746925100,out,1,100000005031696100,5000.0,1,peripheral,52,False
100000001782980100,in,1,100000001380054100,50000.0,1,peripheral,30,False
100000001782980100,out,1,100000003164661100,596200.0,3,terminal,30,False
100000001784279100,in,1,100000000437046100,35674.0,1,coordinator,1,False
100000001785161100,in,1,100000000673868100,15000.0,1,peripheral,31,False
100000001785161100,in,2,100000008258083100,15000.0,1,peripheral,31,False
100000001788284100,in,1,100000001526235100,8000.0,1,distributor,27,False
100000001788284100,out,1,100000002472632100,192900.0,2,peripheral,27,False
100000001788284100,out,2,100000001526235100,56000.0,2,distributor,27,False
100000001788284100,out,3,100000004674178100,20000.0,1,peripheral,27,False
100000001805543100,in,1,100000003016635100,59000.0,1,distributor,5,True
100000001808684100,in,1,100000003509750100,48400.0,3,transit,9,False
100000001808684100,out,1,100000003509750100,37700.0,2,transit,9,False
100000001816678100,in,1,100000004077081100,60000.0,1,peripheral,4,False
100000001818442100,in,1,100000005578559100,42215.0,1,distributor,8,False
100000001819396100,in,1,100000008461532100,166080.0,1,distributor,28,False
100000001822623100,in,1,100000008137435100,201300.0,1,peripheral,24,False
100000001822650100,in,1,100000008517538100,112000.0,1,distributor,3,False
100000001825934100,in,1,100000005507142100,40000.0,1,peripheral,38,False
100000001825934100,out,1,100000002214207100,97000.0,1,peripheral,38,False
100000001831496100,in,1,100000005933757100,25000.0,1,distributor,15,False
100000001831496100,out,1,100000001463701100,373000.0,1,terminal,12,False
100000001835625100,in,1,100000000331309100,75130.0,1,coordinator,6,False
100000001837130100,in,1,100000000437046100,172900.0,1,coordinator,1,False
100000001845505100,in,1,100000003366471100,20000.0,1,peripheral,7,False
100000001848426100,in,1,100000008748408100,95530.0,1,distributor,9,False
100000001851289100,in,1,100000003016635100,109510.0,3,distributor,5,True
100000001852140100,in,1,100000006888238100,30000.0,1,peripheral,60,False
100000001853812100,in,1,100000008603629100,70000.0,1,coordinator,7,False
100000001857829100,in,1,100000008603629100,408000.0,2,coordinator,7,False
100000001857829100,in,2,100000003880331100,300000.0,3,distributor,7,False
100000001857829100,in,3,100000003178549100,59000.0,1,peripheral,17,False
100000001857829100,out,1,100000004689658100,456100.0,1,peripheral,7,False
100000001857829100,out,2,100000003035737100,355570.0,1,peripheral,6,False
100000001857829100,out,3,100000008223756100,316170.0,1,terminal,7,False
100000001860090100,in,1,100000004698193100,5000.0,1,peripheral,9,False
100000001870116100,in,1,100000002527114100,24000.0,1,distributor,2,True
100000001872484100,in,1,100000008601794100,871400.0,13,peripheral,57,True
100000001872484100,out,1,100000008601794100,475400.0,7,peripheral,57,True
100000001872484100,out,2,100000002459163100,20180.0,1,terminal,57,False
100000001872484100,out,3,100000000785800100,19000.0,1,transit,57,False
100000001875167100,in,1,100000000331309100,1000000.0,2,coordinator,6,False
100000001875239100,in,1,100000008710791100,445000.0,1,distributor,3,False
100000001875239100,in,2,100000008547948100,175000.0,1,coordinator,3,False
100000001875239100,in,3,100000008547844100,92000.0,1,coordinator,3,False
100000001884825100,in,1,100000008547948100,250000.0,1,coordinator,3,False
100000001884825100,in,2,100000008489922100,150000.0,1,coordinator,3,False
100000001884825100,in,3,100000008517538100,95000.0,1,distributor,3,False
100000001887715100,in,1,100000008759857100,696000.0,2,peripheral,22,False
100000001887715100,in,2,100000008760098100,390000.0,1,peripheral,22,False
100000001887715100,in,3,100000008710843100,245500.0,1,distributor,22,False
100000001887715100,out,1,100000002622822100,750000.0,1,peripheral,22,False
100000001893287100,in,1,100000004698193100,18000.0,3,peripheral,9,False
100000001893287100,out,1,100000004698193100,152700.0,14,peripheral,9,False
100000001899164100,in,1,100000004420041100,190525.0,1,peripheral,13,False
100000001899164100,in,2,100000000297649100,70600.0,2,peripheral,13,False
100000001899164100,in,3,100000000343175100,21050.0,1,distributor,12,True
100000001899164100,out,1,100000000297649100,40000.0,1,peripheral,13,False
100000001899164100,out,2,100000002593038100,28500.0,1,terminal,13,False
100000001899164100,out,3,100000002193259100,8000.0,1,peripheral,13,False
100000001904863100,in,1,100000001937767100,500000.0,1,peripheral,15,False
100000001924185100,in,1,100000000343175100,115000.0,1,distributor,12,True
100000001924185100,in,2,100000003684369100,36000.0,1,distributor,4,True
100000001927599100,in,1,100000008545727100,130000.0,1,peripheral,8,False
100000001927599100,in,2,100000005578559100,58000.0,1,distributor,8,False
100000001929088100,in,1,100000007747786100,210000.0,1,distributor,11,True
100000001929088100,in,2,100000005498992100,186010.0,1,distributor,3,True
100000001934935100,in,1,100000004400305100,118935.0,1,distributor,1,False
100000001937767100,in,1,100000001616816100,53000.0,1,peripheral,9,True
100000001937767100,out,1,100000002605308100,1000000.0,3,terminal,15,False
100000001937767100,out,2,100000001904863100,500000.0,1,terminal,15,False
100000001937767100,out,3,100000004905207100,380000.0,1,terminal,15,False
100000001952325100,in,1,100000002527114100,77888.0,2,distributor,2,True
100000001953577100,in,1,100000002527114100,15600.0,1,distributor,2,True
100000001954534100,in,1,100000006844768100,13000.0,1,peripheral,1,False
100000001954534100,out,1,100000003289281100,40000.0,1,peripheral,1,False
100000001954903100,in,1,100000006707582100,27118.0,1,distributor,12,False
100000001957974100,in,1,100000002963189100,500000.0,1,peripheral,15,False
100000001960517100,in,1,100000003977183100,200000.0,1,peripheral,9,True
100000001961048100,in,1,100000007442518100,150000.0,1,peripheral,31,False
100000001965374100,in,1,100000003835149100,1699720.0,7,peripheral,25,False
100000001965374100,in,2,100000005820746100,60000.0,1,peripheral,25,False
100000001965374100,out,1,100000005820746100,1989000.0,2,peripheral,25,False
100000001965374100,out,2,100000004399686100,806000.0,2,terminal,25,False
100000001965374100,out,3,100000000896111100,287100.0,1,terminal,25,False
100000001969496100,in,1,100000005933757100,22740.0,1,distributor,15,False
100000001985793100,in,1,100000002152857100,420000.0,1,peripheral,9,False
100000001987030100,in,1,100000004156082100,23668.0,1,coordinator,16,False
100000001987030100,in,2,100000003016635100,7196.0,1,distributor,5,True
100000001987030100,out,1,100000005514161100,19000.0,1,consolidator,10,False
100000001991973100,in,1,100000008460102100,20800.0,1,distributor,19,False
100000002015633100,in,1,100000000331309100,94970.0,1,coordinator,6,False
100000002028158100,in,1,100000004156082100,34800.0,1,coordinator,16,False
100000002032323100,in,1,100000008603331100,300000.0,1,peripheral,3,False
100000002032323100,out,1,100000002671326100,1050000.0,2,peripheral,3,False
100000002087788100,in,1,100000001330685100,100500.0,1,peripheral,6,False
100000002095257100,in,1,100000002193259100,8500.0,1,peripheral,13,False
100000002103448100,in,1,100000002578405100,27000.0,1,distributor,2,False
100000002109656100,in,1,100000005242320100,500000.0,1,distributor,10,False
100000002116705100,in,1,100000002578405100,17600.0,1,distributor,2,False
100000002119762100,in,1,100000008579978100,77000.0,6,peripheral,6,False
100000002121357100,in,1,100000008547844100,148300.0,1,coordinator,3,False
100000002121357100,in,2,100000008517538100,107000.0,1,distributor,3,False
100000002121357100,out,1,100000008730238100,113000.0,1,peripheral,3,False
100000002126791100,in,1,100000002849158100,1313000.0,3,peripheral,3,False
100000002130400100,in,1,100000002612809100,10000.0,1,peripheral,38,False
100000002132479100,in,1,100000004159526100,30000.0,2,peripheral,15,False
100000002132479100,out,1,100000004159526100,20000.0,1,peripheral,15,False
100000002152857100,in,1,100000007982728100,105000.0,1,distributor,9,True
100000002152857100,out,1,100000002459093100,500000.0,2,peripheral,9,False
100000002152857100,out,2,100000001985793100,420000.0,1,terminal,9,False
100000002152857100,out,3,100000006240939100,160000.0,1,peripheral,9,False
100000002156381100,in,1,100000002696152100,51000.0,6,peripheral,34,False
100000002156381100,in,2,100000003635170100,10000.0,1,transit,34,False
100000002156381100,out,1,100000002696152100,21800.0,3,peripheral,34,False
100000002158488100,in,1,100000002527114100,31723.0,1,distributor,2,True
100000002170580100,in,1,100000006707582100,150000.0,1,distributor,12,False
100000002173070100,in,1,100000001530983100,30000.0,1,distributor,5,False
100000002173161100,in,1,100000003016635100,869500.0,3,distributor,5,True
100000002173161100,in,2,100000008512827100,290000.0,1,distributor,10,False
100000002173161100,in,3,100000008710791100,268000.0,1,distributor,3,False
100000002175422100,in,1,100000003004487100,40000.0,2,consolidator,32,False
100000002175422100,in,2,100000003557488100,20000.0,2,peripheral,32,False
100000002175422100,in,3,100000002975437100,8500.0,1,peripheral,32,False
100000002175422100,out,1,100000003557488100,664992.0,3,peripheral,32,False
100000002175422100,out,2,100000002975437100,530000.0,2,peripheral,32,False
100000002175422100,out,3,100000002212494100,160000.0,1,terminal,32,False
100000002182176100,in,1,100000006866783100,42465.0,1,distributor,1,True
100000002184107100,in,1,100000002217161100,6066.0,1,peripheral,36,False
100000002185328100,in,1,100000000723383100,15000.0,1,peripheral,23,False
100000002185328100,out,1,100000002227989100,20000.0,1,peripheral,23,False
100000002185328100,out,2,100000002231144100,15000.0,1,peripheral,23,False
100000002185328100,out,3,100000002448088100,10000.0,1,peripheral,23,False
100000002188586100,in,1,100000005704413100,38310.0,1,distributor,8,False
100000002188829100,in,1,100000003684369100,400000.0,1,distributor,4,True
100000002193259100,in,1,100000000933075100,40000.0,1,peripheral,13,False
100000002193259100,in,2,100000001899164100,8000.0,1,peripheral,13,False
100000002193259100,out,1,100000000933075100,40000.0,1,peripheral,13,False
100000002193259100,out,2,100000001899164100,9500.0,1,peripheral,13,False
100000002193259100,out,3,100000002095257100,8500.0,1,terminal,13,False
100000002194320100,in,1,100000008625905100,275000.0,1,peripheral,59,False
100000002194329100,in,1,100000004400305100,25170.0,1,distributor,1,False
100000002199091100,in,1,100000001697501100,65000.0,1,distributor,2,False
100000002205022100,in,1,100000000810551100,7100.0,1,peripheral,4,False
100000002205022100,out,1,100000003163886100,500000.0,1,terminal,56,False
100000002205022100,out,2,100000000629812100,12000.0,1,terminal,56,False
100000002205022100,out,3,100000001380107100,6000.0,1,terminal,56,False
100000002208836100,in,1,100000002628576100,90000.0,1,peripheral,6,False
100000002211413100,in,1,100000002527114100,37000.0,1,distributor,2,True
100000002212494100,in,1,100000002175422100,160000.0,1,peripheral,32,False
100000002214207100,in,1,100000001825934100,97000.0,1,peripheral,38,False
100000002214301100,in,1,100000006866783100,21438.0,1,distributor,1,True
100000002214301100,out,1,100000000291906100,8000.0,1,transit,51,False
100000002214383100,in,1,100000003192309100,213000.0,1,peripheral,2,False
100000002214570100,in,1,100000002527114100,26471.0,1,distributor,2,True
100000002214664100,in,1,100000002578405100,7950.0,1,distributor,2,False
100000002214664100,out,1,100000008778010100,76950.0,2,peripheral,2,False
100000002216999100,in,1,100000002578405100,23677.0,1,distributor,2,False
100000002217161100,in,1,100000001445848100,351850.0,14,peripheral,36,False
100000002217161100,in,2,100000004351795100,52900.0,1,coordinator,1,False
100000002217161100,out,1,100000001445848100,546000.0,13,peripheral,36,False
100000002217161100,out,2,100000007647294100,385000.0,1,terminal,36,False
100000002217161100,out,3,100000000954884100,34000.0,1,terminal,36,False
100000002217806100,in,1,100000004508696100,55000.0,2,peripheral,39,False
100000002224132100,in,1,100000003835149100,2900720.0,6,peripheral,25,False
100000002224132100,in,2,100000005664922100,510000.0,1,peripheral,25,False
100000002224132100,in,3,100000004603109100,300000.0,1,peripheral,25,False
100000002224132100,out,1,100000004892144100,4400000.0,6,peripheral,25,False
100000002224132100,out,2,100000000594783100,2635000.0,10,peripheral,25,False
100000002224132100,out,3,100000004603109100,2580000.0,6,peripheral,25,False
100000002227960100,in,1,100000003154105100,10000.0,1,peripheral,23,False
100000002227989100,in,1,100000002185328100,20000.0,1,peripheral,23,False
100000002229615100,in,1,100000002448088100,25000.0,1,peripheral,23,False
100000002231144100,in,1,100000002185328100,15000.0,1,peripheral,23,False
100000002232266100,in,1,100000008603629100,45000.0,1,coordinator,7,False
100000002236528100,in,1,100000005782781100,66000.0,1,peripheral,11,False
100000002241986100,in,1,100000000331309100,280000.0,1,coordinator,6,False
100000002241986100,out,1,100000001053894100,2000000.0,7,peripheral,40,False
100000002241986100,out,2,100000002594214100,1000000.0,1,peripheral,40,False
100000002241986100,out,3,100000004047887100,30000.0,1,peripheral,40,False
100000002242066100,in,1,100000008254576100,60000.0,1,peripheral,36,False
100000002242455100,in,1,100000002433697100,110000.0,1,transit,6,False
100000002243354100,in,1,100000002527114100,20879.0,1,distributor,2,True
100000002255058100,in,1,100000004398811100,491500.0,2,peripheral,4,False
100000002257794100,in,1,100000001330595100,154000.0,1,peripheral,26,False
100000002258492100,in,1,100000005265073100,9000.0,1,peripheral,20,False
100000002267998100,in,1,100000003701161100,220000.0,3,peripheral,24,False
100000002267998100,in,2,100000003718221100,200000.0,1,peripheral,24,False
100000002267998100,out,1,100000003701161100,850000.0,8,peripheral,24,False
100000002267998100,out,2,100000003718221100,230000.0,3,peripheral,24,False
100000002267998100,out,3,100000001063678100,35000.0,1,peripheral,24,False
100000002284426100,in,1,100000000331309100,90000.0,2,coordinator,6,False
100000002289937100,in,1,100000002527114100,20000.0,1,distributor,2,True
100000002293421100,in,1,100000004180097100,36000.0,5,peripheral,1,False
100000002293421100,in,2,100000004765639100,5000.0,1,peripheral,1,False
100000002293421100,out,1,100000008502995100,25000.0,2,terminal,1,False
100000002293421100,out,2,100000004180097100,22000.0,3,peripheral,1,False
100000002299948100,in,1,100000008172352100,6750.0,1,peripheral,33,False
100000002301828100,in,1,100000003242289100,46977.0,1,coordinator,17,False
100000002304943100,in,1,100000003154105100,15000.0,1,peripheral,23,False
100000002305007100,in,1,100000002578405100,56000.0,1,distributor,2,False
100000002305477100,in,1,100000003154105100,20000.0,1,peripheral,23,False
100000002306369100,in,1,100000006866783100,73166.0,1,distributor,1,True
100000002306369100,out,1,100000008165763100,114000.0,4,transit,4,False
100000002306369100,out,2,100000008111003100,51000.0,1,consolidator,1,False
100000002306369100,out,3,100000008477350100,35000.0,1,coordinator,1,False
100000002308091100,in,1,100000003054328100,186720.0,1,peripheral,10,False
100000002320495100,in,1,100000006967370100,13526.27,1,peripheral,17,False
100000002324543100,in,1,100000005498992100,30202.0,1,distributor,3,True
100000002335358100,in,1,100000004707703100,140000.0,2,transit,5,False
100000002340562100,in,1,100000008349675100,36650.0,2,peripheral,11,False
100000002343825100,in,1,100000008465789100,150000.0,1,distributor,3,False
100000002343825100,in,2,100000008489922100,125000.0,2,coordinator,3,False
100000002343825100,in,3,100000008466579100,75000.0,1,distributor,3,False
100000002343825100,out,1,100000007749747100,50000.0,1,peripheral,3,False
100000002343825100,out,2,100000004979264100,39800.0,1,peripheral,3,False
100000002346166100,in,1,100000002578405100,6000.0,1,distributor,2,False
100000002356167100,in,1,100000000331309100,300000.0,1,coordinator,6,False
100000002356167100,out,1,100000005497148100,24000.0,2,peripheral,6,False
100000002356167100,out,2,100000008074304100,5500.0,1,peripheral,6,False
100000002369443100,in,1,100000002578405100,50000.0,1,distributor,2,False
100000002369454100,in,1,100000000764836100,25000.0,1,peripheral,7,False
100000002369510100,in,1,100000002578405100,37150.0,1,distributor,2,False
100000002369874100,in,1,100000008710791100,265000.0,1,distributor,3,False
100000002369874100,in,2,100000008547948100,160000.0,1,coordinator,3,False
100000002369874100,in,3,100000008512827100,140000.0,1,distributor,10,False
100000002371751100,in,1,100000007018630100,200000.0,5,peripheral,62,True
100000002371751100,out,1,100000000769919100,250000.0,1,terminal,62,False
100000002371892100,in,1,100000003321895100,43830.0,1,peripheral,63,False
100000002373144100,in,1,100000000437046100,46468.0,1,coordinator,1,False
100000002373144100,out,1,100000006693788100,10764.0,1,peripheral,1,False
100000002373386100,in,1,100000002578405100,24000.0,1,distributor,2,False
100000002380341100,in,1,100000002957787100,57566.4,1,coordinator,1,False
100000002391278100,in,1,100000004221668100,30000.0,5,peripheral,9,False
100000002391278100,out,1,100000004221668100,52700.0,2,peripheral,9,False
100000002394199100,in,1,100000001677929100,277398.0,3,peripheral,11,False
100000002394199100,out,1,100000001677929100,76777.0,1,peripheral,11,False
100000002398779100,in,1,100000004486525100,254955.0,2,consolidator,1,False
100000002398779100,in,2,100000005634552100,247000.0,2,peripheral,1,False
100000002398779100,in,3,100000004077081100,195000.0,2,peripheral,4,False
100000002398779100,out,1,100000008576243100,66000.0,3,terminal,1,False
100000002404112100,in,1,100000000791285100,60000.0,1,peripheral,28,False
100000002432143100,in,1,100000008165763100,81310.0,1,transit,4,False
100000002433697100,in,1,100000000331309100,130000.0,1,coordinator,6,False
100000002433697100,out,1,100000002242455100,110000.0,1,peripheral,6,False
100000002435265100,in,1,100000004400305100,132628.0,3,distributor,1,False
100000002443664100,in,1,100000008742053100,420000.0,1,distributor,10,False
100000002443664100,in,2,100000001162560100,74880.0,1,distributor,3,False
100000002443664100,in,3,100000008743913100,62000.0,1,distributor,22,False
100000002445750100,in,1,100000004325327100,70000.0,1,transit,1,False
100000002445750100,out,1,100000004970752100,10000.0,1,terminal,1,False
100000002448088100,in,1,100000002185328100,10000.0,1,peripheral,23,False
100000002448088100,in,2,100000001427082100,5000.0,1,peripheral,23,False
100000002448088100,in,3,100000007777377100,5000.0,1,peripheral,5,False
100000002448088100,out,1,100000002229615100,25000.0,1,peripheral,23,False
100000002454724100,in,1,100000007442518100,125000.0,3,peripheral,31,False
100000002457464100,in,1,100000005612411100,66647.0,1,distributor,4,False
100000002459093100,in,1,100000002152857100,500000.0,2,peripheral,9,False
100000002459093100,out,1,100000006664478100,55000.0,3,transit,9,False
100000002459163100,in,1,100000001872484100,20180.0,1,peripheral,57,False
100000002459164100,in,1,100000007797290100,20000.0,1,peripheral,1,False
100000002459240100,in,1,100000000331309100,150000.0,1,coordinator,6,False
100000002459832100,in,1,100000006977207100,580606.0,1,distributor,21,False
100000002459832100,in,2,100000001857829100,300000.0,1,coordinator,7,False
100000002462183100,in,1,100000005485830100,107500.0,3,peripheral,47,True
100000002469065100,in,1,100000001530983100,200000.0,1,distributor,5,False
100000002472632100,in,1,100000001526235100,309500.0,1,distributor,27,False
100000002472632100,in,2,100000001788284100,192900.0,2,peripheral,27,False
100000002472632100,out,1,100000008471634100,20000.0,1,peripheral,27,False
100000002474570100,in,1,100000008460102100,6750.0,1,distributor,19,False
100000002475601100,in,1,100000006977207100,232301.0,1,distributor,21,False
100000002478829100,in,1,100000001427082100,34000.0,1,peripheral,23,False
100000002479804100,in,1,100000004358004100,46000.0,1,distributor,4,True
100000002479804100,out,1,100000005507142100,23000.0,1,peripheral,38,False
100000002479804100,out,2,100000007289427100,12300.0,1,terminal,4,False
100000002480800100,in,1,100000005830339100,339251.0,1,consolidator,4,False
100000002480800100,in,2,100000003684369100,230000.0,1,distributor,4,True
100000002481735100,in,1,100000000667713100,22436.0,2,peripheral,5,False
100000002481974100,in,1,100000001857829100,64447.0,1,coordinator,7,False
100000002481974100,in,2,100000007864477100,25000.0,1,peripheral,1,False
100000002481974100,out,1,100000001378288100,268000.0,3,peripheral,7,False
100000002481974100,out,2,100000002713974100,50000.0,1,peripheral,7,False
100000002487222100,in,1,100000008490127100,90000.0,2,peripheral,6,False
100000002488629100,in,1,100000008748408100,73050.0,1,distributor,9,False
100000002489253100,in,1,100000006579678100,51000.0,1,peripheral,5,False
100000002492277100,in,1,100000008304139100,138500.0,1,distributor,4,False
100000002505277100,in,1,100000003221510100,60000.0,1,peripheral,1,False
100000002506987100,in,1,100000005704413100,28200.0,1,distributor,8,False
100000002508637100,in,1,100000006977207100,306410.0,1,distributor,21,False
100000002508637100,out,1,100000001256409100,8000.0,1,peripheral,21,False
100000002509598100,in,1,100000005242320100,305550.0,1,distributor,10,False
100000002511581100,in,1,100000002578405100,17600.0,1,distributor,2,False
100000002511825100,in,1,100000006866783100,65000.0,1,distributor,1,True
100000002512742100,in,1,100000008460102100,6000.0,1,distributor,19,False
100000002513028100,in,1,100000000332284100,9500.0,1,consolidator,6,False
100000002513028100,out,1,100000004610802100,241000.0,18,peripheral,61,False
100000002513028100,out,2,100000002516862100,81710.0,5,peripheral,61,False
100000002513028100,out,3,100000004780083100,9999.0,1,peripheral,61,False
100000002514975100,in,1,100000003069463100,17920.0,1,peripheral,28,False
100000002516862100,in,1,100000002513028100,81710.0,5,peripheral,61,False
100000002521039100,in,1,100000004400305100,349370.0,1,distributor,1,False
100000002527114100,in,1,100000001697501100,90000.0,2,distributor,2,False
100000002527114100,in,2,100000003942602100,30000.0,1,transit,2,False
100000002527114100,in,3,100000006656003100,9000.0,1,peripheral,2,False
100000002527114100,out,1,100000001952325100,77888.0,2,terminal,2,False
100000002527114100,out,2,100000008737422100,76903.0,1,terminal,2,False
100000002527114100,out,3,100000004792397100,73520.0,1,terminal,2,False
100000002528544100,in,1,100000006977207100,192912.0,1,distributor,21,False
100000002528978100,in,1,100000005704413100,15900.0,1,distributor,8,False
100000002529877100,in,1,100000008742053100,232000.0,1,distributor,10,False
100000002529880100,in,1,100000008466579100,120000.0,1,distributor,3,False
100000002529880100,in,2,100000008547948100,27000.0,1,coordinator,3,False
100000002530224100,in,1,100000008710791100,113000.0,1,distributor,3,False
100000002531406100,in,1,100000006977207100,520000.0,1,distributor,21,False
100000002531406100,out,1,100000001669260100,500000.0,1,peripheral,21,False
100000002534091100,in,1,100000002723538100,22200.0,1,distributor,7,False
100000002537811100,in,1,100000003390036100,52000.0,1,peripheral,12,False
100000002537811100,out,1,100000003622955100,15000.0,1,peripheral,12,False
100000002539625100,in,1,100000003589877100,94700.0,1,peripheral,3,False
100000002540033100,in,1,100000001141268100,10000.0,1,peripheral,22,False
100000002540623100,in,1,100000006707582100,100000.0,1,distributor,12,False
100000002546921100,in,1,100000005933757100,20000.0,1,distributor,15,False
100000002547110100,in,1,100000008465789100,342000.0,2,distributor,3,False
100000002547110100,in,2,100000008466579100,305000.0,2,distributor,3,False
100000002547110100,in,3,100000008603331100,274000.0,1,peripheral,3,False
100000002548759100,in,1,100000008547948100,195000.0,1,coordinator,3,False
100000002548759100,in,2,100000008710791100,180000.0,1,distributor,3,False
100000002550141100,in,1,100000001857829100,100586.0,1,coordinator,7,False
100000002554175100,in,1,100000005578559100,24621.0,1,distributor,8,False
100000002556775100,in,1,100000000331309100,300000.0,1,coordinator,6,False
100000002558173100,in,1,100000008172352100,9300.0,1,peripheral,33,False
100000002559089100,in,1,100000008512827100,650000.0,1,distributor,10,False
100000002559089100,in,2,100000008758168100,65000.0,1,peripheral,22,False
100000002565277100,in,1,100000003684369100,483319.0,1,distributor,4,True
100000002566204100,in,1,100000006707582100,80805.0,1,distributor,12,False
100000002567887100,in,1,100000000331309100,50915.0,1,coordinator,6,False
100000002570206100,in,1,100000008413748100,85812.6,1,distributor,17,False
100000002570206100,in,2,100000008748914100,81147.0,1,distributor,4,False
100000002575080100,in,1,100000000076451100,13000.0,1,peripheral,16,False
100000002575080100,out,1,100000002832753100,12500.0,1,peripheral,16,False
100000002578405100,in,1,100000005041905100,1080351.0,5,peripheral,2,False
100000002578405100,in,2,100000001697501100,120000.0,2,distributor,2,False
100000002578405100,out,1,100000004292885100,112700.0,1,terminal,2,False
100000002578405100,out,2,100000001632325100,85600.0,3,terminal,2,False
100000002578405100,out,3,100000008712827100,76000.0,1,terminal,2,False
100000002578653100,in,1,100000003747133100,20000.0,1,consolidator,48,False
100000002580377100,in,1,100000003016635100,37750.0,2,distributor,5,True
100000002580377100,out,1,100000002621915100,5000.0,1,terminal,5,False
100000002581346100,in,1,100000000331309100,166400.0,1,coordinator,6,False
100000002589019100,in,1,100000008680731100,34710.0,1,distributor,13,True
100000002591469100,in,1,100000007747786100,235670.0,1,distributor,11,True
100000002592567100,in,1,100000003016635100,5297.0,1,distributor,5,True
100000002592567100,out,1,100000004019124100,40000.0,1,peripheral,5,True
100000002592567100,out,2,100000008547844100,8600.0,1,coordinator,3,False
100000002593038100,in,1,100000001899164100,28500.0,1,peripheral,13,False
100000002593344100,in,1,100000008752616100,290000.0,1,peripheral,3,False
100000002593344100,in,2,100000008742053100,141000.0,1,distributor,10,False
100000002594214100,in,1,100000002241986100,1000000.0,1,peripheral,40,False
100000002596035100,in,1,100000000343175100,231570.0,1,distributor,12,True
100000002596039100,in,1,100000003880331100,280000.0,1,distributor,7,False
100000002597003100,in,1,100000006866783100,17700.0,1,distributor,1,True
100000002597003100,out,1,100000002721825100,11000.0,1,terminal,1,False
100000002597074100,in,1,100000001066017100,8000.0,1,peripheral,1,False
100000002597623100,in,1,100000004400305100,16418.0,1,distributor,1,False
100000002599729100,in,1,100000000656682100,65000.0,2,transit,1,False
100000002600345100,in,1,100000003016635100,47400.0,1,distributor,5,True
100000002600345100,in,2,100000000490383100,5000.0,1,distributor,5,False
100000002603371100,in,1,100000002957787100,9300.0,1,coordinator,1,False
100000002603478100,in,1,100000008680731100,23500.0,1,distributor,13,True
100000002603769100,in,1,100000005634552100,759000.0,1,peripheral,1,False
100000002603769100,in,2,100000008477350100,276400.0,1,coordinator,1,False
100000002603769100,in,3,100000006866783100,149968.0,1,distributor,1,True
100000002605184100,in,1,100000008188026100,140000.0,1,peripheral,16,False
100000002605308100,in,1,100000002963189100,1500000.0,3,peripheral,15,False
100000002605308100,in,2,100000001937767100,1000000.0,3,peripheral,15,False
100000002605308100,in,3,100000005958064100,69521.84,1,peripheral,15,False
100000002605548100,in,1,100000000343175100,93480.0,1,distributor,12,True
100000002605548100,in,2,100000003589877100,23215.0,1,peripheral,3,False
100000002606567100,in,1,100000006866783100,14095.0,1,distributor,1,True
100000002606567100,out,1,100000001241318100,53000.0,1,terminal,1,False
100000002609774100,in,1,100000003016635100,7700.0,1,distributor,5,True
100000002609774100,out,1,100000008104567100,27500.0,1,peripheral,8,False
100000002611334100,in,1,100000002957787100,48288.0,1,coordinator,1,False
100000002611334100,out,1,100000004222274100,15500.0,1,peripheral,1,False
100000002612809100,in,1,100000005507142100,30000.0,2,peripheral,38,False
100000002612809100,out,1,100000000600707100,89000.0,2,peripheral,38,False
100000002612809100,out,2,100000005507142100,15000.0,1,peripheral,38,False
100000002612809100,out,3,100000002130400100,10000.0,1,peripheral,38,False
100000002613776100,in,1,100000004847758100,30000.0,2,distributor,4,False
100000002613929100,in,1,100000000190228100,28560.0,1,peripheral,3,False
100000002614095100,in,1,100000002578405100,5300.0,1,distributor,2,False
100000002615479100,in,1,100000005498992100,220000.0,1,distributor,3,True
100000002618492100,in,1,100000000343175100,178000.0,1,distributor,12,True
100000002618492100,in,2,100000006707582100,118500.0,1,distributor,12,False
100000002621434100,in,1,100000008710791100,81000.0,1,distributor,3,False
100000002621915100,in,1,100000002580377100,5000.0,1,peripheral,5,False
100000002621949100,in,1,100000003684369100,164612.0,1,distributor,4,True
100000002622822100,in,1,100000001887715100,750000.0,1,peripheral,22,False
100000002628146100,in,1,100000008172352100,30500.0,2,peripheral,33,False
100000002628576100,in,1,100000000331309100,634585.0,2,coordinator,6,False
100000002628576100,in,2,100000004400305100,93297.0,1,distributor,1,False
100000002628576100,out,1,100000007841978100,449000.0,1,peripheral,6,False
100000002628576100,out,2,100000002208836100,90000.0,1,peripheral,6,False
100000002632742100,in,1,100000008547844100,135500.0,1,coordinator,3,False
100000002632742100,in,2,100000008710843100,100000.0,1,distributor,22,False
100000002633108100,in,1,100000005933757100,320000.0,3,distributor,15,False
100000002633701100,in,1,100000001162560100,266850.0,1,distributor,3,False
100000002635746100,in,1,100000008460102100,5300.0,1,distributor,19,False
100000002635780100,in,1,100000002921047100,163000.02,1,peripheral,11,False
100000002644285100,in,1,100000005242320100,500000.0,1,distributor,10,False
100000002645046100,in,1,100000008460102100,12000.0,1,distributor,19,False
100000002645609100,in,1,100000004400305100,373567.0,1,distributor,1,False
100000002645609100,in,2,100000002957787100,79596.68,2,coordinator,1,False
100000002645609100,in,3,100000006866783100,46987.0,1,distributor,1,True
100000002645993100,in,1,100000004400305100,35650.0,3,distributor,1,False
100000002645993100,in,2,100000002957787100,14000.0,1,coordinator,1,False
100000002645993100,out,1,100000002398779100,54150.0,5,consolidator,1,False
100000002645993100,out,2,100000008413748100,13480.0,1,distributor,17,False
100000002645993100,out,3,100000001202787100,8850.0,1,peripheral,1,False
100000002646745100,in,1,100000002578405100,12300.0,1,distributor,2,False
100000002646887100,in,1,100000008603331100,24354.0,1,peripheral,3,False
100000002648315100,in,1,100000007747786100,132000.0,1,distributor,11,True
100000002648315100,out,1,100000006989106100,64000.0,2,terminal,11,False
100000002648315100,out,2,100000002744581100,12000.0,1,terminal,11,False
100000002653187100,in,1,100000000933075100,15000.0,1,peripheral,13,False
100000002653948100,in,1,100000000331309100,85200.0,1,coordinator,6,False
100000002659103100,in,1,100000004717647100,165000.0,1,peripheral,46,False
100000002659265100,in,1,100000008746449100,141000.0,1,distributor,3,False
100000002660298100,in,1,100000005704413100,30900.0,1,distributor,8,False
100000002662768100,in,1,100000004358004100,84300.0,1,distributor,4,True
100000002663511100,in,1,100000000437046100,268940.0,1,coordinator,1,False
100000002666248100,in,1,100000003684369100,70032.0,1,distributor,4,True
100000002670463100,in,1,100000008460102100,31500.0,1,distributor,19,False
100000002670860100,in,1,100000005242320100,250000.0,1,distributor,10,False
100000002670860100,in,2,100000007747786100,200000.0,1,distributor,11,True
100000002670960100,in,1,100000005242320100,480310.0,1,distributor,10,False
100000002671326100,in,1,100000002032323100,1050000.0,2,peripheral,3,False
100000002671806100,in,1,100000008680731100,12440.0,1,distributor,13,True
100000002677201100,in,1,100000008466579100,150000.0,1,distributor,3,False
100000002677201100,out,1,100000003125997100,87750.0,1,peripheral,3,False
100000002679516100,in,1,100000004420041100,36500.0,1,peripheral,13,False
100000002679516100,in,2,100000008165763100,36050.0,1,transit,4,False
100000002679516100,in,3,100000008680731100,29785.0,1,distributor,13,True
100000002680477100,in,1,100000002748180100,25000.0,1,distributor,10,False
100000002681449100,in,1,100000000437046100,82738.0,1,coordinator,1,False
100000002681449100,in,2,100000006866783100,11900.0,1,distributor,1,True
100000002681449100,out,1,100000003404627100,120000.0,1,consolidator,41,False
100000002681449100,out,2,100000004486525100,13000.0,1,consolidator,1,False
100000002681544100,in,1,100000005782781100,130965.0,1,peripheral,11,False
100000002681544100,in,2,100000008603629100,35107.0,1,coordinator,7,False
100000002686226100,in,1,100000002713074100,430000.0,2,peripheral,17,False
100000002689717100,in,1,100000005704413100,47500.0,1,distributor,8,False
100000002691583100,in,1,100000008461532100,285200.0,1,distributor,28,False
100000002691858100,in,1,100000008172352100,51500.0,1,peripheral,33,False
100000002692044100,in,1,100000008680731100,97000.0,1,distributor,13,True
100000002692750100,in,1,100000008748408100,92830.0,1,distributor,9,False
100000002692750100,in,2,100000003636627100,10000.0,1,peripheral,9,False
100000002692750100,in,3,100000006788200100,10000.0,1,peripheral,9,False
100000002692750100,out,1,100000003636627100,77000.0,8,peripheral,9,False
100000002695812100,in,1,100000005704413100,95000.0,1,distributor,8,False
100000002696152100,in,1,100000002156381100,21800.0,3,peripheral,34,False
100000002696152100,out,1,100000002156381100,51000.0,6,peripheral,34,False
100000002696152100,out,2,100000002723439100,18000.0,2,peripheral,34,False
100000002697752100,in,1,100000008603629100,100320.0,1,coordinator,7,False
100000002697752100,in,2,100000008477350100,90465.0,1,coordinator,1,False
100000002700161100,in,1,100000004659919100,39000.0,1,peripheral,52,False
100000002702968100,in,1,100000005704413100,31600.0,1,distributor,8,False
100000002703376100,in,1,100000004351795100,46501.0,1,coordinator,1,False
100000002704875100,in,1,100000008603629100,112676.0,2,coordinator,7,False
100000002704875100,in,2,100000000331309100,101665.0,1,coordinator,6,False
100000002704875100,in,3,100000003016635100,30550.0,1,distributor,5,True
100000002705460100,in,1,100000008531133100,95000.0,1,peripheral,5,False
100000002706810100,in,1,100000008460102100,45000.0,1,distributor,19,False
100000002707106100,in,1,100000002963189100,15000.0,2,peripheral,15,False
100000002708624100,in,1,100000001526235100,25000.0,1,distributor,27,False
100000002710570100,in,1,100000003004487100,225015.0,1,consolidator,32,False
100000002712416100,in,1,100000008512827100,101500.0,1,distributor,10,False
100000002712416100,in,2,100000008547844100,15300.0,1,coordinator,3,False
100000002713074100,in,1,100000008413748100,450000.0,1,distributor,17,False
100000002713074100,in,2,100000003242289100,250000.0,1,coordinator,17,False
100000002713074100,out,1,100000002686226100,430000.0,2,peripheral,17,False
100000002713974100,in,1,100000002481974100,50000.0,1,peripheral,7,False
100000002718366100,in,1,100000008547948100,959000.0,3,coordinator,3,False
100000002718366100,in,2,100000008710791100,890000.0,2,distributor,3,False
100000002718366100,in,3,100000001162560100,419200.0,1,distributor,3,False
100000002720627100,in,1,100000000343175100,199300.0,1,distributor,12,True
100000002721825100,in,1,100000002597003100,11000.0,1,peripheral,1,False
100000002722108100,in,1,100000005242320100,800000.0,2,distributor,10,False
100000002723439100,in,1,100000002696152100,18000.0,2,peripheral,34,False
100000002723538100,in,1,100000008603629100,70647.0,1,coordinator,7,False
100000002723538100,in,2,100000002306369100,20000.0,1,peripheral,4,False
100000002723538100,in,3,100000004400305100,15000.0,1,distributor,1,False
100000002723538100,out,1,100000004417753100,92099.0,1,terminal,4,False
100000002723538100,out,2,100000008603629100,85000.0,2,coordinator,7,False
100000002723538100,out,3,100000008620570100,80000.0,1,peripheral,7,False
100000002723674100,in,1,100000003154105100,30000.0,1,peripheral,23,False
100000002726055100,in,1,100000002185328100,10000.0,1,peripheral,23,False
100000002727288100,in,1,100000005481280100,16000.0,1,peripheral,16,False
100000002728246100,in,1,100000001384826100,10000.0,1,peripheral,6,False
100000002729875100,in,1,100000005704413100,76000.0,1,distributor,8,False
100000002731501100,in,1,100000004160650100,550370.0,5,distributor,26,False
100000002731501100,in,2,100000004005964100,10000.0,1,peripheral,26,False
100000002731501100,in,3,100000004007116100,10000.0,1,peripheral,26,True
100000002731501100,out,1,100000003275398100,300000.0,1,peripheral,26,False
100000002731501100,out,2,100000003031890100,215000.0,10,terminal,26,False
100000002731501100,out,3,100000004007116100,201960.0,3,peripheral,26,True
100000002733083100,in,1,100000005704413100,15200.0,1,distributor,8,False
100000002733905100,in,1,100000001697501100,45000.0,3,distributor,2,False
100000002733905100,in,2,100000005342513100,30000.0,1,peripheral,2,False
100000002733905100,in,3,100000001166289100,25000.0,1,peripheral,2,False
100000002733905100,out,1,100000001166289100,482839.0,1,peripheral,2,False
100000002733905100,out,2,100000005342513100,235000.0,2,peripheral,2,False
100000002734815100,in,1,100000008746449100,110000.0,1,distributor,3,False
100000002736033100,in,1,100000008512552100,34530.0,1,peripheral,17,False
100000002736033100,out,1,100000008327791100,11000.0,1,peripheral,17,False
100000002736316100,in,1,100000002957787100,189690.0,1,coordinator,1,False
100000002736316100,in,2,100000008603629100,47942.0,1,coordinator,7,False
100000002736316100,in,3,100000008346837100,29289.0,1,coordinator,14,False
100000002737980100,in,1,100000004150593100,32900.0,1,distributor,5,False
100000002738256100,in,1,100000004135268100,150200.0,1,transit,53,False
100000002738256100,out,1,100000004135268100,175000.0,1,transit,53,False
100000002741024100,in,1,100000007629096100,765205.0,5,consolidator,1,False
100000002741024100,in,2,100000008304139100,26000.0,1,distributor,4,False
100000002741024100,in,3,100000005910114100,10785.0,1,coordinator,1,False
100000002741024100,out,1,100000007629096100,360000.0,1,consolidator,1,False
100000002741024100,out,2,100000008680912100,45112.0,2,peripheral,1,False
100000002741024100,out,3,100000001439416100,10000.0,1,peripheral,1,False
100000002742067100,in,1,100000004156082100,12730.0,1,coordinator,16,False
100000002744581100,in,1,100000002648315100,12000.0,1,peripheral,11,False
100000002748040100,in,1,100000005704413100,18000.0,1,distributor,8,False
100000002748180100,in,1,100000008680731100,9900.0,1,distributor,13,True
100000002748180100,out,1,100000005242320100,180000.0,1,distributor,10,False
100000002748180100,out,2,100000003054328100,140000.0,1,peripheral,10,False
100000002748180100,out,3,100000005514161100,125000.0,2,consolidator,10,False
100000002748511100,in,1,100000003406094100,20000.0,1,peripheral,5,False
100000002748532100,in,1,100000008743913100,174600.0,1,distributor,22,False
100000002748532100,in,2,100000001162560100,128783.0,1,distributor,3,False
100000002748532100,in,3,100000005933757100,52192.0,1,distributor,15,False
100000002748532100,out,1,100000001714173100,638905.0,6,terminal,22,False
100000002748532100,out,2,100000008751380100,7780.0,1,terminal,3,False
100000002748581100,in,1,100000005933757100,41180.0,1,distributor,15,False
100000002748761100,in,1,100000005242320100,796800.0,3,distributor,10,False
100000002750332100,in,1,100000005498992100,11360.0,1,distributor,3,True
100000002750956100,in,1,100000006866783100,47416.0,1,distributor,1,True
100000002752565100,in,1,100000008739887100,57000.0,1,peripheral,7,False
100000002753146100,in,1,100000005242320100,803540.0,3,distributor,10,False
100000002755292100,in,1,100000000331309100,203400.0,1,coordinator,6,False
100000002757240100,in,1,100000008165763100,51183.0,1,transit,4,False
100000002757791100,in,1,100000006240939100,73050.0,1,peripheral,9,False
100000002757797100,in,1,100000008680731100,100000.0,1,distributor,13,True
100000002760175100,in,1,100000000343175100,187410.0,1,distributor,12,True
100000002762076100,in,1,100000007747786100,89450.0,1,distributor,11,True
100000002762076100,in,2,100000008680731100,50900.0,1,distributor,13,True
100000002762076100,out,1,100000008655035100,30000.0,1,terminal,11,False
100000002769809100,in,1,100000008647905100,113422.0,1,peripheral,18,False
100000002773323100,in,1,100000008547844100,195000.0,1,coordinator,3,False
100000002773323100,in,2,100000008465789100,90000.0,1,distributor,3,False
100000002773323100,out,1,100000002884708100,1171644.0,2,peripheral,3,False
100000002774456100,in,1,100000000343175100,50363.0,1,distributor,12,True
100000002778085100,in,1,100000003016635100,66208.0,1,distributor,5,True
100000002779485100,in,1,100000001363952100,91000.0,2,peripheral,7,False
100000002781227100,in,1,100000008522127100,145000.0,3,peripheral,64,True
100000002781227100,in,2,100000002796853100,46167.62,5,peripheral,64,False
100000002781227100,out,1,100000002796853100,199000.0,8,peripheral,64,False
100000002781227100,out,2,100000008466579100,6952.0,1,distributor,3,False
100000002781227100,out,3,100000008547948100,6468.0,1,coordinator,3,False
100000002784085100,in,1,100000005498992100,200000.0,1,distributor,3,True
100000002791494100,in,1,100000005704413100,85860.0,1,distributor,8,False
100000002793851100,in,1,100000003016635100,11052.0,1,distributor,5,True
100000002793881100,in,1,100000008710791100,340000.0,1,distributor,3,False
100000002793881100,in,2,100000008752616100,290000.0,1,peripheral,3,False
100000002793881100,in,3,100000008547948100,155600.0,1,coordinator,3,False
100000002794197100,in,1,100000007747786100,30100.0,1,distributor,11,True
100000002794374100,in,1,100000007472293100,111000.0,1,peripheral,49,False
100000002796853100,in,1,100000002781227100,199000.0,8,transit,64,False
100000002796853100,out,1,100000002781227100,46167.62,5,transit,64,False
100000002799941100,in,1,100000003854444100,600000.0,1,distributor,18,False
100000002807334100,in,1,100000000331309100,54715.0,1,coordinator,6,False
100000002809568100,in,1,100000006866783100,10000.0,1,distributor,1,True
100000002809896100,in,1,100000005578559100,38000.0,1,distributor,8,False
100000002810870100,in,1,100000002527114100,33677.0,1,distributor,2,True
100000002812641100,in,1,100000002838861100,10000.0,1,consolidator,3,False
100000002812641100,out,1,100000002838861100,7023.95,1,consolidator,3,False
100000002815005100,in,1,100000008547948100,476500.0,1,coordinator,3,False
100000002818726100,in,1,100000008346837100,10879.0,1,coordinator,14,False
100000002820010100,in,1,100000008748408100,30000.0,1,distributor,9,False
100000002821425100,in,1,100000005242320100,275000.0,1,distributor,10,False
100000002822472100,in,1,100000005242320100,207315.0,1,distributor,10,False
100000002822472100,in,2,100000005933757100,59407.0,1,distributor,15,False
100000002824176100,in,1,100000003977183100,144000.0,1,peripheral,9,True
100000002826669100,in,1,100000008686313100,159900.0,4,peripheral,1,False
100000002830055100,in,1,100000002527114100,14000.0,1,distributor,2,True
100000002831727100,in,1,100000003873332100,6000.0,1,peripheral,18,False
100000002831727100,out,1,100000005628518100,77000.0,3,terminal,18,False
100000002832753100,in,1,100000002575080100,12500.0,1,transit,16,False
100000002835874100,in,1,100000008489922100,58700.0,1,coordinator,3,False
100000002836052100,in,1,100000007908818100,15000.0,1,peripheral,4,False
100000002836736100,in,1,100000003923946100,316000.0,1,peripheral,9,False
100000002836736100,in,2,100000007747786100,193000.0,1,distributor,11,True
100000002838519100,in,1,100000005933757100,46900.0,1,distributor,15,False
100000002838861100,in,1,100000005498992100,289500.0,1,distributor,3,True
100000002838861100,in,2,100000007747786100,108000.0,1,distributor,11,True
100000002838861100,in,3,100000005578559100,83000.0,1,distributor,8,False
100000002838861100,out,1,100000002812641100,10000.0,1,peripheral,3,False
100000002842321100,in,1,100000000331309100,160000.0,1,coordinator,6,False
100000002842337100,in,1,100000000267734100,50000.0,1,peripheral,11,False
100000002844652100,in,1,100000007747786100,61360.0,1,distributor,11,True
100000002844897100,in,1,100000005498992100,10800.0,1,distributor,3,True
100000002845605100,in,1,100000006866783100,57567.0,1,distributor,1,True
100000002847207100,in,1,100000003684369100,46243.0,1,distributor,4,True
100000002849158100,in,1,100000008710791100,385000.0,1,distributor,3,False
100000002849158100,in,2,100000008547948100,245000.0,1,coordinator,3,False
100000002849158100,in,3,100000008512827100,93000.0,1,distributor,10,False
100000002849158100,out,1,100000002126791100,1313000.0,3,peripheral,3,False
100000002852402100,in,1,100000008188026100,55000.0,1,peripheral,16,False
100000002858835100,in,1,100000002527114100,24400.0,1,distributor,2,True
100000002860934100,in,1,100000003001661100,279500.0,4,peripheral,29,False
100000002861485100,in,1,100000003016635100,29323.0,1,distributor,5,True
100000002862113100,in,1,100000005933757100,47405.0,2,distributor,15,False
100000002863356100,in,1,100000001697501100,45000.0,1,distributor,2,False
100000002863356100,out,1,100000005756535100,20000.0,1,terminal,2,False
100000002864256100,in,1,100000003684369100,135780.0,1,distributor,4,True
100000002864680100,in,1,100000008680731100,55932.0,1,distributor,13,True
100000002870463100,in,1,100000008748408100,100000.0,2,distributor,9,False
100000002870463100,in,2,100000005142492100,57000.0,1,peripheral,9,False
100000002870463100,in,3,100000005704413100,50000.0,1,distributor,8,False
100000002870463100,out,1,100000005142492100,10000.0,1,peripheral,9,False
100000002870937100,in,1,100000007747786100,83700.0,1,distributor,11,True
100000002871199100,in,1,100000005933757100,23186.0,1,distributor,15,False
100000002872399100,in,1,100000002958343100,1090000.0,9,peripheral,11,False
100000002876914100,in,1,100000008460102100,12000.0,1,distributor,19,False
100000002877262100,in,1,100000008547844100,100000.0,1,coordinator,3,False
100000002878467100,in,1,100000008465789100,100000.0,1,distributor,3,False
100000002878467100,in,2,100000008466579100,100000.0,1,distributor,3,False
100000002878483100,in,1,100000008460102100,6000.0,1,distributor,19,False
100000002881669100,in,1,100000008680731100,18600.0,1,distributor,13,True
100000002883402100,in,1,100000008710791100,150000.0,1,distributor,3,False
100000002883402100,in,2,100000005242320100,140000.0,1,distributor,10,False
100000002883402100,in,3,100000002963189100,10000.0,1,peripheral,15,False
100000002884708100,in,1,100000002773323100,1171644.0,2,peripheral,3,False
100000002886166100,in,1,100000004160650100,185000.0,3,distributor,26,False
100000002890167100,in,1,100000003016635100,118150.0,1,distributor,5,True
100000002891765100,in,1,100000005933757100,55576.0,1,distributor,15,False
100000002893020100,in,1,100000005578559100,18340.0,1,distributor,8,False
100000002894076100,in,1,100000007747786100,741782.0,3,distributor,11,True
100000002894076100,in,2,100000008466579100,155000.0,1,distributor,3,False
100000002894076100,in,3,100000008710843100,146000.0,1,distributor,22,False
100000002896506100,in,1,100000003171587100,45000.0,1,peripheral,6,False
100000002901457100,in,1,100000008477350100,340000.0,1,coordinator,1,False
100000002901457100,out,1,100000003207060100,53000.0,1,peripheral,1,False
100000002901457100,out,2,100000000913911100,41000.0,1,peripheral,4,False
100000002901457100,out,3,100000008588665100,25000.0,1,peripheral,1,False
100000002904919100,in,1,100000000437046100,60325.0,1,coordinator,1,False
100000002904919100,out,1,100000004013952100,5500.0,1,peripheral,1,False
100000002906470100,in,1,100000003854444100,130000.0,1,distributor,18,False
100000002908521100,in,1,100000002578405100,44500.0,1,distributor,2,False
100000002911170100,in,1,100000007442518100,300000.0,2,peripheral,31,False
100000002913340100,in,1,100000002578405100,23600.0,1,distributor,2,False
100000002914245100,in,1,100000006977207100,140611.0,1,distributor,21,False
100000002916006100,out,1,100000008516839100,32000.0,1,peripheral,20,True
100000002921047100,in,1,100000007747786100,175000.0,1,distributor,11,True
100000002921047100,in,2,100000008489922100,163000.0,1,coordinator,3,False
100000002921047100,out,1,100000002635780100,163000.02,1,terminal,11,False
100000002922000100,in,1,100000004717647100,448000.0,1,peripheral,46,False
100000002926970100,in,1,100000005578559100,85000.0,1,distributor,8,False
100000002933386100,in,1,100000003249054100,15000.0,1,consolidator,4,False
100000002933386100,out,1,100000003247600100,58000.0,1,peripheral,4,False
100000002934441100,in,1,100000006866783100,36068.0,1,distributor,1,True
100000002934441100,in,2,100000002957787100,24777.6,1,coordinator,1,False
100000002936322100,in,1,100000006977207100,599966.0,1,distributor,21,False
100000002936322100,in,2,100000008603629100,187167.0,1,coordinator,7,False
100000002938501100,in,1,100000003016635100,8395.0,1,distributor,5,True
100000002938501100,out,1,100000000490383100,5000.0,1,distributor,5,False
100000002939838100,in,1,100000001530983100,340000.0,1,distributor,5,False
100000002939838100,in,2,100000004398811100,138172.0,1,peripheral,4,False
100000002939838100,in,3,100000003684369100,93061.0,1,distributor,4,True
100000002941114100,in,1,100000005168487100,103510.0,14,peripheral,12,False
100000002941114100,in,2,100000000343175100,25000.0,1,distributor,12,True
100000002941114100,out,1,100000005168487100,15000.0,1,peripheral,12,False
100000002943472100,in,1,100000008547844100,170000.0,1,coordinator,3,False
100000002945031100,in,1,100000008346837100,15000.0,1,coordinator,14,False
100000002945626100,in,1,100000008710791100,330000.0,1,distributor,3,False
100000002945626100,in,2,100000008489922100,170000.0,1,coordinator,3,False
100000002945626100,in,3,100000008743913100,84000.0,1,distributor,22,False
100000002947299100,in,1,100000008165763100,85000.0,1,transit,4,False
100000002948492100,in,1,100000005933757100,23660.0,1,distributor,15,False
100000002951898100,in,1,100000005933757100,39990.0,1,distributor,15,False
100000002952631100,in,1,100000003016635100,48050.0,1,distributor,5,True
100000002952756100,in,1,100000007534354100,47000.0,1,peripheral,10,False
100000002954780100,in,1,100000008710791100,133400.0,1,distributor,3,False
100000002956769100,in,1,100000008742053100,440000.0,1,distributor,10,False
100000002956769100,in,2,100000008512827100,340000.0,1,distributor,10,False
100000002956769100,in,3,100000008517538100,60000.0,1,distributor,3,False
100000002956779100,in,1,100000004398811100,411000.0,1,peripheral,4,False
100000002956898100,in,1,100000004156082100,233000.0,1,coordinator,16,False
100000002956898100,in,2,100000004150593100,57240.0,1,distributor,5,False
100000002957306100,in,1,100000000343175100,209500.0,1,distributor,12,True
100000002957306100,in,2,100000003684369100,188990.0,1,distributor,4,True
100000002957787100,in,1,100000005910114100,45856.0,2,coordinator,1,False
100000002957787100,in,2,100000005268319100,24000.0,3,peripheral,1,False
100000002957787100,in,3,100000004070318100,7600.0,1,distributor,1,False
100000002957787100,out,1,100000005314565100,218500.0,3,terminal,1,False
100000002957787100,out,2,100000002736316100,189690.0,1,terminal,1,False
100000002957787100,out,3,100000006100920100,100000.0,1,terminal,1,False
100000002958139100,in,1,100000008547948100,209500.0,2,coordinator,3,False
100000002958286100,in,1,100000005498992100,257000.0,1,distributor,3,True
100000002958343100,in,1,100000000274067100,2900000.0,4,peripheral,11,False
100000002958343100,out,1,100000002872399100,1090000.0,9,terminal,11,False
100000002958343100,out,2,100000000274067100,300000.0,8,peripheral,11,False
100000002958345100,in,1,100000005242320100,307000.0,1,distributor,10,False
100000002963189100,in,1,100000005933757100,490000.0,3,distributor,15,False
100000002963189100,out,1,100000008517061100,1844000.0,4,peripheral,15,False
100000002963189100,out,2,100000002605308100,1500000.0,3,terminal,15,False
100000002963189100,out,3,100000005933757100,1150000.0,3,distributor,15,False
100000002964966100,in,1,100000005612411100,200000.0,1,distributor,4,False
100000002968096100,in,1,100000000413678100,70000.0,1,peripheral,7,False
100000002969048100,in,1,100000008748408100,108470.0,1,distributor,9,False
100000002970466100,in,1,100000004400305100,23317.0,1,distributor,1,False
100000002970466100,out,1,100000008735802100,85000.0,2,peripheral,1,False
100000002970466100,out,2,100000004433250100,8000.0,1,peripheral,1,False
100000002971593100,in,1,100000005756189100,49050.0,1,peripheral,6,False
100000002973903100,in,1,100000008680731100,42680.0,1,distributor,13,True
100000002973903100,in,2,100000002723538100,30200.0,1,distributor,7,False
100000002973903100,in,3,100000006707582100,20000.0,1,distributor,12,False
100000002974256100,in,1,100000008229700100,7200.0,1,peripheral,13,False
100000002975287100,in,1,100000008413748100,15000.0,1,distributor,17,False
100000002975437100,in,1,100000002175422100,530000.0,2,peripheral,32,False
100000002975437100,out,1,100000002175422100,8500.0,1,peripheral,32,False
100000002981489100,in,1,100000008490127100,10000.0,1,peripheral,6,False
100000002981527100,in,1,100000005498992100,168000.0,1,distributor,3,True
100000002982252100,in,1,100000002527114100,20320.0,1,distributor,2,True
100000002983426100,in,1,100000005578559100,88945.0,1,distributor,8,False
100000002983879100,in,1,100000008165763100,114100.0,1,transit,4,False
100000002983879100,in,2,100000000331309100,85950.0,1,coordinator,6,False
100000002984403100,in,1,100000001526235100,20000.0,1,distributor,27,False
100000002984403100,out,1,100000000404740100,25000.0,1,peripheral,27,False
100000002986245100,in,1,100000008460102100,5750.0,1,distributor,19,False
100000002988894100,in,1,100000003684369100,306121.0,1,distributor,4,True
100000002988894100,out,1,100000003003821100,40000.0,1,terminal,4,False
100000002988894100,out,2,100000007629121100,29000.0,1,terminal,4,False
100000002988894100,out,3,100000003024542100,8500.0,1,terminal,4,False
100000002989353100,in,1,100000005242320100,500000.0,2,distributor,10,False
100000002989353100,out,1,100000001311175100,300000.0,1,peripheral,10,False
100000002989353100,out,2,100000000581662100,21160.0,1,peripheral,10,False
100000002990675100,in,1,100000000331309100,51143.0,1,coordinator,6,False
100000002991079100,in,1,100000008389800100,97200.0,2,peripheral,5,False
100000002991079100,in,2,100000003016635100,51700.0,1,distributor,5,True
100000002991079100,out,1,100000008141170100,11000.0,1,terminal,5,False
100000002992171100,in,1,100000002527114100,14627.0,1,distributor,2,True
100000002994441100,in,1,100000001373265100,5000.0,1,peripheral,7,False
100000002999140100,in,1,100000004420041100,10000.0,2,peripheral,13,False
100000003001138100,in,1,100000003001661100,30000.0,1,peripheral,29,False
100000003001564100,in,1,100000003016635100,23520.0,1,distributor,5,True
100000003001564100,out,1,100000003191430100,180000.0,1,terminal,5,False
100000003001661100,in,1,100000007382543100,110000.0,1,peripheral,29,False
100000003001661100,out,1,100000002860934100,279500.0,4,peripheral,29,False
100000003001661100,out,2,100000007382543100,110000.0,1,peripheral,29,False
100000003001661100,out,3,100000003001138100,30000.0,1,peripheral,29,False
100000003003821100,in,1,100000002988894100,40000.0,1,peripheral,4,False
100000003004487100,in,1,100000002175422100,115000.0,6,peripheral,32,False
100000003004487100,in,2,100000006866783100,47967.0,1,distributor,1,True
100000003004487100,in,3,100000002957787100,11467.8,1,coordinator,1,False
100000003004487100,out,1,100000002710570100,225015.0,1,terminal,32,False
100000003004487100,out,2,100000002175422100,40000.0,2,peripheral,32,False
100000003005167100,in,1,100000008460102100,7000.0,1,distributor,19,False
100000003006633100,in,1,100000002217161100,10000.0,1,peripheral,36,False
100000003009900100,in,1,100000005578559100,15998.0,1,distributor,8,False
100000003010908100,in,1,100000008379273100,17000.0,1,transit,8,False
100000003014659100,in,1,100000000343175100,280000.0,1,distributor,12,True
100000003016438100,in,1,100000008466579100,200000.0,1,distributor,3,False
100000003016438100,out,1,100000004006327100,300000.0,3,peripheral,3,False
100000003016635100,in,1,100000005287097100,392500.0,25,distributor,5,False
100000003016635100,in,2,100000006579678100,81600.0,1,peripheral,5,False
100000003016635100,in,3,100000008636603100,43200.0,2,peripheral,5,False
100000003016635100,out,1,100000002173161100,869500.0,3,terminal,5,False
100000003016635100,out,2,100000001567366100,824070.0,4,terminal,5,False
100000003016635100,out,3,100000000706545100,721300.0,6,peripheral,5,False
100000003016773100,in,1,100000003589877100,46555.0,1,peripheral,3,False
100000003022835100,in,1,100000003684369100,125000.0,1,distributor,4,True
100000003024542100,in,1,100000002988894100,8500.0,1,peripheral,4,False
100000003025903100,in,1,100000003171587100,386300.0,6,peripheral,6,False
100000003031003100,in,1,100000008742053100,185000.0,1,distributor,10,False
100000003031003100,in,2,100000008710791100,80000.0,1,distributor,3,False
100000003031003100,in,3,100000005704413100,15090.0,1,distributor,8,False
100000003031633100,in,1,100000008547948100,414000.0,2,coordinator,3,False
100000003031761100,in,1,100000006977207100,460408.0,1,distributor,21,False
100000003031890100,in,1,100000002731501100,215000.0,10,peripheral,26,False
100000003034546100,in,1,100000001162560100,486715.0,2,distributor,3,False
100000003035737100,in,1,100000000331309100,453600.0,2,coordinator,6,False
100000003035737100,in,2,100000001857829100,355570.0,1,coordinator,7,False
100000003035737100,out,1,100000004800452100,6544.53,1,peripheral,6,False
100000003036198100,in,1,100000008304139100,15000.0,1,distributor,4,False
100000003037476100,in,1,100000008489922100,370000.0,1,coordinator,3,False
100000003037476100,in,2,100000008517538100,95000.0,1,distributor,3,False
100000003037476100,in,3,100000008742053100,90000.0,1,distributor,10,False
100000003037660100,in,1,100000003684369100,53000.0,1,distributor,4,True
100000003039473100,in,1,100000006518161100,23000.0,1,transit,5,False
100000003040087100,in,1,100000005704413100,29000.0,1,distributor,8,False
100000003042994100,in,1,100000003016635100,286086.0,3,distributor,5,True
100000003044431100,in,1,100000000331309100,30000.0,1,coordinator,6,False
100000003044431100,in,2,100000004847758100,30000.0,1,distributor,4,False
100000003044518100,in,1,100000007747786100,34423.0,1,distributor,11,True
100000003047800100,in,1,100000007333038100,12212.0,1,peripheral,10,False
100000003050771100,in,1,100000008346837100,229000.0,1,coordinator,14,False
100000003054328100,in,1,100000002748180100,140000.0,1,distributor,10,False
100000003054328100,out,1,100000002308091100,186720.0,1,terminal,10,False
100000003054328100,out,2,100000008755754100,7000.0,1,terminal,10,False
100000003057225100,in,1,100000003016635100,236000.0,1,distributor,5,True
100000003060187100,in,1,100000003854444100,93046.0,1,distributor,18,False
100000003060517100,in,1,100000008413748100,315955.0,1,distributor,17,False
100000003061115100,in,1,100000004931931100,45000.0,1,peripheral,1,False
100000003062895100,in,1,100000003589877100,178444.0,1,peripheral,3,False
100000003062895100,in,2,100000003880331100,150000.0,1,distributor,7,False
100000003066385100,in,1,100000002957787100,10000.0,1,coordinator,1,False
100000003066385100,in,2,100000006866783100,10000.0,1,distributor,1,True
100000003068941100,in,1,100000004400305100,50000.0,1,distributor,1,False
100000003068941100,in,2,100000008748408100,30000.0,1,distributor,9,False
100000003068941100,in,3,100000005665181100,14000.0,1,distributor,6,False
100000003068941100,out,1,100000001130176100,25000.0,2,terminal,1,False
100000003069463100,in,1,100000008461532100,11500.0,1,distributor,28,False
100000003069463100,out,1,100000002514975100,17920.0,1,peripheral,28,False
100000003071649100,in,1,100000008710791100,189500.0,1,distributor,3,False
100000003071930100,in,1,100000005498992100,227610.0,2,distributor,3,True
100000003071930100,in,2,100000008547948100,200000.0,1,coordinator,3,False
100000003071930100,in,3,100000002723538100,50000.0,1,distributor,7,False
100000003071930100,out,1,100000000190228100,5000.0,1,peripheral,3,False
100000003072205100,in,1,100000008517538100,100000.0,1,distributor,3,False
100000003072205100,in,2,100000008746449100,63000.0,1,distributor,3,False
100000003072676100,in,1,100000008413748100,31545.0,1,distributor,17,False
100000003073398100,in,1,100000008748408100,92960.0,1,distributor,9,False
100000003073635100,in,1,100000008603629100,129231.0,1,coordinator,7,False
100000003074515100,in,1,100000008489922100,105000.0,1,coordinator,3,False
100000003078839100,in,1,100000003215448100,14000.0,2,peripheral,7,False
100000003083865100,in,1,100000005704413100,15000.0,1,distributor,8,False
100000003084870100,in,1,100000004368189100,6500.0,1,peripheral,10,False
100000003086040100,in,1,100000004071080100,10500.0,1,consolidator,1,False
100000003087877100,in,1,100000006977207100,91486.0,1,distributor,21,False
100000003089018100,in,1,100000001162560100,230000.0,1,distributor,3,False
100000003089553100,in,1,100000008547844100,150000.0,1,coordinator,3,False
100000003091142100,in,1,100000001066017100,40000.0,1,peripheral,1,False
100000003093299100,in,1,100000004400305100,15000.0,1,distributor,1,False
100000003095610100,in,1,100000005578559100,23665.0,1,distributor,8,False
100000003096787100,in,1,100000005704413100,16400.0,1,distributor,8,False
100000003097324100,in,1,100000008743913100,240000.0,1,distributor,22,False
100000003097324100,in,2,100000008547948100,54000.0,1,coordinator,3,False
100000003097947100,in,1,100000005357705100,52980.0,1,peripheral,7,False
100000003102157100,in,1,100000006866783100,96746.0,2,distributor,1,True
100000003104347100,in,1,100000008137435100,418000.0,1,peripheral,24,False
100000003104347100,out,1,100000000611474100,32000.0,1,terminal,24,False
100000003105089100,in,1,100000003154105100,10000.0,1,peripheral,23,False
100000003105929100,in,1,100000000331309100,429567.0,2,coordinator,6,False
100000003105929100,out,1,100000008221765100,156354.0,1,peripheral,6,False
100000003109805100,in,1,100000003242289100,36929.0,1,coordinator,17,False
100000003111305100,in,1,100000006240939100,164965.0,1,peripheral,9,False
100000003111305100,in,2,100000008489922100,144000.0,1,coordinator,3,False
100000003111305100,in,3,100000008465789100,100500.0,1,distributor,3,False
100000003112436100,in,1,100000001530983100,100000.0,1,distributor,5,False
100000003112578100,in,1,100000005242320100,101080.0,1,distributor,10,False
100000003115284100,in,1,100000000343175100,622000.0,3,distributor,12,True
100000003115284100,in,2,100000000331309100,600000.0,2,coordinator,6,False
100000003115284100,in,3,100000000437046100,300000.0,1,coordinator,1,False
100000003115284100,out,1,100000003360542100,307000.0,2,peripheral,12,False
100000003115284100,out,2,100000003390036100,210000.0,2,peripheral,12,False
100000003116106100,in,1,100000000331309100,494050.0,2,coordinator,6,False
100000003119550100,in,1,100000002527114100,21000.0,1,distributor,2,True
100000003122817100,in,1,100000008461532100,444680.0,1,distributor,28,False
100000003123296100,in,1,100000008680731100,86200.0,2,distributor,13,True
100000003125997100,in,1,100000002677201100,87750.0,1,peripheral,3,False
100000003128638100,in,1,100000008746449100,300000.0,1,distributor,3,False
100000003131016100,in,1,100000000661912100,405700.0,7,consolidator,7,False
100000003131016100,out,1,100000000661912100,126000.0,4,consolidator,7,False
100000003131693100,in,1,100000003684369100,353277.0,1,distributor,4,True
100000003132484100,in,1,100000005402643100,90000.0,1,peripheral,3,False
100000003133045100,in,1,100000004715209100,68000.0,1,peripheral,3,False
100000003134474100,in,1,100000000331309100,116000.0,1,coordinator,6,False
100000003134550100,in,1,100000008465789100,100000.0,1,distributor,3,False
100000003134934100,in,1,100000008731444100,116800.0,1,distributor,1,False
100000003134934100,in,2,100000008165763100,116000.0,1,transit,4,False
100000003134934100,in,3,100000008603629100,93569.0,1,coordinator,7,False
100000003134937100,in,1,100000003016635100,10286.0,1,distributor,5,True
100000003146511100,in,1,100000004877085100,10000.0,1,peripheral,14,False
100000003147719100,in,1,100000008710791100,100000.0,1,distributor,3,False
100000003148220100,in,1,100000004971871100,5650.0,1,peripheral,60,True
100000003148220100,out,1,100000004971871100,25400.0,3,peripheral,60,True
100000003148220100,out,2,100000006888238100,18000.0,1,peripheral,60,False
100000003149149100,in,1,100000000331309100,245000.0,1,coordinator,6,False
100000003152964100,in,1,100000008603629100,141847.0,1,coordinator,7,False
100000003152964100,out,1,100000004569637100,5500.0,1,peripheral,7,False
100000003154105100,in,1,100000000723383100,60000.0,1,peripheral,23,False
100000003154105100,out,1,100000006308406100,183000.0,2,peripheral,23,False
100000003154105100,out,2,100000006257675100,70000.0,2,peripheral,23,False
100000003154105100,out,3,100000002723674100,30000.0,1,peripheral,23,False
100000003157333100,in,1,100000008748408100,30000.0,1,distributor,9,False
100000003157679100,in,1,100000008489922100,245000.0,1,coordinator,3,False
100000003157679100,in,2,100000008752616100,150000.0,1,peripheral,3,False
100000003157679100,in,3,100000008547844100,80000.0,1,coordinator,3,False
100000003158727100,in,1,100000007747786100,176440.0,1,distributor,11,True
100000003158727100,in,2,100000008547948100,110000.0,1,coordinator,3,False
100000003158727100,in,3,100000008489922100,81500.0,1,coordinator,3,False
100000003159641100,in,1,100000000437046100,20000.0,1,coordinator,1,False
100000003159641100,in,2,100000003242289100,19000.0,2,coordinator,17,False
100000003159641100,in,3,100000004156082100,15000.0,2,coordinator,16,False
100000003159641100,out,1,100000008625905100,197800.0,1,peripheral,59,False
100000003163256100,in,1,100000003016635100,13485.0,1,distributor,5,True
100000003163256100,out,1,100000001530740100,15000.0,1,terminal,5,False
100000003163886100,in,1,100000002205022100,500000.0,1,peripheral,56,False
100000003164661100,in,1,100000001782980100,596200.0,3,peripheral,30,False
100000003166017100,in,1,100000005704413100,15000.0,1,distributor,8,False
100000003166755100,in,1,100000008304139100,24010.0,1,distributor,4,False
100000003171006100,in,1,100000008489922100,305000.0,1,coordinator,3,False
100000003171006100,in,2,100000008710791100,180000.0,1,distributor,3,False
100000003171587100,in,1,100000000331309100,500000.0,1,coordinator,6,False
100000003171587100,in,2,100000006977207100,200000.0,1,distributor,21,False
100000003171587100,out,1,100000003025903100,386300.0,6,peripheral,6,False
100000003171587100,out,2,100000002896506100,45000.0,1,peripheral,6,False
100000003173783100,in,1,100000000673868100,23500.0,2,peripheral,31,False
100000003177533100,in,1,100000007170072100,20000.0,3,transit,7,False
100000003178549100,in,1,100000008512552100,210000.0,1,peripheral,17,False
100000003178549100,in,2,100000008603629100,40000.0,1,coordinator,7,False
100000003178549100,out,1,100000001857829100,59000.0,1,coordinator,7,False
100000003178549100,out,2,100000001089055100,13000.0,1,peripheral,17,False
100000003178549100,out,3,100000003684369100,12000.0,1,distributor,4,True
100000003180305100,in,1,100000007138613100,144000.0,1,peripheral,1,False
100000003180820100,in,1,100000008489922100,101000.0,1,coordinator,3,False
100000003186579100,in,1,100000003215448100,110000.0,2,peripheral,7,False
100000003187359100,in,1,100000002527114100,19072.0,1,distributor,2,True
100000003188607100,in,1,100000000267734100,18000.0,1,peripheral,11,False
100000003188607100,out,1,100000004613582100,5000.0,1,peripheral,11,False
100000003190207100,in,1,100000008254069100,5000.0,1,peripheral,20,False
100000003190207100,out,1,100000001471706100,377000.0,8,peripheral,20,False
100000003191430100,in,1,100000003001564100,180000.0,1,peripheral,5,False
100000003192220100,in,1,100000006069103100,60000.0,2,transit,55,False
100000003192309100,in,1,100000002578405100,17200.0,1,distributor,2,False
100000003192309100,out,1,100000002214383100,213000.0,1,peripheral,2,False
100000003194831100,in,1,100000004644615100,6265.0,1,peripheral,10,False
100000003199390100,in,1,100000008722417100,260000.0,1,peripheral,6,False
100000003200071100,out,1,100000003980083100,30000.0,1,terminal,69,False
100000003204491100,in,1,100000000437046100,140000.0,1,coordinator,1,False
100000003204491100,out,1,100000004840086100,100000.0,2,peripheral,1,False
100000003205210100,in,1,100000003684369100,137563.0,1,distributor,4,True
100000003207060100,in,1,100000002901457100,53000.0,1,peripheral,1,False
100000003213473100,in,1,100000004400305100,57500.0,2,distributor,1,False
100000003213473100,out,1,100000007731977100,50000.0,1,peripheral,1,False
100000003213473100,out,2,100000008165763100,40000.0,1,transit,4,False
100000003213473100,out,3,100000003684369100,30000.0,1,distributor,4,True
100000003214786100,in,1,100000004097972100,5000.0,1,peripheral,1,False
100000003215448100,in,1,100000008603629100,91309.0,1,coordinator,7,False
100000003215448100,out,1,100000003186579100,110000.0,2,peripheral,7,False
100000003215448100,out,2,100000003078839100,14000.0,2,peripheral,7,False
100000003216073100,in,1,100000006977207100,37001.0,1,distributor,21,False
100000003216073100,out,1,100000004030553100,70000.0,1,peripheral,21,False
100000003218308100,in,1,100000004400305100,11165.0,1,distributor,1,False
100000003219438100,in,1,100000004076740100,32000.0,1,peripheral,35,False
100000003220685100,in,1,100000003457710100,1306000.0,2,peripheral,6,False
100000003221384100,in,1,100000004156082100,511200.0,1,coordinator,16,False
100000003221510100,in,1,100000004400305100,24000.0,1,distributor,1,False
100000003221510100,out,1,100000001733216100,60000.0,2,peripheral,1,False
100000003221510100,out,2,100000002505277100,60000.0,1,peripheral,1,False
100000003230328100,in,1,100000003213473100,10000.0,1,distributor,1,False
100000003230328100,in,2,100000005048668100,10000.0,1,distributor,7,False
100000003230328100,in,3,100000005661829100,6572.0,1,transit,18,False
100000003230329100,in,1,100000008489922100,110000.0,1,coordinator,3,False
100000003232675100,in,1,100000004877085100,44000.0,2,peripheral,14,False
100000003235780100,in,1,100000004400305100,50000.0,1,distributor,1,False
100000003235780100,in,2,100000006866783100,15000.0,1,distributor,1,True
100000003237045100,in,1,100000006579678100,340200.0,2,peripheral,5,False
100000003237045100,out,1,100000006579678100,150000.0,1,peripheral,5,False
100000003239379100,in,1,100000008680731100,92500.0,1,distributor,13,True
100000003239859100,in,1,100000008680731100,18600.0,1,distributor,13,True
100000003241965100,in,1,100000005578559100,15000.0,1,distributor,8,False
100000003242289100,in,1,100000008512552100,468791.0,6,peripheral,17,False
100000003242289100,in,2,100000004351795100,49000.0,1,coordinator,1,False
100000003242289100,in,3,100000002723538100,33000.0,1,distributor,7,False
100000003242289100,out,1,100000008221543100,522000.0,1,terminal,17,False
100000003242289100,out,2,100000003964910100,451000.0,1,terminal,17,False
100000003242289100,out,3,100000006225798100,400000.0,1,peripheral,17,False
100000003242795100,in,1,100000000331309100,111000.0,1,coordinator,6,False
100000003246024100,in,1,100000000661912100,25000.0,1,consolidator,7,False
100000003246024100,out,1,100000005222360100,5000.0,1,peripheral,15,False
100000003247600100,in,1,100000002933386100,58000.0,1,peripheral,4,False
100000003249054100,in,1,100000004140487100,32800.0,3,distributor,4,False
100000003249054100,in,2,100000000089154100,19900.0,2,distributor,1,False
100000003249054100,in,3,100000004847758100,15000.0,1,distributor,4,False
100000003249054100,out,1,100000002933386100,15000.0,1,peripheral,4,False
100000003252446100,in,1,100000008465789100,108600.0,1,distributor,3,False
100000003254277100,in,1,100000004400305100,49200.0,1,distributor,1,False
100000003254277100,out,1,100000007153161100,44997.0,1,peripheral,1,False
100000003254723100,in,1,100000004480280100,269850.0,6,peripheral,4,False
100000003265158100,in,1,100000008680731100,80700.0,1,distributor,13,True
100000003265158100,in,2,100000008636603100,46800.0,1,peripheral,5,False
100000003265158100,in,3,100000007747786100,18600.4,1,distributor,11,True
100000003265158100,out,1,100000007242833100,107500.0,3,peripheral,13,False
100000003265158100,out,2,100000004386258100,46700.0,1,peripheral,13,False
100000003270419100,in,1,100000006424479100,150000.0,1,peripheral,14,False
100000003271151100,in,1,100000008603629100,127294.0,1,coordinator,7,False
100000003275398100,in,1,100000002731501100,300000.0,1,peripheral,26,False
100000003275398100,out,1,100000001330595100,20000.0,1,peripheral,26,False
100000003278020100,in,1,100000005634552100,190000.0,1,peripheral,1,False
100000003284932100,in,1,100000003684369100,69925.0,1,distributor,4,True
100000003286537100,in,1,100000008489922100,78000.0,1,coordinator,3,False
100000003286537100,in,2,100000008547948100,75000.0,1,coordinator,3,False
100000003289281100,in,1,100000001954534100,40000.0,1,peripheral,1,False
100000003289405100,in,1,100000008748914100,355000.0,1,distributor,4,False
100000003292191100,in,1,100000008710843100,112000.0,1,distributor,22,False
100000003292979100,in,1,100000003366154100,48950.0,1,peripheral,4,False
100000003293377100,in,1,100000000331309100,50000.0,1,coordinator,6,False
100000003299365100,in,1,100000003684369100,200000.0,1,distributor,4,True
100000003299365100,out,1,100000003684369100,200000.0,1,distributor,4,True
100000003321423100,in,1,100000003635170100,100000.0,2,transit,34,False
100000003321895100,in,1,100000008389800100,24000.0,1,peripheral,5,False
100000003321895100,out,1,100000003692843100,510000.0,2,peripheral,63,False
100000003321895100,out,2,100000002371892100,43830.0,1,peripheral,63,False
100000003336565100,in,1,100000001697501100,16550.0,1,distributor,2,False
100000003338583100,in,1,100000004160650100,21765.0,1,distributor,26,False
100000003345947100,in,1,100000007170072100,79500.0,6,transit,7,False
100000003360542100,in,1,100000003115284100,307000.0,2,consolidator,12,False
100000003360542100,in,2,100000005873152100,10000.0,1,transit,12,False
100000003360542100,out,1,100000003115284100,30500.0,3,consolidator,12,False
100000003360542100,out,2,100000003390036100,21300.0,2,peripheral,12,False
100000003366154100,in,1,100000003684369100,125000.0,1,distributor,4,True
100000003366154100,out,1,100000004105288100,190000.0,1,terminal,4,False
100000003366154100,out,2,100000008352542100,50220.0,1,terminal,4,False
100000003366154100,out,3,100000003292979100,48950.0,1,terminal,4,False
100000003366471100,in,1,100000008603629100,193524.0,3,coordinator,7,False
100000003366471100,in,2,100000008477350100,136265.0,2,coordinator,1,False
100000003366471100,out,1,100000001845505100,20000.0,1,peripheral,7,False
100000003370425100,in,1,100000001236706100,20000.0,1,peripheral,14,False
100000003377795100,in,1,100000007747786100,7000.0,1,distributor,11,True
100000003390036100,in,1,100000003115284100,210000.0,2,consolidator,12,False
100000003390036100,in,2,100000003360542100,21300.0,2,peripheral,12,False
100000003390036100,out,1,100000002537811100,52000.0,1,peripheral,12,False
100000003390036100,out,2,100000005873152100,10000.0,1,transit,12,False
100000003404627100,in,1,100000001732159100,465000.0,2,peripheral,41,True
100000003404627100,in,2,100000008223661100,154700.0,1,peripheral,3,False
100000003404627100,in,3,100000008232832100,138000.0,1,peripheral,41,False
100000003406094100,in,1,100000000607941100,70000.0,4,peripheral,5,False
100000003406094100,out,1,100000000607941100,20000.0,1,peripheral,5,False
100000003406094100,out,2,100000002748511100,20000.0,1,peripheral,5,False
100000003406094100,out,3,100000003950749100,7000.0,1,peripheral,5,False
100000003447411100,in,1,100000003880331100,302000.0,3,distributor,7,False
100000003448713100,in,1,100000003880331100,266750.0,1,distributor,7,False
100000003449074100,in,1,100000006866783100,10000.0,1,distributor,1,True
100000003457710100,in,1,100000000331309100,326555.0,1,coordinator,6,False
100000003457710100,out,1,100000003220685100,1306000.0,2,peripheral,6,False
100000003470579100,in,1,100000006704530100,357000.0,2,transit,28,False
100000003476560100,in,1,100000003684369100,50000.0,1,distributor,4,True
100000003481025100,in,1,100000001229743100,9000.0,1,peripheral,1,False
100000003484058100,in,1,100000005933757100,110000.0,1,distributor,15,False
100000003484058100,out,1,100000003838587100,6000.0,1,peripheral,15,False
100000003486846100,in,1,100000003896956100,27000.0,2,peripheral,5,False
100000003486970100,in,1,100000000331309100,150000.0,1,coordinator,6,False
100000003497735100,in,1,100000003854444100,125000.0,1,distributor,18,False
100000003500764100,in,1,100000006225798100,21000.0,1,peripheral,17,False
100000003509750100,in,1,100000001808684100,37700.0,2,peripheral,9,False
100000003509750100,in,2,100000008748408100,34590.0,1,distributor,9,False
100000003509750100,in,3,100000004697956100,10000.0,1,transit,9,False
100000003509750100,out,1,100000001808684100,48400.0,3,peripheral,9,False
100000003509750100,out,2,100000001639766100,20000.0,1,terminal,9,False
100000003509750100,out,3,100000004697956100,10000.0,1,transit,9,False
100000003528285100,in,1,100000008731444100,60000.0,1,distributor,1,False
100000003528285100,in,2,100000004400305100,33400.0,2,distributor,1,False
100000003528285100,in,3,100000008603629100,20000.0,1,coordinator,7,False
100000003528285100,out,1,100000000561160100,240000.0,1,peripheral,4,False
100000003528285100,out,2,100000003684369100,203000.0,3,distributor,4,True
100000003528285100,out,3,100000004417753100,100000.0,1,terminal,4,False
100000003557488100,in,1,100000002175422100,664992.0,3,peripheral,32,False
100000003557488100,out,1,100000003696422100,118000.0,2,peripheral,32,False
100000003557488100,out,2,100000002175422100,20000.0,2,peripheral,32,False
100000003561031100,in,1,100000008603629100,13300.0,1,coordinator,7,False
100000003561031100,out,1,100000003626268100,5000.0,1,peripheral,7,False
100000003567087100,in,1,100000002527114100,62115.0,1,distributor,2,True
100000003568904100,in,1,100000004340038100,49000.0,1,peripheral,14,False
100000003574895100,in,1,100000004400305100,27968.0,1,distributor,1,False
100000003574895100,out,1,100000004988240100,20000.0,1,peripheral,1,False
100000003581109100,in,1,100000004400305100,42750.0,1,distributor,1,False
100000003582677100,in,1,100000008603629100,21652.0,1,coordinator,7,False
100000003582677100,in,2,100000002957787100,8104.99,1,coordinator,1,False
100000003582677100,out,1,100000008165763100,30500.0,2,transit,4,False
100000003582677100,out,2,100000003684369100,10500.0,1,distributor,4,True
100000003582677100,out,3,100000008111003100,10000.0,1,consolidator,1,False
100000003589877100,in,1,100000008465789100,150000.0,1,distributor,3,False
100000003589877100,in,2,100000007747786100,26000.0,1,distributor,11,True
100000003589877100,out,1,100000003062895100,178444.0,1,terminal,3,False
100000003589877100,out,2,100000002539625100,94700.0,1,terminal,3,False
100000003589877100,out,3,100000001253557100,50000.0,1,consolidator,3,False
100000003594472100,in,1,100000002175422100,20000.0,1,peripheral,32,False
100000003603979100,in,1,100000003616818100,165000.0,3,peripheral,26,False
100000003610172100,in,1,100000000331309100,70000.0,1,coordinator,6,False
100000003616818100,in,1,100000004005964100,35000.0,2,peripheral,26,False
100000003616818100,in,2,100000004160650100,28000.0,1,distributor,26,False
100000003616818100,in,3,100000004007116100,15000.0,1,peripheral,26,True
100000003616818100,out,1,100000003603979100,165000.0,3,terminal,26,False
100000003616818100,out,2,100000004005964100,40000.0,3,peripheral,26,False
100000003616818100,out,3,100000004160650100,35100.0,2,distributor,26,False
100000003617552100,in,1,100000006734554100,25000.0,1,peripheral,30,False
100000003622955100,in,1,100000002537811100,15000.0,1,peripheral,12,False
100000003626268100,in,1,100000003561031100,5000.0,1,peripheral,7,False
100000003631015100,in,1,100000007392365100,266000.0,1,peripheral,42,False
100000003632533100,in,1,100000006734214100,10000.0,1,peripheral,6,False
100000003635170100,in,1,100000004209339100,232500.0,10,peripheral,34,False
100000003635170100,in,2,100000000343175100,25000.0,1,distributor,12,True
100000003635170100,in,3,100000005602999100,11000.0,2,peripheral,34,False
100000003635170100,out,1,100000004209339100,138500.0,6,peripheral,34,False
100000003635170100,out,2,100000003321423100,100000.0,2,terminal,34,False
100000003635170100,out,3,100000002156381100,10000.0,1,peripheral,34,False
100000003635660100,in,1,100000008477350100,18985.0,1,coordinator,1,False
100000003636627100,in,1,100000002692750100,77000.0,8,peripheral,9,False
100000003636627100,out,1,100000002692750100,10000.0,1,peripheral,9,False
100000003646145100,in,1,100000004552204100,5000.0,1,peripheral,33,False
100000003647799100,in,1,100000000331309100,100000.0,1,coordinator,6,False
100000003650146100,in,1,100000000490383100,14400.0,1,distributor,5,False
100000003664994100,in,1,100000006169033100,338271.0,2,peripheral,43,False
100000003671721100,in,1,100000001490461100,5000.0,1,peripheral,8,False
100000003677936100,in,1,100000005782781100,71000.0,1,peripheral,11,False
100000003677936100,out,1,100000005849862100,13000.0,2,peripheral,11,False
100000003684369100,in,1,100000008748914100,1582700.0,9,distributor,4,False
100000003684369100,in,2,100000008304139100,454000.0,10,distributor,4,False
100000003684369100,in,3,100000003880331100,402000.0,4,distributor,7,False
100000003684369100,out,1,100000001072022100,740000.0,2,terminal,4,False
100000003684369100,out,2,100000001527186100,678000.0,2,terminal,4,False
100000003684369100,out,3,100000002565277100,483319.0,1,terminal,4,False
100000003692843100,in,1,100000003321895100,510000.0,2,peripheral,63,False
100000003696422100,in,1,100000003557488100,118000.0,2,peripheral,32,False
100000003701161100,in,1,100000002267998100,850000.0,8,peripheral,24,False
100000003701161100,in,2,100000008137435100,349000.0,1,peripheral,24,False
100000003701161100,in,3,100000003016635100,208103.0,1,distributor,5,True
100000003701161100,out,1,100000002267998100,220000.0,3,peripheral,24,False
100000003701161100,out,2,100000003718221100,120000.0,3,peripheral,24,False
100000003701161100,out,3,100000004580202100,9000.0,1,peripheral,24,False
100000003711830100,in,1,100000008603629100,50000.0,1,coordinator,7,False
100000003713616100,in,1,100000003016635100,15893.0,1,distributor,5,True
100000003718221100,in,1,100000002267998100,230000.0,3,peripheral,24,False
100000003718221100,in,2,100000003701161100,120000.0,3,peripheral,24,False
100000003718221100,out,1,100000002267998100,200000.0,1,peripheral,24,False
100000003718221100,out,2,100000003701161100,120000.0,3,peripheral,24,False
100000003718221100,out,3,100000005974542100,94500.0,3,terminal,24,False
100000003718715100,in,1,100000004183610100,915000.0,3,peripheral,14,False
100000003724440100,in,1,100000004847758100,25000.0,1,distributor,4,False
100000003724440100,in,2,100000008346837100,25000.0,1,coordinator,14,False
100000003736419100,in,1,100000008477350100,23300.0,1,coordinator,1,False
100000003736419100,out,1,100000005041147100,10000.0,1,peripheral,1,False
100000003739818100,in,1,100000003684369100,57293.0,1,distributor,4,True
100000003741418100,in,1,100000003796063100,61800.0,2,distributor,6,False
100000003741418100,in,2,100000005268319100,37000.0,3,peripheral,1,False
100000003741418100,in,3,100000007593823100,12600.0,2,coordinator,1,False
100000003741418100,out,1,100000006734214100,20000.0,1,peripheral,6,False
100000003741418100,out,2,100000001690439100,14200.0,1,terminal,6,False
100000003741418100,out,3,100000006111439100,5720.0,1,transit,6,False
100000003747133100,in,1,100000004070318100,62964.0,3,distributor,1,False
100000003747133100,in,2,100000008304139100,60287.0,1,distributor,4,False
100000003747133100,in,3,100000005910114100,49217.0,2,coordinator,1,False
100000003747133100,out,1,100000004722765100,230000.0,1,peripheral,48,False
100000003747133100,out,2,100000002578653100,20000.0,1,terminal,48,False
100000003760160100,in,1,100000000331309100,104470.0,1,coordinator,6,False
100000003781406100,in,1,100000007242833100,45000.0,2,peripheral,13,False
100000003782913100,in,1,100000002963189100,200000.0,1,peripheral,15,False
100000003786516100,in,1,100000007593823100,5000.0,1,coordinator,1,False
100000003792647100,in,1,100000006734214100,8000.0,1,peripheral,6,False
100000003795588100,in,1,100000000437046100,400000.0,2,coordinator,1,False
100000003796063100,in,1,100000008111003100,35000.0,1,consolidator,1,False
100000003796063100,out,1,100000000331309100,233200.0,2,coordinator,6,False
100000003796063100,out,2,100000008477350100,126000.0,3,coordinator,1,False
100000003796063100,out,3,100000008346837100,112000.0,1,coordinator,14,False
100000003798151100,in,1,100000007544358100,350000.0,3,transit,5,False
100000003809101100,in,1,100000000343175100,146050.0,1,distributor,12,True
100000003809101100,in,2,100000008254069100,20000.0,2,peripheral,20,False
100000003809101100,out,1,100000005799271100,45000.0,2,terminal,12,False
100000003809101100,out,2,100000008254069100,10200.0,2,peripheral,20,False
100000003814002100,in,1,100000000331309100,30000.0,1,coordinator,6,False
100000003819173100,in,1,100000003880331100,143777.0,1,distributor,7,False
100000003823811100,in,1,100000004403675100,30000.0,1,coordinator,20,False
100000003823811100,out,1,100000001415126100,27000.0,1,peripheral,20,True
100000003823811100,out,2,100000005409680100,22060.0,1,peripheral,18,True
100000003823811100,out,3,100000005264990100,17070.0,1,peripheral,20,True
100000003824464100,in,1,100000008137435100,200000.0,1,peripheral,24,False
100000003831201100,in,1,100000004737477100,40500.0,3,transit,1,False
100000003831324100,in,1,100000007747786100,200000.0,1,distributor,11,True
100000003831324100,in,2,100000008517538100,100000.0,1,distributor,3,False
100000003832231100,in,1,100000003684369100,35000.0,1,distributor,4,True
100000003834495100,in,1,100000000437046100,327441.0,3,coordinator,1,False
100000003834495100,in,2,100000008477350100,200000.0,1,coordinator,1,False
100000003834495100,in,3,100000006165886100,75000.0,1,peripheral,1,False
100000003834495100,out,1,100000008730371100,20000.0,1,terminal,1,False
100000003835149100,in,1,100000004813068100,248500.0,1,peripheral,25,True
100000003835149100,out,1,100000002224132100,2900720.0,6,peripheral,25,False
100000003835149100,out,2,100000001965374100,1699720.0,7,peripheral,25,False
100000003838587100,in,1,100000003484058100,6000.0,1,peripheral,15,False
100000003843844100,in,1,100000008346837100,16680.0,1,coordinator,14,False
100000003843844100,out,1,100000005711521100,238000.0,1,peripheral,14,False
100000003854444100,in,1,100000003873332100,210000.0,4,peripheral,18,False
100000003854444100,out,1,100000001690558100,740000.0,1,terminal,18,False
100000003854444100,out,2,100000002799941100,600000.0,1,terminal,18,False
100000003854444100,out,3,100000001688676100,133700.0,1,terminal,18,False
100000003865939100,in,1,100000005392290100,81465.0,1,peripheral,70,True
100000003873332100,in,1,100000006866783100,23468.0,1,distributor,1,True
100000003873332100,out,1,100000003854444100,210000.0,4,distributor,18,False
100000003873332100,out,2,100000008647905100,50000.0,1,peripheral,18,False
100000003873332100,out,3,100000001420847100,20000.0,2,terminal,18,False
100000003877908100,in,1,100000003684369100,40000.0,1,distributor,4,True
100000003880331100,in,1,100000001857829100,100000.0,1,coordinator,7,False
100000003880331100,out,1,100000008603629100,598000.0,6,coordinator,7,False
100000003880331100,out,2,100000003684369100,402000.0,4,distributor,4,True
100000003880331100,out,3,100000006689603100,400000.0,2,peripheral,7,False
100000003886323100,in,1,100000007749092100,70375.0,5,peripheral,5,False
100000003886323100,in,2,100000003016635100,7793.0,1,distributor,5,True
100000003886323100,out,1,100000007749092100,7650.0,1,peripheral,5,False
100000003888197100,in,1,100000000331309100,83167.0,1,coordinator,6,False
100000003888271100,in,1,100000000580561100,12177.0,2,peripheral,45,True
100000003888271100,out,1,100000000580561100,18680.0,2,peripheral,45,True
100000003888271100,out,2,100000000955444100,6910.0,1,terminal,45,False
100000003888527100,in,1,100000008011159100,30000.0,1,peripheral,43,False
100000003896956100,in,1,100000004150593100,10000.0,1,distributor,5,False
100000003896956100,out,1,100000003486846100,27000.0,2,peripheral,5,False
100000003899325100,in,1,100000001857829100,50120.0,1,coordinator,7,False
100000003899899100,in,1,100000004150593100,213500.0,4,distributor,5,False
100000003899899100,in,2,100000005022552100,5000.0,1,peripheral,5,False
100000003899899100,out,1,100000004260869100,10000.0,1,peripheral,5,False
100000003900547100,in,1,100000003016635100,23700.0,1,distributor,5,True
100000003904497100,in,1,100000004997515100,10000.0,1,peripheral,3,False
100000003917461100,in,1,100000004386258100,10000.0,1,peripheral,13,False
100000003917461100,out,1,100000004200745100,130000.0,4,peripheral,13,False
100000003917461100,out,2,100000004386258100,10000.0,1,peripheral,13,False
100000003920950100,in,1,100000005782781100,323290.0,1,peripheral,11,False
100000003922499100,in,1,100000000922570100,50000.0,1,transit,13,False
100000003923946100,in,1,100000003977183100,282000.0,3,peripheral,9,True
100000003923946100,out,1,100000002836736100,316000.0,1,terminal,9,False
100000003923946100,out,2,100000001411870100,200000.0,1,terminal,9,False
100000003923946100,out,3,100000003977183100,82000.0,1,peripheral,9,True
100000003927792100,in,1,100000004156082100,13067.0,1,coordinator,16,False
100000003934614100,in,1,100000004017410100,10000.0,1,peripheral,35,False
100000003934614100,in,2,100000005519998100,7000.0,1,transit,35,False
100000003934614100,out,1,100000004336312100,11500.0,2,transit,35,False
100000003942602100,in,1,100000002527114100,30000.0,1,distributor,2,True
100000003942602100,out,1,100000002527114100,30000.0,1,distributor,2,True
100000003943247100,in,1,100000004400305100,40000.0,1,distributor,1,False
100000003943483100,in,1,100000004662806100,10000.0,1,peripheral,13,False
100000003946524100,in,1,100000003684369100,113757.0,1,distributor,4,True
100000003946524100,in,2,100000007898453100,20000.0,1,peripheral,4,False
100000003946524100,out,1,100000000596954100,120000.0,1,peripheral,4,False
100000003946524100,out,2,100000007898453100,24750.0,1,peripheral,4,False
100000003950749100,in,1,100000003406094100,7000.0,1,peripheral,5,False
100000003951827100,in,1,100000004400305100,9000.0,1,distributor,1,False
100000003951827100,out,1,100000000646541100,10000.0,1,terminal,1,False
100000003951827100,out,2,100000003741418100,7000.0,1,consolidator,6,False
100000003962994100,in,1,100000005911352100,10000.0,1,peripheral,39,False
100000003964910100,in,1,100000008512552100,549000.0,1,peripheral,17,False
100000003964910100,in,2,100000003242289100,451000.0,1,coordinator,17,False
100000003968044100,in,1,100000008477350100,40000.0,1,coordinator,1,False
100000003968044100,out,1,100000007071852100,195000.0,1,peripheral,7,False
100000003968044100,out,2,100000008603629100,96000.0,2,coordinator,7,False
100000003968044100,out,3,100000008165763100,20000.0,1,transit,4,False
100000003970394100,in,1,100000008680731100,85000.0,1,distributor,13,True
100000003971049100,in,1,100000004351795100,55900.0,7,coordinator,1,False
100000003975102100,in,1,100000004707703100,25650.0,1,transit,5,False
100000003975102100,out,1,100000008650785100,56500.0,1,peripheral,5,True
100000003975102100,out,2,100000005382566100,32000.0,1,consolidator,20,True
100000003977183100,in,1,100000003923946100,82000.0,1,peripheral,9,False
100000003977183100,in,2,100000007982728100,41800.0,1,distributor,9,True
100000003977183100,out,1,100000003923946100,282000.0,3,peripheral,9,False
100000003977183100,out,2,100000001960517100,200000.0,1,terminal,9,False
100000003977183100,out,3,100000002824176100,144000.0,1,terminal,9,False
100000003980083100,in,1,100000003200071100,30000.0,1,peripheral,69,True
100000003985389100,in,1,100000000413678100,422698.0,16,peripheral,7,False
100000003986141100,in,1,100000008413748100,5286.32,1,distributor,17,False
100000003988112100,in,1,100000004403675100,92000.0,2,coordinator,20,False
100000003988112100,out,1,100000004403675100,64000.0,5,coordinator,20,False
100000003989033100,in,1,100000004644615100,373400.0,13,peripheral,10,False
100000003996562100,in,1,100000002741024100,7700.0,1,peripheral,1,False
100000004004621100,in,1,100000008346837100,25361.0,1,coordinator,14,False
100000004004621100,in,2,100000000331309100,25028.0,1,coordinator,6,False
100000004004621100,in,3,100000003684369100,25000.0,1,distributor,4,True
100000004005964100,in,1,100000004160650100,47900.0,5,distributor,26,False
100000004005964100,in,2,100000003616818100,40000.0,3,peripheral,26,False
100000004005964100,in,3,100000004007116100,10000.0,1,peripheral,26,True
100000004005964100,out,1,100000003616818100,35000.0,2,peripheral,26,False
100000004005964100,out,2,100000004007116100,27000.0,2,peripheral,26,True
100000004005964100,out,3,100000002731501100,10000.0,1,peripheral,26,False
100000004006327100,in,1,100000003016438100,300000.0,3,peripheral,3,False
100000004007116100,in,1,100000004160650100,535744.0,19,distributor,26,False
100000004007116100,in,2,100000002731501100,201960.0,3,peripheral,26,False
100000004007116100,in,3,100000004005964100,27000.0,2,peripheral,26,False
100000004007116100,out,1,100000004144536100,113000.0,3,consolidator,26,False
100000004007116100,out,2,100000003616818100,15000.0,1,peripheral,26,False
100000004007116100,out,3,100000002731501100,10000.0,1,peripheral,26,False
100000004007197100,in,1,100000004160650100,10048.0,1,distributor,26,False
100000004013952100,in,1,100000002904919100,5500.0,1,peripheral,1,False
100000004015047100,in,1,100000007982728100,264384.0,2,distributor,9,True
100000004015047100,in,2,100000007747786100,170000.0,1,distributor,11,True
100000004015047100,in,3,100000008721637100,115000.0,1,peripheral,9,False
100000004015047100,out,1,100000001616816100,69195.0,7,peripheral,9,True
100000004017410100,in,1,100000005519998100,141000.0,4,transit,35,False
100000004017410100,in,2,100000004336312100,52650.0,2,transit,35,False
100000004017410100,out,1,100000005767403100,1100000.0,2,peripheral,35,False
100000004017410100,out,2,100000005519998100,142000.0,3,transit,35,False
100000004017410100,out,3,100000004336312100,58915.0,4,transit,35,False
100000004019056100,in,1,100000008088082100,50000.0,1,peripheral,14,False
100000004019124100,in,1,100000005519347100,99000.0,1,peripheral,5,True
100000004019124100,in,2,100000008654653100,54000.0,1,peripheral,5,True
100000004019124100,in,3,100000002592567100,40000.0,1,peripheral,5,False
100000004030553100,in,1,100000003216073100,70000.0,1,peripheral,21,False
100000004035925100,in,1,100000008258458100,1111588.0,2,peripheral,65,False
100000004041163100,in,1,100000005382566100,50000.0,1,consolidator,20,True
100000004041163100,out,1,100000005523088100,700000.0,2,peripheral,20,True
100000004041163100,out,2,100000005382566100,166000.0,4,consolidator,20,True
100000004041294100,in,1,100000001788284100,17800.0,2,peripheral,27,False
100000004047887100,in,1,100000002241986100,30000.0,1,peripheral,40,False
100000004049912100,in,1,100000004451012100,10000.0,1,peripheral,18,False
100000004058740100,in,1,100000002527114100,30000.0,1,distributor,2,True
100000004064431100,in,1,100000004160650100,26000.0,1,distributor,26,False
100000004064431100,out,1,100000000704700100,10000.0,1,peripheral,26,False
100000004066370100,in,1,100000005264874100,65000.0,2,peripheral,38,False
100000004066647100,in,1,100000003854444100,51000.0,1,distributor,18,False
100000004070318100,in,1,100000000437046100,90000.0,1,coordinator,1,False
100000004070318100,in,2,100000006866783100,64725.0,2,distributor,1,True
100000004070318100,in,3,100000008413748100,29521.55,2,distributor,17,False
100000004070318100,out,1,100000006866783100,85000.0,4,distributor,1,True
100000004070318100,out,2,100000003747133100,62964.0,3,consolidator,48,False
100000004070318100,out,3,100000002398779100,61568.0,3,consolidator,1,False
100000004070530100,in,1,100000002241986100,20000.0,1,peripheral,40,False
100000004071070100,in,1,100000004071080100,36000.0,4,consolidator,1,False
100000004071070100,in,2,100000002957787100,5000.0,1,coordinator,1,False
100000004071070100,out,1,100000004071080100,6000.0,1,consolidator,1,False
100000004071080100,in,1,100000006866783100,67000.0,4,distributor,1,True
100000004071080100,in,2,100000004847758100,50600.0,2,distributor,4,False
100000004071080100,in,3,100000002723538100,32000.0,1,distributor,7,False
100000004071080100,out,1,100000004071070100,36000.0,4,peripheral,1,False
100000004071080100,out,2,100000003086040100,10500.0,1,terminal,1,False
100000004071444100,in,1,100000000437046100,247350.0,1,coordinator,1,False
100000004071444100,out,1,100000001299828100,100000.0,1,peripheral,1,False
100000004076740100,in,1,100000006866783100,46250.0,1,distributor,1,True
100000004076740100,in,2,100000005519998100,40000.0,3,transit,35,False
100000004076740100,in,3,100000004467157100,7000.0,1,peripheral,35,False
100000004076740100,out,1,100000003219438100,32000.0,1,terminal,35,False
100000004076740100,out,2,100000005932987100,25000.0,3,terminal,35,False
100000004076740100,out,3,100000004336312100,20000.0,1,transit,35,False
100000004077081100,in,1,100000000331309100,140000.0,1,coordinator,6,False
100000004077081100,out,1,100000008165763100,250000.0,1,transit,4,False
100000004077081100,out,2,100000002398779100,195000.0,2,consolidator,1,False
100000004077081100,out,3,100000003684369100,110000.0,2,distributor,4,True
100000004094958100,in,1,100000008575624100,39000.0,1,peripheral,50,True
100000004094958100,out,1,100000004331458100,40000.0,1,terminal,50,False
100000004096559100,in,1,100000001601320100,46200.0,1,transit,11,False
100000004097972100,in,1,100000008477350100,118878.0,1,coordinator,1,False
100000004097972100,out,1,100000003214786100,5000.0,1,peripheral,1,False
100000004097972100,out,2,100000005209352100,5000.0,1,peripheral,1,False
100000004099450100,in,1,100000008731444100,31000.0,1,distributor,1,False
100000004105288100,in,1,100000003366154100,190000.0,1,peripheral,4,False
100000004105288100,in,2,100000000343175100,25000.0,1,distributor,12,True
100000004107228100,in,1,100000003528285100,5000.0,1,peripheral,4,False
100000004114962100,in,1,100000000331309100,140000.0,1,coordinator,6,False
100000004114962100,in,2,100000005530114100,25000.0,1,peripheral,17,False
100000004130144100,in,1,100000007747786100,200000.0,1,distributor,11,True
100000004134060100,in,1,100000005527892100,88179.0,1,coordinator,21,False
100000004135268100,in,1,100000008571433100,1064000.0,2,peripheral,53,True
100000004135268100,in,2,100000002738256100,175000.0,1,transit,53,False
100000004135268100,out,1,100000004979498100,700000.0,2,peripheral,53,False
100000004135268100,out,2,100000002738256100,150200.0,1,transit,53,False
100000004135268100,out,3,100000008571433100,150000.0,1,peripheral,53,True
100000004140487100,in,1,100000003242289100,24510.0,1,coordinator,17,False
100000004140487100,out,1,100000003684369100,50000.0,2,distributor,4,True
100000004140487100,out,2,100000008165763100,42000.0,3,transit,4,False
100000004140487100,out,3,100000003249054100,32800.0,3,consolidator,4,False
100000004140994100,in,1,100000002578405100,18650.0,1,distributor,2,False
100000004144536100,in,1,100000004007116100,113000.0,3,peripheral,26,True
100000004144536100,in,2,100000004160650100,40000.0,1,distributor,26,False
100000004144536100,in,3,100000008774237100,10000.0,1,peripheral,26,False
100000004150593100,in,1,100000005287097100,57000.0,2,distributor,5,False
100000004150593100,out,1,100000005022552100,241000.0,3,peripheral,5,False
100000004150593100,out,2,100000003899899100,213500.0,4,peripheral,5,False
100000004150593100,out,3,100000004394765100,119476.0,1,peripheral,5,False
100000004156082100,in,1,100000004527381100,273866.11,1,peripheral,16,False
100000004156082100,in,2,100000005287097100,50500.0,2,distributor,5,False
100000004156082100,in,3,100000008418835100,27000.0,1,peripheral,16,True
100000004156082100,out,1,100000003221384100,511200.0,1,terminal,16,False
100000004156082100,out,2,100000000795129100,332000.0,1,terminal,16,False
100000004156082100,out,3,100000004816564100,285480.0,1,peripheral,16,False
100000004158362100,in,1,100000004070318100,12000.0,1,distributor,1,False
100000004159526100,in,1,100000005933757100,144082.0,1,distributor,15,False
100000004159526100,in,2,100000007747786100,100000.0,1,distributor,11,True
100000004159526100,in,3,100000002132479100,20000.0,1,peripheral,15,False
100000004159526100,out,1,100000002132479100,30000.0,2,peripheral,15,False
100000004159526100,out,2,100000007953156100,18000.0,1,peripheral,15,False
100000004159526100,out,3,100000004456564100,10000.0,2,terminal,15,False
100000004160650100,in,1,100000002731501100,40000.0,2,peripheral,26,False
100000004160650100,in,2,100000003616818100,35100.0,2,peripheral,26,False
100000004160650100,out,1,100000002731501100,550370.0,5,peripheral,26,False
100000004160650100,out,2,100000004007116100,535744.0,19,peripheral,26,True
100000004160650100,out,3,100000002886166100,185000.0,3,terminal,26,False
100000004167082100,in,1,100000006020215100,13300.0,1,transit,14,False
100000004177936100,in,1,100000001138283100,10000.0,1,peripheral,7,False
100000004180097100,in,1,100000006866783100,76854.0,1,distributor,1,True
100000004180097100,in,2,100000002293421100,22000.0,3,transit,1,False
100000004180097100,in,3,100000004765639100,6000.0,1,peripheral,1,False
100000004180097100,out,1,100000002293421100,36000.0,5,transit,1,False
100000004180097100,out,2,100000000723383100,6800.0,1,peripheral,23,False
100000004180097100,out,3,100000004765639100,5000.0,1,peripheral,1,False
100000004183610100,in,1,100000008733194100,22000.0,1,distributor,14,False
100000004183610100,out,1,100000003718715100,915000.0,3,peripheral,14,False
100000004184158100,in,1,100000000437046100,203805.0,1,coordinator,1,False
100000004185681100,in,1,100000004356593100,10000.0,1,peripheral,4,False
100000004186824100,in,1,100000003016635100,437350.0,6,distributor,5,True
100000004186824100,in,2,100000000667713100,14350.0,1,peripheral,5,False
100000004186824100,out,1,100000004707703100,7000.0,1,transit,5,False
100000004188160100,in,1,100000003016635100,79262.0,4,distributor,5,True
100000004188160100,in,2,100000004156082100,8600.0,1,coordinator,16,False
100000004188160100,out,1,100000008174521100,82110.0,1,terminal,5,False
100000004188160100,out,2,100000003016635100,18000.0,2,distributor,5,True
100000004188160100,out,3,100000008762728100,17026.0,1,terminal,5,False
100000004192107100,in,1,100000005612411100,25000.0,1,distributor,4,False
100000004192865100,in,1,100000000607731100,66666.0,1,peripheral,30,False
100000004193835100,in,1,100000004394765100,47000.0,1,peripheral,5,False
100000004193835100,out,1,100000005382566100,5000.0,1,consolidator,20,True
100000004200745100,in,1,100000003917461100,130000.0,4,peripheral,13,False
100000004206046100,in,1,100000003016635100,11075.0,1,distributor,5,True
100000004209339100,in,1,100000003635170100,138500.0,6,transit,34,False
100000004209339100,out,1,100000003635170100,232500.0,10,transit,34,False
100000004209339100,out,2,100000007737775100,6000.0,1,terminal,34,False
100000004213658100,in,1,100000002527114100,25347.0,1,distributor,2,True
100000004217419100,in,1,100000008603629100,80000.0,1,coordinator,7,False
100000004217419100,in,2,100000008599354100,38200.0,2,peripheral,1,False
100000004217419100,out,1,100000005367180100,7700.0,1,peripheral,7,False
100000004218576100,in,1,100000002527114100,26144.0,1,distributor,2,True
100000004221668100,in,1,100000005171642100,683600.0,4,transit,9,False
100000004221668100,in,2,100000006240939100,300000.0,1,peripheral,9,False
100000004221668100,in,3,100000008748408100,92000.0,1,distributor,9,False
100000004221668100,out,1,100000005171642100,690600.0,4,transit,9,False
100000004221668100,out,2,100000002391278100,30000.0,5,peripheral,9,False
100000004221668100,out,3,100000004321983100,10840.0,1,peripheral,9,False
100000004222274100,in,1,100000002611334100,15500.0,1,peripheral,1,False
100000004225615100,in,1,100000001162560100,90000.0,2,distributor,3,False
100000004226848100,in,1,100000003684369100,301866.0,1,distributor,4,True
100000004232712100,in,1,100000004278574100,12500.0,1,peripheral,6,False
100000004235471100,in,1,100000008722417100,180000.0,1,peripheral,6,False
100000004241142100,in,1,100000004676985100,27102.0,1,transit,1,False
100000004254434100,in,1,100000002527114100,44445.0,2,distributor,2,True
100000004257714100,in,1,100000002578405100,52220.0,1,distributor,2,False
100000004260869100,in,1,100000003899899100,10000.0,1,peripheral,5,False
100000004261340100,in,1,100000007864477100,48500.0,4,peripheral,1,False
100000004263867100,in,1,100000008460102100,9000.0,1,distributor,19,False
100000004265639100,in,1,100000008732488100,10000.0,1,peripheral,7,False
100000004268036100,in,1,100000008460102100,5500.0,1,distributor,19,False
100000004269433100,out,1,100000008418835100,1372000.0,67,peripheral,16,True
100000004272302100,in,1,100000004722765100,10000.0,1,peripheral,48,False
100000004278574100,in,1,100000000331309100,25000.0,1,coordinator,6,False
100000004278574100,out,1,100000004232712100,12500.0,1,peripheral,6,False
100000004285800100,in,1,100000005124479100,5000.0,1,peripheral,1,False
100000004285800100,out,1,100000004904960100,15000.0,1,terminal,1,False
100000004286573100,in,1,100000008680731100,16590.0,1,distributor,13,True
100000004291560100,in,1,100000004400305100,47190.0,1,distributor,1,False
100000004291663100,in,1,100000003213473100,25000.0,1,distributor,1,False
100000004292885100,in,1,100000002578405100,112700.0,1,distributor,2,False
100000004299488100,in,1,100000007055802100,605000.0,7,consolidator,1,False
100000004299488100,in,2,100000000331309100,360000.0,3,coordinator,6,False
100000004299488100,in,3,100000006866783100,337000.0,5,distributor,1,True
100000004299488100,out,1,100000007055802100,204999.0,9,consolidator,1,False
100000004299488100,out,2,100000004674799100,140000.0,5,terminal,1,False
100000004315838100,in,1,100000000331309100,25000.0,1,coordinator,6,False
100000004315838100,in,2,100000003684369100,25000.0,1,distributor,4,True
100000004315838100,out,1,100000004806903100,18000.0,1,terminal,4,False
100000004318918100,in,1,100000000343175100,75600.0,1,distributor,12,True
100000004321983100,in,1,100000004221668100,10840.0,1,peripheral,9,False
100000004321983100,out,1,100000008727982100,30000.0,2,peripheral,9,False
100000004321983100,out,2,100000005171642100,6200.0,1,transit,9,False
100000004325327100,in,1,100000006866783100,47472.0,1,distributor,1,True
100000004325327100,in,2,100000004400305100,23345.0,2,distributor,1,False
100000004325327100,out,1,100000002445750100,70000.0,1,peripheral,1,False
100000004326224100,in,1,100000005198906100,60000.0,1,peripheral,6,False
100000004330371100,in,1,100000006534886100,167500.0,8,peripheral,5,False
100000004330371100,in,2,100000003016635100,96671.0,4,distributor,5,True
100000004330371100,out,1,100000006534886100,71700.0,5,peripheral,5,False
100000004330371100,out,2,100000003016635100,18981.0,1,distributor,5,True
100000004331458100,in,1,100000005547096100,210000.0,1,peripheral,50,False
100000004331458100,in,2,100000004094958100,40000.0,1,transit,50,False
100000004336228100,in,1,100000008603629100,51407.0,2,coordinator,7,False
100000004336312100,in,1,100000004017410100,58915.0,4,peripheral,35,False
100000004336312100,in,2,100000004076740100,20000.0,1,peripheral,35,False
100000004336312100,in,3,100000003934614100,11500.0,2,peripheral,35,False
100000004336312100,out,1,100000004017410100,52650.0,2,peripheral,35,False
100000004336312100,out,2,100000005519998100,20000.0,1,transit,35,False
100000004340038100,in,1,100000008346837100,9978.0,1,coordinator,14,False
100000004340038100,out,1,100000003568904100,49000.0,1,peripheral,14,False
100000004350094100,in,1,100000007689942100,20000.0,1,peripheral,18,False
100000004351795100,in,1,100000006866783100,66404.0,1,distributor,1,True
100000004351795100,in,2,100000008346837100,29511.0,1,coordinator,14,False
100000004351795100,in,3,100000008603629100,22418.0,1,coordinator,7,False
100000004351795100,out,1,100000000437046100,542000.0,9,coordinator,1,False
100000004351795100,out,2,100000008731444100,295000.0,3,distributor,1,False
100000004351795100,out,3,100000008512552100,246100.0,4,peripheral,17,False
100000004356593100,in,1,100000008304139100,50000.0,1,distributor,4,False
100000004356593100,out,1,100000004185681100,10000.0,1,terminal,4,False
100000004358004100,out,1,100000003684369100,233000.0,5,distributor,4,True
100000004358004100,out,2,100000001477796100,182000.0,1,terminal,4,False
100000004358004100,out,3,100000008165763100,148000.0,3,transit,4,False
100000004360785100,in,1,100000003016635100,94705.0,1,distributor,5,True
100000004368189100,in,1,100000005242320100,384600.0,1,distributor,10,False
100000004368189100,out,1,100000004400480100,21700.0,1,peripheral,10,False
100000004368189100,out,2,100000003084870100,6500.0,1,peripheral,10,False
100000004377043100,in,1,100000008655779100,5700.0,1,peripheral,29,False
100000004379306100,in,1,100000007197866100,15000.0,1,peripheral,7,False
100000004386258100,in,1,100000003265158100,46700.0,1,transit,13,False
100000004386258100,in,2,100000003917461100,10000.0,1,peripheral,13,False
100000004386258100,in,3,100000004386331100,5000.0,1,transit,13,False
100000004386258100,out,1,100000004386331100,20000.0,1,transit,13,False
100000004386258100,out,2,100000003917461100,10000.0,1,peripheral,13,False
100000004386258100,out,3,100000004591973100,10000.0,1,peripheral,13,False
100000004386286100,in,1,100000004386331100,12500.0,1,transit,13,False
100000004386331100,in,1,100000004386258100,20000.0,1,peripheral,13,False
100000004386331100,out,1,100000004386286100,12500.0,1,peripheral,13,False
100000004386331100,out,2,100000004386258100,5000.0,1,peripheral,13,False
100000004388209100,in,1,100000002527114100,11800.0,1,distributor,2,True
100000004388353100,in,1,100000000343175100,34960.0,1,distributor,12,True
100000004388353100,in,2,100000008086440100,28000.0,1,transit,1,False
100000004388983100,out,1,100000005034574100,258816.0,16,terminal,66,False
100000004388983100,out,2,100000007283257100,192000.0,7,terminal,66,False
100000004390333100,in,1,100000006866783100,45751.0,1,distributor,1,True
100000004390333100,in,2,100000004400305100,18807.0,1,distributor,1,False
100000004390333100,out,1,100000000437046100,100000.0,2,coordinator,1,False
100000004390333100,out,2,100000003684369100,100000.0,2,distributor,4,True
100000004390333100,out,3,100000006866783100,60000.0,1,distributor,1,True
100000004394765100,in,1,100000003016635100,451888.0,8,distributor,5,True
100000004394765100,in,2,100000004150593100,119476.0,1,distributor,5,False
100000004394765100,in,3,100000004156082100,32480.0,1,coordinator,16,False
100000004394765100,out,1,100000004193835100,47000.0,1,peripheral,5,True
100000004394765100,out,2,100000008650785100,35500.0,1,peripheral,5,True
100000004398811100,in,1,100000008748914100,426000.0,1,distributor,4,False
100000004398811100,out,1,100000002255058100,491500.0,2,terminal,4,False
100000004398811100,out,2,100000002956779100,411000.0,1,terminal,4,False
100000004398811100,out,3,100000002939838100,138172.0,1,terminal,5,False
100000004399686100,in,1,100000001965374100,806000.0,2,peripheral,25,False
100000004400305100,in,1,100000008748914100,105000.0,1,distributor,4,False
100000004400305100,in,2,100000008632060100,40000.0,2,distributor,1,False
100000004400305100,in,3,100000004140487100,30000.0,2,distributor,4,False
100000004400305100,out,1,100000007138613100,450000.0,1,peripheral,1,False
100000004400305100,out,2,100000002645609100,373567.0,1,consolidator,1,False
100000004400305100,out,3,100000002521039100,349370.0,1,terminal,1,False
100000004400361100,in,1,100000001530983100,10000.0,1,distributor,5,False
100000004400480100,in,1,100000004368189100,21700.0,1,peripheral,10,False
100000004403548100,in,1,100000004975919100,5000.0,1,peripheral,7,False
100000004403641100,in,1,100000008742053100,171500.0,1,distributor,10,False
100000004403675100,in,1,100000003988112100,64000.0,5,peripheral,20,False
100000004403675100,in,2,100000005933757100,48100.0,1,distributor,15,False
100000004403675100,in,3,100000006866783100,47187.0,1,distributor,1,True
100000004403675100,out,1,100000003988112100,92000.0,2,peripheral,20,False
100000004403675100,out,2,100000001386612100,62264.0,1,terminal,20,False
100000004403675100,out,3,100000000331309100,59435.0,1,coordinator,6,False
100000004407753100,in,1,100000007382543100,250000.0,4,peripheral,29,False
100000004407753100,out,1,100000007382543100,100000.0,1,peripheral,29,False
100000004408683100,in,1,100000003016635100,81148.0,2,distributor,5,True
100000004408683100,in,2,100000008531133100,31771.68,1,peripheral,5,False
100000004410489100,in,1,100000004847758100,54000.0,1,distributor,4,False
100000004417753100,in,1,100000003528285100,100000.0,1,peripheral,4,False
100000004417753100,in,2,100000002723538100,92099.0,1,distributor,7,False
100000004418967100,in,1,100000008692291100,100000.0,1,transit,3,False
100000004420041100,in,1,100000008603629100,69638.0,1,coordinator,7,False
100000004420041100,out,1,100000004798515100,200000.0,2,peripheral,13,False
100000004420041100,out,2,100000001899164100,190525.0,1,peripheral,13,False
100000004420041100,out,3,100000004800648100,131000.0,1,peripheral,13,False
100000004424023100,in,1,100000005514161100,50000.0,1,consolidator,10,False
100000004424023100,out,1,100000008332511100,100000.0,1,terminal,10,False
100000004433250100,in,1,100000002970466100,8000.0,1,peripheral,1,False
100000004435304100,in,1,100000001697501100,26200.0,1,distributor,2,False
100000004441291100,in,1,100000007311010100,20000.0,1,peripheral,4,False
100000004445291100,in,1,100000001526235100,19500.0,2,distributor,27,False
100000004449824100,in,1,100000008460102100,9000.0,1,distributor,19,False
100000004450649100,in,1,100000000331309100,140970.0,1,coordinator,6,False
100000004450649100,in,2,100000003854444100,51558.0,1,distributor,18,False
100000004450649100,out,1,100000003684369100,41300.0,1,distributor,4,True
100000004450649100,out,2,100000005025629100,5227.0,1,peripheral,6,False
100000004451012100,in,1,100000003854444100,91245.0,1,distributor,18,False
100000004451012100,out,1,100000007867364100,41852.0,1,peripheral,18,False
100000004451012100,out,2,100000004502048100,13888.0,1,peripheral,18,False
100000004451012100,out,3,100000004049912100,10000.0,1,peripheral,18,False
100000004456564100,in,1,100000004159526100,10000.0,2,peripheral,15,False
100000004463277100,in,1,100000000703894100,35000.0,1,peripheral,30,False
100000004467157100,in,1,100000004076740100,20000.0,3,peripheral,35,False
100000004467157100,out,1,100000004076740100,7000.0,1,peripheral,35,False
100000004472936100,in,1,100000006714366100,5000.0,1,peripheral,14,False
100000004475818100,in,1,100000005665181100,13000.0,1,distributor,6,False
100000004475818100,out,1,100000000332284100,23726.0,1,consolidator,6,False
100000004475818100,out,2,100000005665181100,18498.0,1,distributor,6,False
100000004475818100,out,3,100000008172352100,11765.0,1,peripheral,33,False
100000004479404100,in,1,100000004717647100,1480000.0,6,peripheral,46,False
100000004479404100,in,2,100000004070318100,12000.0,2,distributor,1,False
100000004479404100,out,1,100000004717647100,300000.0,2,peripheral,46,False
100000004480280100,in,1,100000003684369100,146694.0,1,distributor,4,True
100000004480280100,out,1,100000003254723100,269850.0,6,terminal,4,False
100000004480280100,out,2,100000005493505100,26000.0,1,peripheral,14,True
100000004486525100,in,1,100000005910114100,195047.0,7,coordinator,1,False
100000004486525100,in,2,100000007864477100,50000.0,2,peripheral,1,False
100000004486525100,in,3,100000004070318100,46877.0,5,distributor,1,False
100000004486525100,out,1,100000002398779100,254955.0,2,consolidator,1,False
100000004486525100,out,2,100000004962193100,16090.0,1,consolidator,1,False
100000004488265100,in,1,100000008603629100,38740.0,1,coordinator,7,False
100000004491749100,in,1,100000008713270100,50000.0,1,peripheral,9,False
100000004491881100,in,1,100000002527114100,17144.0,1,distributor,2,True
100000004493586100,in,1,100000002957787100,7500.0,1,coordinator,1,False
100000004494983100,in,1,100000002527114100,35000.0,1,distributor,2,True
100000004497606100,in,1,100000002527114100,15534.0,1,distributor,2,True
100000004500444100,in,1,100000005933757100,100000.0,5,distributor,15,False
100000004500444100,in,2,100000001073568100,80000.0,2,peripheral,15,False
100000004500444100,out,1,100000004500781100,74000.0,5,peripheral,15,False
100000004500781100,in,1,100000004500444100,74000.0,5,peripheral,15,False
100000004502048100,in,1,100000004451012100,13888.0,1,peripheral,18,False
100000004508696100,in,1,100000005911352100,7000.0,1,peripheral,39,False
100000004508696100,out,1,100000002217806100,55000.0,2,peripheral,39,False
100000004508696100,out,2,100000004549591100,49000.0,1,peripheral,39,False
100000004508696100,out,3,100000005911352100,7000.0,1,peripheral,39,False
100000004509286100,in,1,100000003684369100,40000.0,1,distributor,4,True
100000004526651100,in,1,100000008489922100,33000.0,1,coordinator,3,False
100000004527381100,in,1,100000008188026100,119333.17,1,peripheral,16,False
100000004527381100,out,1,100000004156082100,273866.11,1,coordinator,16,False
100000004539443100,in,1,100000000596954100,39800.0,1,peripheral,4,False
100000004539443100,in,2,100000004921657100,22190.0,1,peripheral,4,False
100000004544958100,in,1,100000004677680100,168000.0,3,peripheral,12,False
100000004544958100,out,1,100000004677680100,18000.0,1,peripheral,12,False
100000004544958100,out,2,100000006476758100,5200.0,1,terminal,12,False
100000004549591100,in,1,100000004508696100,49000.0,1,peripheral,39,False
100000004552204100,in,1,100000007322059100,22500.0,2,peripheral,33,False
100000004552204100,out,1,100000003646145100,5000.0,1,peripheral,33,False
100000004552204100,out,2,100000007322059100,5000.0,1,peripheral,33,False
100000004553349100,in,1,100000005665181100,7755.0,1,distributor,6,False
100000004559194100,in,1,100000003016635100,282145.0,6,distributor,5,True
100000004564736100,in,1,100000004580202100,15000.0,2,peripheral,24,False
100000004569484100,in,1,100000005704413100,65705.0,2,distributor,8,False
100000004569484100,in,2,100000005933757100,32607.0,1,distributor,15,False
100000004569484100,out,1,100000005578559100,51000.0,1,distributor,8,False
100000004569484100,out,2,100000005704413100,41000.0,1,distributor,8,False
100000004569484100,out,3,100000005933757100,39000.0,1,distributor,15,False
100000004569637100,in,1,100000003152964100,5500.0,1,peripheral,7,False
100000004571634100,in,1,100000005475379100,20000.0,1,peripheral,12,False
100000004573782100,in,1,100000000267734100,15000.0,1,peripheral,11,False
100000004580202100,in,1,100000003701161100,9000.0,1,peripheral,24,False
100000004580202100,out,1,100000008474391100,20000.0,1,terminal,24,False
100000004580202100,out,2,100000004564736100,15000.0,2,terminal,24,False
100000004580202100,out,3,100000004991812100,10000.0,1,terminal,24,False
100000004580254100,in,1,100000003242289100,14870.0,1,coordinator,17,False
100000004580254100,in,2,100000005665181100,13070.0,1,distributor,6,False
100000004584730100,in,1,100000004717647100,47000.0,1,peripheral,46,False
100000004586598100,in,1,100000000583220100,761255.0,4,peripheral,68,False
100000004587414100,in,1,100000000331309100,320200.0,1,coordinator,6,False
100000004587414100,in,2,100000000437046100,213403.0,1,coordinator,1,False
100000004588479100,in,1,100000003016635100,177633.0,2,distributor,5,True
100000004591973100,in,1,100000004386258100,10000.0,1,peripheral,13,False
100000004591973100,out,1,100000007745062100,100000.0,1,peripheral,13,False
100000004592467100,in,1,100000008748914100,7000.0,1,distributor,4,False
100000004596284100,in,1,100000005308954100,30000.0,1,peripheral,5,False
100000004601193100,in,1,100000000976943100,84000.0,3,transit,12,False
100000004603109100,in,1,100000002224132100,2580000.0,6,peripheral,25,False
100000004603109100,in,2,100000000594783100,92500.0,1,peripheral,25,False
100000004603109100,in,3,100000000552584100,57500.0,1,peripheral,25,False
100000004603109100,out,1,100000002224132100,300000.0,1,peripheral,25,False
100000004603109100,out,2,100000004892144100,100000.0,1,peripheral,25,False
100000004610802100,in,1,100000002513028100,241000.0,18,peripheral,61,False
100000004611571100,in,1,100000004400305100,22550.0,1,distributor,1,False
100000004613582100,in,1,100000003188607100,5000.0,1,peripheral,11,False
100000004613582100,out,1,100000001601320100,9500.0,1,transit,11,False
100000004616845100,in,1,100000001052945100,20200.0,2,peripheral,58,False
100000004622227100,in,1,100000006866783100,24931.0,1,distributor,1,True
100000004622227100,out,1,100000008011159100,7000.0,1,peripheral,43,False
100000004622227100,out,2,100000000332284100,6000.0,1,consolidator,6,False
100000004622227100,out,3,100000004486525100,6000.0,1,consolidator,1,False
100000004629688100,in,1,100000000076451100,5000.0,1,peripheral,16,False
100000004629688100,out,1,100000000076451100,15000.0,2,peripheral,16,False
100000004634420100,in,1,100000002578405100,26150.0,1,distributor,2,False
100000004635886100,in,1,100000004150593100,23000.0,1,distributor,5,False
100000004644615100,in,1,100000007534354100,50810.0,1,peripheral,10,False
100000004644615100,out,1,100000003989033100,373400.0,13,peripheral,10,False
100000004644615100,out,2,100000003194831100,6265.0,1,peripheral,10,False
100000004652395100,in,1,100000005910114100,75028.0,2,coordinator,1,False
100000004652395100,in,2,100000007593823100,16500.0,2,coordinator,1,False
100000004652395100,in,3,100000004140487100,10000.0,1,distributor,4,False
100000004655046100,in,1,100000001169666100,24000.0,1,peripheral,8,False
100000004657034100,in,1,100000000331309100,141250.0,1,coordinator,6,False
100000004659919100,in,1,100000005031696100,110000.0,2,peripheral,52,False
100000004659919100,out,1,100000002700161100,39000.0,1,peripheral,52,False
100000004662806100,in,1,100000008680731100,97580.0,1,distributor,13,True
100000004662806100,in,2,100000002957787100,9005.0,1,coordinator,1,False
100000004662806100,out,1,100000001083990100,49900.0,2,terminal,13,False
100000004662806100,out,2,100000003943483100,10000.0,1,terminal,13,False
100000004664515100,in,1,100000006866783100,37691.0,1,distributor,1,True
100000004664905100,in,1,100000003016635100,234620.0,3,distributor,5,True
100000004664905100,in,2,100000008389800100,94400.0,1,peripheral,5,False
100000004666651100,in,1,100000008628231100,429250.0,1,peripheral,67,False
100000004670388100,in,1,100000000291906100,160354.0,1,transit,51,False
100000004670388100,out,1,100000000291906100,380000.0,2,transit,51,False
100000004670388100,out,2,100000004722630100,340000.0,2,peripheral,51,False
100000004671609100,in,1,100000008512827100,100000.0,1,distributor,10,False
100000004673335100,in,1,100000000673868100,80000.0,1,peripheral,31,False
100000004674178100,in,1,100000001788284100,20000.0,1,peripheral,27,False
100000004674389100,in,1,100000005475379100,15000.0,1,peripheral,12,False
100000004674412100,in,1,100000005475379100,46000.0,1,peripheral,12,False
100000004674799100,in,1,100000004299488100,140000.0,5,consolidator,1,False
100000004676985100,in,1,100000004400305100,32260.0,1,distributor,1,False
100000004676985100,out,1,100000004241142100,27102.0,1,peripheral,1,False
100000004677680100,in,1,100000000343175100,45000.0,1,distributor,12,True
100000004677680100,in,2,100000004544958100,18000.0,1,peripheral,12,False
100000004677680100,out,1,100000004544958100,168000.0,3,peripheral,12,False
100000004679953100,in,1,100000008603629100,163767.0,1,coordinator,7,False
100000004679953100,in,2,100000004400305100,139768.0,1,distributor,1,False
100000004679953100,in,3,100000006866783100,40003.0,1,distributor,1,True
100000004679953100,out,1,100000005782781100,16000.0,1,peripheral,11,False
100000004679953100,out,2,100000008730846100,12800.0,1,consolidator,12,False
100000004679953100,out,3,100000008461532100,5300.0,1,distributor,28,False
100000004687099100,in,1,100000000267734100,30000.0,1,peripheral,11,False
100000004687282100,in,1,100000004707703100,20000.0,1,transit,5,False
100000004689658100,in,1,100000001857829100,456100.0,1,coordinator,7,False
100000004689658100,out,1,100000005010159100,7092.0,1,peripheral,7,False
100000004691350100,in,1,100000000291908100,13300.0,1,peripheral,51,False
100000004692798100,in,1,100000008680731100,190305.0,1,distributor,13,True
100000004692798100,in,2,100000000831684100,50000.0,3,peripheral,13,False
100000004692798100,out,1,100000000831684100,15000.0,2,peripheral,13,False
100000004697956100,in,1,100000003509750100,10000.0,1,transit,9,False
100000004697956100,out,1,100000003509750100,10000.0,1,transit,9,False
100000004698193100,in,1,100000001893287100,152700.0,14,peripheral,9,False
100000004698193100,in,2,100000008748408100,70000.0,1,distributor,9,False
100000004698193100,out,1,100000001893287100,18000.0,3,peripheral,9,False
100000004698193100,out,2,100000008547295100,15000.0,1,terminal,9,False
100000004698193100,out,3,100000001860090100,5000.0,1,terminal,9,False
100000004707703100,in,1,100000003016635100,232300.0,2,distributor,5,True
100000004707703100,in,2,100000004186824100,7000.0,1,peripheral,5,False
100000004707703100,out,1,100000002335358100,140000.0,2,terminal,5,False
100000004707703100,out,2,100000003975102100,25650.0,1,peripheral,5,True
100000004707703100,out,3,100000005519347100,23000.0,1,peripheral,5,True
100000004713684100,in,1,100000004400305100,37500.0,1,distributor,1,False
100000004714705100,out,1,100000008738325100,36550.0,1,peripheral,20,True
100000004715209100,in,1,100000008603331100,5000.0,1,peripheral,3,False
100000004715209100,out,1,100000008190411100,198450.0,12,peripheral,3,False
100000004715209100,out,2,100000003133045100,68000.0,1,peripheral,3,False
100000004715209100,out,3,100000004747154100,67000.0,1,peripheral,3,False
100000004717647100,in,1,100000004479404100,300000.0,2,peripheral,46,False
100000004717647100,out,1,100000004479404100,1480000.0,6,peripheral,46,False
100000004717647100,out,2,100000002922000100,448000.0,1,peripheral,46,False
100000004717647100,out,3,100000002659103100,165000.0,1,peripheral,46,False
100000004722630100,in,1,100000004670388100,340000.0,2,peripheral,51,False
100000004722765100,in,1,100000003747133100,230000.0,1,consolidator,48,False
100000004722765100,out,1,100000005075949100,2226000.0,7,peripheral,48,False
100000004722765100,out,2,100000006527156100,48500.0,1,peripheral,48,False
100000004722765100,out,3,100000004272302100,10000.0,1,peripheral,48,False
100000004723755100,out,1,100000008748914100,95000.0,5,distributor,4,False
100000004726132100,in,1,100000000437046100,349000.0,1,coordinator,1,False
100000004726132100,out,1,100000000634341100,24000.0,2,peripheral,1,False
100000004732589100,in,1,100000006707582100,227520.0,1,distributor,12,False
100000004737477100,in,1,100000006866783100,30127.0,2,distributor,1,True
100000004737477100,in,2,100000004400305100,19471.0,1,distributor,1,False
100000004737477100,out,1,100000003831201100,40500.0,3,terminal,1,False
100000004737764100,in,1,100000000913911100,600000.0,1,peripheral,4,False
100000004739664100,in,1,100000002527114100,12000.0,1,distributor,2,True
100000004739664100,out,1,100000000979567100,10000.0,1,terminal,2,False
100000004741837100,in,1,100000003016635100,25596.0,1,distributor,5,True
100000004744306100,in,1,100000005264990100,69000.0,1,peripheral,20,True
100000004744306100,out,1,100000008516839100,58000.0,2,peripheral,20,True
100000004744306100,out,2,100000008406609100,34000.0,1,terminal,20,False
100000004746397100,in,1,100000000331309100,219520.0,1,coordinator,6,False
100000004746397100,out,1,100000002957787100,7500.0,1,coordinator,1,False
100000004747154100,in,1,100000004715209100,67000.0,1,peripheral,3,False
100000004750321100,in,1,100000005704413100,44695.0,1,distributor,8,False
100000004750321100,in,2,100000005665181100,5490.0,1,distributor,6,False
100000004750897100,in,1,100000000076451100,10000.0,1,peripheral,16,False
100000004756901100,in,1,100000001530983100,153248.0,1,distributor,5,False
100000004759121100,in,1,100000000331309100,220000.0,1,coordinator,6,False
100000004759121100,in,2,100000006844768100,175000.0,4,peripheral,1,False
100000004759121100,in,3,100000000437046100,150000.0,2,coordinator,1,False
100000004759121100,out,1,100000006844768100,282000.0,5,peripheral,1,False
100000004759121100,out,2,100000005105153100,30000.0,1,terminal,1,False
100000004765639100,in,1,100000004180097100,5000.0,1,peripheral,1,False
100000004765639100,out,1,100000004180097100,6000.0,1,peripheral,1,False
100000004765639100,out,2,100000002293421100,5000.0,1,transit,1,False
100000004770073100,in,1,100000002957787100,5462.4,1,coordinator,1,False
100000004770073100,out,1,100000005293969100,5466.97,1,peripheral,1,False
100000004777215100,in,1,100000001427082100,60000.0,1,peripheral,23,False
100000004779204100,in,1,100000004400305100,30450.0,1,distributor,1,False
100000004779204100,out,1,100000006512787100,20000.0,2,peripheral,1,False
100000004780083100,in,1,100000002513028100,9999.0,1,peripheral,61,False
100000004780327100,in,1,100000008460102100,12000.0,1,distributor,19,False
100000004783447100,in,1,100000002527114100,26200.0,1,distributor,2,True
100000004784224100,in,1,100000004813068100,23500.0,2,peripheral,25,True
100000004784224100,out,1,100000005474472100,100000.0,1,terminal,25,False
100000004788983100,in,1,100000001066017100,27000.0,1,peripheral,1,False
100000004790991100,in,1,100000003016635100,239413.0,4,distributor,5,True
100000004791226100,in,1,100000006492770100,20000.0,1,peripheral,1,False
100000004792397100,in,1,100000002527114100,73520.0,1,distributor,2,True
100000004797167100,in,1,100000008514970100,31000.0,1,peripheral,21,False
100000004798515100,in,1,100000004420041100,200000.0,2,peripheral,13,False
100000004800452100,in,1,100000003035737100,6544.53,1,peripheral,6,False
100000004800648100,in,1,100000004420041100,131000.0,1,peripheral,13,False
100000004806903100,in,1,100000004315838100,18000.0,1,peripheral,4,False
100000004813068100,out,1,100000003835149100,248500.0,1,peripheral,25,False
100000004813068100,out,2,100000008383405100,25000.0,2,terminal,25,False
100000004813068100,out,3,100000004784224100,23500.0,2,peripheral,25,False
100000004816564100,in,1,100000004156082100,285480.0,1,coordinator,16,False
100000004816564100,out,1,100000005186109100,5000.0,1,terminal,16,False
100000004820260100,in,1,100000005339662100,234200.0,12,peripheral,16,False
100000004820260100,out,1,100000005339662100,135850.0,6,peripheral,16,False
100000004820260100,out,2,100000005175148100,74000.0,3,peripheral,16,False
100000004820260100,out,3,100000005996909100,5500.0,1,terminal,16,False
100000004825069100,in,1,100000001697501100,30000.0,4,distributor,2,False
100000004840086100,in,1,100000003204491100,100000.0,2,peripheral,1,False
100000004841728100,in,1,100000002527114100,52208.0,1,distributor,2,True
100000004847758100,in,1,100000004400305100,47067.0,1,distributor,1,False
100000004847758100,in,2,100000008603629100,25612.0,1,coordinator,7,False
100000004847758100,in,3,100000005782781100,23717.0,1,peripheral,11,False
100000004847758100,out,1,100000000910216100,71000.0,3,peripheral,4,False
100000004847758100,out,2,100000003684369100,56000.0,3,distributor,4,True
100000004847758100,out,3,100000004410489100,54000.0,1,terminal,4,False
100000004848236100,in,1,100000001066017100,7500.0,1,peripheral,1,False
100000004850609100,in,1,100000005268319100,10000.0,1,peripheral,1,False
100000004856746100,in,1,100000004017410100,20000.0,1,peripheral,35,False
100000004877085100,in,1,100000008346837100,25000.0,1,coordinator,14,False
100000004877085100,out,1,100000003232675100,44000.0,2,peripheral,14,False
100000004877085100,out,2,100000006490615100,41600.0,6,peripheral,14,False
100000004877085100,out,3,100000003146511100,10000.0,1,peripheral,14,False
100000004889043100,in,1,100000004400305100,172000.0,3,distributor,1,False
100000004889043100,in,2,100000000331309100,100000.0,1,coordinator,6,False
100000004890713100,in,1,100000005704413100,40485.0,1,distributor,8,False
100000004891562100,in,1,100000008460102100,103400.0,1,distributor,19,False
100000004892144100,in,1,100000002224132100,4400000.0,6,peripheral,25,False
100000004892144100,in,2,100000004603109100,100000.0,1,peripheral,25,False
100000004892144100,out,1,100000002224132100,180300.0,1,peripheral,25,False
100000004904960100,in,1,100000005124479100,17000.0,1,peripheral,1,False
100000004904960100,in,2,100000004285800100,15000.0,1,peripheral,1,False
100000004905207100,in,1,100000001937767100,380000.0,1,peripheral,15,False
100000004906181100,in,1,100000000331309100,100000.0,1,coordinator,6,False
100000004906181100,out,1,100000008175078100,1846711.0,15,peripheral,37,False
100000004906181100,out,2,100000008675322100,340000.0,4,peripheral,37,False
100000004906181100,out,3,100000000557536100,153000.0,7,peripheral,37,False
100000004908173100,in,1,100000008692291100,21000.0,1,transit,3,False
100000004911971100,in,1,100000004906181100,35000.0,3,peripheral,37,False
100000004917367100,in,1,100000000331309100,100000.0,1,coordinator,6,False
100000004917367100,in,2,100000008477350100,20000.0,1,coordinator,1,False
100000004921657100,in,1,100000000596954100,8300.0,1,peripheral,4,False
100000004921657100,out,1,100000004539443100,22190.0,1,terminal,4,False
100000004931931100,in,1,100000008477350100,23938.0,1,coordinator,1,False
100000004931931100,out,1,100000003061115100,45000.0,1,peripheral,1,False
100000004948177100,in,1,100000003016635100,341163.0,6,distributor,5,True
100000004948177100,in,2,100000000490383100,48000.0,1,distributor,5,False
100000004948177100,in,3,100000008389800100,48000.0,1,peripheral,5,False
100000004950490100,in,1,100000007536804100,10000.0,1,peripheral,11,False
100000004959752100,in,1,100000001346560100,22200.0,1,peripheral,4,False
100000004962193100,in,1,100000008587459100,591000.0,3,peripheral,1,False
100000004962193100,in,2,100000004351795100,90000.0,1,coordinator,1,False
100000004962193100,in,3,100000002723538100,54000.0,2,distributor,7,False
100000004970752100,in,1,100000002445750100,10000.0,1,peripheral,1,False
100000004971871100,in,1,100000003148220100,25400.0,3,peripheral,60,False
100000004971871100,out,1,100000003148220100,5650.0,1,peripheral,60,False
100000004975919100,in,1,100000008603629100,22351.0,1,coordinator,7,False
100000004975919100,out,1,100000000299820100,10000.0,1,peripheral,7,False
100000004975919100,out,2,100000004403548100,5000.0,1,peripheral,7,False
100000004976946100,in,1,100000007392365100,246000.0,1,peripheral,42,False
100000004979264100,in,1,100000002343825100,39800.0,1,peripheral,3,False
100000004979283100,in,1,100000005578559100,40132.0,1,distributor,8,False
100000004979498100,in,1,100000004135268100,700000.0,2,transit,53,False
100000004979498100,out,1,100000008571433100,200000.0,1,peripheral,53,True
100000004981068100,in,1,100000008620570100,10000.0,1,peripheral,7,False
100000004984689100,in,1,100000008603629100,53030.0,1,coordinator,7,False
100000004988240100,in,1,100000003574895100,20000.0,1,peripheral,1,False
100000004991593100,in,1,100000005048668100,45000.0,2,distributor,7,False
100000004991812100,in,1,100000004580202100,10000.0,1,peripheral,24,False
100000004993576100,in,1,100000004156082100,167000.0,1,coordinator,16,False
100000004997515100,in,1,100000008752616100,130000.0,1,peripheral,3,False
100000004997515100,in,2,100000008489922100,125000.0,1,coordinator,3,False
100000004997515100,in,3,100000008465789100,100000.0,1,distributor,3,False
100000004997515100,out,1,100000005226217100,17500.0,1,peripheral,3,False
100000004997515100,out,2,100000005782886100,14000.0,1,peripheral,3,False
100000004997515100,out,3,100000007997939100,13000.0,1,peripheral,3,False
100000005008589100,in,1,100000002957787100,42806.68,1,coordinator,1,False
100000005010159100,in,1,100000004689658100,7092.0,1,peripheral,7,False
100000005022552100,in,1,100000004150593100,241000.0,3,distributor,5,False
100000005022552100,out,1,100000003899899100,5000.0,1,peripheral,5,False
100000005022964100,in,1,100000005079754100,20000.0,1,peripheral,4,False
100000005025629100,in,1,100000004450649100,5227.0,1,peripheral,6,False
100000005030592100,in,1,100000004156082100,10000.0,1,coordinator,16,False
100000005031696100,in,1,100000001746925100,5000.0,1,peripheral,4,False
100000005031696100,out,1,100000004659919100,110000.0,2,peripheral,52,False
100000005031696100,out,2,100000001223977100,5000.0,1,peripheral,52,False
100000005032294100,in,1,100000004159526100,10000.0,1,peripheral,15,False
100000005034574100,in,1,100000004388983100,258816.0,16,peripheral,66,True
100000005037490100,in,1,100000008733194100,15000.0,1,distributor,14,False
100000005037490100,out,1,100000001065481100,16000.0,2,peripheral,14,False
100000005037490100,out,2,100000008733194100,14000.0,1,distributor,14,False
100000005041147100,in,1,100000003736419100,10000.0,1,peripheral,1,False
100000005041905100,in,1,100000002578405100,5000.0,1,distributor,2,False
100000005041905100,out,1,100000002578405100,1080351.0,5,distributor,2,False
100000005042822100,in,1,100000001317336100,1000000.0,1,peripheral,32,False
100000005048668100,in,1,100000004400305100,10168.0,1,distributor,1,False
100000005048668100,in,2,100000008346837100,6500.0,1,coordinator,14,False
100000005048668100,out,1,100000008603629100,65000.0,2,coordinator,7,False
100000005048668100,out,2,100000004991593100,45000.0,2,peripheral,7,False
100000005048668100,out,3,100000000332284100,13400.0,2,consolidator,6,False
100000005049404100,in,1,100000008490127100,98000.0,2,peripheral,6,False
100000005052998100,in,1,100000004400305100,9500.0,1,distributor,1,False
100000005052998100,out,1,100000008477350100,28400.0,1,coordinator,1,False
100000005053653100,in,1,100000008346837100,33873.0,1,coordinator,14,False
100000005053653100,in,2,100000004847758100,29200.0,1,distributor,4,False
100000005053653100,out,1,100000000560751100,25000.0,1,terminal,14,False
100000005055454100,in,1,100000005077484100,6500.0,1,peripheral,30,False
100000005056870100,in,1,100000005485830100,20000.0,1,peripheral,47,True
100000005059998100,in,1,100000000089154100,18000.0,1,distributor,1,False
100000005061890100,in,1,100000001703168100,90000.0,1,peripheral,4,False
100000005074393100,in,1,100000008346837100,329133.0,2,coordinator,14,False
100000005074393100,in,2,100000003684369100,193893.0,1,distributor,4,True
100000005074393100,in,3,100000001232297100,30000.0,1,peripheral,14,False
100000005074393100,out,1,100000006424479100,500000.0,2,peripheral,14,False
100000005074393100,out,2,100000005882013100,120000.0,2,peripheral,14,False
100000005074393100,out,3,100000008205937100,35000.0,3,terminal,14,False
100000005075949100,in,1,100000004722765100,2226000.0,7,peripheral,48,False
100000005077484100,in,1,100000001380054100,150000.0,1,peripheral,30,False
100000005077484100,out,1,100000001380054100,7050.0,1,peripheral,30,False
100000005077484100,out,2,100000005055454100,6500.0,1,terminal,30,False
100000005079473100,in,1,100000008121806100,39312.0,1,peripheral,7,False
100000005079754100,in,1,100000003684369100,70000.0,1,distributor,4,True
100000005079754100,out,1,100000005539910100,102000.0,1,peripheral,4,False
100000005079754100,out,2,100000005022964100,20000.0,1,terminal,4,False
100000005082652100,in,1,100000000031787100,30000.0,1,transit,11,False
100000005087923100,in,1,100000006664478100,20000.0,1,transit,9,False
100000005089460100,in,1,100000002578405100,12300.0,1,distributor,2,False
100000005092518100,in,1,100000002527114100,26144.0,1,distributor,2,True
100000005093521100,in,1,100000003684369100,15200.0,1,distributor,4,True
100000005100475100,in,1,100000008713270100,40000.0,1,peripheral,9,False
100000005105153100,in,1,100000004759121100,30000.0,1,consolidator,1,False
100000005124479100,in,1,100000000437046100,88947.0,1,coordinator,1,False
100000005124479100,in,2,100000003684369100,48806.0,1,distributor,4,True
100000005124479100,out,1,100000004904960100,17000.0,1,terminal,1,False
100000005124479100,out,2,100000004285800100,5000.0,1,peripheral,1,False
100000005127767100,in,1,100000005911352100,7000.0,1,peripheral,39,False
100000005133757100,in,1,100000001857829100,40000.0,1,coordinator,7,False
100000005133757100,in,2,100000003684369100,25000.0,1,distributor,4,True
100000005140601100,in,1,100000008603629100,25000.0,1,coordinator,7,False
100000005140601100,in,2,100000000011452100,16685.0,2,peripheral,1,False
100000005140601100,in,3,100000001600934100,11000.0,1,peripheral,7,False
100000005140601100,out,1,100000001600934100,180300.0,2,peripheral,7,False
100000005140601100,out,2,100000000011452100,15000.0,3,peripheral,1,False
100000005142492100,in,1,100000002870463100,10000.0,1,peripheral,9,False
100000005142492100,out,1,100000002870463100,57000.0,1,peripheral,9,False
100000005142589100,in,1,100000004390333100,50000.0,2,distributor,1,False
100000005146665100,in,1,100000001052945100,5500.0,1,peripheral,58,False
100000005168487100,in,1,100000002941114100,15000.0,1,peripheral,12,False
100000005168487100,out,1,100000002941114100,103510.0,14,peripheral,12,False
100000005171642100,in,1,100000004221668100,690600.0,4,peripheral,9,False
100000005171642100,in,2,100000004321983100,6200.0,1,peripheral,9,False
100000005171642100,out,1,100000004221668100,683600.0,4,peripheral,9,False
100000005172860100,in,1,100000002957787100,15209.2,1,coordinator,1,False
100000005175148100,in,1,100000004820260100,74000.0,3,transit,16,False
100000005175148100,in,2,100000005339662100,5000.0,1,peripheral,16,False
100000005175148100,out,1,100000005339662100,15000.0,1,peripheral,16,False
100000005182219100,in,1,100000000331309100,30000.0,1,coordinator,6,False
100000005182219100,in,2,100000008011159100,25000.0,1,peripheral,43,False
100000005183943100,in,1,100000000580561100,680900.0,9,peripheral,45,True
100000005186109100,in,1,100000004816564100,5000.0,1,peripheral,16,False
100000005186131100,in,1,100000004400305100,10000.0,1,distributor,1,False
100000005186131100,out,1,100000006171671100,10000.0,1,peripheral,1,False
100000005187208100,in,1,100000005665181100,14160.0,1,distributor,6,False
100000005189258100,in,1,100000003796063100,50000.0,1,distributor,6,False
100000005198498100,in,1,100000002578405100,28800.0,1,distributor,2,False
100000005198906100,in,1,100000000331309100,227970.0,1,coordinator,6,False
100000005198906100,out,1,100000004326224100,60000.0,1,peripheral,6,False
100000005203590100,in,1,100000008748408100,90000.0,1,distributor,9,False
100000005205745100,in,1,100000006788200100,6000.0,1,peripheral,9,False
100000005209352100,in,1,100000004097972100,5000.0,1,peripheral,1,False
100000005222360100,in,1,100000003246024100,5000.0,1,peripheral,7,False
100000005222360100,out,1,100000005933757100,27000.0,1,distributor,15,False
100000005226217100,in,1,100000004997515100,17500.0,1,peripheral,3,False
100000005228059100,in,1,100000002527114100,26000.0,1,distributor,2,True
100000005233755100,in,1,100000008413748100,25000.0,1,distributor,17,False
100000005233755100,out,1,100000008649416100,5000.0,1,peripheral,17,False
100000005237935150,in,1,100000002748180100,34508.0,1,distributor,10,False
100000005241556100,in,1,100000000724540100,100000.0,1,peripheral,21,False
100000005242320100,in,1,100000001287955100,185700.0,1,peripheral,10,False
100000005242320100,in,2,100000002748180100,180000.0,1,distributor,10,False
100000005242320100,out,1,100000002753146100,803540.0,3,terminal,10,False
100000005242320100,out,2,100000002722108100,800000.0,2,terminal,10,False
100000005242320100,out,3,100000002748761100,796800.0,3,terminal,10,False
100000005264874100,in,1,100000005507142100,30000.0,1,peripheral,38,False
100000005264874100,out,1,100000004066370100,65000.0,2,peripheral,38,False
100000005264874100,out,2,100000005507142100,13000.0,1,peripheral,38,False
100000005264990100,in,1,100000003823811100,17070.0,1,peripheral,20,False
100000005264990100,out,1,100000004744306100,69000.0,1,peripheral,20,False
100000005264990100,out,2,100000005382566100,53000.0,1,consolidator,20,True
100000005265073100,in,1,100000008254069100,5000.0,1,peripheral,20,False
100000005265073100,out,1,100000002258492100,9000.0,1,peripheral,20,False
100000005268319100,in,1,100000002957787100,19712.8,2,coordinator,1,False
100000005268319100,out,1,100000003741418100,37000.0,3,consolidator,6,False
100000005268319100,out,2,100000002957787100,24000.0,3,coordinator,1,False
100000005268319100,out,3,100000008244300100,15000.0,2,consolidator,6,False
100000005272139100,in,1,100000005815602100,165000.0,1,peripheral,5,False
100000005287097100,in,1,100000003016635100,110723.0,4,distributor,5,True
100000005287097100,in,2,100000004156082100,16450.0,1,coordinator,16,False
100000005287097100,out,1,100000003016635100,392500.0,25,distributor,5,True
100000005287097100,out,2,100000005572303100,75000.0,1,peripheral,5,False
100000005287097100,out,3,100000000343175100,58800.0,6,distributor,12,True
100000005293969100,in,1,100000004770073100,5466.97,1,transit,1,False
100000005308954100,in,1,100000008389800100,69020.0,1,peripheral,5,False
100000005308954100,out,1,100000004596284100,30000.0,1,peripheral,5,False
100000005314565100,in,1,100000002957787100,218500.0,3,coordinator,1,False
100000005316708100,in,1,100000007982728100,90000.0,1,distributor,9,True
100000005316708100,out,1,100000005514161100,227500.0,3,consolidator,10,False
100000005316708100,out,2,100000001616816100,30000.0,1,peripheral,9,True
100000005317181100,in,1,100000008477350100,141250.0,1,coordinator,1,False
100000005317181100,out,1,100000005495211100,14500.0,1,peripheral,1,False
100000005326681100,in,1,100000004156082100,31228.0,1,coordinator,16,False
100000005328215100,in,1,100000006707582100,27000.0,1,distributor,12,False
100000005339662100,in,1,100000004820260100,135850.0,6,transit,16,False
100000005339662100,in,2,100000003016635100,26925.0,1,distributor,5,True
100000005339662100,in,3,100000004156082100,25164.0,1,coordinator,16,False
100000005339662100,out,1,100000004820260100,234200.0,12,transit,16,False
100000005339662100,out,2,100000000343175100,28100.0,1,distributor,12,True
100000005339662100,out,3,100000008144528100,27860.0,1,consolidator,5,False
100000005342513100,in,1,100000002733905100,235000.0,2,peripheral,2,False
100000005342513100,out,1,100000002733905100,30000.0,1,peripheral,2,False
100000005357034100,in,1,100000004400305100,9754.0,1,distributor,1,False
100000005357705100,in,1,100000008603629100,52595.0,1,coordinator,7,False
100000005357705100,out,1,100000008172721100,168335.0,1,peripheral,7,False
100000005357705100,out,2,100000008337304100,105465.0,2,peripheral,7,False
100000005357705100,out,3,100000005979037100,60300.0,1,peripheral,7,False
100000005360814100,in,1,100000008121806100,144000.0,3,peripheral,7,False
100000005362848100,in,1,100000005578559100,29000.0,1,distributor,8,False
100000005363908100,in,1,100000008575624100,19500.0,1,peripheral,50,True
100000005363908100,out,1,100000005546031100,19500.0,1,peripheral,50,False
100000005367180100,in,1,100000004217419100,7700.0,1,peripheral,7,False
100000005367284100,in,1,100000008477350100,13700.0,1,coordinator,1,False
100000005367284100,out,1,100000001270470100,28300.0,2,peripheral,1,False
100000005367284100,out,2,100000007988344100,20000.0,3,peripheral,1,False
100000005367445100,in,1,100000005413948100,5000.0,1,peripheral,3,False
100000005367445100,out,1,100000005413948100,5000.0,1,peripheral,3,False
100000005370558100,in,1,100000005268319100,5000.0,1,peripheral,1,False
100000005370580100,in,1,100000008733194100,24075.0,1,distributor,14,False
100000005375968100,in,1,100000004400305100,170082.0,1,distributor,1,False
100000005375968100,out,1,100000008308418100,50000.0,1,peripheral,1,False
100000005375968100,out,2,100000006706519100,36000.0,3,peripheral,1,False
100000005382566100,in,1,100000004041163100,166000.0,4,peripheral,20,True
100000005382566100,in,2,100000008254069100,58000.0,1,peripheral,20,False
100000005382566100,in,3,100000005264990100,53000.0,1,peripheral,20,True
100000005382566100,out,1,100000004041163100,50000.0,1,peripheral,20,True
100000005386383100,in,1,100000006020215100,20500.0,1,transit,14,False
100000005386383100,in,2,100000005481280100,17000.0,1,peripheral,16,False
100000005386383100,out,1,100000005382566100,29000.0,1,consolidator,20,True
100000005392290100,out,1,100000003865939100,81465.0,1,terminal,70,False
100000005394708100,in,1,100000005417257100,26000.0,1,peripheral,20,True
100000005394708100,out,1,100000008516839100,65000.0,1,peripheral,20,True
100000005395727100,in,1,100000005481280100,17000.0,1,peripheral,16,False
100000005402643100,in,1,100000001162560100,127800.0,1,distributor,3,False
100000005402643100,out,1,100000003132484100,90000.0,1,terminal,3,False
100000005409156100,in,1,100000000331309100,189160.0,1,coordinator,6,False
100000005409156100,in,2,100000005665181100,70920.0,1,distributor,6,False
100000005409680100,in,1,100000006274203100,33000.0,1,peripheral,18,False
100000005409680100,in,2,100000003823811100,22060.0,1,peripheral,20,False
100000005413948100,in,1,100000003589877100,23215.0,1,peripheral,3,False
100000005413948100,in,2,100000005367445100,5000.0,1,transit,3,False
100000005413948100,out,1,100000005367445100,5000.0,1,transit,3,False
100000005417257100,out,1,100000008673001100,80000.0,1,peripheral,20,True
100000005417257100,out,2,100000005394708100,26000.0,1,peripheral,20,False
100000005432267100,in,1,100000003684369100,250000.0,1,distributor,4,True
100000005432267100,in,2,100000003880331100,100001.0,1,distributor,7,False
100000005454368100,in,1,100000008733194100,29600.0,1,distributor,14,False
100000005454368100,in,2,100000008636603100,19000.0,1,peripheral,5,False
100000005456919100,in,1,100000008659445100,263950.0,5,peripheral,44,True
100000005456919100,in,2,100000008193577100,216000.0,5,peripheral,44,False
100000005456919100,out,1,100000008659445100,5000.0,1,peripheral,44,True
100000005473151100,in,1,100000008545727100,1060000.0,1,peripheral,8,False
100000005473151100,in,2,100000008466579100,100000.0,1,distributor,3,False
100000005473151100,in,3,100000007747786100,60000.0,2,distributor,11,True
100000005473151100,out,1,100000008335401100,150000.0,3,terminal,8,False
100000005473151100,out,2,100000008545727100,30000.0,1,peripheral,8,False
100000005473151100,out,3,100000005561741100,25000.0,1,terminal,8,False
100000005474472100,in,1,100000004784224100,100000.0,1,peripheral,25,False
100000005475379100,in,1,100000008730846100,108370.0,1,consolidator,12,False
100000005475379100,out,1,100000004674412100,46000.0,1,peripheral,12,False
100000005475379100,out,2,100000004571634100,20000.0,1,peripheral,12,False
100000005475379100,out,3,100000004674389100,15000.0,1,peripheral,12,False
100000005481280100,in,1,100000004156082100,32700.0,1,coordinator,16,False
100000005481280100,out,1,100000005386383100,17000.0,1,peripheral,20,True
100000005481280100,out,2,100000005395727100,17000.0,1,peripheral,16,True
100000005481280100,out,3,100000002727288100,16000.0,1,terminal,16,False
100000005485830100,out,1,100000005895525100,120000.0,3,terminal,47,False
100000005485830100,out,2,100000002462183100,107500.0,3,terminal,47,False
100000005485830100,out,3,100000005056870100,20000.0,1,terminal,47,False
100000005493505100,in,1,100000008733194100,26020.0,1,distributor,14,False
100000005493505100,in,2,100000004480280100,26000.0,1,peripheral,4,False
100000005493505100,in,3,100000005543136100,10000.0,1,peripheral,14,True
100000005495211100,in,1,100000005317181100,14500.0,1,peripheral,1,False
100000005496254100,in,1,100000006866783100,12700.0,1,distributor,1,True
100000005497148100,in,1,100000002356167100,24000.0,2,peripheral,6,False
100000005498992100,out,1,100000001162560100,331300.0,2,distributor,3,False
100000005498992100,out,2,100000002838861100,289500.0,1,consolidator,3,False
100000005498992100,out,3,100000002958286100,257000.0,1,terminal,3,False
100000005505655100,in,1,100000001526235100,20000.0,1,distributor,27,False
100000005505655100,in,2,100000003016635100,13070.0,1,distributor,5,True
100000005505655100,out,1,100000001526235100,20000.0,1,distributor,27,False
100000005507142100,in,1,100000002479804100,23000.0,1,peripheral,4,False
100000005507142100,in,2,100000002612809100,15000.0,1,peripheral,38,False
100000005507142100,in,3,100000005264874100,13000.0,1,peripheral,38,False
100000005507142100,out,1,100000001825934100,40000.0,1,peripheral,38,False
100000005507142100,out,2,100000002612809100,30000.0,2,peripheral,38,False
100000005507142100,out,3,100000005264874100,30000.0,1,peripheral,38,False
100000005514161100,in,1,100000005316708100,227500.0,3,peripheral,10,False
100000005514161100,in,2,100000002748180100,125000.0,2,distributor,10,False
100000005514161100,in,3,100000007747786100,30000.0,1,distributor,11,True
100000005514161100,out,1,100000004424023100,50000.0,1,peripheral,10,False
100000005519347100,in,1,100000008650785100,50100.0,1,peripheral,5,True
100000005519347100,in,2,100000004707703100,23000.0,1,transit,5,False
100000005519347100,out,1,100000004019124100,99000.0,1,peripheral,5,True
100000005519998100,in,1,100000004017410100,142000.0,3,peripheral,35,False
100000005519998100,in,2,100000004076740100,20000.0,1,peripheral,35,False
100000005519998100,in,3,100000004336312100,20000.0,1,transit,35,False
100000005519998100,out,1,100000004017410100,141000.0,4,peripheral,35,False
100000005519998100,out,2,100000004076740100,40000.0,3,peripheral,35,False
100000005519998100,out,3,100000003934614100,7000.0,1,peripheral,35,False
100000005523088100,in,1,100000004041163100,700000.0,2,peripheral,20,True
100000005527892100,in,1,100000006977207100,120001.0,1,distributor,21,False
100000005527892100,in,2,100000004358004100,70000.0,1,distributor,4,True
100000005527892100,in,3,100000000331309100,30000.0,1,coordinator,6,False
100000005527892100,out,1,100000008624978100,109000.0,1,terminal,21,False
100000005527892100,out,2,100000004134060100,88179.0,1,terminal,21,False
100000005527892100,out,3,100000008743913100,76300.0,1,distributor,22,False
100000005530114100,in,1,100000008417359100,90000.0,1,peripheral,17,False
100000005530114100,in,2,100000003242289100,46970.0,1,coordinator,17,False
100000005530114100,out,1,100000004114962100,25000.0,1,terminal,6,False
100000005532138100,in,1,100000005782781100,25046.0,1,peripheral,11,False
100000005539201100,in,1,100000003016635100,45504.0,1,distributor,5,True
100000005539201100,out,1,100000008531133100,25000.0,1,peripheral,5,False
100000005539910100,in,1,100000005079754100,102000.0,1,peripheral,4,False
100000005539910100,out,1,100000008314863100,12000.0,1,terminal,4,False
100000005539910100,out,2,100000001145749100,10000.0,1,terminal,4,False
100000005543136100,out,1,100000005493505100,10000.0,1,peripheral,14,True
100000005546031100,in,1,100000008575624100,31000.0,3,peripheral,50,True
100000005546031100,in,2,100000005363908100,19500.0,1,transit,50,False
100000005546031100,in,3,100000005547096100,16300.0,2,peripheral,50,False
100000005546031100,out,1,100000005547096100,8000.0,1,peripheral,50,False
100000005547096100,in,1,100000005546031100,8000.0,1,peripheral,50,False
100000005547096100,out,1,100000004331458100,210000.0,1,terminal,50,False
100000005547096100,out,2,100000005546031100,16300.0,2,peripheral,50,False
100000005553088100,in,1,100000000640800100,17500.0,1,peripheral,7,False
100000005561741100,in,1,100000005473151100,25000.0,1,peripheral,8,False
100000005567828100,in,1,100000005704413100,94000.0,1,distributor,8,False
100000005572303100,in,1,100000005287097100,75000.0,1,distributor,5,False
100000005572303100,out,1,100000005815602100,20000.0,1,peripheral,5,False
100000005578559100,in,1,100000002152857100,80000.0,1,peripheral,9,False
100000005578559100,in,2,100000004569484100,51000.0,1,peripheral,8,False
100000005578559100,out,1,100000008583360100,112843.0,1,peripheral,8,False
100000005578559100,out,2,100000002983426100,88945.0,1,terminal,8,False
100000005578559100,out,3,100000002926970100,85000.0,1,terminal,8,False
100000005584222100,in,1,100000006866783100,136217.0,3,distributor,1,True
100000005584222100,in,2,100000001382002100,56500.0,3,transit,1,False
100000005584222100,out,1,100000001382002100,55000.0,2,transit,1,False
100000005584222100,out,2,100000000533217100,53587.0,1,terminal,1,False
100000005588444100,in,1,100000007747786100,12300.0,1,distributor,11,True
100000005589319100,in,1,100000004140487100,26000.0,1,distributor,4,False
100000005602999100,in,1,100000003635170100,5000.0,1,transit,34,False
100000005602999100,out,1,100000003635170100,11000.0,2,transit,34,False
100000005602999100,out,2,100000008501413100,5000.0,1,transit,34,False
100000005608515100,in,1,100000000274067100,64000.0,4,peripheral,11,False
100000005610717100,in,1,100000000331309100,186200.0,1,coordinator,6,False
100000005610717100,in,2,100000008477350100,156400.0,1,coordinator,1,False
100000005610717100,in,3,100000000437046100,128200.0,3,coordinator,1,False
100000005610717100,out,1,100000008469048100,265200.0,7,peripheral,1,False
100000005612411100,in,1,100000004358004100,65000.0,1,distributor,4,True
100000005612411100,in,2,100000004390333100,36500.0,2,distributor,1,False
100000005612411100,in,3,100000004847758100,14000.0,1,distributor,4,False
100000005612411100,out,1,100000002964966100,200000.0,1,terminal,4,False
100000005612411100,out,2,100000002457464100,66647.0,1,terminal,4,False
100000005612411100,out,3,100000001737722100,60460.0,1,terminal,4,False
100000005614315100,in,1,100000008723830100,455000.0,1,transit,5,False
100000005616568100,in,1,100000008490127100,530000.0,1,peripheral,6,False
100000005619339100,in,1,100000001049200100,5000.0,1,peripheral,18,False
100000005619339100,out,1,100000008144528100,5442.6,1,consolidator,5,False
100000005620225100,in,1,100000006866783100,43923.0,1,distributor,1,True
100000005620225100,in,2,100000002957787100,5922.66,1,coordinator,1,False
100000005621418100,in,1,100000000791285100,30000.0,1,peripheral,28,False
100000005628518100,in,1,100000002831727100,77000.0,3,peripheral,18,False
100000005634552100,in,1,100000003016635100,25850.0,1,distributor,5,True
100000005634552100,out,1,100000002603769100,759000.0,1,terminal,1,False
100000005634552100,out,2,100000002398779100,247000.0,2,consolidator,1,False
100000005634552100,out,3,100000003278020100,190000.0,1,terminal,1,False
100000005636951100,in,1,100000006664478100,40000.0,1,transit,9,False
100000005660203100,in,1,100000006518161100,572899.0,12,transit,5,False
100000005660203100,out,1,100000006518161100,23000.0,4,transit,5,False
100000005660203100,out,2,100000006882208100,18000.0,1,terminal,5,False
100000005661528100,in,1,100000001857829100,25000.0,1,coordinator,7,False
100000005661829100,in,1,100000003854444100,37790.0,1,distributor,18,False
100000005661829100,out,1,100000008546855100,33790.0,3,consolidator,18,False
100000005661829100,out,2,100000003230328100,6572.0,1,peripheral,7,False
100000005664632100,in,1,100000008628231100,198620.0,18,peripheral,67,False
100000005664922100,in,1,100000008002020100,17000.0,1,peripheral,13,False
100000005664922100,in,2,100000008686247100,5000.0,1,peripheral,25,False
100000005664922100,out,1,100000002224132100,510000.0,1,peripheral,25,False
100000005664922100,out,2,100000008686247100,22000.0,2,peripheral,25,False
100000005664922100,out,3,100000008042075100,5000.0,1,terminal,25,False
100000005665181100,in,1,100000004475818100,18498.0,1,peripheral,6,False
100000005665181100,in,2,100000008293431100,13000.0,2,peripheral,1,False
100000005665181100,in,3,100000004070318100,9000.0,1,distributor,1,False
100000005665181100,out,1,100000005409156100,70920.0,1,terminal,6,False
100000005665181100,out,2,100000008720856100,18105.0,1,peripheral,6,False
100000005665181100,out,3,100000005187208100,14160.0,1,terminal,6,False
100000005667841100,in,1,100000008465789100,100000.0,1,distributor,3,False
100000005667841100,in,2,100000008466579100,86000.0,1,distributor,3,False
100000005668605100,in,1,100000008738325100,54000.0,1,peripheral,20,True
100000005668605100,in,2,100000004403675100,21000.0,1,coordinator,20,False
100000005668605100,in,3,100000008254069100,19500.0,1,peripheral,20,False
100000005669845100,in,1,100000006232815100,20000.0,1,peripheral,30,True
100000005674387100,in,1,100000002578405100,26200.0,1,distributor,2,False
100000005685783100,in,1,100000008493007100,26150.0,1,transit,2,False
100000005704413100,in,1,100000004569484100,41000.0,1,peripheral,8,False
100000005704413100,in,2,100000005578559100,36834.67,2,distributor,8,False
100000005704413100,in,3,100000008104567100,20000.0,1,peripheral,8,False
100000005704413100,out,1,100000002695812100,95000.0,1,peripheral,8,False
100000005704413100,out,2,100000001276409100,94760.0,1,peripheral,8,False
100000005704413100,out,3,100000005567828100,94000.0,1,peripheral,8,False
100000005709551100,in,1,100000008346837100,24560.0,1,coordinator,14,False
100000005711521100,in,1,100000003843844100,238000.0,1,peripheral,14,False
100000005723580100,in,1,100000008692291100,35000.0,1,transit,3,False
100000005730108100,in,1,100000001126374100,8000.0,1,consolidator,1,False
100000005744674100,out,1,100000005382566100,50066.0,2,consolidator,20,True
100000005745873100,in,1,100000007392365100,223000.0,1,peripheral,42,False
100000005754335100,in,1,100000008011159100,44037.0,1,peripheral,43,False
100000005756189100,in,1,100000000331309100,65000.0,1,coordinator,6,False
100000005756189100,out,1,100000002971593100,49050.0,1,peripheral,6,False
100000005756535100,in,1,100000002863356100,20000.0,1,peripheral,2,False
100000005767403100,in,1,100000004017410100,1100000.0,2,peripheral,35,False
100000005778283100,in,1,100000005782781100,270000.0,1,peripheral,11,False
100000005778283100,in,2,100000007747786100,205760.0,1,distributor,11,True
100000005778283100,in,3,100000003977183100,140000.0,1,peripheral,9,True
100000005782781100,in,1,100000005910114100,45688.0,2,coordinator,1,False
100000005782781100,in,2,100000008304139100,38000.0,2,distributor,4,False
100000005782781100,in,3,100000000089154100,29700.0,2,distributor,1,False
100000005782781100,out,1,100000003920950100,323290.0,1,terminal,11,False
100000005782781100,out,2,100000005778283100,270000.0,1,terminal,11,False
100000005782781100,out,3,100000006209210100,229111.0,1,terminal,11,False
100000005782886100,in,1,100000004997515100,14000.0,1,peripheral,3,False
100000005783452100,in,1,100000008742053100,200000.0,1,distributor,10,False
100000005783452100,in,2,100000008489922100,86500.0,1,coordinator,3,False
100000005799271100,in,1,100000003809101100,45000.0,2,peripheral,12,False
100000005807278100,in,1,100000005485830100,8385.0,1,peripheral,47,True
100000005809252100,in,1,100000008560717100,25000.0,1,consolidator,6,False
100000005815602100,in,1,100000005572303100,20000.0,1,peripheral,5,False
100000005815602100,out,1,100000005272139100,165000.0,1,peripheral,5,False
100000005820746100,in,1,100000001965374100,1989000.0,2,peripheral,25,False
100000005820746100,out,1,100000001965374100,60000.0,1,peripheral,25,False
100000005830339100,in,1,100000008603629100,144605.0,5,coordinator,7,False
100000005830339100,in,2,100000004400305100,117435.0,2,distributor,1,False
100000005830339100,in,3,100000008413748100,94335.0,2,distributor,17,False
100000005830339100,out,1,100000002480800100,339251.0,1,terminal,4,False
100000005834479100,in,1,100000008304139100,7500.0,1,distributor,4,False
100000005834479100,out,1,100000006641671100,9000.0,1,transit,7,False
100000005834479100,out,2,100000003528285100,5470.0,1,peripheral,4,False
100000005844459100,in,1,100000006866783100,150000.0,1,distributor,1,True
100000005844459100,in,2,100000008477350100,93400.0,1,coordinator,1,False
100000005847078100,in,1,100000002578405100,16300.0,1,distributor,2,False
100000005849100100,in,1,100000008555918100,33300.0,1,peripheral,4,False
100000005849862100,in,1,100000003677936100,13000.0,2,peripheral,11,False
100000005852946100,in,1,100000003684369100,23746.0,1,distributor,4,True
100000005857058100,in,1,100000008477350100,39212.0,1,coordinator,1,False
100000005857058100,in,2,100000008531133100,31500.0,1,peripheral,5,False
100000005857058100,in,3,100000002957787100,9510.0,1,coordinator,1,False
100000005873152100,in,1,100000003390036100,10000.0,1,peripheral,12,False
100000005873152100,out,1,100000003360542100,10000.0,1,peripheral,12,False
100000005877725100,in,1,100000002527114100,70000.0,1,distributor,2,True
100000005878334100,in,1,100000008343874100,76400.0,2,peripheral,21,False
100000005882013100,in,1,100000005074393100,120000.0,2,peripheral,14,False
100000005882013100,in,2,100000001232297100,15000.0,1,peripheral,14,False
100000005882013100,out,1,100000005074393100,10000.0,1,peripheral,14,False
100000005888829100,in,1,100000008489922100,197000.0,1,coordinator,3,False
100000005893892100,in,1,100000000331309100,102780.0,1,coordinator,6,False
100000005895525100,in,1,100000005485830100,120000.0,3,peripheral,47,True
100000005897462100,in,1,100000000343175100,98400.0,1,distributor,12,True
100000005901606100,in,1,100000002527114100,35660.0,1,distributor,2,True
100000005904580100,in,1,100000004420041100,53000.0,1,peripheral,13,False
100000005904580100,in,2,100000008443341100,19000.0,1,peripheral,13,False
100000005910114100,in,1,100000008477350100,140967.0,1,coordinator,1,False
100000005910114100,in,2,100000004400305100,93168.0,1,distributor,1,False
100000005910114100,in,3,100000008346837100,92009.0,1,coordinator,14,False
100000005910114100,out,1,100000006866783100,241712.0,8,distributor,1,True
100000005910114100,out,2,100000008603629100,232624.0,8,coordinator,7,False
100000005910114100,out,3,100000004486525100,195047.0,7,consolidator,1,False
100000005910895100,in,1,100000008501413100,5100.0,1,transit,34,False
100000005911352100,in,1,100000000507799100,8000.0,1,peripheral,39,False
100000005911352100,in,2,100000004508696100,7000.0,1,peripheral,39,False
100000005911352100,out,1,100000003962994100,10000.0,1,terminal,39,False
100000005911352100,out,2,100000004508696100,7000.0,1,peripheral,39,False
100000005911352100,out,3,100000005127767100,7000.0,1,terminal,39,False
100000005931985100,in,1,100000002748180100,76000.0,1,distributor,10,False
100000005932987100,in,1,100000004076740100,25000.0,3,peripheral,35,False
100000005933757100,in,1,100000002963189100,1150000.0,3,peripheral,15,False
100000005933757100,in,2,100000004569484100,39000.0,1,peripheral,8,False
100000005933757100,in,3,100000008003034100,30000.0,1,peripheral,14,False
100000005933757100,out,1,100000001073568100,707465.0,4,peripheral,15,False
100000005933757100,out,2,100000002963189100,490000.0,3,peripheral,15,False
100000005933757100,out,3,100000002633108100,320000.0,3,terminal,15,False
100000005939154100,in,1,100000005287097100,22000.0,2,distributor,5,False
100000005940652100,in,1,100000008637537100,8395.0,1,peripheral,41,True
100000005941908100,in,1,100000007953156100,10000.0,1,peripheral,15,False
100000005942793100,in,1,100000007864477100,25000.0,1,peripheral,1,False
100000005942793100,in,2,100000008304139100,15000.0,1,distributor,4,False
100000005942793100,in,3,100000004070318100,10000.0,1,distributor,1,False
100000005958064100,in,1,100000003016635100,5746.0,1,distributor,5,True
100000005958064100,out,1,100000000917179100,94465.0,2,terminal,15,False
100000005958064100,out,2,100000002605308100,69521.84,1,terminal,15,False
100000005961971100,in,1,100000002527114100,47353.0,1,distributor,2,True
100000005974542100,in,1,100000003718221100,94500.0,3,peripheral,24,False
100000005979037100,in,1,100000005357705100,60300.0,1,peripheral,7,False
100000005995391100,in,1,100000002578405100,17200.0,1,distributor,2,False
100000005996909100,in,1,100000004820260100,5500.0,1,transit,16,False
100000006008169100,in,1,100000008680731100,70000.0,1,distributor,13,True
100000006020215100,in,1,100000008346837100,30000.0,1,coordinator,14,False
100000006020215100,out,1,100000005386383100,20500.0,1,peripheral,20,True
100000006020215100,out,2,100000004167082100,13300.0,1,peripheral,14,False
100000006030946100,in,1,100000002527114100,73289.0,1,distributor,2,True
100000006048193100,in,1,100000008477350100,41559.0,1,coordinator,1,False
100000006069103100,in,1,100000000201868100,190000.0,1,transit,55,False
100000006069103100,in,2,100000003016635100,29118.0,1,distributor,5,True
100000006069103100,in,3,100000000667713100,9700.0,1,peripheral,5,False
100000006069103100,out,1,100000000201868100,190000.0,1,transit,55,False
100000006069103100,out,2,100000003192220100,60000.0,2,terminal,55,False
100000006069103100,out,3,100000006787636100,20000.0,1,terminal,55,False
100000006100920100,in,1,100000002957787100,100000.0,1,coordinator,1,False
100000006111439100,in,1,100000004400305100,9306.0,1,distributor,1,False
100000006111439100,in,2,100000003741418100,5720.0,1,consolidator,6,False
100000006111439100,in,3,100000002957787100,5544.0,1,coordinator,1,False
100000006111439100,out,1,100000008244300100,9000.0,1,consolidator,6,False
100000006111439100,out,2,100000000646541100,5000.0,1,terminal,1,False
100000006111439100,out,3,100000003249054100,5000.0,1,consolidator,4,False
100000006111442100,in,1,100000008466579100,64000.0,1,distributor,3,False
100000006122699100,in,1,100000008636603100,24750.0,1,peripheral,5,False
100000006122699100,in,2,100000007511163100,21115.0,1,peripheral,5,False
100000006126743100,in,1,100000000331309100,55000.0,1,coordinator,6,False
100000006161893100,in,1,100000008486520100,14000.0,1,peripheral,5,False
100000006165886100,in,1,100000004400305100,104067.0,1,distributor,1,False
100000006165886100,in,2,100000000437046100,80414.0,1,coordinator,1,False
100000006165886100,out,1,100000003834495100,75000.0,1,peripheral,1,False
100000006169033100,in,1,100000008011159100,49000.0,1,peripheral,43,False
100000006169033100,out,1,100000006232642100,456000.0,4,peripheral,43,False
100000006169033100,out,2,100000008011159100,346000.0,4,peripheral,43,False
100000006169033100,out,3,100000003664994100,338271.0,2,peripheral,43,False
100000006171671100,in,1,100000005186131100,10000.0,1,transit,1,False
100000006177176100,in,1,100000003016635100,8911.0,1,distributor,5,True
100000006209210100,in,1,100000005782781100,229111.0,1,peripheral,11,False
100000006225798100,in,1,100000003242289100,400000.0,1,coordinator,17,False
100000006225798100,in,2,100000000331309100,280000.0,2,coordinator,6,False
100000006225798100,in,3,100000004400305100,42000.0,1,distributor,1,False
100000006225798100,out,1,100000003500764100,21000.0,1,peripheral,17,False
100000006225798100,out,2,100000000957746100,5300.0,1,peripheral,17,False
100000006232642100,in,1,100000006169033100,456000.0,4,peripheral,43,False
100000006232815100,in,1,100000001380054100,160000.0,2,peripheral,30,False
100000006232815100,out,1,100000000703894100,120000.0,1,peripheral,30,False
100000006232815100,out,2,100000001380054100,120000.0,1,peripheral,30,False
100000006232815100,out,3,100000000607731100,20000.0,1,peripheral,30,False
100000006240939100,in,1,100000002152857100,160000.0,1,peripheral,9,False
100000006240939100,out,1,100000004221668100,300000.0,1,peripheral,9,False
100000006240939100,out,2,100000001270349100,200000.0,1,terminal,9,False
100000006240939100,out,3,100000003111305100,164965.0,1,consolidator,9,False
100000006248077100,in,1,100000001530983100,50000.0,1,distributor,5,False
100000006249740100,out,1,100000006562026100,60000.0,3,terminal,54,False
100000006249740100,out,2,100000007347733100,23007.0,1,terminal,54,False
100000006249740100,out,3,100000008129393100,10000.0,1,terminal,54,False
100000006257675100,in,1,100000003154105100,70000.0,2,peripheral,23,False
100000006274203100,in,1,100000007594394100,3376312.0,40,consolidator,18,False
100000006274203100,in,2,100000000331309100,41200.0,1,coordinator,6,False
100000006274203100,out,1,100000008638859100,34000.0,1,peripheral,18,False
100000006274203100,out,2,100000005409680100,33000.0,1,peripheral,18,True
100000006274203100,out,3,100000007594394100,5000.0,1,consolidator,18,False
100000006288612100,in,1,100000004420041100,30805.0,3,peripheral,13,False
100000006308406100,in,1,100000003154105100,183000.0,2,peripheral,23,False
100000006326645100,in,1,100000002527114100,25264.0,1,distributor,2,True
100000006351075100,in,1,100000007392365100,40000.0,2,peripheral,42,False
100000006369769100,in,1,100000002527114100,40000.0,1,distributor,2,True
100000006381453100,in,1,100000001534244100,45000.0,1,peripheral,3,False
100000006385877100,in,1,100000006443391100,53706.62,5,peripheral,3,False
100000006385877100,out,1,100000006443391100,36602.93,5,peripheral,3,False
100000006412162100,in,1,100000008460102100,15000.0,2,distributor,19,False
100000006416061100,in,1,100000000288317100,30000.0,1,peripheral,1,False
100000006424479100,in,1,100000005074393100,500000.0,2,peripheral,14,False
100000006424479100,out,1,100000003270419100,150000.0,1,terminal,14,False
100000006424479100,out,2,100000000733451100,70000.0,2,peripheral,14,False
100000006443391100,in,1,100000006385877100,36602.93,5,peripheral,3,False
100000006443391100,in,2,100000005498992100,25173.0,1,distributor,3,True
100000006443391100,in,3,100000006912294100,25000.0,1,peripheral,3,False
100000006443391100,out,1,100000006385877100,53706.62,5,peripheral,3,False
100000006443391100,out,2,100000006912294100,6335.09,1,peripheral,3,False
100000006444163100,in,1,100000002741024100,6026.0,1,peripheral,1,False
100000006445501100,in,1,100000000343175100,91000.0,1,distributor,12,True
100000006446271100,in,1,100000003684369100,50000.0,1,distributor,4,True
100000006446271100,in,2,100000008165763100,30000.0,1,transit,4,False
100000006471232100,in,1,100000002578405100,41800.0,1,distributor,2,False
100000006476758100,in,1,100000004544958100,5200.0,1,peripheral,12,False
100000006490557100,in,1,100000000274067100,5000.0,1,peripheral,11,False
100000006490615100,in,1,100000004877085100,41600.0,6,peripheral,14,False
100000006491272100,in,1,100000002578405100,26200.0,1,distributor,2,False
100000006491963100,in,1,100000008460102100,16000.0,3,distributor,19,False
100000006492770100,in,1,100000004400305100,269000.0,1,distributor,1,False
100000006492770100,out,1,100000004791226100,20000.0,1,peripheral,1,False
100000006512787100,in,1,100000004779204100,20000.0,2,peripheral,1,False
100000006518161100,in,1,100000003016635100,521200.0,8,distributor,5,True
100000006518161100,in,2,100000004156082100,50000.0,1,coordinator,16,False
100000006518161100,in,3,100000005660203100,23000.0,4,peripheral,5,False
100000006518161100,out,1,100000005660203100,572899.0,12,peripheral,5,False
100000006518161100,out,2,100000003039473100,23000.0,1,terminal,5,False
100000006522972100,in,1,100000005665181100,9515.0,1,distributor,6,False
100000006523053100,in,1,100000008438656100,5000.0,1,peripheral,4,False
100000006527156100,in,1,100000004722765100,48500.0,1,peripheral,48,False
100000006530134100,in,1,100000000331309100,121240.0,1,coordinator,6,False
100000006530134100,in,2,100000002957787100,23423.0,1,coordinator,1,False
100000006532229100,in,1,100000008547844100,105000.0,1,coordinator,3,False
100000006534886100,in,1,100000004330371100,71700.0,5,peripheral,5,False
100000006534886100,out,1,100000004330371100,167500.0,8,peripheral,5,False
100000006557763100,in,1,100000008555918100,10000.0,1,peripheral,4,False
100000006562026100,in,1,100000006249740100,60000.0,3,peripheral,54,True
100000006562026100,in,2,100000006831291100,15000.0,3,peripheral,54,True
100000006564102100,in,1,100000008165763100,233235.0,1,transit,4,False
100000006567935100,in,1,100000007442518100,200000.0,1,peripheral,31,False
100000006573438100,in,1,100000008011159100,5000.0,1,peripheral,43,False
100000006579678100,in,1,100000003237045100,150000.0,1,peripheral,5,False
100000006579678100,in,2,100000003016635100,42930.0,1,distributor,5,True
100000006579678100,out,1,100000008144528100,1024400.0,9,consolidator,5,False
100000006579678100,out,2,100000003237045100,340200.0,2,peripheral,5,False
100000006579678100,out,3,100000008389800100,120000.0,1,peripheral,5,False
100000006595426100,in,1,100000000089154100,84800.0,3,distributor,1,False
100000006612238100,in,1,100000001697501100,160000.0,1,distributor,2,False
100000006612238100,out,1,100000001697501100,25000.0,1,distributor,2,False
100000006638021100,in,1,100000008761219100,370000.0,1,peripheral,49,False
100000006638021100,in,2,100000007472293100,18500.0,1,peripheral,49,False
100000006641671100,in,1,100000008603629100,13000.0,1,coordinator,7,False
100000006641671100,in,2,100000005834479100,9000.0,1,peripheral,7,False
100000006641671100,out,1,100000008097580100,25000.0,3,terminal,7,False
100000006656003100,in,1,100000002527114100,20000.0,1,distributor,2,True
100000006656003100,out,1,100000002527114100,9000.0,1,distributor,2,True
100000006658598100,in,1,100000003016635100,9000.0,1,distributor,5,True
100000006664478100,in,1,100000002459093100,55000.0,3,peripheral,9,False
100000006664478100,out,1,100000005636951100,40000.0,1,peripheral,9,False
100000006664478100,out,2,100000005087923100,20000.0,1,peripheral,9,False
100000006679055100,in,1,100000008165763100,25000.0,1,transit,4,False
100000006684930100,in,1,100000005074393100,10000.0,1,peripheral,14,False
100000006687202100,in,1,100000006866783100,50000.0,1,distributor,1,True
100000006689603100,in,1,100000003880331100,400000.0,2,distributor,7,False
100000006693788100,in,1,100000002373144100,10764.0,1,peripheral,1,False
100000006701983100,in,1,100000002578405100,27000.0,1,distributor,2,False
100000006704530100,in,1,100000008461532100,450500.0,1,distributor,28,False
100000006704530100,out,1,100000003470579100,357000.0,2,peripheral,28,False
100000006704530100,out,2,100000008331280100,41000.0,2,peripheral,28,False
100000006704530100,out,3,100000008151098100,30000.0,1,peripheral,28,False
100000006706519100,in,1,100000005375968100,36000.0,3,peripheral,1,False
100000006707582100,in,1,100000005498992100,22000.0,1,distributor,3,True
100000006707582100,in,2,100000000850297100,17520.0,1,transit,12,False
100000006707582100,out,1,100000004732589100,227520.0,1,terminal,12,False
100000006707582100,out,2,100000002170580100,150000.0,1,terminal,12,False
100000006707582100,out,3,100000002618492100,118500.0,1,terminal,12,False
100000006710485100,in,1,100000002578405100,20000.0,1,distributor,2,False
100000006714366100,in,1,100000008346837100,10500.0,1,coordinator,14,False
100000006714366100,out,1,100000004472936100,5000.0,1,peripheral,14,False
100000006734214100,in,1,100000000331309100,280000.0,3,coordinator,6,False
100000006734214100,in,2,100000004400305100,165000.0,3,distributor,1,False
100000006734214100,in,3,100000008413748100,85000.0,2,distributor,17,False
100000006734214100,out,1,100000001130553100,18000.0,2,peripheral,6,False
100000006734214100,out,2,100000003632533100,10000.0,1,peripheral,6,False
100000006734214100,out,3,100000003792647100,8000.0,1,peripheral,6,False
100000006734554100,in,1,100000006232815100,16500.0,1,peripheral,30,True
100000006734554100,out,1,100000003617552100,25000.0,1,terminal,30,False
100000006735545100,in,1,100000005048668100,5000.0,1,distributor,7,False
100000006745291100,in,1,100000000343175100,82534.0,1,distributor,12,True
100000006746688100,in,1,100000002578405100,41000.0,1,distributor,2,False
100000006755850100,in,1,100000006889963100,443475.8,3,consolidator,6,False
100000006756956100,in,1,100000005910114100,121200.0,9,coordinator,1,False
100000006787636100,in,1,100000006069103100,20000.0,1,transit,55,False
100000006788200100,in,1,100000007982728100,93200.0,1,distributor,9,True
100000006788200100,in,2,100000008731444100,68967.8,1,distributor,1,False
100000006788200100,in,3,100000008603629100,63018.0,1,coordinator,7,False
100000006788200100,out,1,100000006994985100,48500.0,2,peripheral,9,False
100000006788200100,out,2,100000002692750100,10000.0,1,peripheral,9,False
100000006788200100,out,3,100000005205745100,6000.0,1,terminal,9,False
100000006789108100,in,1,100000000343175100,37500.0,1,distributor,12,True
100000006831291100,out,1,100000006562026100,15000.0,3,terminal,54,False
100000006844004100,in,1,100000008106997100,20600.0,1,peripheral,1,False
100000006844768100,in,1,100000004759121100,282000.0,5,consolidator,1,False
100000006844768100,out,1,100000004759121100,175000.0,4,consolidator,1,False
100000006844768100,out,2,100000001954534100,13000.0,1,peripheral,1,False
100000006852430100,in,1,100000007129492100,37000.0,1,peripheral,12,False
100000006866783100,in,1,100000005910114100,241712.0,8,coordinator,1,False
100000006866783100,in,2,100000008304139100,144000.0,6,distributor,4,False
100000006866783100,in,3,100000008587459100,95500.0,1,peripheral,1,False
100000006866783100,out,1,100000004299488100,337000.0,5,consolidator,1,False
100000006866783100,out,2,100000008686313100,225181.0,4,peripheral,1,False
100000006866783100,out,3,100000007055802100,200000.0,3,consolidator,1,False
100000006866831100,in,1,100000000288317100,16500.0,1,peripheral,1,False
100000006882208100,in,1,100000005660203100,18000.0,1,peripheral,5,False
100000006888238100,in,1,100000003148220100,18000.0,1,peripheral,60,False
100000006888238100,out,1,100000001852140100,30000.0,1,terminal,60,False
100000006889963100,in,1,100000000331309100,600000.0,2,coordinator,6,False
100000006889963100,in,2,100000003684369100,311000.0,2,distributor,4,True
100000006889963100,in,3,100000000437046100,300000.0,1,coordinator,1,False
100000006889963100,out,1,100000006755850100,443475.8,3,terminal,6,False
100000006894637100,in,1,100000000437046100,52831.0,1,coordinator,1,False
100000006901046100,in,1,100000000706545100,75800.0,3,peripheral,5,False
100000006901046100,out,1,100000000706545100,5500.0,1,peripheral,5,False
100000006903193100,in,1,100000008086440100,9000.0,1,transit,1,False
100000006912294100,in,1,100000006443391100,6335.09,1,peripheral,3,False
100000006912294100,out,1,100000006443391100,25000.0,1,peripheral,3,False
100000006912294100,out,2,100000007510875100,5000.0,1,terminal,3,False
100000006918814100,in,1,100000004140487100,20000.0,2,distributor,4,False
100000006919124100,in,1,100000004400305100,25000.0,1,distributor,1,False
100000006952718100,in,1,100000003016635100,71489.0,1,distributor,5,True
100000006965162100,in,1,100000007382543100,10000.0,1,peripheral,29,False
100000006967370100,in,1,100000008413748100,33225.0,1,distributor,17,False
100000006967370100,out,1,100000002320495100,13526.27,1,peripheral,17,False
100000006972210100,in,1,100000005498992100,245220.0,2,distributor,3,True
100000006972210100,in,2,100000007982728100,150000.0,1,distributor,9,True
100000006972210100,in,3,100000000343175100,93555.0,1,distributor,12,True
100000006977207100,in,1,100000008748914100,414000.0,1,distributor,4,False
100000006977207100,out,1,100000002936322100,599966.0,1,terminal,21,False
100000006977207100,out,2,100000002459832100,580606.0,1,terminal,21,False
100000006977207100,out,3,100000002531406100,520000.0,1,transit,21,False
100000006989106100,in,1,100000002648315100,64000.0,2,peripheral,11,False
100000006989232100,in,1,100000000437046100,22194.0,1,coordinator,1,False
100000006994985100,in,1,100000006788200100,48500.0,2,peripheral,9,False
100000006994985100,out,1,100000007140834100,10200.0,2,terminal,9,False
100000007005380100,in,1,100000005665181100,9400.0,1,distributor,6,False
100000007018630100,out,1,100000002371751100,200000.0,5,peripheral,62,False
100000007020162100,in,1,100000005933757100,86395.0,1,distributor,15,False
100000007022818100,in,1,100000002578405100,17200.0,1,distributor,2,False
100000007034089100,in,1,100000008517538100,190000.0,1,distributor,3,False
100000007034089100,in,2,100000008489922100,8000.0,1,coordinator,3,False
100000007042175100,in,1,100000000254336100,60000.0,1,peripheral,1,False
100000007055802100,in,1,100000000437046100,1015000.0,16,coordinator,1,False
100000007055802100,in,2,100000000331309100,450000.0,3,coordinator,6,False
100000007055802100,in,3,100000004299488100,204999.0,9,consolidator,1,False
100000007055802100,out,1,100000004299488100,605000.0,7,consolidator,1,False
100000007071852100,in,1,100000003968044100,195000.0,1,peripheral,7,False
100000007129492100,in,1,100000000343175100,25990.0,1,distributor,12,True
100000007129492100,in,2,100000003684369100,25000.0,1,distributor,4,True
100000007129492100,out,1,100000006852430100,37000.0,1,terminal,12,False
100000007131370100,in,1,100000000076451100,30000.0,1,peripheral,16,False
100000007131370100,out,1,100000000076451100,30000.0,1,peripheral,16,False
100000007138613100,in,1,100000000331309100,470000.0,1,coordinator,6,False
100000007138613100,in,2,100000004400305100,450000.0,1,distributor,1,False
100000007138613100,in,3,100000008731444100,82000.0,1,distributor,1,False
100000007138613100,out,1,100000003180305100,144000.0,1,peripheral,1,False
100000007138613100,out,2,100000000737152100,35000.0,1,peripheral,1,False
100000007140834100,in,1,100000006994985100,10200.0,2,peripheral,9,False
100000007153161100,in,1,100000003254277100,44997.0,1,transit,1,False
100000007170072100,in,1,100000001857829100,100000.0,1,coordinator,7,False
100000007170072100,out,1,100000003345947100,79500.0,6,peripheral,7,False
100000007170072100,out,2,100000003177533100,20000.0,3,peripheral,7,False
100000007173936100,in,1,100000007442518100,10000.0,1,peripheral,31,False
100000007175718100,in,1,100000005485830100,20000.0,1,peripheral,47,True
100000007181706100,in,1,100000003684369100,163772.0,1,distributor,4,True
100000007181706100,in,2,100000004400305100,12500.0,1,distributor,1,False
100000007197866100,in,1,100000008603629100,20000.0,1,coordinator,7,False
100000007197866100,out,1,100000004379306100,15000.0,1,peripheral,7,False
100000007229557100,in,1,100000008743913100,500000.0,1,distributor,22,False
100000007229557100,in,2,100000008710791100,205000.0,1,distributor,3,False
100000007229557100,in,3,100000008710843100,173000.0,1,distributor,22,False
100000007242833100,in,1,100000003265158100,107500.0,3,transit,13,False
100000007242833100,out,1,100000003781406100,45000.0,2,terminal,13,False
100000007267915100,in,1,100000003242289100,11000.0,1,coordinator,17,False
100000007267915100,in,2,100000002957787100,10000.0,2,coordinator,1,False
100000007267915100,out,1,100000004486525100,10000.0,1,consolidator,1,False
100000007274584100,in,1,100000003684369100,38000.0,1,distributor,4,True
100000007281639100,in,1,100000003016635100,147000.0,2,distributor,5,True
100000007281639100,in,2,100000004156082100,69770.0,2,coordinator,16,False
100000007283257100,in,1,100000004388983100,192000.0,7,peripheral,66,True
100000007289427100,in,1,100000002479804100,12300.0,1,peripheral,4,False
100000007303047100,in,1,100000002578405100,52250.0,1,distributor,2,False
100000007311010100,in,1,100000003684369100,38000.0,1,distributor,4,True
100000007311010100,in,2,100000008165763100,26480.0,1,transit,4,False
100000007311010100,out,1,100000004441291100,20000.0,1,terminal,4,False
100000007322059100,in,1,100000008172352100,24000.0,1,peripheral,33,False
100000007322059100,in,2,100000004552204100,5000.0,1,peripheral,33,False
100000007322059100,out,1,100000004552204100,22500.0,2,peripheral,33,False
100000007330432100,in,1,100000008430691100,584900.0,1,peripheral,71,False
100000007333038100,in,1,100000001287955100,17500.0,1,peripheral,10,False
100000007333038100,out,1,100000008130868100,22782.0,1,peripheral,10,False
100000007333038100,out,2,100000003047800100,12212.0,1,peripheral,10,False
100000007334196100,in,1,100000000343175100,150002.0,1,distributor,12,True
100000007337374100,in,1,100000001697501100,20000.0,2,distributor,2,False
100000007347733100,in,1,100000006249740100,23007.0,1,peripheral,54,True
100000007357489100,in,1,100000008517538100,115000.0,1,distributor,3,False
100000007357489100,in,2,100000008489922100,49500.0,1,coordinator,3,False
100000007381662100,in,1,100000003213473100,11000.0,1,distributor,1,False
100000007382152100,in,1,100000004351795100,5860.0,1,coordinator,1,False
100000007382543100,in,1,100000003001661100,110000.0,1,peripheral,29,False
100000007382543100,in,2,100000004407753100,100000.0,1,peripheral,29,False
100000007382543100,in,3,100000004076740100,8000.0,1,peripheral,35,False
100000007382543100,out,1,100000004407753100,250000.0,4,peripheral,29,False
100000007382543100,out,2,100000003001661100,110000.0,1,peripheral,29,False
100000007382543100,out,3,100000008655779100,47000.0,1,peripheral,29,False
100000007390016100,in,1,100000008324800100,511000.0,13,transit,72,False
100000007390016100,out,1,100000008324800100,346500.0,14,transit,72,False
100000007392365100,in,1,100000004400305100,9613.0,1,distributor,1,False
100000007392365100,out,1,100000007865484100,584600.0,2,peripheral,42,False
100000007392365100,out,2,100000008551752100,406000.0,2,peripheral,42,False
100000007392365100,out,3,100000003631015100,266000.0,1,peripheral,42,False
100000007442518100,in,1,100000004400305100,195000.0,1,distributor,1,False
100000007442518100,in,2,100000008603629100,134000.0,2,coordinator,7,False
100000007442518100,in,3,100000000673868100,115000.0,3,peripheral,31,False
100000007442518100,out,1,100000008258083100,3000000.0,1,peripheral,31,False
100000007442518100,out,2,100000000821507100,400000.0,1,terminal,31,False
100000007442518100,out,3,100000002911170100,300000.0,2,terminal,31,False
100000007472293100,in,1,100000008743913100,5000.0,1,distributor,22,False
100000007472293100,out,1,100000008333492100,216400.0,1,peripheral,49,False
100000007472293100,out,2,100000002794374100,111000.0,1,peripheral,49,False
100000007472293100,out,3,100000006638021100,18500.0,1,peripheral,49,False
100000007484343100,in,1,100000004400305100,16700.0,1,distributor,1,False
100000007484343100,in,2,100000008477350100,10057.0,1,coordinator,1,False
100000007487729100,in,1,100000008731444100,25000.0,1,distributor,1,False
100000007507343100,in,1,100000008571433100,370000.0,1,peripheral,53,True
100000007510567100,in,1,100000005704413100,52000.0,1,distributor,8,False
100000007510875100,in,1,100000006912294100,5000.0,1,peripheral,3,False
100000007511163100,in,1,100000008389800100,49000.0,1,peripheral,5,False
100000007511163100,in,2,100000003016635100,14666.0,1,distributor,5,True
100000007511163100,out,1,100000008389800100,49000.0,1,peripheral,5,False
100000007511163100,out,2,100000006122699100,21115.0,1,terminal,5,False
100000007511163100,out,3,100000000343175100,11937.0,1,distributor,12,True
100000007511780100,in,1,100000001439416100,155000.0,2,peripheral,1,False
100000007534354100,in,1,100000002748180100,50000.0,1,distributor,10,False
100000007534354100,out,1,100000004644615100,50810.0,1,peripheral,10,False
100000007534354100,out,2,100000007998965100,50000.0,1,consolidator,12,False
100000007534354100,out,3,100000002952756100,47000.0,1,terminal,10,False
100000007536804100,in,1,100000007747786100,100000.0,1,distributor,11,True
100000007536804100,out,1,100000001677929100,45000.0,1,peripheral,11,False
100000007536804100,out,2,100000004950490100,10000.0,1,terminal,11,False
100000007539296100,in,1,100000008720856100,46000.0,2,peripheral,6,False
100000007544358100,in,1,100000003016635100,300000.0,1,distributor,5,True
100000007544358100,in,2,100000000490383100,22500.0,1,distributor,5,False
100000007544358100,out,1,100000003798151100,350000.0,3,terminal,5,False
100000007591246100,in,1,100000000490383100,12190.0,1,distributor,5,False
100000007591246100,out,1,100000008356606100,120000.0,1,terminal,14,False
100000007593823100,in,1,100000004400305100,10000.0,1,distributor,1,False
100000007593823100,in,2,100000008477350100,10000.0,1,coordinator,1,False
100000007593823100,in,3,100000008346837100,5000.0,1,coordinator,14,False
100000007593823100,out,1,100000008730846100,38000.0,3,consolidator,12,False
100000007593823100,out,2,100000002398779100,21000.0,2,consolidator,1,False
100000007593823100,out,3,100000004486525100,17000.0,3,consolidator,1,False
100000007594394100,in,1,100000004400305100,130000.0,1,distributor,1,False
100000007594394100,in,2,100000005782781100,105000.0,1,peripheral,11,False
100000007594394100,in,3,100000003854444100,75000.0,1,distributor,18,False
100000007594394100,out,1,100000006274203100,3376312.0,40,peripheral,18,False
100000007597382100,in,1,100000000331309100,15700.0,1,coordinator,6,False
100000007617808100,in,1,100000001530983100,450000.0,1,distributor,5,False
100000007618425100,in,1,100000008413748100,39348.0,1,distributor,17,False
100000007629096100,in,1,100000007639767100,500000.0,1,distributor,1,False
100000007629096100,in,2,100000002741024100,360000.0,1,peripheral,1,False
100000007629096100,in,3,100000008304139100,118000.0,1,distributor,4,False
100000007629096100,out,1,100000002741024100,765205.0,5,peripheral,1,False
100000007629121100,in,1,100000002988894100,29000.0,1,peripheral,4,False
100000007631637100,in,1,100000002527114100,15341.0,1,distributor,2,True
100000007639767100,in,1,100000000437046100,27868.0,1,coordinator,1,False
100000007639767100,in,2,100000008603629100,23722.0,1,coordinator,7,False
100000007639767100,in,3,100000006866783100,23018.0,1,distributor,1,True
100000007639767100,out,1,100000007629096100,500000.0,1,consolidator,1,False
100000007639767100,out,2,100000008603629100,98250.0,4,coordinator,7,False
100000007639767100,out,3,100000008701256100,58250.0,1,terminal,1,False
100000007641183100,in,1,100000003016635100,28000.0,1,distributor,5,True
100000007641801100,in,1,100000007747786100,200000.0,1,distributor,11,True
100000007647294100,in,1,100000002217161100,385000.0,1,peripheral,36,False
100000007648946100,in,1,100000006866783100,19550.0,1,distributor,1,True
100000007648946100,out,1,100000000489417100,25000.0,1,transit,14,False
100000007653003100,in,1,100000003242289100,100000.0,1,coordinator,17,False
100000007653094100,in,1,100000001236706100,16000.0,1,peripheral,14,False
100000007689942100,in,1,100000008546855100,5000.0,1,consolidator,18,False
100000007689942100,out,1,100000004350094100,20000.0,1,peripheral,18,False
100000007689942100,out,2,100000008546855100,5000.0,1,consolidator,18,False
100000007731977100,in,1,100000003213473100,50000.0,1,distributor,1,False
100000007737775100,in,1,100000004209339100,6000.0,1,peripheral,34,False
100000007745062100,in,1,100000004591973100,100000.0,1,peripheral,13,False
100000007747786100,out,1,100000002894076100,741782.0,3,consolidator,11,False
100000007747786100,out,2,100000002591469100,235670.0,1,terminal,11,False
100000007747786100,out,3,100000000274067100,217704.0,1,peripheral,11,False
100000007749092100,in,1,100000003886323100,7650.0,1,peripheral,5,False
100000007749092100,out,1,100000003886323100,70375.0,5,peripheral,5,False
100000007749747100,in,1,100000002343825100,50000.0,1,peripheral,3,False
100000007754369100,in,1,100000000437046100,82424.0,1,coordinator,1,False
100000007777377100,in,1,100000001530983100,456290.0,7,distributor,5,False
100000007777377100,out,1,100000001427082100,5000.0,1,peripheral,23,False
100000007777377100,out,2,100000002448088100,5000.0,1,peripheral,23,False
100000007793871100,in,1,100000007998965100,26000.0,3,consolidator,12,False
100000007797290100,in,1,100000004351795100,100000.0,1,coordinator,1,False
100000007797290100,out,1,100000002459164100,20000.0,1,terminal,1,False
100000007811950100,in,1,100000000860514100,50000.0,1,peripheral,27,False
100000007841978100,in,1,100000002628576100,449000.0,1,peripheral,6,False
100000007861311100,in,1,100000000267734100,45000.0,1,peripheral,11,False
100000007863304100,in,1,100000000331309100,25000.0,1,coordinator,6,False
100000007864477100,in,1,100000008477350100,70000.0,1,coordinator,1,False
100000007864477100,in,2,100000003242289100,6000.0,1,coordinator,17,False
100000007864477100,out,1,100000004486525100,50000.0,2,consolidator,1,False
100000007864477100,out,2,100000004261340100,48500.0,4,peripheral,1,False
100000007864477100,out,3,100000003684369100,30000.0,1,distributor,4,True
100000007865484100,in,1,100000007392365100,584600.0,2,peripheral,42,False
100000007867364100,in,1,100000004451012100,41852.0,1,peripheral,18,False
100000007898453100,in,1,100000003946524100,24750.0,1,transit,4,False
100000007898453100,out,1,100000008427027100,300000.0,1,terminal,4,False
100000007898453100,out,2,100000003946524100,20000.0,1,transit,4,False
100000007908818100,in,1,100000003684369100,235100.0,1,distributor,4,True
100000007908818100,in,2,100000001857829100,210000.0,1,coordinator,7,False
100000007908818100,in,3,100000000343175100,165875.0,1,distributor,12,True
100000007908818100,out,1,100000008473207100,202000.0,4,terminal,4,False
100000007908818100,out,2,100000000806727100,45000.0,1,peripheral,4,False
100000007908818100,out,3,100000001641951100,25000.0,4,terminal,4,False
100000007930878100,in,1,100000007939160100,5000.0,1,peripheral,45,False
100000007938486100,in,1,100000002527114100,39500.0,1,distributor,2,True
100000007939160100,in,1,100000000580561100,795000.0,2,peripheral,45,True
100000007939160100,out,1,100000000580561100,9300.0,1,peripheral,45,True
100000007939160100,out,2,100000007930878100,5000.0,1,terminal,45,False
100000007953156100,in,1,100000004159526100,18000.0,1,peripheral,15,False
100000007953156100,out,1,100000005941908100,10000.0,1,terminal,15,False
100000007960337100,in,1,100000000413678100,35500.0,1,peripheral,7,False
100000007982728100,out,1,100000001411870100,700000.0,3,terminal,9,False
100000007982728100,out,2,100000008748408100,360000.0,2,distributor,9,False
100000007982728100,out,3,100000004015047100,264384.0,2,consolidator,9,False
100000007982908100,in,1,100000001697501100,31080.0,1,distributor,2,False
100000007988344100,in,1,100000005367284100,20000.0,3,peripheral,1,False
100000007997939100,in,1,100000004997515100,13000.0,1,peripheral,3,False
100000007998965100,in,1,100000006707582100,111000.0,2,distributor,12,False
100000007998965100,in,2,100000005578559100,72000.0,2,distributor,8,False
100000007998965100,in,3,100000007534354100,50000.0,1,peripheral,10,False
100000007998965100,out,1,100000007793871100,26000.0,3,terminal,12,False
100000007999728100,in,1,100000005933757100,23250.0,1,distributor,15,False
100000008002020100,in,1,100000008680731100,73860.0,1,distributor,13,True
100000008002020100,out,1,100000005664922100,17000.0,1,peripheral,25,False
100000008003034100,in,1,100000003016635100,12201.0,1,distributor,5,True
100000008003034100,out,1,100000008356606100,48500.0,1,terminal,14,False
100000008003034100,out,2,100000005933757100,30000.0,1,distributor,15,False
100000008003034100,out,3,100000008346837100,28500.0,1,coordinator,14,False
100000008008463100,in,1,100000008748408100,54180.0,1,distributor,9,False
100000008011159100,in,1,100000006169033100,346000.0,4,peripheral,43,False
100000008011159100,in,2,100000008304139100,10000.0,1,distributor,4,False
100000008011159100,in,3,100000004622227100,7000.0,1,peripheral,1,False
100000008011159100,out,1,100000006169033100,49000.0,1,peripheral,43,False
100000008011159100,out,2,100000005754335100,44037.0,1,terminal,43,False
100000008011159100,out,3,100000003888527100,30000.0,1,terminal,43,False
100000008011573100,in,1,100000008413748100,15000.0,1,distributor,17,False
100000008027922100,in,1,100000001063678100,70000.0,1,peripheral,24,False
100000008028628100,in,1,100000002527114100,57224.0,1,distributor,2,True
100000008029279100,in,1,100000008603629100,17000.0,1,coordinator,7,False
100000008038077100,in,1,100000000331309100,499850.0,2,coordinator,6,False
100000008042075100,in,1,100000005664922100,5000.0,1,peripheral,25,False
100000008043184100,in,1,100000003242289100,50564.0,1,coordinator,17,False
100000008050986100,in,1,100000008490127100,95000.0,2,peripheral,6,False
100000008055972100,in,1,100000002578405100,28300.0,1,distributor,2,False
100000008060273100,in,1,100000007908818100,10000.0,2,peripheral,4,False
100000008066326100,in,1,100000006866783100,19320.0,1,distributor,1,True
100000008070101100,in,1,100000008547948100,100000.0,1,coordinator,3,False
100000008071620100,in,1,100000006866783100,46968.0,1,distributor,1,True
100000008071749100,in,1,100000005704413100,24943.0,1,distributor,8,False
100000008074304100,in,1,100000002356167100,5500.0,1,peripheral,6,False
100000008077552100,in,1,100000008603629100,214000.0,1,coordinator,7,False
100000008086440100,in,1,100000008477350100,199733.0,1,coordinator,1,False
100000008086440100,out,1,100000008603629100,63900.0,2,coordinator,7,False
100000008086440100,out,2,100000000437046100,41500.0,1,coordinator,1,False
100000008086440100,out,3,100000004388353100,28000.0,1,terminal,12,False
100000008088082100,in,1,100000008346837100,39138.0,1,coordinator,14,False
100000008088082100,out,1,100000004019056100,50000.0,1,peripheral,14,False
100000008094734100,in,1,100000006866783100,150000.0,1,distributor,1,True
100000008094734100,in,2,100000004358004100,47000.0,1,distributor,4,True
100000008094734100,in,3,100000006707582100,30000.0,1,distributor,12,False
100000008097580100,in,1,100000006641671100,25000.0,3,transit,7,False
100000008097580100,in,2,100000000332284100,7000.0,1,consolidator,6,False
100000008104567100,in,1,100000002609774100,27500.0,1,peripheral,8,False
100000008104567100,in,2,100000005933757100,20550.0,1,distributor,15,False
100000008104567100,in,3,100000008460102100,5500.0,1,distributor,19,False
100000008104567100,out,1,100000005704413100,20000.0,1,distributor,8,False
100000008104567100,out,2,100000001616816100,12000.0,2,peripheral,9,True
100000008104567100,out,3,100000000481716100,8000.0,1,terminal,8,False
100000008106997100,in,1,100000000089154100,20600.0,1,distributor,1,False
100000008106997100,in,2,100000004847758100,15000.0,1,distributor,4,False
100000008106997100,out,1,100000006844004100,20600.0,1,terminal,1,False
100000008111003100,in,1,100000005910114100,56016.0,2,coordinator,1,False
100000008111003100,in,2,100000000089154100,53700.0,3,distributor,1,False
100000008111003100,in,3,100000002306369100,51000.0,1,peripheral,4,False
100000008111003100,out,1,100000003796063100,35000.0,1,distributor,6,False
100000008116374100,in,1,100000003016635100,31284.0,1,distributor,5,True
100000008121806100,in,1,100000001857829100,67000.0,1,coordinator,7,False
100000008121806100,out,1,100000005360814100,144000.0,3,peripheral,7,False
100000008121806100,out,2,100000008547948100,60197.0,1,coordinator,3,False
100000008121806100,out,3,100000005079473100,39312.0,1,peripheral,7,False
100000008129393100,in,1,100000006249740100,10000.0,1,peripheral,54,True
100000008130868100,in,1,100000007333038100,22782.0,1,peripheral,10,False
100000008136608100,in,1,100000008583360100,170000.0,1,peripheral,8,False
100000008137435100,in,1,100000002957787100,50000.0,1,coordinator,1,False
100000008137435100,in,2,100000006866783100,43906.0,1,distributor,1,True
100000008137435100,out,1,100000003104347100,418000.0,1,peripheral,24,False
100000008137435100,out,2,100000003701161100,349000.0,1,peripheral,24,False
100000008137435100,out,3,100000001822623100,201300.0,1,terminal,24,False
100000008141170100,in,1,100000002991079100,11000.0,1,peripheral,5,False
100000008144528100,in,1,100000006579678100,1024400.0,9,peripheral,5,False
100000008144528100,in,2,100000005339662100,27860.0,1,peripheral,16,False
100000008144528100,in,3,100000005287097100,5500.0,1,distributor,5,False
100000008151098100,in,1,100000006704530100,30000.0,1,transit,28,False
100000008165763100,in,1,100000004077081100,250000.0,1,peripheral,4,False
100000008165763100,in,2,100000003880331100,200000.0,1,distributor,7,False
100000008165763100,in,3,100000004358004100,148000.0,3,distributor,4,True
100000008165763100,out,1,100000006564102100,233235.0,1,terminal,4,False
100000008165763100,out,2,100000003115284100,130000.0,1,consolidator,12,False
100000008165763100,out,3,100000008531186100,125000.0,1,terminal,4,False
100000008168850100,in,1,100000008192264100,187910.0,2,transit,6,False
100000008169544100,in,1,100000003016635100,137104.0,2,distributor,5,True
100000008169544100,out,1,100000003016635100,17300.0,3,distributor,5,True
100000008169544100,out,2,100000000343175100,15500.0,2,distributor,12,True
100000008169544100,out,3,100000000765628100,5000.0,1,terminal,5,False
100000008172352100,in,1,100000004358004100,43000.0,1,distributor,4,True
100000008172352100,in,2,100000003796063100,35500.0,1,distributor,6,False
100000008172352100,in,3,100000004475818100,11765.0,1,peripheral,6,False
100000008172352100,out,1,100000000993112100,141000.0,1,terminal,33,False
100000008172352100,out,2,100000002691858100,51500.0,1,terminal,33,False
100000008172352100,out,3,100000002628146100,30500.0,2,terminal,33,False
100000008172721100,in,1,100000005357705100,168335.0,1,peripheral,7,False
100000008173359100,in,1,100000003016635100,6110.0,1,distributor,5,True
100000008174521100,in,1,100000004188160100,82110.0,1,peripheral,5,False
100000008175078100,in,1,100000004906181100,1846711.0,15,peripheral,37,False
100000008183752100,in,1,100000008738526100,140000.0,1,peripheral,22,False
100000008188026100,in,1,100000003016635100,63358.0,4,distributor,5,True
100000008188026100,in,2,100000004150593100,23110.0,1,distributor,5,False
100000008188026100,out,1,100000002605184100,140000.0,1,terminal,16,False
100000008188026100,out,2,100000004527381100,119333.17,1,peripheral,16,False
100000008188026100,out,3,100000002852402100,55000.0,1,terminal,16,False
100000008190411100,in,1,100000004715209100,198450.0,12,peripheral,3,False
100000008190442100,in,1,100000002578405100,13000.0,1,distributor,2,False
100000008192264100,in,1,100000000331309100,162810.0,1,coordinator,6,False
100000008192264100,out,1,100000008168850100,187910.0,2,peripheral,6,False
100000008193258100,in,1,100000003242289100,75000.0,2,coordinator,17,False
100000008193258100,out,1,100000000608031100,30000.0,1,peripheral,17,False
100000008193577100,in,1,100000008659445100,87000.0,4,peripheral,44,True
100000008193577100,in,2,100000008736940100,67300.0,2,peripheral,44,False
100000008193577100,out,1,100000005456919100,216000.0,5,peripheral,44,False
100000008193577100,out,2,100000008736940100,125990.0,5,peripheral,44,False
100000008193577100,out,3,100000008751429100,77000.0,1,peripheral,44,False
100000008200810100,in,1,100000005242320100,475000.0,1,distributor,10,False
100000008205937100,in,1,100000005074393100,35000.0,3,peripheral,14,False
100000008213966100,in,1,100000000838385100,145000.0,5,peripheral,29,False
100000008213966100,in,2,100000004707703100,23000.0,1,transit,5,False
100000008213966100,in,3,100000008655779100,19004.0,1,peripheral,29,False
100000008213966100,out,1,100000000838385100,436900.0,8,peripheral,29,False
100000008219168100,in,1,100000007747786100,53200.0,2,distributor,11,True
100000008221543100,in,1,100000003242289100,522000.0,1,coordinator,17,False
100000008221543100,in,2,100000006866783100,20000.0,1,distributor,1,True
100000008221765100,in,1,100000003105929100,156354.0,1,peripheral,6,False
100000008223661100,in,1,100000008465789100,102000.0,1,distributor,3,False
100000008223661100,in,2,100000008466579100,100000.0,1,distributor,3,False
100000008223661100,out,1,100000003404627100,154700.0,1,consolidator,41,False
100000008223661100,out,2,100000002398779100,50007.0,1,consolidator,1,False
100000008223661100,out,3,100000008165763100,33385.0,1,transit,4,False
100000008223756100,in,1,100000001857829100,316170.0,1,coordinator,7,False
100000008223756100,in,2,100000004400305100,15512.0,1,distributor,1,False
100000008229700100,in,1,100000008680731100,23500.0,1,distributor,13,True
100000008229700100,out,1,100000002974256100,7200.0,1,terminal,13,False
100000008232832100,in,1,100000001732159100,337000.0,2,peripheral,41,True
100000008232832100,out,1,100000003404627100,138000.0,1,consolidator,41,False
100000008237827100,in,1,100000003684369100,40001.0,1,distributor,4,True
100000008238112100,in,1,100000000331309100,190000.0,1,coordinator,6,False
100000008238989100,in,1,100000008137435100,200000.0,2,peripheral,24,False
100000008244300100,in,1,100000003796063100,27350.0,1,distributor,6,False
100000008244300100,in,2,100000005268319100,15000.0,2,peripheral,1,False
100000008244300100,in,3,100000004358004100,9000.0,1,distributor,4,True
100000008251939100,in,1,100000005704413100,44360.0,1,distributor,8,False
100000008254069100,in,1,100000003809101100,10200.0,2,peripheral,12,False
100000008254069100,out,1,100000005382566100,58000.0,1,consolidator,20,True
100000008254069100,out,2,100000003809101100,20000.0,2,peripheral,12,False
100000008254069100,out,3,100000005668605100,19500.0,1,peripheral,20,True
100000008254576100,in,1,100000002217161100,8000.0,1,peripheral,36,False
100000008254576100,out,1,100000002242066100,60000.0,1,peripheral,36,False
100000008255655100,in,1,100000001677389100,5400.0,1,peripheral,17,False
100000008258083100,in,1,100000007442518100,3000000.0,1,peripheral,31,False
100000008258083100,in,2,100000000673868100,149500.0,12,peripheral,31,False
100000008258083100,out,1,100000000673868100,2030650.0,5,peripheral,31,False
100000008258083100,out,2,100000001785161100,15000.0,1,terminal,31,False
100000008258458100,in,1,100000004150593100,19000.0,1,distributor,5,False
100000008258458100,out,1,100000004035925100,1111588.0,2,peripheral,65,False
100000008258458100,out,2,100000008619159100,446400.0,2,peripheral,65,False
100000008259451100,in,1,100000005933757100,55000.0,1,distributor,15,False
100000008279405100,in,1,100000008603629100,234738.0,2,coordinator,7,False
100000008283183100,in,1,100000001697501100,29000.0,1,distributor,2,False
100000008289539100,in,1,100000004156082100,14912.0,1,coordinator,16,False
100000008293431100,in,1,100000000437046100,15000.0,1,coordinator,1,False
100000008293431100,out,1,100000000437046100,215000.0,2,coordinator,1,False
100000008293431100,out,2,100000008583971100,40000.0,1,peripheral,1,False
100000008293431100,out,3,100000008629504100,20000.0,1,peripheral,1,False
100000008295429100,in,1,100000000331309100,352000.0,1,coordinator,6,False
100000008297199100,in,1,100000008477350100,42268.0,1,coordinator,1,False
100000008304115100,in,1,100000008680731100,51000.0,1,distributor,13,True
100000008304139100,in,1,100000003242289100,93570.0,1,coordinator,17,False
100000008304139100,in,2,100000004400305100,46101.0,1,distributor,1,False
100000008304139100,in,3,100000008413748100,26091.75,1,distributor,17,False
100000008304139100,out,1,100000003684369100,454000.0,10,distributor,4,True
100000008304139100,out,2,100000008603629100,159000.0,4,coordinator,7,False
100000008304139100,out,3,100000006866783100,144000.0,6,distributor,1,True
100000008306857100,in,1,100000005242320100,125000.0,1,distributor,10,False
100000008308418100,in,1,100000005375968100,50000.0,1,peripheral,1,False
100000008309514100,in,1,100000002578405100,17200.0,1,distributor,2,False
100000008314203100,in,1,100000001732159100,322076.0,9,peripheral,41,True
100000008314203100,in,2,100000008637537100,60000.0,1,peripheral,41,True
100000008314203100,out,1,100000008637537100,232000.0,11,peripheral,41,True
100000008314203100,out,2,100000001732159100,95000.0,2,peripheral,41,True
100000008314863100,in,1,100000005539910100,12000.0,1,peripheral,4,False
100000008321975100,in,1,100000001427082100,5900.0,1,peripheral,23,False
100000008324800100,in,1,100000007390016100,346500.0,14,peripheral,72,False
100000008324800100,in,2,100000000331309100,110000.0,2,coordinator,6,False
100000008324800100,in,3,100000008304139100,70000.0,1,distributor,4,False
100000008324800100,out,1,100000007390016100,511000.0,13,peripheral,72,False
100000008327791100,in,1,100000002736033100,11000.0,1,peripheral,17,False
100000008331280100,in,1,100000006704530100,41000.0,2,transit,28,False
100000008332511100,in,1,100000004424023100,100000.0,1,peripheral,10,False
100000008333492100,in,1,100000007472293100,216400.0,1,peripheral,49,False
100000008335401100,in,1,100000005473151100,150000.0,3,peripheral,8,False
100000008336318100,in,1,100000008746449100,170000.0,1,distributor,3,False
100000008337304100,in,1,100000005357705100,105465.0,2,peripheral,7,False
100000008343415100,in,1,100000008343874100,100000.0,3,peripheral,21,False
100000008343874100,in,1,100000006977207100,175350.0,1,distributor,21,False
100000008343874100,in,2,100000000437046100,108185.0,1,coordinator,1,False
100000008343874100,out,1,100000008343415100,100000.0,3,peripheral,21,False
100000008343874100,out,2,100000005878334100,76400.0,2,peripheral,21,False
100000008346837100,in,1,100000003796063100,112000.0,1,distributor,6,False
100000008346837100,in,2,100000004070318100,60059.0,4,distributor,1,False
100000008346837100,in,3,100000008003034100,28500.0,1,peripheral,14,False
100000008346837100,out,1,100000005074393100,329133.0,2,peripheral,14,False
100000008346837100,out,2,100000003050771100,229000.0,1,terminal,14,False
100000008346837100,out,3,100000008733194100,121344.0,1,distributor,14,False
100000008349675100,in,1,100000007747786100,46520.0,1,distributor,11,True
100000008349675100,out,1,100000002340562100,36650.0,2,terminal,11,False
100000008349740100,in,1,100000004906181100,70000.0,2,peripheral,37,False
100000008352542100,in,1,100000003366154100,50220.0,1,peripheral,4,False
100000008356606100,in,1,100000007591246100,120000.0,1,peripheral,14,False
100000008356606100,in,2,100000008003034100,48500.0,1,peripheral,14,False
100000008376089100,in,1,100000007442518100,135000.0,1,peripheral,31,False
100000008376785100,in,1,100000001637376100,234250.0,2,peripheral,6,False
100000008379273100,in,1,100000005704413100,20000.0,1,distributor,8,False
100000008379273100,in,2,100000005578559100,16000.0,1,distributor,8,False
100000008379273100,out,1,100000003010908100,17000.0,1,peripheral,8,False
100000008379273100,out,2,100000004015047100,10000.0,1,consolidator,9,False
100000008379273100,out,3,100000001202787100,6000.0,1,peripheral,1,False
100000008383405100,in,1,100000004813068100,25000.0,2,peripheral,25,True
100000008388049100,in,1,100000005242320100,496400.0,1,distributor,10,False
100000008389800100,in,1,100000006579678100,120000.0,1,peripheral,5,False
100000008389800100,in,2,100000007511163100,49000.0,1,peripheral,5,False
100000008389800100,in,3,100000008430691100,20000.0,1,peripheral,71,False
100000008389800100,out,1,100000002991079100,97200.0,2,peripheral,5,False
100000008389800100,out,2,100000004664905100,94400.0,1,terminal,5,False
100000008389800100,out,3,100000005308954100,69020.0,1,peripheral,5,False
100000008405209100,in,1,100000003242289100,54400.0,1,coordinator,17,False
100000008406609100,in,1,100000004744306100,34000.0,1,peripheral,20,False
100000008413748100,in,1,100000002645993100,13480.0,1,peripheral,1,False
100000008413748100,in,2,100000001660397100,13000.0,1,transit,1,False
100000008413748100,out,1,100000002713074100,450000.0,1,peripheral,17,False
100000008413748100,out,2,100000003060517100,315955.0,1,terminal,17,False
100000008413748100,out,3,100000001689968100,96700.0,1,terminal,6,False
100000008416433100,in,1,100000005933757100,20000.0,1,distributor,15,False
100000008417029100,in,1,100000008752616100,100000.0,1,peripheral,3,False
100000008417359100,in,1,100000003242289100,40810.0,2,coordinator,17,False
100000008417359100,out,1,100000005530114100,90000.0,1,peripheral,17,False
100000008417359100,out,2,100000008512552100,20760.0,2,peripheral,17,False
100000008418835100,in,1,100000004269433100,1372000.0,67,peripheral,16,True
100000008418835100,out,1,100000008730021100,75555.0,3,terminal,16,False
100000008418835100,out,2,100000008701944100,52124.0,1,terminal,16,False
100000008418835100,out,3,100000000343175100,31500.0,1,distributor,12,True
100000008418934100,in,1,100000001162560100,360000.0,1,distributor,3,False
100000008422226100,in,1,100000004400305100,87450.0,1,distributor,1,False
100000008427027100,in,1,100000007898453100,300000.0,1,peripheral,4,False
100000008430691100,in,1,100000008389800100,20000.0,1,peripheral,5,False
100000008430691100,out,1,100000007330432100,584900.0,1,peripheral,71,False
100000008430691100,out,2,100000008389800100,20000.0,1,peripheral,5,False
100000008432942100,in,1,100000004400305100,44542.0,2,distributor,1,False
100000008436257100,in,1,100000008512552100,28954.0,1,peripheral,17,False
100000008436257100,in,2,100000003242289100,6046.0,1,coordinator,17,False
100000008438656100,in,1,100000003684369100,55000.0,1,distributor,4,True
100000008438656100,in,2,100000000331309100,25000.0,1,coordinator,6,False
100000008438656100,out,1,100000006523053100,5000.0,1,terminal,4,False
100000008443341100,in,1,100000006866783100,24500.0,1,distributor,1,True
100000008443341100,in,2,100000008474308100,10000.0,1,peripheral,13,False
100000008443341100,out,1,100000005904580100,19000.0,1,terminal,13,False
100000008443341100,out,2,100000008477350100,17000.0,1,coordinator,1,False
100000008443341100,out,3,100000008474308100,14000.0,2,peripheral,13,False
100000008454065100,in,1,100000005933757100,24050.0,1,distributor,15,False
100000008459449100,in,1,100000008477350100,53700.0,1,coordinator,1,False
100000008460102100,in,1,100000001287955100,17500.0,1,peripheral,10,False
100000008460102100,out,1,100000004891562100,103400.0,1,peripheral,19,False
100000008460102100,out,2,100000002706810100,45000.0,1,peripheral,19,False
100000008460102100,out,3,100000008715513100,32500.0,1,peripheral,19,False
100000008461217100,in,1,100000001223977100,18000.0,1,peripheral,52,False
100000008461532100,in,1,100000000791285100,560000.0,1,peripheral,28,False
100000008461532100,in,2,100000004679953100,5300.0,1,peripheral,7,False
100000008461532100,out,1,100000000791285100,1120000.0,2,peripheral,28,False
100000008461532100,out,2,100000006704530100,450500.0,1,transit,28,False
100000008461532100,out,3,100000003122817100,444680.0,1,terminal,28,False
100000008463968100,in,1,100000002578405100,10000.0,1,distributor,2,False
100000008465789100,in,1,100000008547844100,30099.0,1,coordinator,3,False
100000008465789100,out,1,100000002547110100,342000.0,2,consolidator,3,False
100000008465789100,out,2,100000001674850100,190000.0,1,terminal,3,False
100000008465789100,out,3,100000002343825100,150000.0,1,peripheral,3,False
100000008466579100,in,1,100000008465789100,30000.0,1,distributor,3,False
100000008466579100,in,2,100000002781227100,6952.0,1,transit,64,False
100000008466579100,out,1,100000002547110100,305000.0,2,consolidator,3,False
100000008466579100,out,2,100000003016438100,200000.0,1,peripheral,3,False
100000008466579100,out,3,100000002894076100,155000.0,1,consolidator,11,False
100000008468762100,in,1,100000008710843100,140000.0,1,distributor,22,False
100000008468762100,in,2,100000008746449100,30000.0,1,distributor,3,False
100000008469048100,in,1,100000005610717100,265200.0,7,consolidator,1,False
100000008470470100,in,1,100000002527114100,33547.0,1,distributor,2,True
100000008471634100,in,1,100000002472632100,20000.0,1,peripheral,27,False
100000008472324100,in,1,100000000331309100,205200.0,1,coordinator,6,False
100000008473207100,in,1,100000007908818100,202000.0,4,peripheral,4,False
100000008473765100,in,1,100000008603629100,30000.0,1,coordinator,7,False
100000008474308100,in,1,100000008443341100,14000.0,2,peripheral,13,False
100000008474308100,out,1,100000008443341100,10000.0,1,peripheral,13,False
100000008474391100,in,1,100000004580202100,20000.0,1,peripheral,24,False
100000008477350100,in,1,100000008748914100,222000.0,1,distributor,4,False
100000008477350100,in,2,100000003796063100,126000.0,3,distributor,6,False
100000008477350100,in,3,100000008304139100,60000.0,2,distributor,4,False
100000008477350100,out,1,100000002901457100,340000.0,1,peripheral,1,False
100000008477350100,out,2,100000002603769100,276400.0,1,terminal,1,False
100000008477350100,out,3,100000001330685100,233968.0,1,peripheral,6,False
100000008478414100,in,1,100000001697501100,10000.0,1,distributor,2,False
100000008486520100,in,1,100000003016635100,35720.0,2,distributor,5,True
100000008486520100,out,1,100000006161893100,14000.0,1,terminal,5,False
100000008488166100,in,1,100000002578405100,5600.0,1,distributor,2,False
100000008489604100,in,1,100000002578405100,11000.0,1,distributor,2,False
100000008489922100,in,1,100000008466579100,123000.0,3,distributor,3,False
100000008489922100,in,2,100000008547948100,87000.0,1,coordinator,3,False
100000008489922100,in,3,100000000910216100,52010.0,1,peripheral,4,False
100000008489922100,out,1,100000003037476100,370000.0,1,peripheral,3,False
100000008489922100,out,2,100000003171006100,305000.0,1,terminal,3,False
100000008489922100,out,3,100000008708207100,300000.0,1,terminal,3,False
100000008490127100,in,1,100000000331309100,431755.0,2,coordinator,6,False
100000008490127100,out,1,100000005616568100,530000.0,1,peripheral,6,False
100000008490127100,out,2,100000008560263100,100000.0,1,peripheral,6,False
100000008490127100,out,3,100000005049404100,98000.0,2,peripheral,6,False
100000008491390100,in,1,100000004400305100,36000.0,1,distributor,1,False
100000008493007100,in,1,100000002578405100,26150.0,1,distributor,2,False
100000008493007100,out,1,100000005685783100,26150.0,1,peripheral,2,False
100000008497298100,in,1,100000001162560100,600000.0,1,distributor,3,False
100000008501413100,in,1,100000005602999100,5000.0,1,peripheral,34,False
100000008501413100,out,1,100000005910895100,5100.0,1,peripheral,34,False
100000008502995100,in,1,100000002293421100,25000.0,2,transit,1,False
100000008503177100,in,1,100000008603629100,33951.0,1,coordinator,7,False
100000008507703100,in,1,100000002578405100,28500.0,1,distributor,2,False
100000008512552100,in,1,100000004351795100,246100.0,4,coordinator,1,False
100000008512552100,in,2,100000003796063100,78500.0,2,distributor,6,False
100000008512552100,in,3,100000003242289100,49000.0,1,coordinator,17,False
100000008512552100,out,1,100000003964910100,549000.0,1,terminal,17,False
100000008512552100,out,2,100000003242289100,468791.0,6,coordinator,17,False
100000008512552100,out,3,100000003178549100,210000.0,1,peripheral,17,False
100000008512827100,in,1,100000005527892100,54510.0,1,coordinator,21,False
100000008512827100,in,2,100000000640800100,43439.0,1,peripheral,7,False
100000008512827100,in,3,100000008517538100,10000.0,1,distributor,3,False
100000008512827100,out,1,100000002559089100,650000.0,1,terminal,10,False
100000008512827100,out,2,100000002956769100,340000.0,1,terminal,10,False
100000008512827100,out,3,100000002173161100,290000.0,1,terminal,5,False
100000008514970100,in,1,100000006977207100,379966.0,1,distributor,21,False
100000008514970100,out,1,100000004797167100,31000.0,1,peripheral,21,False
100000008516839100,in,1,100000005394708100,65000.0,1,peripheral,20,False
100000008516839100,in,2,100000004744306100,58000.0,2,peripheral,20,False
100000008516839100,in,3,100000002916006100,32000.0,1,peripheral,20,True
100000008517061100,in,1,100000002963189100,1844000.0,4,peripheral,15,False
100000008517538100,in,1,100000008489922100,70500.0,4,coordinator,3,False
100000008517538100,in,2,100000008466579100,50000.0,1,distributor,3,False
100000008517538100,in,3,100000008710843100,35000.0,1,distributor,22,False
100000008517538100,out,1,100000007034089100,190000.0,1,peripheral,3,False
100000008517538100,out,2,100000002718366100,120000.0,2,consolidator,3,False
100000008517538100,out,3,100000007357489100,115000.0,1,peripheral,3,False
100000008522127100,out,1,100000002781227100,145000.0,3,transit,64,False
100000008524903100,in,1,100000000656682100,15000.0,1,transit,1,False
100000008525136100,in,1,100000005910114100,14100.0,1,coordinator,1,False
100000008531133100,in,1,100000005539201100,25000.0,1,peripheral,5,False
100000008531133100,out,1,100000002705460100,95000.0,1,terminal,5,False
100000008531133100,out,2,100000004408683100,31771.68,1,terminal,5,False
100000008531133100,out,3,100000005857058100,31500.0,1,terminal,1,False
100000008531186100,in,1,100000008165763100,125000.0,1,transit,4,False
100000008532050100,in,1,100000000331309100,455156.0,1,coordinator,6,False
100000008536546100,in,1,100000008710843100,200000.0,1,distributor,22,False
100000008536546100,in,2,100000008489922100,50000.0,1,coordinator,3,False
100000008537380100,in,1,100000002578405100,8000.0,1,distributor,2,False
100000008545727100,in,1,100000005473151100,30000.0,1,peripheral,8,False
100000008545727100,out,1,100000005473151100,1060000.0,1,peripheral,8,False
100000008545727100,out,2,100000001169666100,220000.0,2,peripheral,8,False
100000008545727100,out,3,100000008714412100,169000.0,1,terminal,8,False
100000008546855100,in,1,100000005661829100,33790.0,3,transit,18,False
100000008546855100,in,2,100000004847758100,14000.0,1,distributor,4,False
100000008546855100,in,3,100000008293431100,9000.0,1,peripheral,1,False
100000008546855100,out,1,100000007689942100,5000.0,1,peripheral,18,False
100000008546855100,out,2,100000008582730100,5000.0,1,transit,18,False
100000008547295100,in,1,100000004698193100,15000.0,1,peripheral,9,False
100000008547844100,in,1,100000008547948100,100000.0,1,coordinator,3,False
100000008547844100,in,2,100000008710843100,69000.0,1,distributor,22,False
100000008547844100,in,3,100000002592567100,8600.0,1,peripheral,5,False
100000008547844100,out,1,100000008659950100,246000.0,1,terminal,3,False
100000008547844100,out,2,100000002547110100,215000.0,2,consolidator,3,False
100000008547844100,out,3,100000002773323100,195000.0,1,peripheral,3,False
100000008547948100,in,1,100000008547844100,61000.0,2,coordinator,3,False
100000008547948100,in,2,100000008121806100,60197.0,1,peripheral,7,False
100000008547948100,in,3,100000008466579100,35000.0,1,distributor,3,False
100000008547948100,out,1,100000002718366100,959000.0,3,consolidator,3,False
100000008547948100,out,2,100000002815005100,476500.0,1,terminal,3,False
100000008547948100,out,3,100000003031633100,414000.0,2,terminal,3,False
100000008548853100,in,1,100000002578405100,14000.0,1,distributor,2,False
100000008551752100,in,1,100000007392365100,406000.0,2,peripheral,42,False
100000008554390100,in,1,100000008460102100,14000.0,1,distributor,19,False
100000008555233100,in,1,100000008758168100,440600.0,1,peripheral,22,False
100000008555918100,in,1,100000003684369100,139211.0,1,distributor,4,True
100000008555918100,out,1,100000005849100100,33300.0,1,terminal,4,False
100000008555918100,out,2,100000006557763100,10000.0,1,terminal,4,False
100000008556318100,in,1,100000003684369100,116632.0,1,distributor,4,True
100000008556318100,in,2,100000000955529100,63500.0,1,peripheral,4,False
100000008557672100,in,1,100000001697501100,49125.0,1,distributor,2,False
100000008560263100,in,1,100000008490127100,100000.0,1,peripheral,6,False
100000008560717100,in,1,100000000331309100,304000.0,2,coordinator,6,False
100000008560717100,in,2,100000004400305100,50000.0,1,distributor,1,False
100000008560717100,in,3,100000006866783100,45000.0,2,distributor,1,True
100000008560717100,out,1,100000005809252100,25000.0,1,terminal,6,False
100000008561016100,in,1,100000008710791100,180000.0,2,distributor,3,False
100000008561016100,out,1,100000001724740100,185000.0,4,peripheral,3,False
100000008566737100,in,1,100000008731444100,126000.0,1,distributor,1,False
100000008566737100,in,2,100000003684369100,104000.0,1,distributor,4,True
100000008568512100,in,1,100000000331309100,199640.0,1,coordinator,6,False
100000008571243100,in,1,100000008545727100,134000.0,1,peripheral,8,False
100000008571433100,in,1,100000004979498100,200000.0,1,peripheral,53,False
100000008571433100,in,2,100000004135268100,150000.0,1,transit,53,False
100000008571433100,out,1,100000004135268100,1064000.0,2,transit,53,False
100000008571433100,out,2,100000007507343100,370000.0,1,terminal,53,False
100000008571443100,in,1,100000008346837100,40000.0,1,coordinator,14,False
100000008571443100,in,2,100000000089154100,25000.0,1,distributor,1,False
100000008575624100,out,1,100000004094958100,39000.0,1,transit,50,False
100000008575624100,out,2,100000005546031100,31000.0,3,peripheral,50,False
100000008575624100,out,3,100000005363908100,19500.0,1,transit,50,False
100000008576243100,in,1,100000002398779100,66000.0,3,consolidator,1,False
100000008576243100,in,2,100000005910114100,16920.0,1,coordinator,1,False
100000008576528100,in,1,100000000331309100,28000.0,1,coordinator,6,False
100000008579978100,in,1,100000000331309100,34000.0,1,coordinator,6,False
100000008579978100,out,1,100000002119762100,77000.0,6,peripheral,6,False
100000008582730100,in,1,100000008546855100,5000.0,1,consolidator,18,False
100000008582730100,out,1,100000008546855100,5000.0,1,consolidator,18,False
100000008583360100,in,1,100000005578559100,112843.0,1,distributor,8,False
100000008583360100,out,1,100000008136608100,170000.0,1,peripheral,8,False
100000008583971100,in,1,100000008293431100,40000.0,1,peripheral,1,False
100000008583971100,in,2,100000003213473100,11000.0,1,distributor,1,False
100000008586731100,in,1,100000008680731100,12000.0,1,distributor,13,True
100000008587459100,in,1,100000004400305100,132507.0,1,distributor,1,False
100000008587459100,in,2,100000008304139100,49000.0,1,distributor,4,False
100000008587459100,out,1,100000004962193100,591000.0,3,consolidator,1,False
100000008587459100,out,2,100000006866783100,95500.0,1,distributor,1,True
100000008588665100,in,1,100000002901457100,25000.0,1,peripheral,1,False
100000008595687100,in,1,100000004150593100,64395.0,1,distributor,5,False
100000008595687100,out,1,100000003016635100,10400.0,1,distributor,5,True
100000008596924100,in,1,100000008713270100,100000.0,1,peripheral,9,False
100000008598972100,in,1,100000006977207100,120000.0,1,distributor,21,False
100000008599354100,in,1,100000008477350100,177000.0,1,coordinator,1,False
100000008599354100,out,1,100000004217419100,38200.0,2,peripheral,7,False
100000008601794100,in,1,100000001872484100,475400.0,7,peripheral,57,False
100000008601794100,in,2,100000000785800100,19000.0,1,transit,57,False
100000008601794100,out,1,100000001872484100,871400.0,13,peripheral,57,False
100000008603331100,in,1,100000008003034100,28000.0,1,peripheral,14,False
100000008603331100,in,2,100000004715209100,11500.0,2,peripheral,3,False
100000008603331100,out,1,100000002032323100,300000.0,1,peripheral,3,False
100000008603331100,out,2,100000002547110100,274000.0,1,consolidator,3,False
100000008603331100,out,3,100000001046057100,83420.0,1,terminal,3,False
100000008603629100,in,1,100000003880331100,598000.0,6,distributor,7,False
100000008603629100,in,2,100000005910114100,232624.0,8,coordinator,1,False
100000008603629100,in,3,100000008304139100,159000.0,4,distributor,4,False
100000008603629100,out,1,100000001857829100,408000.0,2,coordinator,7,False
100000008603629100,out,2,100000000764836100,251716.0,1,peripheral,7,False
100000008603629100,out,3,100000008279405100,234738.0,2,terminal,7,False
100000008612257100,in,1,100000008413748100,9500.0,1,distributor,17,False
100000008619159100,in,1,100000008258458100,446400.0,2,peripheral,65,False
100000008619857100,in,1,100000004400305100,29000.0,1,distributor,1,False
100000008619857100,out,1,100000000332284100,8000.0,1,consolidator,6,False
100000008619857100,out,2,100000002398779100,5000.0,1,consolidator,1,False
100000008620570100,in,1,100000002723538100,80000.0,1,distributor,7,False
100000008620570100,in,2,100000008346837100,65000.0,1,coordinator,14,False
100000008620570100,out,1,100000002718366100,21800.0,1,consolidator,3,False
100000008620570100,out,2,100000004981068100,10000.0,1,peripheral,7,False
100000008624978100,in,1,100000005527892100,109000.0,1,coordinator,21,False
100000008625905100,in,1,100000003159641100,197800.0,1,consolidator,59,False
100000008625905100,out,1,100000001065234100,360000.0,1,peripheral,59,False
100000008625905100,out,2,100000002194320100,275000.0,1,peripheral,59,False
100000008628231100,in,1,100000003684369100,50000.0,1,distributor,4,True
100000008628231100,out,1,100000004666651100,429250.0,1,terminal,67,False
100000008628231100,out,2,100000005664632100,198620.0,18,terminal,67,False
100000008628818100,in,1,100000005704413100,46310.0,1,distributor,8,False
100000008629504100,in,1,100000008293431100,20000.0,1,peripheral,1,False
100000008629581100,in,1,100000005612411100,54184.0,1,distributor,4,False
100000008631800100,in,1,100000008460102100,12850.0,1,distributor,19,False
100000008632060100,in,1,100000002957787100,6000.0,1,coordinator,1,False
100000008632060100,out,1,100000000437046100,67500.0,2,coordinator,1,False
100000008632060100,out,2,100000008730846100,60600.0,2,consolidator,12,False
100000008632060100,out,3,100000008603629100,50000.0,1,coordinator,7,False
100000008633099100,in,1,100000005782781100,19468.0,1,peripheral,11,False
100000008633099100,out,1,100000008677368100,13500.0,1,peripheral,11,False
100000008634520100,in,1,100000008547844100,90000.0,1,coordinator,3,False
100000008636603100,in,1,100000002957787100,22710.0,1,coordinator,1,False
100000008636603100,in,2,100000000667713100,12750.0,1,peripheral,5,False
100000008636603100,out,1,100000003265158100,46800.0,1,transit,13,False
100000008636603100,out,2,100000003016635100,43200.0,2,distributor,5,True
100000008636603100,out,3,100000006122699100,24750.0,1,terminal,5,False
100000008637537100,in,1,100000001732159100,381890.0,10,peripheral,41,True
100000008637537100,in,2,100000008314203100,232000.0,11,peripheral,41,True
100000008637537100,in,3,100000004070318100,6000.0,1,distributor,1,False
100000008637537100,out,1,100000001732159100,2283100.0,28,peripheral,41,True
100000008637537100,out,2,100000008314203100,60000.0,1,peripheral,41,True
100000008637537100,out,3,100000005940652100,8395.0,1,terminal,41,False
100000008638859100,in,1,100000006274203100,34000.0,1,peripheral,18,False
100000008647905100,in,1,100000003873332100,50000.0,1,peripheral,18,False
100000008647905100,out,1,100000008676812100,230800.0,1,terminal,18,False
100000008647905100,out,2,100000002769809100,113422.0,1,terminal,18,False
100000008648783100,in,1,100000008460102100,5200.0,1,distributor,19,False
100000008649416100,in,1,100000005233755100,5000.0,1,peripheral,17,False
100000008650785100,in,1,100000003975102100,56500.0,1,peripheral,5,True
100000008650785100,in,2,100000004394765100,35500.0,1,peripheral,5,False
100000008650785100,out,1,100000000817146100,70020.0,1,terminal,5,False
100000008650785100,out,2,100000005519347100,50100.0,1,peripheral,5,True
100000008652094100,in,1,100000004400305100,35000.0,1,distributor,1,False
100000008653041100,in,1,100000002578405100,28000.0,1,distributor,2,False
100000008654653100,out,1,100000004019124100,54000.0,1,peripheral,5,True
100000008655035100,in,1,100000002762076100,30000.0,1,peripheral,11,False
100000008655779100,in,1,100000007382543100,47000.0,1,peripheral,29,False
100000008655779100,out,1,100000008213966100,19004.0,1,peripheral,29,False
100000008655779100,out,2,100000004377043100,5700.0,1,peripheral,29,False
100000008656043100,in,1,100000001697501100,26200.0,1,distributor,2,False
100000008659445100,in,1,100000008736940100,77300.0,2,peripheral,44,False
100000008659445100,in,2,100000008193577100,56190.0,4,peripheral,44,False
100000008659445100,in,3,100000005456919100,5000.0,1,peripheral,44,False
100000008659445100,out,1,100000008751429100,271700.0,3,peripheral,44,False
100000008659445100,out,2,100000005456919100,263950.0,5,peripheral,44,False
100000008659445100,out,3,100000008736940100,252500.0,6,peripheral,44,False
100000008659950100,in,1,100000008547844100,246000.0,1,coordinator,3,False
100000008661550100,in,1,100000002578405100,22800.0,1,distributor,2,False
100000008661585100,in,1,100000002527114100,43141.0,1,distributor,2,True
100000008662216100,in,1,100000002578405100,26200.0,1,distributor,2,False
100000008662805100,in,1,100000002578405100,16500.0,1,distributor,2,False
100000008663007100,in,1,100000002527114100,14000.0,1,distributor,2,True
100000008663723100,in,1,100000002578405100,15600.0,1,distributor,2,False
100000008664469100,in,1,100000003684369100,25000.0,1,distributor,4,True
100000008664774100,in,1,100000002578405100,16300.0,1,distributor,2,False
100000008665380100,in,1,100000004400305100,59100.0,1,distributor,1,False
100000008665380100,in,2,100000006866783100,10000.0,1,distributor,1,True
100000008665380100,out,1,100000000795033100,18200.0,1,terminal,1,False
100000008666075100,in,1,100000002527114100,26217.0,1,distributor,2,True
100000008667058100,in,1,100000002527114100,17534.0,1,distributor,2,True
100000008667795100,in,1,100000002578405100,34000.0,1,distributor,2,False
100000008667799100,in,1,100000002578405100,34000.0,1,distributor,2,False
100000008668099100,in,1,100000002578405100,15700.0,1,distributor,2,False
100000008669310100,in,1,100000004400305100,59567.0,2,distributor,1,False
100000008670667100,in,1,100000002527114100,15534.0,1,distributor,2,True
100000008671026100,in,1,100000002527114100,23534.0,1,distributor,2,True
100000008671081100,in,1,100000002578405100,37200.0,1,distributor,2,False
100000008671129100,in,1,100000002578405100,26200.0,1,distributor,2,False
100000008671929100,in,1,100000003684369100,75000.0,2,distributor,4,True
100000008672162100,in,1,100000002527114100,15550.0,1,distributor,2,True
100000008672200100,in,1,100000002527114100,8511.0,1,distributor,2,True
100000008672480100,in,1,100000001697501100,13000.0,1,distributor,2,False
100000008672493100,in,1,100000002578405100,14000.0,1,distributor,2,False
100000008672603100,in,1,100000005612411100,21200.0,1,distributor,4,False
100000008672762100,in,1,100000001697501100,13000.0,1,distributor,2,False
100000008673001100,in,1,100000005417257100,80000.0,1,peripheral,20,True
100000008675322100,in,1,100000004906181100,340000.0,4,peripheral,37,False
100000008676812100,in,1,100000008647905100,230800.0,1,peripheral,18,False
100000008677215100,in,1,100000003718221100,9000.0,1,peripheral,24,False
100000008677368100,in,1,100000008633099100,13500.0,1,peripheral,11,False
100000008677518100,in,1,100000002578405100,48700.0,1,distributor,2,False
100000008679986100,in,1,100000002527114100,19000.0,1,distributor,2,True
100000008680061100,in,1,100000003796063100,41300.0,2,distributor,6,False
100000008680451100,in,1,100000002527114100,23534.0,1,distributor,2,True
100000008680731100,out,1,100000004692798100,190305.0,1,peripheral,13,False
100000008680731100,out,2,100000002757797100,100000.0,1,terminal,13,False
100000008680731100,out,3,100000004662806100,97580.0,1,peripheral,13,False
100000008680912100,in,1,100000002741024100,45112.0,2,peripheral,1,False
100000008680912100,out,1,100000002741024100,5990.85,1,peripheral,1,False
100000008682426100,in,1,100000005933757100,20000.0,1,distributor,15,False
100000008683818100,in,1,100000001697501100,17400.0,1,distributor,2,False
100000008684452100,in,1,100000002578405100,51800.0,1,distributor,2,False
100000008684767100,in,1,100000002578405100,31100.0,1,distributor,2,False
100000008684951100,in,1,100000002578405100,17200.0,1,distributor,2,False
100000008686214100,in,1,100000002723538100,25000.0,1,distributor,7,False
100000008686234100,in,1,100000006866783100,39778.0,1,distributor,1,True
100000008686247100,in,1,100000005664922100,22000.0,2,peripheral,25,False
100000008686247100,out,1,100000005664922100,5000.0,1,peripheral,25,False
100000008686313100,in,1,100000000437046100,1104983.0,6,coordinator,1,False
100000008686313100,in,2,100000000331309100,373042.0,2,coordinator,6,False
100000008686313100,in,3,100000006866783100,225181.0,4,distributor,1,True
100000008686313100,out,1,100000002826669100,159900.0,4,terminal,1,False
100000008686313100,out,2,100000008603629100,55500.0,2,coordinator,7,False
100000008686313100,out,3,100000006866783100,48100.0,2,distributor,1,True
100000008686494100,in,1,100000002578405100,15700.0,1,distributor,2,False
100000008687492100,in,1,100000001697501100,15000.0,1,distributor,2,False
100000008687617100,in,1,100000002578405100,43350.0,2,distributor,2,False
100000008687671100,in,1,100000002527114100,37500.0,1,distributor,2,True
100000008687733100,in,1,100000002578405100,14650.0,1,distributor,2,False
100000008687990100,in,1,100000002578405100,17600.0,1,distributor,2,False
100000008688109100,in,1,100000002578405100,12800.0,1,distributor,2,False
100000008688155100,in,1,100000002578405100,23600.0,1,distributor,2,False
100000008688476100,in,1,100000001697501100,24000.0,1,distributor,2,False
100000008688881100,in,1,100000001697501100,44211.0,1,distributor,2,False
100000008690762100,in,1,100000002578405100,26750.0,1,distributor,2,False
100000008690932100,in,1,100000002527114100,23000.0,1,distributor,2,True
100000008691027100,in,1,100000002527114100,17534.0,1,distributor,2,True
100000008691168100,in,1,100000001697501100,24000.0,1,distributor,2,False
100000008691330100,in,1,100000002527114100,21440.0,1,distributor,2,True
100000008691495100,in,1,100000002527114100,27000.0,1,distributor,2,True
100000008692291100,in,1,100000008466579100,75000.0,1,distributor,3,False
100000008692291100,in,2,100000008547948100,75000.0,1,coordinator,3,False
100000008692291100,in,3,100000008460102100,10000.0,1,distributor,19,False
100000008692291100,out,1,100000004418967100,100000.0,1,peripheral,3,False
100000008692291100,out,2,100000005723580100,35000.0,1,peripheral,3,False
100000008692291100,out,3,100000004908173100,21000.0,1,peripheral,3,False
100000008693069100,in,1,100000002527114100,20000.0,1,distributor,2,True
100000008695133100,in,1,100000002578405100,36610.0,1,distributor,2,False
100000008695157100,in,1,100000000640800100,425546.0,3,peripheral,7,False
100000008695495100,in,1,100000002527114100,21000.0,1,distributor,2,True
100000008695566100,in,1,100000002578405100,33700.0,1,distributor,2,False
100000008695689100,in,1,100000002578405100,26200.0,1,distributor,2,False
100000008696692100,in,1,100000001697501100,19000.0,1,distributor,2,False
100000008696919100,in,1,100000002527114100,31945.0,1,distributor,2,True
100000008697670100,in,1,100000002578405100,25350.0,1,distributor,2,False
100000008699083100,in,1,100000008742053100,238500.0,1,distributor,10,False
100000008701256100,in,1,100000007639767100,58250.0,1,distributor,1,False
100000008701944100,in,1,100000008418835100,52124.0,1,peripheral,16,True
100000008703533100,in,1,100000008465789100,75000.0,1,distributor,3,False
100000008706846100,in,1,100000002578405100,14200.0,1,distributor,2,False
100000008706947100,in,1,100000002578405100,17200.0,1,distributor,2,False
100000008707810100,in,1,100000002578405100,26200.0,1,distributor,2,False
100000008708025100,in,1,100000007382543100,10000.0,1,peripheral,29,False
100000008708061100,in,1,100000002578405100,8650.0,1,distributor,2,False
100000008708207100,in,1,100000008489922100,300000.0,1,coordinator,3,False
100000008708207100,in,2,100000008752616100,165000.0,1,peripheral,3,False
100000008708368100,in,1,100000002527114100,23677.0,1,distributor,2,True
100000008708595100,in,1,100000002578405100,17200.0,1,distributor,2,False
100000008708743100,in,1,100000002578405100,15550.0,1,distributor,2,False
100000008710791100,in,1,100000008517538100,115000.0,1,distributor,3,False
100000008710791100,in,2,100000005527892100,54510.0,1,coordinator,21,False
100000008710791100,in,3,100000008489922100,12000.0,1,coordinator,3,False
100000008710791100,out,1,100000002718366100,890000.0,2,consolidator,3,False
100000008710791100,out,2,100000001875239100,445000.0,1,terminal,3,False
100000008710791100,out,3,100000001282143100,440000.0,1,consolidator,10,False
100000008710843100,in,1,100000008489922100,18200.0,2,coordinator,3,False
100000008710843100,in,2,100000007639767100,15744.0,1,distributor,1,False
100000008710843100,out,1,100000008775471100,580000.0,2,terminal,22,False
100000008710843100,out,2,100000001887715100,245500.0,1,peripheral,22,False
100000008710843100,out,3,100000008536546100,200000.0,1,terminal,22,False
100000008710913100,in,1,100000008517538100,14000.0,1,distributor,3,False
100000008712036100,in,1,100000002578405100,21000.0,1,distributor,2,False
100000008712184100,in,1,100000002578405100,18000.0,1,distributor,2,False
100000008712827100,in,1,100000002578405100,76000.0,1,distributor,2,False
100000008712991100,in,1,100000002578405100,66100.0,1,distributor,2,False
100000008713270100,in,1,100000008748408100,30000.0,1,distributor,9,False
100000008713270100,out,1,100000008596924100,100000.0,1,terminal,9,False
100000008713270100,out,2,100000004491749100,50000.0,1,terminal,9,False
100000008713270100,out,3,100000005100475100,40000.0,1,terminal,9,False
100000008713685100,in,1,100000002578405100,49700.0,1,distributor,2,False
100000008714412100,in,1,100000008545727100,169000.0,1,peripheral,8,False
100000008715513100,in,1,100000008460102100,32500.0,1,distributor,19,False
100000008715887100,in,1,100000002578405100,18000.0,1,distributor,2,False
100000008716072100,in,1,100000002578405100,12100.0,1,distributor,2,False
100000008716222100,in,1,100000002527114100,18000.0,1,distributor,2,True
100000008716439100,in,1,100000002527114100,12267.0,1,distributor,2,True
100000008716773100,in,1,100000002527114100,15677.0,1,distributor,2,True
100000008717340100,in,1,100000002527114100,41500.0,1,distributor,2,True
100000008717341100,in,1,100000002527114100,14627.0,1,distributor,2,True
100000008717375100,in,1,100000005612411100,29506.0,1,distributor,4,False
100000008717802100,in,1,100000002578405100,26150.0,1,distributor,2,False
100000008718089100,in,1,100000002527114100,15534.0,1,distributor,2,True
100000008718811100,in,1,100000002578405100,73300.0,1,distributor,2,False
100000008720668100,in,1,100000002578405100,16000.0,1,distributor,2,False
100000008720798100,in,1,100000002527114100,15534.0,1,distributor,2,True
100000008720856100,in,1,100000005665181100,18105.0,1,distributor,6,False
100000008720856100,out,1,100000007539296100,46000.0,2,peripheral,6,False
100000008721637100,in,1,100000008603629100,24041.0,1,coordinator,7,False
100000008721637100,out,1,100000004015047100,115000.0,1,consolidator,9,False
100000008721637100,out,2,100000001616816100,12000.0,1,peripheral,9,True
100000008722328100,in,1,100000002527114100,23677.0,1,distributor,2,True
100000008722417100,in,1,100000000331309100,331900.0,1,coordinator,6,False
100000008722417100,out,1,100000008722541100,280000.0,4,peripheral,6,False
100000008722417100,out,2,100000003199390100,260000.0,1,peripheral,6,False
100000008722417100,out,3,100000004235471100,180000.0,1,peripheral,6,False
100000008722541100,in,1,100000008722417100,280000.0,4,peripheral,6,False
100000008723830100,in,1,100000003016635100,454000.0,1,distributor,5,True
100000008723830100,in,2,100000000490383100,5785.0,1,distributor,5,False
100000008723830100,out,1,100000005614315100,455000.0,1,terminal,5,False
100000008724279100,in,1,100000003016635100,11750.0,1,distributor,5,True
100000008724461100,in,1,100000008710791100,100111.0,1,distributor,3,False
100000008724461100,out,1,100000001246806100,130000.0,1,peripheral,3,False
100000008727982100,in,1,100000004321983100,30000.0,2,peripheral,9,False
100000008728457100,in,1,100000000343175100,45000.0,1,distributor,12,True
100000008729597100,in,1,100000008603629100,83090.0,1,coordinator,7,False
100000008729801100,in,1,100000002527114100,17534.0,1,distributor,2,True
100000008730021100,in,1,100000008418835100,75555.0,3,peripheral,16,True
100000008730238100,in,1,100000002121357100,113000.0,1,peripheral,3,False
100000008730371100,in,1,100000000437046100,500000.0,2,coordinator,1,False
100000008730371100,in,2,100000003834495100,20000.0,1,peripheral,1,False
100000008730846100,in,1,100000008632060100,60600.0,2,distributor,1,False
100000008730846100,in,2,100000007593823100,38000.0,3,coordinator,1,False
100000008730846100,in,3,100000004140487100,18000.0,2,distributor,4,False
100000008730846100,out,1,100000003115284100,185000.0,2,consolidator,12,False
100000008730846100,out,2,100000005475379100,108370.0,1,peripheral,12,False
100000008730846100,out,3,100000000976943100,70000.0,1,transit,12,False
100000008731444100,in,1,100000004351795100,295000.0,3,coordinator,1,False
100000008731444100,in,2,100000003880331100,94000.0,1,distributor,7,False
100000008731444100,in,3,100000007639767100,50000.0,1,distributor,1,False
100000008731444100,out,1,100000000569479100,320000.0,1,terminal,1,False
100000008731444100,out,2,100000008566737100,126000.0,1,terminal,1,False
100000008731444100,out,3,100000003134934100,116800.0,1,consolidator,1,False
100000008732098100,in,1,100000002527114100,15677.0,1,distributor,2,True
100000008732488100,in,1,100000008603629100,137000.0,1,coordinator,7,False
100000008732488100,out,1,100000004265639100,10000.0,1,peripheral,7,False
100000008733049100,in,1,100000004156082100,10000.0,1,coordinator,16,False
100000008733194100,in,1,100000008346837100,121344.0,1,coordinator,14,False
100000008733194100,in,2,100000003880331100,70880.0,1,distributor,7,False
100000008733194100,in,3,100000008304139100,45200.0,1,distributor,4,False
100000008733194100,out,1,100000005454368100,29600.0,1,peripheral,14,True
100000008733194100,out,2,100000005493505100,26020.0,1,peripheral,14,True
100000008733194100,out,3,100000001429930100,26000.0,1,peripheral,14,True
100000008734279100,in,1,100000000640800100,31650.0,1,peripheral,7,False
100000008734364100,in,1,100000001697501100,26200.0,1,distributor,2,False
100000008735384100,in,1,100000002527114100,39220.0,1,distributor,2,True
100000008735802100,in,1,100000002970466100,85000.0,2,peripheral,1,False
100000008735832100,in,1,100000002578405100,17600.0,1,distributor,2,False
100000008736173100,in,1,100000002527114100,31060.0,1,distributor,2,True
100000008736394100,in,1,100000001697501100,16000.0,1,distributor,2,False
100000008736760100,in,1,100000002527114100,54757.0,1,distributor,2,True
100000008736940100,in,1,100000008659445100,252500.0,6,peripheral,44,True
100000008736940100,in,2,100000008193577100,125990.0,5,peripheral,44,False
100000008736940100,in,3,100000008751429100,72600.0,2,peripheral,44,False
100000008736940100,out,1,100000008659445100,77300.0,2,peripheral,44,True
100000008736940100,out,2,100000008193577100,67300.0,2,peripheral,44,False
100000008736940100,out,3,100000008751429100,37500.0,2,peripheral,44,False
100000008737422100,in,1,100000002527114100,76903.0,1,distributor,2,True
100000008737514100,in,1,100000004156082100,85000.0,1,coordinator,16,False
100000008737958100,in,1,100000002527114100,31373.0,1,distributor,2,True
100000008737958100,in,2,100000001697501100,22000.0,1,distributor,2,False
100000008738325100,in,1,100000004714705100,36550.0,1,peripheral,20,True
100000008738325100,out,1,100000005668605100,54000.0,1,peripheral,20,True
100000008738526100,in,1,100000008710843100,15000.0,1,distributor,22,False
100000008738526100,out,1,100000008183752100,140000.0,1,peripheral,22,False
100000008738658100,in,1,100000002578405100,29920.0,1,distributor,2,False
100000008739887100,in,1,100000008603629100,141000.0,2,coordinator,7,False
100000008739887100,in,2,100000008477350100,73000.0,1,coordinator,1,False
100000008739887100,out,1,100000000926078100,250000.0,1,peripheral,7,False
100000008739887100,out,2,100000002752565100,57000.0,1,peripheral,7,False
100000008740295100,in,1,100000008489922100,300000.0,1,coordinator,3,False
100000008740793100,in,1,100000002578405100,21000.0,1,distributor,2,False
100000008741372100,in,1,100000002527114100,35975.0,1,distributor,2,True
100000008742053100,in,1,100000008547948100,10000.0,1,coordinator,3,False
100000008742053100,out,1,100000001282143100,480000.0,1,consolidator,10,False
100000008742053100,out,2,100000002956769100,440000.0,1,terminal,10,False
100000008742053100,out,3,100000002443664100,420000.0,1,terminal,10,False
100000008742266100,in,1,100000001697501100,21000.0,1,distributor,2,False
100000008743913100,in,1,100000005527892100,76300.0,1,coordinator,21,False
100000008743913100,in,2,100000008547844100,64000.0,1,coordinator,3,False
100000008743913100,in,3,100000008547948100,9000.0,1,coordinator,3,False
100000008743913100,out,1,100000007229557100,500000.0,1,terminal,22,False
100000008743913100,out,2,100000001680944100,393000.0,1,terminal,22,False
100000008743913100,out,3,100000003097324100,240000.0,1,terminal,22,False
100000008744364100,in,1,100000002578405100,23700.0,1,distributor,2,False
100000008744799100,in,1,100000002578405100,12600.0,1,distributor,2,False
100000008744849100,in,1,100000002527114100,44445.0,1,distributor,2,True
100000008745474100,in,1,100000002527114100,40559.0,1,distributor,2,True
100000008745489100,in,1,100000002527114100,55539.0,1,distributor,2,True
100000008745643100,in,1,100000002527114100,20313.0,1,distributor,2,True
100000008745676100,in,1,100000000572276100,34547.0,1,peripheral,2,False
100000008745725100,in,1,100000002527114100,47060.0,1,distributor,2,True
100000008745863100,in,1,100000002578405100,22900.0,1,distributor,2,False
100000008745884100,in,1,100000002578405100,20000.0,1,distributor,2,False
100000008746025100,in,1,100000002527114100,22000.0,1,distributor,2,True
100000008746449100,in,1,100000008547844100,10000.0,1,coordinator,3,False
100000008746449100,out,1,100000003128638100,300000.0,1,peripheral,3,False
100000008746449100,out,2,100000001534244100,176000.0,1,peripheral,3,False
100000008746449100,out,3,100000008336318100,170000.0,1,peripheral,3,False
100000008746673100,in,1,100000002527114100,53048.0,1,distributor,2,True
100000008747113100,in,1,100000000331309100,105210.0,1,coordinator,6,False
100000008747113100,in,2,100000003684369100,92591.0,1,distributor,4,True
100000008748408100,in,1,100000007982728100,360000.0,2,distributor,9,True
100000008748408100,out,1,100000000861294100,150000.0,1,terminal,9,False
100000008748408100,out,2,100000002969048100,108470.0,1,terminal,9,False
100000008748408100,out,3,100000002870463100,100000.0,2,peripheral,9,False
100000008748795100,in,1,100000004400305100,47057.0,1,distributor,1,False
100000008748914100,in,1,100000004723755100,95000.0,5,peripheral,4,True
100000008748914100,in,2,100000008762832100,85000.0,4,peripheral,4,False
100000008748914100,out,1,100000003684369100,1582700.0,9,distributor,4,True
100000008748914100,out,2,100000000913911100,426000.0,1,peripheral,4,False
100000008748914100,out,3,100000004398811100,426000.0,1,peripheral,4,False
100000008749063100,in,1,100000002527114100,19000.0,1,distributor,2,True
100000008749405100,in,1,100000002578405100,37150.0,1,distributor,2,False
100000008749406100,in,1,100000002527114100,17144.0,1,distributor,2,True
100000008749618100,in,1,100000002527114100,47280.0,1,distributor,2,True
100000008749900100,in,1,100000002578405100,17150.0,1,distributor,2,False
100000008749989100,in,1,100000001697501100,16000.0,1,distributor,2,False
100000008750464100,in,1,100000002578405100,8500.0,1,distributor,2,False
100000008751349100,in,1,100000008461532100,11630.0,1,distributor,28,False
100000008751380100,in,1,100000008547948100,338000.0,1,coordinator,3,False
100000008751380100,in,2,100000002748532100,7780.0,1,peripheral,22,False
100000008751429100,in,1,100000008659445100,271700.0,3,peripheral,44,True
100000008751429100,in,2,100000008193577100,77000.0,1,peripheral,44,False
100000008751429100,in,3,100000008736940100,37500.0,2,peripheral,44,False
100000008751429100,out,1,100000008736940100,72600.0,2,peripheral,44,False
100000008752616100,in,1,100000005527892100,54510.0,1,coordinator,21,False
100000008752616100,in,2,100000008710843100,10000.0,1,distributor,22,False
100000008752616100,out,1,100000002593344100,290000.0,1,terminal,3,False
100000008752616100,out,2,100000002793881100,290000.0,1,terminal,3,False
100000008752616100,out,3,100000008708207100,165000.0,1,terminal,3,False
100000008753061100,in,1,100000002578405100,28400.0,2,distributor,2,False
100000008753193100,in,1,100000002527114100,35225.0,1,distributor,2,True
100000008753897100,in,1,100000002578405100,24050.0,1,distributor,2,False
100000008754608100,in,1,100000002578405100,12300.0,1,distributor,2,False
100000008754747100,in,1,100000002578405100,45500.0,1,distributor,2,False
100000008754997100,in,1,100000002578405100,18000.0,1,distributor,2,False
100000008755168100,in,1,100000002578405100,17600.0,1,distributor,2,False
100000008755361100,in,1,100000002527114100,14627.0,1,distributor,2,True
100000008755580100,in,1,100000002578405100,16000.0,1,distributor,2,False
100000008755754100,in,1,100000003054328100,7000.0,1,peripheral,10,False
100000008757301100,in,1,100000008757369100,58398.0,3,peripheral,1,False
100000008757369100,in,1,100000000437046100,25961.0,1,coordinator,1,False
100000008757369100,out,1,100000008757301100,58398.0,3,peripheral,1,False
100000008758106100,in,1,100000008489922100,10000.0,1,coordinator,3,False
100000008758168100,in,1,100000005527892100,65410.0,1,coordinator,21,False
100000008758168100,in,2,100000008489922100,10000.0,1,coordinator,3,False
100000008758168100,out,1,100000001303311100,600000.0,1,consolidator,22,False
100000008758168100,out,2,100000008555233100,440600.0,1,terminal,22,False
100000008758168100,out,3,100000001141268100,250000.0,1,peripheral,22,False
100000008758607100,in,1,100000008489922100,5000.0,1,coordinator,3,False
100000008759795100,in,1,100000008460102100,17000.0,1,distributor,19,False
100000008759857100,in,1,100000008743913100,5000.0,1,distributor,22,False
100000008759857100,out,1,100000001887715100,696000.0,2,peripheral,22,False
100000008759857100,out,2,100000001303311100,298000.0,1,consolidator,22,False
100000008760098100,in,1,100000008743913100,7000.0,1,distributor,22,False
100000008760098100,out,1,100000001887715100,390000.0,1,peripheral,22,False
100000008761132100,in,1,100000008489922100,10000.0,1,coordinator,3,False
100000008761219100,in,1,100000008512827100,30000.0,1,distributor,10,False
100000008761219100,in,2,100000008547844100,20000.0,1,coordinator,3,False
100000008761219100,out,1,100000006638021100,370000.0,1,peripheral,49,False
100000008761219100,out,2,100000008770483100,5000.0,1,peripheral,49,False
100000008761220100,in,1,100000008489922100,10000.0,1,coordinator,3,False
100000008762005100,in,1,100000008746449100,5000.0,1,distributor,3,False
100000008762728100,in,1,100000004188160100,17026.0,1,peripheral,5,False
100000008762832100,in,1,100000008748914100,150000.0,1,distributor,4,False
100000008762832100,out,1,100000008748914100,85000.0,4,distributor,4,False
100000008762843100,in,1,100000008746449100,7000.0,1,distributor,3,False
100000008762885100,in,1,100000008746449100,7000.0,1,distributor,3,False
100000008763688100,in,1,100000002578405100,21000.0,1,distributor,2,False
100000008764436100,in,1,100000001697501100,13100.0,1,distributor,2,False
100000008764654100,in,1,100000002578405100,26150.0,1,distributor,2,False
100000008765494100,in,1,100000001697501100,24000.0,1,distributor,2,False
100000008765627100,in,1,100000008748408100,60000.0,1,distributor,9,False
100000008766031100,in,1,100000008517538100,5000.0,1,distributor,3,False
100000008766764100,in,1,100000008489922100,5000.0,1,coordinator,3,False
100000008767027100,in,1,100000008743913100,5000.0,1,distributor,22,False
100000008767065100,in,1,100000008743913100,10000.0,1,distributor,22,False
100000008767925100,in,1,100000002527114100,17144.0,1,distributor,2,True
100000008767950100,in,1,100000002578405100,17350.0,1,distributor,2,False
100000008768896100,in,1,100000002527114100,47060.0,1,distributor,2,True
100000008769097100,in,1,100000002578405100,31100.0,1,distributor,2,False
100000008769636100,in,1,100000002527114100,23118.0,1,distributor,2,True
100000008770483100,in,1,100000008761219100,5000.0,1,peripheral,49,False
100000008771627100,in,1,100000001697501100,16500.0,1,distributor,2,False
100000008771814100,in,1,100000001697501100,23700.0,1,distributor,2,False
100000008771819100,in,1,100000002527114100,38900.0,1,distributor,2,True
100000008772058100,in,1,100000001697501100,50000.0,1,distributor,2,False
100000008772246100,in,1,100000002578405100,44500.0,1,distributor,2,False
100000008773876100,in,1,100000002527114100,26120.0,1,distributor,2,True
100000008774237100,in,1,100000002731501100,50000.0,1,peripheral,26,False
100000008774237100,out,1,100000004144536100,10000.0,1,consolidator,26,False
100000008775471100,in,1,100000008710843100,580000.0,2,distributor,22,False
100000008775747100,in,1,100000008489922100,5000.0,1,coordinator,3,False
100000008776298100,in,1,100000002527114100,42800.0,1,distributor,2,True
100000008776310100,in,1,100000002578405100,19200.0,1,distributor,2,False
100000008776420100,in,1,100000002578405100,69500.0,1,distributor,2,False
100000008776576100,in,1,100000002527114100,14765.0,1,distributor,2,True
100000008776720100,in,1,100000002578405100,26150.0,1,distributor,2,False
100000008777088100,in,1,100000002527114100,18000.0,1,distributor,2,True
100000008778010100,in,1,100000002214664100,76950.0,2,peripheral,2,False
100000008778753100,in,1,100000001788284100,10000.0,1,peripheral,27,False
100000008779584100,in,1,100000002527114100,31400.0,1,distributor,2,True
100000008782056100,in,1,100000002527114100,29082.0,1,distributor,2,True
100000008782421100,in,1,100000002527114100,49680.0,1,distributor,2,True
100000008782800100,in,1,100000002527114100,43381.0,1,distributor,2,True
